﻿<?xml version="1.0" encoding="utf-8"?>
<Document>
  <Engineering version="V16" />
  <DocumentInfo>
    <Created>2023-11-13T10:46:14.0809006Z</Created>
    <ExportSetting>WithDefaults</ExportSetting>
    <InstalledProducts>
      <Product>
        <DisplayName>Totally Integrated Automation Portal</DisplayName>
        <DisplayVersion>V16 Update 6</DisplayVersion>
      </Product>
      <OptionPackage>
        <DisplayName>TIA Portal Version Control Interface</DisplayName>
        <DisplayVersion>V16 Update 2</DisplayVersion>
      </OptionPackage>
      <OptionPackage>
        <DisplayName>TIA Portal Openness</DisplayName>
        <DisplayVersion>V16 Update 6</DisplayVersion>
      </OptionPackage>
      <OptionPackage>
        <DisplayName>TIA Portal Teamcenter Gateway</DisplayName>
        <DisplayVersion>V16</DisplayVersion>
      </OptionPackage>
      <Product>
        <DisplayName>SINAMICS Startdrive Advanced</DisplayName>
        <DisplayVersion>V16 Update 5</DisplayVersion>
      </Product>
      <OptionPackage>
        <DisplayName>SINAMICS Startdrive G130, G150, S120, S150, SINAMICS MV, S210</DisplayName>
        <DisplayVersion>V16 Update 5</DisplayVersion>
      </OptionPackage>
      <OptionPackage>
        <DisplayName>SINAMICS Startdrive G110M, G120, G120C, G120D, G120P, G115D</DisplayName>
        <DisplayVersion>V16 Update 5</DisplayVersion>
      </OptionPackage>
      <Product>
        <DisplayName>STEP 7 Professional</DisplayName>
        <DisplayVersion>V16 Update 6</DisplayVersion>
      </Product>
      <OptionPackage>
        <DisplayName>STEP 7 Safety</DisplayName>
        <DisplayVersion>V16</DisplayVersion>
      </OptionPackage>
      <Product>
        <DisplayName>WinCC Advanced / Unified PC</DisplayName>
        <DisplayVersion>V16 Update 6</DisplayVersion>
      </Product>
    </InstalledProducts>
  </DocumentInfo>
  <SW.Blocks.FB ID="0">
    <AttributeList>
      <AutoNumber>true</AutoNumber>
      <HeaderAuthor />
      <HeaderFamily />
      <HeaderName />
      <HeaderVersion>0.1</HeaderVersion>
      <Interface><Sections xmlns="http://www.siemens.com/automation/Openness/SW/Interface/v4">
  <Section Name="Input">
    <Member Name="I_Interlock" Datatype="Bool" Remanence="SetInIDB" Accessibility="Public"><AttributeList><BooleanAttribute Name="ExternalAccessible" SystemDefined="true">true</BooleanAttribute><BooleanAttribute Name="ExternalVisible" SystemDefined="true">true</BooleanAttribute><BooleanAttribute Name="ExternalWritable" SystemDefined="true">true</BooleanAttribute></AttributeList></Member>
    <Member Name="I_RunningFeedBack" Datatype="Bool" Remanence="SetInIDB" Accessibility="Public"><AttributeList><BooleanAttribute Name="ExternalAccessible" SystemDefined="true">true</BooleanAttribute><BooleanAttribute Name="ExternalVisible" SystemDefined="true">true</BooleanAttribute><BooleanAttribute Name="ExternalWritable" SystemDefined="true">true</BooleanAttribute></AttributeList></Member>
    <Member Name="I_ThermalProtection" Datatype="Bool" Remanence="SetInIDB" Accessibility="Public"><AttributeList><BooleanAttribute Name="ExternalAccessible" SystemDefined="true">true</BooleanAttribute><BooleanAttribute Name="ExternalVisible" SystemDefined="true">true</BooleanAttribute><BooleanAttribute Name="ExternalWritable" SystemDefined="true">true</BooleanAttribute></AttributeList></Member>
    <Member Name="I_TimeNotRunning" Datatype="Time" Remanence="SetInIDB" Accessibility="Public"><AttributeList><BooleanAttribute Name="ExternalAccessible" SystemDefined="true">true</BooleanAttribute><BooleanAttribute Name="ExternalVisible" SystemDefined="true">true</BooleanAttribute><BooleanAttribute Name="ExternalWritable" SystemDefined="true">true</BooleanAttribute></AttributeList><StartValue>t#10s</StartValue></Member>
    <Member Name="I_TimeNotStopping" Datatype="Time" Remanence="SetInIDB" Accessibility="Public"><AttributeList><BooleanAttribute Name="ExternalAccessible" SystemDefined="true">true</BooleanAttribute><BooleanAttribute Name="ExternalVisible" SystemDefined="true">true</BooleanAttribute><BooleanAttribute Name="ExternalWritable" SystemDefined="true">true</BooleanAttribute></AttributeList><StartValue>t#10s</StartValue></Member>
    <Member Name="I_TimeRunningFeedbackDelay" Datatype="Time" Remanence="NonRetain" Accessibility="Public"><AttributeList><BooleanAttribute Name="ExternalAccessible" SystemDefined="true">true</BooleanAttribute><BooleanAttribute Name="ExternalVisible" SystemDefined="true">true</BooleanAttribute><BooleanAttribute Name="ExternalWritable" SystemDefined="true">true</BooleanAttribute></AttributeList></Member>
  </Section>
  <Section Name="Output">
    <Member Name="O_CmdOn" Datatype="Bool" Remanence="SetInIDB" Accessibility="Public"><AttributeList><BooleanAttribute Name="ExternalAccessible" SystemDefined="true">true</BooleanAttribute><BooleanAttribute Name="ExternalVisible" SystemDefined="true">true</BooleanAttribute><BooleanAttribute Name="ExternalWritable" SystemDefined="true">true</BooleanAttribute></AttributeList></Member>
    <Member Name="O_CmdDirection" Datatype="Bool" Remanence="SetInIDB" Accessibility="Public"><AttributeList><BooleanAttribute Name="ExternalAccessible" SystemDefined="true">true</BooleanAttribute><BooleanAttribute Name="ExternalVisible" SystemDefined="true">true</BooleanAttribute><BooleanAttribute Name="ExternalWritable" SystemDefined="true">true</BooleanAttribute></AttributeList></Member>
  </Section>
  <Section Name="InOut">
    <Member Name="IO_Motor" Datatype="&quot;Motor_DOL_UDT&quot;" Accessibility="Public">
      <Sections>
        <Section Name="None">
          <Member Name="Cmd" Datatype="Struct">
            <Member Name="Reset" Datatype="Bool" />
            <Member Name="Interlock" Datatype="Bool" />
            <Member Name="OnAuto" Datatype="Bool" />
            <Member Name="OnManual" Datatype="Bool" />
            <Member Name="DirectionAuto" Datatype="Bool" />
            <Member Name="DirectionManual" Datatype="Bool" />
          </Member>
          <Member Name="Alarms" Datatype="Struct">
            <Member Name="NotOnTImedOut" Datatype="&quot;HmiAlarm&quot;">
              <Sections>
                <Section Name="None">
                  <Member Name="Active" Datatype="Bool" />
                  <Member Name="Acknowledge" Datatype="Bool" />
                  <Member Name="type" Datatype="Int" />
                </Section>
              </Sections>
            </Member>
            <Member Name="NotOffTimedOut" Datatype="&quot;HmiAlarm&quot;">
              <Sections>
                <Section Name="None">
                  <Member Name="Active" Datatype="Bool" />
                  <Member Name="Acknowledge" Datatype="Bool" />
                  <Member Name="type" Datatype="Int" />
                </Section>
              </Sections>
            </Member>
            <Member Name="ThermalProtection" Datatype="&quot;HmiAlarm&quot;">
              <Sections>
                <Section Name="None">
                  <Member Name="Active" Datatype="Bool" />
                  <Member Name="Acknowledge" Datatype="Bool" />
                  <Member Name="type" Datatype="Int" />
                </Section>
              </Sections>
            </Member>
            <Member Name="AlarmStatus" Datatype="Word" />
          </Member>
          <Member Name="Status" Datatype="Struct">
            <Member Name="Interlocked" Datatype="Bool" />
            <Member Name="ManualModeActive" Datatype="Bool" />
            <Member Name="ManualCommandsDisabled" Datatype="Bool" />
            <Member Name="Running" Datatype="Bool" />
            <Member Name="Status" Datatype="Word" />
          </Member>
          <Member Name="Name" Datatype="String[20]" />
          <Member Name="Zone" Datatype="Int" />
          <Member Name="Info" Datatype="&quot;MotorInfo&quot;">
            <Sections>
              <Section Name="None">
                <Member Name="Name" Datatype="String[40]" />
                <Member Name="CommonStatus" Datatype="Int" />
              </Section>
            </Sections>
          </Member>
          <Member Name="CommonStatus" Datatype="Int" />
        </Section>
      </Sections>
    </Member>
  </Section>
  <Section Name="Static">
    <Member Name="S_TimeNotRunning" Datatype="TON_TIME" Version="1.0" Remanence="SetInIDB" Accessibility="Public"><AttributeList><BooleanAttribute Name="ExternalAccessible" SystemDefined="true">true</BooleanAttribute><BooleanAttribute Name="ExternalVisible" SystemDefined="true">true</BooleanAttribute><BooleanAttribute Name="ExternalWritable" SystemDefined="true">true</BooleanAttribute><BooleanAttribute Name="SetPoint" SystemDefined="true">true</BooleanAttribute></AttributeList><Sections><Section Name="None"><Member Name="PT" Datatype="Time" /><Member Name="ET" Datatype="Time" /><Member Name="IN" Datatype="Bool" /><Member Name="Q" Datatype="Bool" /></Section></Sections></Member>
    <Member Name="S_TimeNotStopping" Datatype="TON_TIME" Version="1.0" Remanence="SetInIDB" Accessibility="Public"><AttributeList><BooleanAttribute Name="ExternalAccessible" SystemDefined="true">true</BooleanAttribute><BooleanAttribute Name="ExternalVisible" SystemDefined="true">true</BooleanAttribute><BooleanAttribute Name="ExternalWritable" SystemDefined="true">true</BooleanAttribute><BooleanAttribute Name="SetPoint" SystemDefined="true">true</BooleanAttribute></AttributeList><Sections><Section Name="None"><Member Name="PT" Datatype="Time" /><Member Name="ET" Datatype="Time" /><Member Name="IN" Datatype="Bool" /><Member Name="Q" Datatype="Bool" /></Section></Sections></Member>
    <Member Name="S_TimeRunningFeedBack" Datatype="TON_TIME" Version="1.0" Remanence="SetInIDB" Accessibility="Public"><AttributeList><BooleanAttribute Name="ExternalAccessible" SystemDefined="true">true</BooleanAttribute><BooleanAttribute Name="ExternalVisible" SystemDefined="true">true</BooleanAttribute><BooleanAttribute Name="ExternalWritable" SystemDefined="true">true</BooleanAttribute><BooleanAttribute Name="SetPoint" SystemDefined="true">true</BooleanAttribute></AttributeList><Sections><Section Name="None"><Member Name="PT" Datatype="Time" /><Member Name="ET" Datatype="Time" /><Member Name="IN" Datatype="Bool" /><Member Name="Q" Datatype="Bool" /></Section></Sections></Member>
    <Member Name="info" Datatype="&quot;AlarmInfo_UDT&quot;" Remanence="NonRetain" Accessibility="Public"><AttributeList><BooleanAttribute Name="ExternalAccessible" SystemDefined="true">true</BooleanAttribute><BooleanAttribute Name="ExternalVisible" SystemDefined="true">true</BooleanAttribute><BooleanAttribute Name="ExternalWritable" SystemDefined="true">true</BooleanAttribute><BooleanAttribute Name="SetPoint" SystemDefined="true">true</BooleanAttribute></AttributeList><Sections><Section Name="None"><Member Name="info" Datatype="String" /><Member Name="init" Datatype="Bool" /></Section></Sections></Member>
  </Section>
  <Section Name="Temp">
    <Member Name="T_ZoneInfo" Datatype="&quot;ZoneInfo&quot;">
      <Sections>
        <Section Name="None">
          <Member Name="AppStateIndex" Datatype="Int" />
          <Member Name="ZoneName" Datatype="String[40]" />
        </Section>
      </Sections>
    </Member>
    <Member Name="T_AppState" Datatype="&quot;ApplicationState_UDT&quot;">
      <Sections>
        <Section Name="None">
          <Member Name="Hmi_Buttons" Datatype="&quot;appButtons_UDT&quot;">
            <Sections>
              <Section Name="None">
                <Member Name="reset" Datatype="&quot;HMIButton_UDT&quot;">
                  <Sections>
                    <Section Name="None">
                      <Member Name="SignalFromHMI" Datatype="Bool" />
                      <Member Name="state" Datatype="&quot;SmartBooldt&quot;">
                        <Sections>
                          <Section Name="None">
                            <Member Name="State" Datatype="Bool" />
                            <Member Name="LE" Datatype="Bool" />
                            <Member Name="FE" Datatype="Bool" />
                            <Member Name="sensorTest" Datatype="Bool" />
                            <Member Name="IddleSignal" Datatype="Bool" />
                            <Member Name="testFailed" Datatype="Bool" />
                            <Member Name="Counter" Datatype="UInt" />
                          </Section>
                        </Sections>
                      </Member>
                      <Member Name="colorNumber" Datatype="Int" />
                      <Member Name="Hide" Datatype="Bool" />
                    </Section>
                  </Sections>
                </Member>
                <Member Name="StartAutoMode" Datatype="&quot;HMIButton_UDT&quot;">
                  <Sections>
                    <Section Name="None">
                      <Member Name="SignalFromHMI" Datatype="Bool" />
                      <Member Name="state" Datatype="&quot;SmartBooldt&quot;">
                        <Sections>
                          <Section Name="None">
                            <Member Name="State" Datatype="Bool" />
                            <Member Name="LE" Datatype="Bool" />
                            <Member Name="FE" Datatype="Bool" />
                            <Member Name="sensorTest" Datatype="Bool" />
                            <Member Name="IddleSignal" Datatype="Bool" />
                            <Member Name="testFailed" Datatype="Bool" />
                            <Member Name="Counter" Datatype="UInt" />
                          </Section>
                        </Sections>
                      </Member>
                      <Member Name="colorNumber" Datatype="Int" />
                      <Member Name="Hide" Datatype="Bool" />
                    </Section>
                  </Sections>
                </Member>
                <Member Name="ActivateManualMode" Datatype="&quot;HMIButton_UDT&quot;">
                  <Sections>
                    <Section Name="None">
                      <Member Name="SignalFromHMI" Datatype="Bool" />
                      <Member Name="state" Datatype="&quot;SmartBooldt&quot;">
                        <Sections>
                          <Section Name="None">
                            <Member Name="State" Datatype="Bool" />
                            <Member Name="LE" Datatype="Bool" />
                            <Member Name="FE" Datatype="Bool" />
                            <Member Name="sensorTest" Datatype="Bool" />
                            <Member Name="IddleSignal" Datatype="Bool" />
                            <Member Name="testFailed" Datatype="Bool" />
                            <Member Name="Counter" Datatype="UInt" />
                          </Section>
                        </Sections>
                      </Member>
                      <Member Name="colorNumber" Datatype="Int" />
                      <Member Name="Hide" Datatype="Bool" />
                    </Section>
                  </Sections>
                </Member>
                <Member Name="StopAutoMode" Datatype="&quot;HMIButton_UDT&quot;">
                  <Sections>
                    <Section Name="None">
                      <Member Name="SignalFromHMI" Datatype="Bool" />
                      <Member Name="state" Datatype="&quot;SmartBooldt&quot;">
                        <Sections>
                          <Section Name="None">
                            <Member Name="State" Datatype="Bool" />
                            <Member Name="LE" Datatype="Bool" />
                            <Member Name="FE" Datatype="Bool" />
                            <Member Name="sensorTest" Datatype="Bool" />
                            <Member Name="IddleSignal" Datatype="Bool" />
                            <Member Name="testFailed" Datatype="Bool" />
                            <Member Name="Counter" Datatype="UInt" />
                          </Section>
                        </Sections>
                      </Member>
                      <Member Name="colorNumber" Datatype="Int" />
                      <Member Name="Hide" Datatype="Bool" />
                    </Section>
                  </Sections>
                </Member>
                <Member Name="DeactivateManualMode" Datatype="&quot;HMIButton_UDT&quot;">
                  <Sections>
                    <Section Name="None">
                      <Member Name="SignalFromHMI" Datatype="Bool" />
                      <Member Name="state" Datatype="&quot;SmartBooldt&quot;">
                        <Sections>
                          <Section Name="None">
                            <Member Name="State" Datatype="Bool" />
                            <Member Name="LE" Datatype="Bool" />
                            <Member Name="FE" Datatype="Bool" />
                            <Member Name="sensorTest" Datatype="Bool" />
                            <Member Name="IddleSignal" Datatype="Bool" />
                            <Member Name="testFailed" Datatype="Bool" />
                            <Member Name="Counter" Datatype="UInt" />
                          </Section>
                        </Sections>
                      </Member>
                      <Member Name="colorNumber" Datatype="Int" />
                      <Member Name="Hide" Datatype="Bool" />
                    </Section>
                  </Sections>
                </Member>
                <Member Name="StartEmptyMode" Datatype="&quot;HMIButton_UDT&quot;">
                  <Sections>
                    <Section Name="None">
                      <Member Name="SignalFromHMI" Datatype="Bool" />
                      <Member Name="state" Datatype="&quot;SmartBooldt&quot;">
                        <Sections>
                          <Section Name="None">
                            <Member Name="State" Datatype="Bool" />
                            <Member Name="LE" Datatype="Bool" />
                            <Member Name="FE" Datatype="Bool" />
                            <Member Name="sensorTest" Datatype="Bool" />
                            <Member Name="IddleSignal" Datatype="Bool" />
                            <Member Name="testFailed" Datatype="Bool" />
                            <Member Name="Counter" Datatype="UInt" />
                          </Section>
                        </Sections>
                      </Member>
                      <Member Name="colorNumber" Datatype="Int" />
                      <Member Name="Hide" Datatype="Bool" />
                    </Section>
                  </Sections>
                </Member>
                <Member Name="StopEmptyMode" Datatype="&quot;HMIButton_UDT&quot;">
                  <Sections>
                    <Section Name="None">
                      <Member Name="SignalFromHMI" Datatype="Bool" />
                      <Member Name="state" Datatype="&quot;SmartBooldt&quot;">
                        <Sections>
                          <Section Name="None">
                            <Member Name="State" Datatype="Bool" />
                            <Member Name="LE" Datatype="Bool" />
                            <Member Name="FE" Datatype="Bool" />
                            <Member Name="sensorTest" Datatype="Bool" />
                            <Member Name="IddleSignal" Datatype="Bool" />
                            <Member Name="testFailed" Datatype="Bool" />
                            <Member Name="Counter" Datatype="UInt" />
                          </Section>
                        </Sections>
                      </Member>
                      <Member Name="colorNumber" Datatype="Int" />
                      <Member Name="Hide" Datatype="Bool" />
                    </Section>
                  </Sections>
                </Member>
                <Member Name="ActivateStandby" Datatype="&quot;HMIButton_UDT&quot;">
                  <Sections>
                    <Section Name="None">
                      <Member Name="SignalFromHMI" Datatype="Bool" />
                      <Member Name="state" Datatype="&quot;SmartBooldt&quot;">
                        <Sections>
                          <Section Name="None">
                            <Member Name="State" Datatype="Bool" />
                            <Member Name="LE" Datatype="Bool" />
                            <Member Name="FE" Datatype="Bool" />
                            <Member Name="sensorTest" Datatype="Bool" />
                            <Member Name="IddleSignal" Datatype="Bool" />
                            <Member Name="testFailed" Datatype="Bool" />
                            <Member Name="Counter" Datatype="UInt" />
                          </Section>
                        </Sections>
                      </Member>
                      <Member Name="colorNumber" Datatype="Int" />
                      <Member Name="Hide" Datatype="Bool" />
                    </Section>
                  </Sections>
                </Member>
              </Section>
            </Sections>
          </Member>
          <Member Name="States" Datatype="&quot;appStates_UDT&quot;">
            <Sections>
              <Section Name="None">
                <Member Name="ReadyForAutoMode" Datatype="Bool" />
                <Member Name="ReadyForStandby" Datatype="Bool" />
                <Member Name="RequestingAutoModeOff" Datatype="Bool" />
                <Member Name="Standby" Datatype="&quot;SmartBooldt&quot;">
                  <Sections>
                    <Section Name="None">
                      <Member Name="State" Datatype="Bool" />
                      <Member Name="LE" Datatype="Bool" />
                      <Member Name="FE" Datatype="Bool" />
                      <Member Name="sensorTest" Datatype="Bool" />
                      <Member Name="IddleSignal" Datatype="Bool" />
                      <Member Name="testFailed" Datatype="Bool" />
                      <Member Name="Counter" Datatype="UInt" />
                    </Section>
                  </Sections>
                </Member>
                <Member Name="AutoModeActivated" Datatype="&quot;SmartBooldt&quot;">
                  <Sections>
                    <Section Name="None">
                      <Member Name="State" Datatype="Bool" />
                      <Member Name="LE" Datatype="Bool" />
                      <Member Name="FE" Datatype="Bool" />
                      <Member Name="sensorTest" Datatype="Bool" />
                      <Member Name="IddleSignal" Datatype="Bool" />
                      <Member Name="testFailed" Datatype="Bool" />
                      <Member Name="Counter" Datatype="UInt" />
                    </Section>
                  </Sections>
                </Member>
                <Member Name="ManualModeActivated" Datatype="&quot;SmartBooldt&quot;">
                  <Sections>
                    <Section Name="None">
                      <Member Name="State" Datatype="Bool" />
                      <Member Name="LE" Datatype="Bool" />
                      <Member Name="FE" Datatype="Bool" />
                      <Member Name="sensorTest" Datatype="Bool" />
                      <Member Name="IddleSignal" Datatype="Bool" />
                      <Member Name="testFailed" Datatype="Bool" />
                      <Member Name="Counter" Datatype="UInt" />
                    </Section>
                  </Sections>
                </Member>
                <Member Name="EmptyApplicatoinMode" Datatype="&quot;SmartBooldt&quot;">
                  <Sections>
                    <Section Name="None">
                      <Member Name="State" Datatype="Bool" />
                      <Member Name="LE" Datatype="Bool" />
                      <Member Name="FE" Datatype="Bool" />
                      <Member Name="sensorTest" Datatype="Bool" />
                      <Member Name="IddleSignal" Datatype="Bool" />
                      <Member Name="testFailed" Datatype="Bool" />
                      <Member Name="Counter" Datatype="UInt" />
                    </Section>
                  </Sections>
                </Member>
                <Member Name="EmergencyOk" Datatype="&quot;SmartBooldt&quot;">
                  <Sections>
                    <Section Name="None">
                      <Member Name="State" Datatype="Bool" />
                      <Member Name="LE" Datatype="Bool" />
                      <Member Name="FE" Datatype="Bool" />
                      <Member Name="sensorTest" Datatype="Bool" />
                      <Member Name="IddleSignal" Datatype="Bool" />
                      <Member Name="testFailed" Datatype="Bool" />
                      <Member Name="Counter" Datatype="UInt" />
                    </Section>
                  </Sections>
                </Member>
                <Member Name="ManaulOverrideActive" Datatype="Struct">
                  <Member Name="Internal" Datatype="Bool" />
                  <Member Name="HMI" Datatype="Bool" />
                </Member>
              </Section>
            </Sections>
          </Member>
          <Member Name="Alarms" Datatype="Struct">
            <Member Name="AlarmActiveInternalPLC" Datatype="Bool" />
            <Member Name="AlarmsActiveForHmi" Datatype="Bool" />
          </Member>
        </Section>
      </Sections>
    </Member>
  </Section>
  <Section Name="Constant" />
</Sections></Interface>
      <IsIECCheckEnabled>false</IsIECCheckEnabled>
      <IsRetainMemResEnabled>false</IsRetainMemResEnabled>
      <MemoryLayout>Optimized</MemoryLayout>
      <MemoryReserve>100</MemoryReserve>
      <Name>Motor_DOL_Controller_FB</Name>
      <Number>69</Number>
      <ProgrammingLanguage>SCL</ProgrammingLanguage>
      <SetENOAutomatically>false</SetENOAutomatically>
      <UDABlockProperties />
      <UDAEnableTagReadback>false</UDAEnableTagReadback>
    </AttributeList>
    <ObjectList>
      <MultilingualText ID="1" CompositionName="Comment">
        <ObjectList>
          <MultilingualTextItem ID="2" CompositionName="Items">
            <AttributeList>
              <Culture>en-US</Culture>
              <Text />
            </AttributeList>
          </MultilingualTextItem>
          <MultilingualTextItem ID="3" CompositionName="Items">
            <AttributeList>
              <Culture>fr-BE</Culture>
              <Text />
            </AttributeList>
          </MultilingualTextItem>
        </ObjectList>
      </MultilingualText>
      <SW.Blocks.CompileUnit ID="4" CompositionName="CompileUnits">
        <AttributeList>
          <NetworkSource><StructuredText xmlns="http://www.siemens.com/automation/Openness/SW/NetworkSource/StructuredText/v3">
  <Access Scope="LocalVariable" UId="21">
    <Symbol UId="22">
      <Component Name="T_ZoneInfo" UId="23" />
    </Symbol>
  </Access>
  <Blank Num="1" UId="24" />
  <Token Text=":=" UId="25" />
  <Blank Num="1" UId="26" />
  <Access Scope="GlobalVariable" UId="27">
    <Symbol UId="28">
      <Component Name="ApplicationState_DB" UId="29" />
      <Token Text="." UId="30" />
      <Component Name="ZoneNames" UId="31">
        <Token Text="[" UId="32" />
        <Access Scope="LocalVariable" UId="33">
          <Symbol UId="34">
            <Component Name="IO_Motor" UId="35" />
            <Token Text="." UId="36" />
            <Component Name="Zone" UId="37" />
          </Symbol>
        </Access>
        <Token Text="]" UId="38" />
      </Component>
    </Symbol>
  </Access>
  <Token Text=";" UId="39" />
  <NewLine Num="1" UId="40" />
  <Access Scope="LocalVariable" UId="41">
    <Symbol UId="42">
      <Component Name="T_AppState" UId="43" />
    </Symbol>
  </Access>
  <Blank Num="1" UId="44" />
  <Token Text=":=" UId="45" />
  <Blank Num="1" UId="46" />
  <Access Scope="GlobalVariable" UId="47">
    <Symbol UId="48">
      <Component Name="ApplicationState_DB" UId="49" />
      <Token Text="." UId="50" />
      <Component Name="Appstate" UId="51">
        <Token Text="[" UId="52" />
        <Access Scope="LocalVariable" UId="53">
          <Symbol UId="54">
            <Component Name="T_ZoneInfo" UId="55" />
            <Token Text="." UId="56" />
            <Component Name="AppStateIndex" UId="57" />
          </Symbol>
        </Access>
        <Token Text="]" UId="58" />
      </Component>
    </Symbol>
  </Access>
  <Token Text=";" UId="59" />
  <NewLine Num="1" UId="60" />
  <Token Text="REGION" UId="61" />
  <Blank Num="1" UId="62" />
  <Text UId="63">Copy commands</Text>
  <NewLine Num="1" UId="64" />
  <Blank Num="4" UId="65" />
  <NewLine Num="1" UId="66" />
  <Blank Num="4" UId="67" />
  <Access Scope="LocalVariable" UId="68">
    <Symbol UId="69">
      <Component Name="IO_Motor" UId="70" />
      <Token Text="." UId="71" />
      <Component Name="Status" UId="72" />
      <Token Text="." UId="73" />
      <Component Name="ManualCommandsDisabled" UId="74" />
    </Symbol>
  </Access>
  <Blank Num="1" UId="75" />
  <Token Text=":=" UId="76" />
  <Blank Num="1" UId="77" />
  <Access Scope="LiteralConstant" UId="78">
    <Constant UId="79">
      <ConstantValue UId="81">0</ConstantValue>
    </Constant>
  </Access>
  <Token Text=";" UId="82" />
  <NewLine Num="1" UId="83" />
  <Blank Num="4" UId="84" />
  <Access Scope="LocalVariable" UId="85">
    <Symbol UId="86">
      <Component Name="O_CmdDirection" UId="87" />
    </Symbol>
  </Access>
  <Blank Num="1" UId="88" />
  <Token Text=":=" UId="89" />
  <Blank Num="1" UId="90" />
  <Access Scope="LiteralConstant" UId="91">
    <Constant UId="92">
      <ConstantValue UId="94">false</ConstantValue>
    </Constant>
  </Access>
  <Token Text=";" UId="95" />
  <NewLine Num="1" UId="96" />
  <Blank Num="4" UId="97" />
  <Access Scope="LocalVariable" UId="98">
    <Symbol UId="99">
      <Component Name="O_CmdOn" UId="100" />
    </Symbol>
  </Access>
  <Blank Num="1" UId="101" />
  <Token Text=":=" UId="102" />
  <Blank Num="1" UId="103" />
  <Access Scope="LiteralConstant" UId="104">
    <Constant UId="105">
      <ConstantValue UId="107">false</ConstantValue>
    </Constant>
  </Access>
  <Token Text=";" UId="108" />
  <NewLine Num="1" UId="109" />
  <Blank Num="4" UId="110" />
  <NewLine Num="1" UId="111" />
  <Blank Num="4" UId="112" />
  <LineComment Inserted="false" NoClosingBracket="false" UId="113">
    <Text UId="114">Auto mode</Text>
  </LineComment>
  <NewLine Num="1" UId="115" />
  <Blank Num="4" UId="116" />
  <Token Text="IF" UId="117" />
  <Blank Num="1" UId="118" />
  <Access Scope="GlobalVariable" UId="119">
    <Symbol UId="120">
      <Component Name="ApplicationState_DB" UId="121" />
      <Token Text="." UId="122" />
      <Component Name="Appstate" UId="123">
        <Token Text="[" UId="124" />
        <Access Scope="LocalVariable" UId="125">
          <Symbol UId="126">
            <Component Name="IO_Motor" UId="127" />
            <Token Text="." UId="128" />
            <Component Name="Zone" UId="129" />
          </Symbol>
        </Access>
        <Token Text="]" UId="130" />
      </Component>
      <Token Text="." UId="131" />
      <Component Name="States" UId="132" />
      <Token Text="." UId="133" />
      <Component Name="AutoModeActivated" UId="134" />
      <Token Text="." UId="135" />
      <Component Name="State" UId="136" />
    </Symbol>
  </Access>
  <Blank Num="1" UId="137" />
  <Token Text="THEN" UId="138" />
  <NewLine Num="1" UId="139" />
  <Blank Num="8" UId="140" />
  <Access Scope="LocalVariable" UId="141">
    <Symbol UId="142">
      <Component Name="O_CmdOn" UId="143" />
    </Symbol>
  </Access>
  <Blank Num="1" UId="144" />
  <Token Text=":=" UId="145" />
  <Blank Num="1" UId="146" />
  <Access Scope="LocalVariable" UId="147">
    <Symbol UId="148">
      <Component Name="IO_Motor" UId="149" />
      <Token Text="." UId="150" />
      <Component Name="Cmd" UId="151" />
      <Token Text="." UId="152" />
      <Component Name="OnAuto" UId="153" />
    </Symbol>
  </Access>
  <Token Text=";" UId="154" />
  <NewLine Num="1" UId="155" />
  <Blank Num="8" UId="156" />
  <Access Scope="LocalVariable" UId="157">
    <Symbol UId="158">
      <Component Name="O_CmdDirection" UId="159" />
    </Symbol>
  </Access>
  <Blank Num="1" UId="160" />
  <Token Text=":=" UId="161" />
  <Blank Num="1" UId="162" />
  <Access Scope="LocalVariable" UId="163">
    <Symbol UId="164">
      <Component Name="IO_Motor" UId="165" />
      <Token Text="." UId="166" />
      <Component Name="Cmd" UId="167" />
      <Token Text="." UId="168" />
      <Component Name="DirectionAuto" UId="169" />
    </Symbol>
  </Access>
  <Token Text=";" UId="170" />
  <NewLine Num="1" UId="171" />
  <Blank Num="4" UId="172" />
  <Token Text="END_IF" UId="173" />
  <Token Text=";" UId="174" />
  <NewLine Num="1" UId="175" />
  <Blank Num="4" UId="176" />
  <NewLine Num="1" UId="177" />
  <Blank Num="4" UId="178" />
  <LineComment Inserted="false" NoClosingBracket="false" UId="179">
    <Text UId="180">Turn commands of if manual mode is deactivated</Text>
  </LineComment>
  <NewLine Num="1" UId="181" />
  <Blank Num="4" UId="182" />
  <Token Text="IF" UId="183" />
  <Blank Num="1" UId="184" />
  <Token Text="NOT" UId="185" />
  <Blank Num="1" UId="186" />
  <Access Scope="GlobalVariable" UId="187">
    <Symbol UId="188">
      <Component Name="ApplicationState_DB" UId="189" />
      <Token Text="." UId="190" />
      <Component Name="Appstate" UId="191">
        <Token Text="[" UId="192" />
        <Access Scope="LocalVariable" UId="193">
          <Symbol UId="194">
            <Component Name="IO_Motor" UId="195" />
            <Token Text="." UId="196" />
            <Component Name="Zone" UId="197" />
          </Symbol>
        </Access>
        <Token Text="]" UId="198" />
      </Component>
      <Token Text="." UId="199" />
      <Component Name="States" UId="200" />
      <Token Text="." UId="201" />
      <Component Name="ManualModeActivated" UId="202" />
      <Token Text="." UId="203" />
      <Component Name="State" UId="204" />
    </Symbol>
  </Access>
  <Blank Num="1" UId="205" />
  <Token Text="OR" UId="206" />
  <NewLine Num="1" UId="207" />
  <Blank Num="8" UId="208" />
  <Access Scope="LocalVariable" UId="209">
    <Symbol UId="210">
      <Component Name="IO_Motor" UId="211" />
      <Token Text="." UId="212" />
      <Component Name="Alarms" UId="213" />
      <Token Text="." UId="214" />
      <Component Name="AlarmStatus" UId="215" />
    </Symbol>
  </Access>
  <Blank Num="1" UId="216" />
  <Token Text="&gt;" UId="217" />
  <Blank Num="1" UId="218" />
  <Access Scope="LiteralConstant" UId="219">
    <Constant UId="220">
      <ConstantValue UId="222">0</ConstantValue>
    </Constant>
  </Access>
  <Blank Num="1" UId="223" />
  <Token Text="OR" UId="224" />
  <NewLine Num="1" UId="225" />
  <Blank Num="8" UId="226" />
  <Token Text="NOT" UId="227" />
  <Blank Num="1" UId="228" />
  <Access Scope="GlobalVariable" UId="229">
    <Symbol UId="230">
      <Component Name="ApplicationState_DB" UId="231" />
      <Token Text="." UId="232" />
      <Component Name="Appstate" UId="233">
        <Token Text="[" UId="234" />
        <Access Scope="LocalVariable" UId="235">
          <Symbol UId="236">
            <Component Name="IO_Motor" UId="237" />
            <Token Text="." UId="238" />
            <Component Name="Zone" UId="239" />
          </Symbol>
        </Access>
        <Token Text="]" UId="240" />
      </Component>
      <Token Text="." UId="241" />
      <Component Name="States" UId="242" />
      <Token Text="." UId="243" />
      <Component Name="EmergencyOk" UId="244" />
      <Token Text="." UId="245" />
      <Component Name="State" UId="246" />
    </Symbol>
  </Access>
  <NewLine Num="1" UId="247" />
  <Blank Num="8" UId="248" />
  <Token Text="OR" UId="249" />
  <Blank Num="1" UId="250" />
  <Access Scope="LocalVariable" UId="251">
    <Symbol UId="252">
      <Component Name="IO_Motor" UId="253" />
      <Token Text="." UId="254" />
      <Component Name="Status" UId="255" />
      <Token Text="." UId="256" />
      <Component Name="Interlocked" UId="257" />
    </Symbol>
  </Access>
  <Blank Num="1" UId="258" />
  <Token Text="THEN" UId="259" />
  <NewLine Num="1" UId="260" />
  <Blank Num="8" UId="261" />
  <Access Scope="LocalVariable" UId="262">
    <Symbol UId="263">
      <Component Name="IO_Motor" UId="264" />
      <Token Text="." UId="265" />
      <Component Name="Cmd" UId="266" />
      <Token Text="." UId="267" />
      <Component Name="OnManual" UId="268" />
    </Symbol>
  </Access>
  <Blank Num="1" UId="269" />
  <Token Text=":=" UId="270" />
  <Blank Num="1" UId="271" />
  <Access Scope="LiteralConstant" UId="272">
    <Constant UId="273">
      <ConstantValue UId="275">0</ConstantValue>
    </Constant>
  </Access>
  <Token Text=";" UId="276" />
  <NewLine Num="1" UId="277" />
  <Blank Num="8" UId="278" />
  <Access Scope="LocalVariable" UId="279">
    <Symbol UId="280">
      <Component Name="IO_Motor" UId="281" />
      <Token Text="." UId="282" />
      <Component Name="Cmd" UId="283" />
      <Token Text="." UId="284" />
      <Component Name="DirectionManual" UId="285" />
    </Symbol>
  </Access>
  <Blank Num="1" UId="286" />
  <Token Text=":=" UId="287" />
  <Blank Num="1" UId="288" />
  <Access Scope="LiteralConstant" UId="289">
    <Constant UId="290">
      <ConstantValue UId="292">0</ConstantValue>
    </Constant>
  </Access>
  <Token Text=";" UId="293" />
  <NewLine Num="1" UId="294" />
  <Blank Num="8" UId="295" />
  <Access Scope="LocalVariable" UId="296">
    <Symbol UId="297">
      <Component Name="IO_Motor" UId="298" />
      <Token Text="." UId="299" />
      <Component Name="Status" UId="300" />
      <Token Text="." UId="301" />
      <Component Name="ManualCommandsDisabled" UId="302" />
    </Symbol>
  </Access>
  <Blank Num="1" UId="303" />
  <Token Text=":=" UId="304" />
  <Blank Num="1" UId="305" />
  <Access Scope="LiteralConstant" UId="306">
    <Constant UId="307">
      <ConstantValue UId="309">1</ConstantValue>
    </Constant>
  </Access>
  <Token Text=";" UId="310" />
  <NewLine Num="1" UId="311" />
  <Blank Num="4" UId="312" />
  <Token Text="END_IF" UId="313" />
  <Token Text=";" UId="314" />
  <NewLine Num="1" UId="315" />
  <Blank Num="4" UId="316" />
  <NewLine Num="1" UId="317" />
  <Blank Num="4" UId="318" />
  <LineComment Inserted="false" NoClosingBracket="false" UId="319">
    <Text UId="320">Manual mode</Text>
  </LineComment>
  <NewLine Num="1" UId="321" />
  <Blank Num="4" UId="322" />
  <Token Text="IF" UId="323" />
  <Blank Num="1" UId="324" />
  <Access Scope="GlobalVariable" UId="325">
    <Symbol UId="326">
      <Component Name="ApplicationState_DB" UId="327" />
      <Token Text="." UId="328" />
      <Component Name="Appstate" UId="329">
        <Token Text="[" UId="330" />
        <Access Scope="LocalVariable" UId="331">
          <Symbol UId="332">
            <Component Name="IO_Motor" UId="333" />
            <Token Text="." UId="334" />
            <Component Name="Zone" UId="335" />
          </Symbol>
        </Access>
        <Token Text="]" UId="336" />
      </Component>
      <Token Text="." UId="337" />
      <Component Name="States" UId="338" />
      <Token Text="." UId="339" />
      <Component Name="ManualModeActivated" UId="340" />
      <Token Text="." UId="341" />
      <Component Name="State" UId="342" />
    </Symbol>
  </Access>
  <Blank Num="1" UId="343" />
  <Token Text="THEN" UId="344" />
  <NewLine Num="1" UId="345" />
  <Blank Num="8" UId="346" />
  <Access Scope="LocalVariable" UId="347">
    <Symbol UId="348">
      <Component Name="O_CmdOn" UId="349" />
    </Symbol>
  </Access>
  <Blank Num="1" UId="350" />
  <Token Text=":=" UId="351" />
  <Blank Num="1" UId="352" />
  <Access Scope="LocalVariable" UId="353">
    <Symbol UId="354">
      <Component Name="IO_Motor" UId="355" />
      <Token Text="." UId="356" />
      <Component Name="Cmd" UId="357" />
      <Token Text="." UId="358" />
      <Component Name="OnManual" UId="359" />
    </Symbol>
  </Access>
  <Blank Num="1" UId="360" />
  <Token Text=":=" UId="361" />
  <Blank Num="1" UId="362" />
  <Access Scope="LocalVariable" UId="363">
    <Symbol UId="364">
      <Component Name="IO_Motor" UId="365" />
      <Token Text="." UId="366" />
      <Component Name="Cmd" UId="367" />
      <Token Text="." UId="368" />
      <Component Name="OnManual" UId="369" />
    </Symbol>
  </Access>
  <Token Text=";" UId="370" />
  <NewLine Num="1" UId="371" />
  <Blank Num="8" UId="372" />
  <Access Scope="LocalVariable" UId="373">
    <Symbol UId="374">
      <Component Name="O_CmdDirection" UId="375" />
    </Symbol>
  </Access>
  <Blank Num="1" UId="376" />
  <Token Text=":=" UId="377" />
  <Blank Num="1" UId="378" />
  <Access Scope="LocalVariable" UId="379">
    <Symbol UId="380">
      <Component Name="IO_Motor" UId="381" />
      <Token Text="." UId="382" />
      <Component Name="Cmd" UId="383" />
      <Token Text="." UId="384" />
      <Component Name="DirectionManual" UId="385" />
    </Symbol>
  </Access>
  <Token Text=";" UId="386" />
  <NewLine Num="1" UId="387" />
  <Blank Num="4" UId="388" />
  <Token Text="END_IF" UId="389" />
  <Token Text=";" UId="390" />
  <NewLine Num="1" UId="391" />
  <Blank Num="4" UId="392" />
  <NewLine Num="1" UId="393" />
  <Token Text="END_REGION" UId="394" />
  <NewLine Num="2" UId="395" />
  <Token Text="REGION" UId="396" />
  <Blank Num="1" UId="397" />
  <Text UId="398">Interlock</Text>
  <NewLine Num="1" UId="399" />
  <Blank Num="4" UId="400" />
  <NewLine Num="1" UId="401" />
  <Blank Num="4" UId="402" />
  <Access Scope="LocalVariable" UId="403">
    <Symbol UId="404">
      <Component Name="IO_Motor" UId="405" />
      <Token Text="." UId="406" />
      <Component Name="Status" UId="407" />
      <Token Text="." UId="408" />
      <Component Name="Interlocked" UId="409" />
    </Symbol>
  </Access>
  <Blank Num="1" UId="410" />
  <Token Text=":=" UId="411" />
  <Blank Num="1" UId="412" />
  <Access Scope="LocalVariable" UId="413">
    <Symbol UId="414">
      <Component Name="I_Interlock" UId="415" />
    </Symbol>
  </Access>
  <Blank Num="1" UId="416" />
  <Token Text="OR" UId="417" />
  <Blank Num="1" UId="418" />
  <Access Scope="LocalVariable" UId="419">
    <Symbol UId="420">
      <Component Name="IO_Motor" UId="421" />
      <Token Text="." UId="422" />
      <Component Name="Cmd" UId="423" />
      <Token Text="." UId="424" />
      <Component Name="Interlock" UId="425" />
    </Symbol>
  </Access>
  <Token Text=";" UId="426" />
  <NewLine Num="1" UId="427" />
  <Blank Num="4" UId="428" />
  <Access Scope="LocalVariable" UId="429">
    <Symbol UId="430">
      <Component Name="IO_Motor" UId="431" />
      <Token Text="." UId="432" />
      <Component Name="Status" UId="433" />
      <Token Text="." UId="434" />
      <Component Name="Status" UId="435" />
      <Token Text="." UId="436" />
      <Token Text="%X0" UId="437" />
    </Symbol>
  </Access>
  <Blank Num="1" UId="438" />
  <Token Text=":=" UId="439" />
  <Blank Num="1" UId="440" />
  <Access Scope="LocalVariable" UId="441">
    <Symbol UId="442">
      <Component Name="IO_Motor" UId="443" />
      <Token Text="." UId="444" />
      <Component Name="Status" UId="445" />
      <Token Text="." UId="446" />
      <Component Name="Interlocked" UId="447" />
    </Symbol>
  </Access>
  <Token Text=";" UId="448" />
  <NewLine Num="1" UId="449" />
  <Blank Num="4" UId="450" />
  <NewLine Num="1" UId="451" />
  <Token Text="END_REGION" UId="452" />
  <NewLine Num="2" UId="453" />
  <Token Text="REGION" UId="454" />
  <Blank Num="1" UId="455" />
  <Text UId="456">Manual MODe active</Text>
  <NewLine Num="1" UId="457" />
  <Blank Num="4" UId="458" />
  <NewLine Num="1" UId="459" />
  <Blank Num="4" UId="460" />
  <Access Scope="LocalVariable" UId="461">
    <Symbol UId="462">
      <Component Name="IO_Motor" UId="463" />
      <Token Text="." UId="464" />
      <Component Name="Status" UId="465" />
      <Token Text="." UId="466" />
      <Component Name="ManualModeActive" UId="467" />
    </Symbol>
  </Access>
  <Blank Num="1" UId="468" />
  <Token Text=":=" UId="469" />
  <Blank Num="1" UId="470" />
  <Access Scope="GlobalVariable" UId="471">
    <Symbol UId="472">
      <Component Name="ApplicationState_DB" UId="473" />
      <Token Text="." UId="474" />
      <Component Name="Appstate" UId="475">
        <Token Text="[" UId="476" />
        <Access Scope="LocalVariable" UId="477">
          <Symbol UId="478">
            <Component Name="IO_Motor" UId="479" />
            <Token Text="." UId="480" />
            <Component Name="Zone" UId="481" />
          </Symbol>
        </Access>
        <Token Text="]" UId="482" />
      </Component>
      <Token Text="." UId="483" />
      <Component Name="States" UId="484" />
      <Token Text="." UId="485" />
      <Component Name="ManualModeActivated" UId="486" />
      <Token Text="." UId="487" />
      <Component Name="State" UId="488" />
    </Symbol>
  </Access>
  <Token Text=";" UId="489" />
  <NewLine Num="1" UId="490" />
  <Blank Num="4" UId="491" />
  <Access Scope="LocalVariable" UId="492">
    <Symbol UId="493">
      <Component Name="IO_Motor" UId="494" />
      <Token Text="." UId="495" />
      <Component Name="Status" UId="496" />
      <Token Text="." UId="497" />
      <Component Name="Status" UId="498" />
      <Token Text="." UId="499" />
      <Token Text="%X2" UId="500" />
    </Symbol>
  </Access>
  <Blank Num="1" UId="501" />
  <Token Text=":=" UId="502" />
  <Blank Num="1" UId="503" />
  <Access Scope="LocalVariable" UId="504">
    <Symbol UId="505">
      <Component Name="IO_Motor" UId="506" />
      <Token Text="." UId="507" />
      <Component Name="Status" UId="508" />
      <Token Text="." UId="509" />
      <Component Name="ManualModeActive" UId="510" />
    </Symbol>
  </Access>
  <Token Text=";" UId="511" />
  <NewLine Num="1" UId="512" />
  <Blank Num="4" UId="513" />
  <NewLine Num="1" UId="514" />
  <Token Text="END_REGION" UId="515" />
  <NewLine Num="2" UId="516" />
  <Token Text="REGION" UId="517" />
  <Blank Num="1" UId="518" />
  <Text UId="519">Turn commands off on error</Text>
  <NewLine Num="1" UId="520" />
  <Blank Num="4" UId="521" />
  <NewLine Num="1" UId="522" />
  <Blank Num="4" UId="523" />
  <Token Text="IF" UId="524" />
  <Blank Num="1" UId="525" />
  <Access Scope="LocalVariable" UId="526">
    <Symbol UId="527">
      <Component Name="IO_Motor" UId="528" />
      <Token Text="." UId="529" />
      <Component Name="Alarms" UId="530" />
      <Token Text="." UId="531" />
      <Component Name="AlarmStatus" UId="532" />
    </Symbol>
  </Access>
  <Blank Num="1" UId="533" />
  <Token Text="&gt;" UId="534" />
  <Blank Num="1" UId="535" />
  <Access Scope="LiteralConstant" UId="536">
    <Constant UId="537">
      <ConstantValue UId="539">0</ConstantValue>
    </Constant>
  </Access>
  <NewLine Num="1" UId="540" />
  <Blank Num="8" UId="541" />
  <Token Text="OR" UId="542" />
  <Blank Num="1" UId="543" />
  <Token Text="NOT" UId="544" />
  <Blank Num="1" UId="545" />
  <Access Scope="GlobalVariable" UId="546">
    <Symbol UId="547">
      <Component Name="ApplicationState_DB" UId="548" />
      <Token Text="." UId="549" />
      <Component Name="Appstate" UId="550">
        <Token Text="[" UId="551" />
        <Access Scope="LocalVariable" UId="552">
          <Symbol UId="553">
            <Component Name="IO_Motor" UId="554" />
            <Token Text="." UId="555" />
            <Component Name="Zone" UId="556" />
          </Symbol>
        </Access>
        <Token Text="]" UId="557" />
      </Component>
      <Token Text="." UId="558" />
      <Component Name="States" UId="559" />
      <Token Text="." UId="560" />
      <Component Name="EmergencyOk" UId="561" />
      <Token Text="." UId="562" />
      <Component Name="State" UId="563" />
    </Symbol>
  </Access>
  <NewLine Num="1" UId="564" />
  <Blank Num="8" UId="565" />
  <Token Text="OR" UId="566" />
  <Blank Num="1" UId="567" />
  <Access Scope="LocalVariable" UId="568">
    <Symbol UId="569">
      <Component Name="IO_Motor" UId="570" />
      <Token Text="." UId="571" />
      <Component Name="Status" UId="572" />
      <Token Text="." UId="573" />
      <Component Name="Interlocked" UId="574" />
    </Symbol>
  </Access>
  <Blank Num="1" UId="575" />
  <Token Text="THEN" UId="576" />
  <NewLine Num="1" UId="577" />
  <Blank Num="8" UId="578" />
  <Access Scope="LocalVariable" UId="579">
    <Symbol UId="580">
      <Component Name="O_CmdOn" UId="581" />
    </Symbol>
  </Access>
  <Blank Num="1" UId="582" />
  <Token Text=":=" UId="583" />
  <Blank Num="1" UId="584" />
  <Access Scope="LiteralConstant" UId="585">
    <Constant UId="586">
      <ConstantValue UId="588">0</ConstantValue>
    </Constant>
  </Access>
  <Token Text=";" UId="589" />
  <NewLine Num="1" UId="590" />
  <Blank Num="4" UId="591" />
  <Token Text="END_IF" UId="592" />
  <Token Text=";" UId="593" />
  <NewLine Num="1" UId="594" />
  <Blank Num="4" UId="595" />
  <NewLine Num="1" UId="596" />
  <Token Text="END_REGION" UId="597" />
  <NewLine Num="2" UId="598" />
  <Token Text="REGION" UId="599" />
  <Blank Num="1" UId="600" />
  <Text UId="601">INFO</Text>
  <NewLine Num="1" UId="602" />
  <Blank Num="4" UId="603" />
  <Token Text="IF" UId="604" />
  <Blank Num="1" UId="605" />
  <Token Text="NOT" UId="606" />
  <Blank Num="1" UId="607" />
  <Access Scope="LocalVariable" UId="608">
    <Symbol UId="609">
      <Component Name="info" UId="610" />
      <Token Text="." UId="611" />
      <Component Name="init" UId="612" />
    </Symbol>
  </Access>
  <Blank Num="1" UId="613" />
  <Token Text="OR" UId="614" />
  <Blank Num="1" UId="615" />
  <Access Scope="LocalVariable" UId="616">
    <Symbol UId="617">
      <Component Name="IO_Motor" UId="618" />
      <Token Text="." UId="619" />
      <Component Name="Name" UId="620" />
    </Symbol>
  </Access>
  <Blank Num="1" UId="621" />
  <Token Text="=" UId="622" />
  <Blank Num="1" UId="623" />
  <Access Scope="LiteralConstant" UId="624">
    <Constant UId="625">
      <ConstantValue UId="627">''</ConstantValue>
    </Constant>
  </Access>
  <Blank Num="1" UId="628" />
  <Token Text="THEN" UId="629" />
  <NewLine Num="1" UId="630" />
  <Blank Num="8" UId="631" />
  <Access Scope="LocalVariable" UId="632">
    <Symbol UId="633">
      <Component Name="IO_Motor" UId="634" />
      <Token Text="." UId="635" />
      <Component Name="Name" UId="636" />
    </Symbol>
  </Access>
  <Blank Num="1" UId="637" />
  <Token Text=":=" UId="638" />
  <Blank Num="1" UId="639" />
  <Access Scope="Call" UId="640">
    <CallInfo UId="641" BlockType="FC">
      <Instance Scope="GlobalVariable" UId="643">
        <Component Name="buildObjectName" UId="642" />
      </Instance>
      <Token Text="(" UId="644" />
      <Parameter Name="I_Symbolname" UId="645">
        <Blank Num="1" UId="646" />
        <Token Text=":=" UId="647" />
        <Blank Num="1" UId="648" />
        <Access Scope="Call" UId="649">
          <Instruction Name="GetSymbolName" UId="650">
            <Token Text="(" UId="651" />
            <Parameter Name="variable" UId="652">
              <Blank Num="1" UId="653" />
              <Token Text=":=" UId="654" />
              <Blank Num="1" UId="655" />
              <Access Scope="LocalVariable" UId="656">
                <Symbol UId="657">
                  <Component Name="IO_Motor" UId="658" />
                </Symbol>
              </Access>
            </Parameter>
            <Token Text="," UId="659" />
            <Blank Num="1" UId="660" />
            <Parameter Name="size" UId="661">
              <Blank Num="1" UId="662" />
              <Token Text=":=" UId="663" />
              <Blank Num="1" UId="664" />
              <Access Scope="LiteralConstant" UId="665">
                <Constant UId="666">
                  <ConstantValue UId="668">100</ConstantValue>
                </Constant>
              </Access>
            </Parameter>
            <Token Text=")" UId="670" />
          </Instruction>
        </Access>
      </Parameter>
      <Token Text=")" UId="672" />
    </CallInfo>
  </Access>
  <Token Text=";" UId="673" />
  <NewLine Num="1" UId="674" />
  <Blank Num="8" UId="675" />
  <Access Scope="LocalVariable" UId="676">
    <Symbol UId="677">
      <Component Name="info" UId="678" />
      <Token Text="." UId="679" />
      <Component Name="info" UId="680" />
    </Symbol>
  </Access>
  <Blank Num="1" UId="681" />
  <Token Text=":=" UId="682" />
  <Blank Num="1" UId="683" />
  <Access Scope="Call" UId="684">
    <CallInfo UId="685" BlockType="FC">
      <Instance Scope="GlobalVariable" UId="687">
        <Component Name="buildAlarmInfo" UId="686" />
      </Instance>
      <Token Text="(" UId="688" />
      <Parameter Name="I_ObjectName" UId="689">
        <Blank Num="1" UId="690" />
        <Token Text=":=" UId="691" />
        <Blank Num="1" UId="692" />
        <Access Scope="LocalVariable" UId="693">
          <Symbol UId="694">
            <Component Name="IO_Motor" UId="695" />
            <Token Text="." UId="696" />
            <Component Name="Name" UId="697" />
          </Symbol>
        </Access>
      </Parameter>
      <Token Text="," UId="698" />
      <Blank Num="1" UId="699" />
      <Parameter Name="I_ZoneIndex" UId="700">
        <Blank Num="1" UId="701" />
        <Token Text=":=" UId="702" />
        <Blank Num="1" UId="703" />
        <Access Scope="LocalVariable" UId="704">
          <Symbol UId="705">
            <Component Name="IO_Motor" UId="706" />
            <Token Text="." UId="707" />
            <Component Name="Zone" UId="708" />
          </Symbol>
        </Access>
      </Parameter>
      <Token Text="," UId="709" />
      <Blank Num="1" UId="710" />
      <Parameter Name="I_ZoneName" UId="711">
        <Blank Num="1" UId="712" />
        <Token Text=":=" UId="713" />
        <Blank Num="1" UId="714" />
        <Access Scope="LocalVariable" UId="715">
          <Symbol UId="716">
            <Component Name="T_ZoneInfo" UId="717" />
            <Token Text="." UId="718" />
            <Component Name="ZoneName" UId="719" />
          </Symbol>
        </Access>
      </Parameter>
      <Token Text=")" UId="721" />
    </CallInfo>
  </Access>
  <Token Text=";" UId="722" />
  <NewLine Num="1" UId="723" />
  <Blank Num="8" UId="724" />
  <Access Scope="LocalVariable" UId="725">
    <Symbol UId="726">
      <Component Name="info" UId="727" />
      <Token Text="." UId="728" />
      <Component Name="init" UId="729" />
    </Symbol>
  </Access>
  <Blank Num="1" UId="730" />
  <Token Text=":=" UId="731" />
  <Blank Num="1" UId="732" />
  <Access Scope="LiteralConstant" UId="733">
    <Constant UId="734">
      <ConstantValue UId="736">true</ConstantValue>
    </Constant>
  </Access>
  <Token Text=";" UId="737" />
  <NewLine Num="1" UId="738" />
  <Blank Num="4" UId="739" />
  <Token Text="END_IF" UId="740" />
  <Token Text=";" UId="741" />
  <NewLine Num="1" UId="742" />
  <Token Text="END_REGION" UId="743" />
  <NewLine Num="2" UId="744" />
  <Token Text="REGION" UId="745" />
  <Blank Num="1" UId="746" />
  <Text UId="747">alarms</Text>
  <NewLine Num="1" UId="748" />
  <Blank Num="4" UId="749" />
  <NewLine Num="1" UId="750" />
  <Blank Num="4" UId="751" />
  <Access Scope="LocalVariable" UId="752">
    <Symbol UId="753">
      <Component Name="S_TimeNotRunning" UId="754" />
    </Symbol>
  </Access>
  <Access Scope="Call" UId="755">
    <Instruction UId="756">
      <Token Text="(" UId="757" />
      <Parameter Name="IN" UId="758">
        <Blank Num="1" UId="759" />
        <Token Text=":=" UId="760" />
        <Blank Num="1" UId="761" />
        <Access Scope="LocalVariable" UId="762">
          <Symbol UId="763">
            <Component Name="O_CmdOn" UId="764" />
          </Symbol>
        </Access>
        <Blank Num="1" UId="765" />
        <Token Text="AND" UId="766" />
        <Blank Num="1" UId="767" />
        <Token Text="NOT" UId="768" />
        <Blank Num="1" UId="769" />
        <Access Scope="LocalVariable" UId="770">
          <Symbol UId="771">
            <Component Name="IO_Motor" UId="772" />
            <Token Text="." UId="773" />
            <Component Name="Status" UId="774" />
            <Token Text="." UId="775" />
            <Component Name="Running" UId="776" />
          </Symbol>
        </Access>
      </Parameter>
      <Token Text="," UId="777" />
      <NewLine Num="1" UId="778" />
      <Blank Num="22" UId="779" />
      <Parameter Name="PT" UId="780">
        <Blank Num="1" UId="781" />
        <Token Text=":=" UId="782" />
        <Blank Num="1" UId="783" />
        <Access Scope="TypedConstant" UId="784">
          <Constant UId="785">
            <ConstantValue UId="786">t#10s</ConstantValue>
          </Constant>
        </Access>
      </Parameter>
      <Token Text=")" UId="787" />
    </Instruction>
  </Access>
  <Token Text=";" UId="788" />
  <NewLine Num="1" UId="789" />
  <Blank Num="4" UId="790" />
  <NewLine Num="1" UId="791" />
  <Blank Num="4" UId="792" />
  <Token Text="IF" UId="793" />
  <Blank Num="1" UId="794" />
  <Access Scope="LocalVariable" UId="795">
    <Symbol UId="796">
      <Component Name="S_TimeNotRunning" UId="797" />
      <Token Text="." UId="798" />
      <Component Name="Q" UId="799" />
    </Symbol>
  </Access>
  <Blank Num="1" UId="800" />
  <Token Text="THEN" UId="801" />
  <NewLine Num="1" UId="802" />
  <Blank Num="8" UId="803" />
  <Access Scope="LocalVariable" UId="804">
    <Symbol UId="805">
      <Component Name="IO_Motor" UId="806" />
      <Token Text="." UId="807" />
      <Component Name="Alarms" UId="808" />
      <Token Text="." UId="809" />
      <Component Name="NotOnTImedOut" UId="810" />
      <Token Text="." UId="811" />
      <Component Name="Active" UId="812" />
    </Symbol>
  </Access>
  <Blank Num="1" UId="813" />
  <Token Text=":=" UId="814" />
  <Blank Num="1" UId="815" />
  <Access Scope="LiteralConstant" UId="816">
    <Constant UId="817">
      <ConstantValue UId="819">true</ConstantValue>
    </Constant>
  </Access>
  <Token Text=";" UId="820" />
  <NewLine Num="1" UId="821" />
  <Blank Num="4" UId="822" />
  <Token Text="END_IF" UId="823" />
  <Token Text=";" UId="824" />
  <NewLine Num="1" UId="825" />
  <Blank Num="4" UId="826" />
  <NewLine Num="1" UId="827" />
  <Blank Num="4" UId="828" />
  <Access Scope="LocalVariable" UId="829">
    <Symbol UId="830">
      <Component Name="S_TimeNotStopping" UId="831" />
    </Symbol>
  </Access>
  <Access Scope="Call" UId="832">
    <Instruction UId="833">
      <Token Text="(" UId="834" />
      <Parameter Name="IN" UId="835">
        <Blank Num="1" UId="836" />
        <Token Text=":=" UId="837" />
        <Blank Num="1" UId="838" />
        <Token Text="NOT" UId="839" />
        <Blank Num="1" UId="840" />
        <Access Scope="LocalVariable" UId="841">
          <Symbol UId="842">
            <Component Name="O_CmdOn" UId="843" />
          </Symbol>
        </Access>
        <Blank Num="1" UId="844" />
        <Token Text="AND" UId="845" />
        <Blank Num="1" UId="846" />
        <Access Scope="LocalVariable" UId="847">
          <Symbol UId="848">
            <Component Name="IO_Motor" UId="849" />
            <Token Text="." UId="850" />
            <Component Name="Status" UId="851" />
            <Token Text="." UId="852" />
            <Component Name="Running" UId="853" />
          </Symbol>
        </Access>
      </Parameter>
      <Token Text="," UId="854" />
      <NewLine Num="1" UId="855" />
      <Blank Num="23" UId="856" />
      <Parameter Name="PT" UId="857">
        <Blank Num="1" UId="858" />
        <Token Text=":=" UId="859" />
        <Blank Num="1" UId="860" />
        <Access Scope="TypedConstant" UId="861">
          <Constant UId="862">
            <ConstantValue UId="863">t#10s</ConstantValue>
          </Constant>
        </Access>
      </Parameter>
      <Token Text=")" UId="864" />
    </Instruction>
  </Access>
  <Token Text=";" UId="865" />
  <NewLine Num="1" UId="866" />
  <Blank Num="4" UId="867" />
  <NewLine Num="1" UId="868" />
  <Blank Num="4" UId="869" />
  <Token Text="IF" UId="870" />
  <Blank Num="1" UId="871" />
  <Access Scope="LocalVariable" UId="872">
    <Symbol UId="873">
      <Component Name="S_TimeNotStopping" UId="874" />
      <Token Text="." UId="875" />
      <Component Name="Q" UId="876" />
    </Symbol>
  </Access>
  <Blank Num="1" UId="877" />
  <Token Text="THEN" UId="878" />
  <NewLine Num="1" UId="879" />
  <Blank Num="8" UId="880" />
  <Access Scope="LocalVariable" UId="881">
    <Symbol UId="882">
      <Component Name="IO_Motor" UId="883" />
      <Token Text="." UId="884" />
      <Component Name="Alarms" UId="885" />
      <Token Text="." UId="886" />
      <Component Name="NotOffTimedOut" UId="887" />
      <Token Text="." UId="888" />
      <Component Name="Active" UId="889" />
    </Symbol>
  </Access>
  <Blank Num="1" UId="890" />
  <Token Text=":=" UId="891" />
  <Blank Num="1" UId="892" />
  <Access Scope="LiteralConstant" UId="893">
    <Constant UId="894">
      <ConstantValue UId="896">TRUE</ConstantValue>
    </Constant>
  </Access>
  <Token Text=";" UId="897" />
  <NewLine Num="1" UId="898" />
  <Blank Num="8" UId="899" />
  <Access Scope="LocalVariable" UId="900">
    <Symbol UId="901">
      <Component Name="IO_Motor" UId="902" />
      <Token Text="." UId="903" />
      <Component Name="Alarms" UId="904" />
      <Token Text="." UId="905" />
      <Component Name="NotOffTimedOut" UId="906" />
      <Token Text="." UId="907" />
      <Component Name="Active" UId="908" />
    </Symbol>
  </Access>
  <Blank Num="1" UId="909" />
  <Token Text=":=" UId="910" />
  <Blank Num="1" UId="911" />
  <Access Scope="LiteralConstant" UId="912">
    <Constant UId="913">
      <ConstantValue UId="915">FALSE</ConstantValue>
    </Constant>
  </Access>
  <Token Text=";" UId="916" />
  <NewLine Num="1" UId="917" />
  <Blank Num="4" UId="918" />
  <Token Text="END_IF" UId="919" />
  <Token Text=";" UId="920" />
  <NewLine Num="1" UId="921" />
  <Blank Num="4" UId="922" />
  <NewLine Num="1" UId="923" />
  <Blank Num="4" UId="924" />
  <Token Text="IF" UId="925" />
  <Blank Num="1" UId="926" />
  <Token Text="NOT" UId="927" />
  <Blank Num="1" UId="928" />
  <Access Scope="LocalVariable" UId="929">
    <Symbol UId="930">
      <Component Name="I_ThermalProtection" UId="931" />
    </Symbol>
  </Access>
  <Blank Num="1" UId="932" />
  <Token Text="THEN" UId="933" />
  <NewLine Num="1" UId="934" />
  <Blank Num="8" UId="935" />
  <Access Scope="LocalVariable" UId="936">
    <Symbol UId="937">
      <Component Name="IO_Motor" UId="938" />
      <Token Text="." UId="939" />
      <Component Name="Alarms" UId="940" />
      <Token Text="." UId="941" />
      <Component Name="ThermalProtection" UId="942" />
      <Token Text="." UId="943" />
      <Component Name="Active" UId="944" />
    </Symbol>
  </Access>
  <Blank Num="1" UId="945" />
  <Token Text=":=" UId="946" />
  <Blank Num="1" UId="947" />
  <Access Scope="LiteralConstant" UId="948">
    <Constant UId="949">
      <ConstantValue UId="951">true</ConstantValue>
    </Constant>
  </Access>
  <Token Text=";" UId="952" />
  <NewLine Num="1" UId="953" />
  <Blank Num="4" UId="954" />
  <Token Text="END_IF" UId="955" />
  <Token Text=";" UId="956" />
  <NewLine Num="1" UId="957" />
  <Blank Num="4" UId="958" />
  <NewLine Num="1" UId="959" />
  <Blank Num="4" UId="960" />
  <Token Text="IF" UId="961" />
  <Blank Num="1" UId="962" />
  <Access Scope="LocalVariable" UId="963">
    <Symbol UId="964">
      <Component Name="IO_Motor" UId="965" />
      <Token Text="." UId="966" />
      <Component Name="Alarms" UId="967" />
      <Token Text="." UId="968" />
      <Component Name="AlarmStatus" UId="969" />
    </Symbol>
  </Access>
  <Blank Num="1" UId="970" />
  <Token Text="&gt;" UId="971" />
  <Blank Num="1" UId="972" />
  <Access Scope="LiteralConstant" UId="973">
    <Constant UId="974">
      <ConstantValue UId="976">0</ConstantValue>
    </Constant>
  </Access>
  <Blank Num="1" UId="977" />
  <Token Text="THEN" UId="978" />
  <NewLine Num="1" UId="979" />
  <Blank Num="8" UId="980" />
  <Access Scope="GlobalVariable" UId="981">
    <Symbol UId="982">
      <Component Name="ApplicationState_DB" UId="983" />
      <Token Text="." UId="984" />
      <Component Name="Appstate" UId="985">
        <Token Text="[" UId="986" />
        <Access Scope="LocalVariable" UId="987">
          <Symbol UId="988">
            <Component Name="T_ZoneInfo" UId="989" />
            <Token Text="." UId="990" />
            <Component Name="AppStateIndex" UId="991" />
          </Symbol>
        </Access>
        <Token Text="]" UId="992" />
      </Component>
      <Token Text="." UId="993" />
      <Component Name="Alarms" UId="994" />
      <Token Text="." UId="995" />
      <Component Name="AlarmActiveInternalPLC" UId="996" />
    </Symbol>
  </Access>
  <Blank Num="1" UId="997" />
  <Token Text=":=" UId="998" />
  <Blank Num="1" UId="999" />
  <Access Scope="LiteralConstant" UId="1000">
    <Constant UId="1001">
      <ConstantValue UId="1003">TRUE</ConstantValue>
    </Constant>
  </Access>
  <Token Text=";" UId="1004" />
  <NewLine Num="1" UId="1005" />
  <Blank Num="4" UId="1006" />
  <Token Text="END_IF" UId="1007" />
  <Token Text=";" UId="1008" />
  <NewLine Num="1" UId="1009" />
  <Blank Num="4" UId="1010" />
  <NewLine Num="1" UId="1011" />
  <Token Text="END_REGION" UId="1012" />
  <NewLine Num="2" UId="1013" />
  <Token Text="REGION" UId="1014" />
  <Blank Num="1" UId="1015" />
  <Text UId="1016">Create alarm status</Text>
  <NewLine Num="1" UId="1017" />
  <Blank Num="4" UId="1018" />
  <NewLine Num="1" UId="1019" />
  <Blank Num="4" UId="1020" />
  <Access Scope="LocalVariable" UId="1021">
    <Symbol UId="1022">
      <Component Name="IO_Motor" UId="1023" />
      <Token Text="." UId="1024" />
      <Component Name="Alarms" UId="1025" />
      <Token Text="." UId="1026" />
      <Component Name="AlarmStatus" UId="1027" />
      <Token Text="." UId="1028" />
      <Token Text="%X0" UId="1029" />
    </Symbol>
  </Access>
  <Blank Num="1" UId="1030" />
  <Token Text=":=" UId="1031" />
  <Blank Num="1" UId="1032" />
  <Access Scope="LocalVariable" UId="1033">
    <Symbol UId="1034">
      <Component Name="IO_Motor" UId="1035" />
      <Token Text="." UId="1036" />
      <Component Name="Alarms" UId="1037" />
      <Token Text="." UId="1038" />
      <Component Name="NotOnTImedOut" UId="1039" />
      <Token Text="." UId="1040" />
      <Component Name="Active" UId="1041" />
    </Symbol>
  </Access>
  <Token Text=";" UId="1042" />
  <NewLine Num="1" UId="1043" />
  <Blank Num="4" UId="1044" />
  <Access Scope="LocalVariable" UId="1045">
    <Symbol UId="1046">
      <Component Name="IO_Motor" UId="1047" />
      <Token Text="." UId="1048" />
      <Component Name="Alarms" UId="1049" />
      <Token Text="." UId="1050" />
      <Component Name="AlarmStatus" UId="1051" />
      <Token Text="." UId="1052" />
      <Token Text="%X1" UId="1053" />
    </Symbol>
  </Access>
  <Blank Num="1" UId="1054" />
  <Token Text=":=" UId="1055" />
  <Blank Num="1" UId="1056" />
  <Access Scope="LocalVariable" UId="1057">
    <Symbol UId="1058">
      <Component Name="IO_Motor" UId="1059" />
      <Token Text="." UId="1060" />
      <Component Name="Alarms" UId="1061" />
      <Token Text="." UId="1062" />
      <Component Name="NotOffTimedOut" UId="1063" />
      <Token Text="." UId="1064" />
      <Component Name="Active" UId="1065" />
    </Symbol>
  </Access>
  <Token Text=";" UId="1066" />
  <NewLine Num="1" UId="1067" />
  <Blank Num="4" UId="1068" />
  <Access Scope="LocalVariable" UId="1069">
    <Symbol UId="1070">
      <Component Name="IO_Motor" UId="1071" />
      <Token Text="." UId="1072" />
      <Component Name="Alarms" UId="1073" />
      <Token Text="." UId="1074" />
      <Component Name="AlarmStatus" UId="1075" />
      <Token Text="." UId="1076" />
      <Token Text="%X2" UId="1077" />
    </Symbol>
  </Access>
  <Blank Num="1" UId="1078" />
  <Token Text=":=" UId="1079" />
  <Blank Num="1" UId="1080" />
  <Access Scope="LocalVariable" UId="1081">
    <Symbol UId="1082">
      <Component Name="IO_Motor" UId="1083" />
      <Token Text="." UId="1084" />
      <Component Name="Alarms" UId="1085" />
      <Token Text="." UId="1086" />
      <Component Name="ThermalProtection" UId="1087" />
      <Token Text="." UId="1088" />
      <Component Name="Active" UId="1089" />
    </Symbol>
  </Access>
  <Token Text=";" UId="1090" />
  <NewLine Num="1" UId="1091" />
  <Blank Num="4" UId="1092" />
  <NewLine Num="1" UId="1093" />
  <Token Text="END_REGION" UId="1094" />
  <NewLine Num="2" UId="1095" />
  <Token Text="REGION" UId="1096" />
  <Blank Num="1" UId="1097" />
  <Text UId="1098">Reset </Text>
  <NewLine Num="1" UId="1099" />
  <Blank Num="4" UId="1100" />
  <NewLine Num="1" UId="1101" />
  <Blank Num="4" UId="1102" />
  <Token Text="IF" UId="1103" />
  <Blank Num="1" UId="1104" />
  <Access Scope="LocalVariable" UId="1105">
    <Symbol UId="1106">
      <Component Name="T_AppState" UId="1107" />
      <Token Text="." UId="1108" />
      <Component Name="Hmi_Buttons" UId="1109" />
      <Token Text="." UId="1110" />
      <Component Name="reset" UId="1111" />
      <Token Text="." UId="1112" />
      <Component Name="state" UId="1113" />
      <Token Text="." UId="1114" />
      <Component Name="State" UId="1115" />
    </Symbol>
  </Access>
  <NewLine Num="1" UId="1116" />
  <Blank Num="8" UId="1117" />
  <Token Text="OR" UId="1118" />
  <Blank Num="1" UId="1119" />
  <Access Scope="LocalVariable" UId="1120">
    <Symbol UId="1121">
      <Component Name="IO_Motor" UId="1122" />
      <Token Text="." UId="1123" />
      <Component Name="Cmd" UId="1124" />
      <Token Text="." UId="1125" />
      <Component Name="Reset" UId="1126" />
    </Symbol>
  </Access>
  <Blank Num="1" UId="1127" />
  <Token Text="THEN" UId="1128" />
  <NewLine Num="1" UId="1129" />
  <Blank Num="8" UId="1130" />
  <Access Scope="LocalVariable" UId="1131">
    <Symbol UId="1132">
      <Component Name="IO_Motor" UId="1133" />
      <Token Text="." UId="1134" />
      <Component Name="Alarms" UId="1135" />
      <Token Text="." UId="1136" />
      <Component Name="ThermalProtection" UId="1137" />
      <Token Text="." UId="1138" />
      <Component Name="Active" UId="1139" />
    </Symbol>
  </Access>
  <Blank Num="1" UId="1140" />
  <Token Text=":=" UId="1141" />
  <Blank Num="1" UId="1142" />
  <Access Scope="LiteralConstant" UId="1143">
    <Constant UId="1144">
      <ConstantValue UId="1146">0</ConstantValue>
    </Constant>
  </Access>
  <Token Text=";" UId="1147" />
  <NewLine Num="1" UId="1148" />
  <Blank Num="8" UId="1149" />
  <Access Scope="LocalVariable" UId="1150">
    <Symbol UId="1151">
      <Component Name="IO_Motor" UId="1152" />
      <Token Text="." UId="1153" />
      <Component Name="Alarms" UId="1154" />
      <Token Text="." UId="1155" />
      <Component Name="NotOffTimedOut" UId="1156" />
      <Token Text="." UId="1157" />
      <Component Name="Active" UId="1158" />
    </Symbol>
  </Access>
  <Blank Num="1" UId="1159" />
  <Token Text=":=" UId="1160" />
  <Blank Num="1" UId="1161" />
  <Access Scope="LiteralConstant" UId="1162">
    <Constant UId="1163">
      <ConstantValue UId="1165">0</ConstantValue>
    </Constant>
  </Access>
  <Token Text=";" UId="1166" />
  <NewLine Num="1" UId="1167" />
  <Blank Num="8" UId="1168" />
  <Access Scope="LocalVariable" UId="1169">
    <Symbol UId="1170">
      <Component Name="IO_Motor" UId="1171" />
      <Token Text="." UId="1172" />
      <Component Name="Alarms" UId="1173" />
      <Token Text="." UId="1174" />
      <Component Name="NotOnTImedOut" UId="1175" />
      <Token Text="." UId="1176" />
      <Component Name="Active" UId="1177" />
    </Symbol>
  </Access>
  <Blank Num="1" UId="1178" />
  <Token Text=":=" UId="1179" />
  <Blank Num="1" UId="1180" />
  <Access Scope="LiteralConstant" UId="1181">
    <Constant UId="1182">
      <ConstantValue UId="1184">0</ConstantValue>
    </Constant>
  </Access>
  <Token Text=";" UId="1185" />
  <NewLine Num="1" UId="1186" />
  <Blank Num="4" UId="1187" />
  <Token Text="END_IF" UId="1188" />
  <Token Text=";" UId="1189" />
  <NewLine Num="1" UId="1190" />
  <Blank Num="4" UId="1191" />
  <NewLine Num="1" UId="1192" />
  <Token Text="END_REGION" UId="1193" />
  <NewLine Num="2" UId="1194" />
  <Token Text="REGION" UId="1195" />
  <Blank Num="1" UId="1196" />
  <Text UId="1197">Running feedback</Text>
  <NewLine Num="1" UId="1198" />
  <Blank Num="4" UId="1199" />
  <NewLine Num="1" UId="1200" />
  <Blank Num="4" UId="1201" />
  <Access Scope="LocalVariable" UId="1202">
    <Symbol UId="1203">
      <Component Name="S_TimeRunningFeedBack" UId="1204" />
    </Symbol>
  </Access>
  <Access Scope="Call" UId="1205">
    <Instruction UId="1206">
      <Token Text="(" UId="1207" />
      <Parameter Name="IN" UId="1208">
        <Token Text=":=" UId="1209" />
        <Access Scope="LocalVariable" UId="1210">
          <Symbol UId="1211">
            <Component Name="I_RunningFeedBack" UId="1212" />
          </Symbol>
        </Access>
      </Parameter>
      <Token Text="," UId="1213" />
      <NewLine Num="1" UId="1214" />
      <Blank Num="27" UId="1215" />
      <Parameter Name="PT" UId="1216">
        <Token Text=":=" UId="1217" />
        <Access Scope="LocalVariable" UId="1218">
          <Symbol UId="1219">
            <Component Name="I_TimeRunningFeedbackDelay" UId="1220" />
          </Symbol>
        </Access>
      </Parameter>
      <Token Text="," UId="1221" />
      <NewLine Num="1" UId="1222" />
      <Blank Num="27" UId="1223" />
      <Parameter Name="Q" UId="1224">
        <Token Text="=&gt;" UId="1225" />
        <Access Scope="LocalVariable" UId="1226">
          <Symbol UId="1227">
            <Component Name="IO_Motor" UId="1228" />
            <Token Text="." UId="1229" />
            <Component Name="Status" UId="1230" />
            <Token Text="." UId="1231" />
            <Component Name="Running" UId="1232" />
          </Symbol>
        </Access>
      </Parameter>
      <Token Text=")" UId="1233" />
    </Instruction>
  </Access>
  <Token Text=";" UId="1234" />
  <NewLine Num="1" UId="1235" />
  <Blank Num="4" UId="1236" />
  <NewLine Num="1" UId="1237" />
  <Blank Num="4" UId="1238" />
  <Access Scope="LocalVariable" UId="1239">
    <Symbol UId="1240">
      <Component Name="IO_Motor" UId="1241" />
      <Token Text="." UId="1242" />
      <Component Name="Status" UId="1243" />
      <Token Text="." UId="1244" />
      <Component Name="Status" UId="1245" />
      <Token Text="." UId="1246" />
      <Token Text="%X1" UId="1247" />
    </Symbol>
  </Access>
  <Blank Num="1" UId="1248" />
  <Token Text=":=" UId="1249" />
  <Blank Num="1" UId="1250" />
  <Access Scope="LocalVariable" UId="1251">
    <Symbol UId="1252">
      <Component Name="IO_Motor" UId="1253" />
      <Token Text="." UId="1254" />
      <Component Name="Status" UId="1255" />
      <Token Text="." UId="1256" />
      <Component Name="Running" UId="1257" />
    </Symbol>
  </Access>
  <Token Text=";" UId="1258" />
  <NewLine Num="1" UId="1259" />
  <Blank Num="4" UId="1260" />
  <NewLine Num="1" UId="1261" />
  <Token Text="END_REGION" UId="1262" />
  <NewLine Num="2" UId="1263" />
  <Token Text="REGION" UId="1264" />
  <Blank Num="1" UId="1265" />
  <Text UId="1266">Create common status</Text>
  <NewLine Num="1" UId="1267" />
  <Blank Num="4" UId="1268" />
  <NewLine Num="1" UId="1269" />
  <Blank Num="4" UId="1270" />
  <Access Scope="LocalVariable" UId="1271">
    <Symbol UId="1272">
      <Component Name="IO_Motor" UId="1273" />
      <Token Text="." UId="1274" />
      <Component Name="CommonStatus" UId="1275" />
    </Symbol>
  </Access>
  <Blank Num="1" UId="1276" />
  <Token Text=":=" UId="1277" />
  <Blank Num="1" UId="1278" />
  <Access Scope="LiteralConstant" UId="1279">
    <Constant UId="1280">
      <ConstantValue UId="1282">0</ConstantValue>
    </Constant>
  </Access>
  <Token Text=";" UId="1283" />
  <NewLine Num="1" UId="1284" />
  <Blank Num="4" UId="1285" />
  <Token Text="IF" UId="1286" />
  <Blank Num="1" UId="1287" />
  <Access Scope="LocalVariable" UId="1288">
    <Symbol UId="1289">
      <Component Name="IO_Motor" UId="1290" />
      <Token Text="." UId="1291" />
      <Component Name="Status" UId="1292" />
      <Token Text="." UId="1293" />
      <Component Name="Running" UId="1294" />
    </Symbol>
  </Access>
  <Blank Num="1" UId="1295" />
  <Token Text="THEN" UId="1296" />
  <NewLine Num="1" UId="1297" />
  <Blank Num="8" UId="1298" />
  <Access Scope="LocalVariable" UId="1299">
    <Symbol UId="1300">
      <Component Name="IO_Motor" UId="1301" />
      <Token Text="." UId="1302" />
      <Component Name="CommonStatus" UId="1303" />
    </Symbol>
  </Access>
  <Token Text=":=" UId="1304" />
  <Blank Num="1" UId="1305" />
  <Access Scope="LiteralConstant" UId="1306">
    <Constant UId="1307">
      <ConstantValue UId="1309">1</ConstantValue>
    </Constant>
  </Access>
  <Token Text=";" UId="1310" />
  <NewLine Num="1" UId="1311" />
  <Blank Num="4" UId="1312" />
  <Token Text="END_IF" UId="1313" />
  <Token Text=";" UId="1314" />
  <NewLine Num="1" UId="1315" />
  <Blank Num="4" UId="1316" />
  <NewLine Num="1" UId="1317" />
  <Blank Num="4" UId="1318" />
  <Token Text="IF" UId="1319" />
  <Blank Num="1" UId="1320" />
  <Access Scope="LocalVariable" UId="1321">
    <Symbol UId="1322">
      <Component Name="IO_Motor" UId="1323" />
      <Token Text="." UId="1324" />
      <Component Name="Alarms" UId="1325" />
      <Token Text="." UId="1326" />
      <Component Name="AlarmStatus" UId="1327" />
    </Symbol>
  </Access>
  <Blank Num="1" UId="1328" />
  <Token Text="&gt;" UId="1329" />
  <Blank Num="1" UId="1330" />
  <Access Scope="LiteralConstant" UId="1331">
    <Constant UId="1332">
      <ConstantValue UId="1334">1</ConstantValue>
    </Constant>
  </Access>
  <Blank Num="1" UId="1335" />
  <Token Text="THEN" UId="1336" />
  <NewLine Num="1" UId="1337" />
  <Blank Num="8" UId="1338" />
  <Access Scope="LocalVariable" UId="1339">
    <Symbol UId="1340">
      <Component Name="IO_Motor" UId="1341" />
      <Token Text="." UId="1342" />
      <Component Name="CommonStatus" UId="1343" />
    </Symbol>
  </Access>
  <Blank Num="1" UId="1344" />
  <Token Text=":=" UId="1345" />
  <Blank Num="1" UId="1346" />
  <Access Scope="LiteralConstant" UId="1347">
    <Constant UId="1348">
      <ConstantValue UId="1350">2</ConstantValue>
    </Constant>
  </Access>
  <Token Text=";" UId="1351" />
  <NewLine Num="1" UId="1352" />
  <Blank Num="4" UId="1353" />
  <Token Text="END_IF" UId="1354" />
  <Token Text=";" UId="1355" />
  <NewLine Num="1" UId="1356" />
  <Blank Num="4" UId="1357" />
  <NewLine Num="1" UId="1358" />
  <Token Text="END_REGION" UId="1359" />
  <NewLine Num="2" UId="1360" />
  <Access Scope="LocalVariable" UId="1361">
    <Symbol UId="1362">
      <Component Name="IO_Motor" UId="1363" />
      <Token Text="." UId="1364" />
      <Component Name="Cmd" UId="1365" />
      <Token Text="." UId="1366" />
      <Component Name="Reset" UId="1367" />
    </Symbol>
  </Access>
  <Blank Num="1" UId="1368" />
  <Token Text=":=" UId="1369" />
  <Blank Num="1" UId="1370" />
  <Access Scope="LiteralConstant" UId="1371">
    <Constant UId="1372">
      <ConstantValue UId="1374">0</ConstantValue>
    </Constant>
  </Access>
  <Token Text=";" UId="1375" />
</StructuredText></NetworkSource>
          <ProgrammingLanguage>SCL</ProgrammingLanguage>
        </AttributeList>
        <ObjectList>
          <MultilingualText ID="5" CompositionName="Comment">
            <ObjectList>
              <MultilingualTextItem ID="6" CompositionName="Items">
                <AttributeList>
                  <Culture>en-US</Culture>
                  <Text />
                </AttributeList>
              </MultilingualTextItem>
              <MultilingualTextItem ID="7" CompositionName="Items">
                <AttributeList>
                  <Culture>fr-BE</Culture>
                  <Text />
                </AttributeList>
              </MultilingualTextItem>
            </ObjectList>
          </MultilingualText>
          <MultilingualText ID="8" CompositionName="Title">
            <ObjectList>
              <MultilingualTextItem ID="9" CompositionName="Items">
                <AttributeList>
                  <Culture>en-US</Culture>
                  <Text />
                </AttributeList>
              </MultilingualTextItem>
              <MultilingualTextItem ID="A" CompositionName="Items">
                <AttributeList>
                  <Culture>fr-BE</Culture>
                  <Text />
                </AttributeList>
              </MultilingualTextItem>
            </ObjectList>
          </MultilingualText>
        </ObjectList>
      </SW.Blocks.CompileUnit>
      <MultilingualText ID="B" CompositionName="Title">
        <ObjectList>
          <MultilingualTextItem ID="C" CompositionName="Items">
            <AttributeList>
              <Culture>en-US</Culture>
              <Text />
            </AttributeList>
          </MultilingualTextItem>
          <MultilingualTextItem ID="D" CompositionName="Items">
            <AttributeList>
              <Culture>fr-BE</Culture>
              <Text />
            </AttributeList>
          </MultilingualTextItem>
        </ObjectList>
      </MultilingualText>
    </ObjectList>
  </SW.Blocks.FB>
</Document>