﻿<?xml version="1.0" encoding="utf-8"?>
<Document>
  <Engineering version="V16" />
  <DocumentInfo>
    <Created>2023-11-13T10:46:10.7392938Z</Created>
    <ExportSetting>WithDefaults</ExportSetting>
    <InstalledProducts>
      <Product>
        <DisplayName>Totally Integrated Automation Portal</DisplayName>
        <DisplayVersion>V16 Update 6</DisplayVersion>
      </Product>
      <OptionPackage>
        <DisplayName>TIA Portal Version Control Interface</DisplayName>
        <DisplayVersion>V16 Update 2</DisplayVersion>
      </OptionPackage>
      <OptionPackage>
        <DisplayName>TIA Portal Openness</DisplayName>
        <DisplayVersion>V16 Update 6</DisplayVersion>
      </OptionPackage>
      <OptionPackage>
        <DisplayName>TIA Portal Teamcenter Gateway</DisplayName>
        <DisplayVersion>V16</DisplayVersion>
      </OptionPackage>
      <Product>
        <DisplayName>SINAMICS Startdrive Advanced</DisplayName>
        <DisplayVersion>V16 Update 5</DisplayVersion>
      </Product>
      <OptionPackage>
        <DisplayName>SINAMICS Startdrive G130, G150, S120, S150, SINAMICS MV, S210</DisplayName>
        <DisplayVersion>V16 Update 5</DisplayVersion>
      </OptionPackage>
      <OptionPackage>
        <DisplayName>SINAMICS Startdrive G110M, G120, G120C, G120D, G120P, G115D</DisplayName>
        <DisplayVersion>V16 Update 5</DisplayVersion>
      </OptionPackage>
      <Product>
        <DisplayName>STEP 7 Professional</DisplayName>
        <DisplayVersion>V16 Update 6</DisplayVersion>
      </Product>
      <OptionPackage>
        <DisplayName>STEP 7 Safety</DisplayName>
        <DisplayVersion>V16</DisplayVersion>
      </OptionPackage>
      <Product>
        <DisplayName>WinCC Advanced / Unified PC</DisplayName>
        <DisplayVersion>V16 Update 6</DisplayVersion>
      </Product>
    </InstalledProducts>
  </DocumentInfo>
  <SW.Blocks.FB ID="0">
    <AttributeList>
      <AutoNumber>true</AutoNumber>
      <HeaderAuthor />
      <HeaderFamily />
      <HeaderName />
      <HeaderVersion>0.1</HeaderVersion>
      <Interface><Sections xmlns="http://www.siemens.com/automation/Openness/SW/Interface/v4">
  <Section Name="Input">
    <Member Name="I_ExitLocation" Datatype="String[20]" Remanence="NonRetain" Accessibility="Public"><AttributeList><BooleanAttribute Name="ExternalAccessible" SystemDefined="true">true</BooleanAttribute><BooleanAttribute Name="ExternalVisible" SystemDefined="true">true</BooleanAttribute><BooleanAttribute Name="ExternalWritable" SystemDefined="true">true</BooleanAttribute></AttributeList></Member>
    <Member Name="I_GRAV_READY" Datatype="Bool" Remanence="NonRetain" Accessibility="Public"><AttributeList><BooleanAttribute Name="ExternalAccessible" SystemDefined="true">true</BooleanAttribute><BooleanAttribute Name="ExternalVisible" SystemDefined="true">true</BooleanAttribute><BooleanAttribute Name="ExternalWritable" SystemDefined="true">true</BooleanAttribute></AttributeList><StartValue>TRUE</StartValue></Member>
  </Section>
  <Section Name="Output" />
  <Section Name="InOut">
    <Member Name="IO_CONV" Datatype="&quot;Conveyor_UDT&quot;" Accessibility="Public">
      <Sections>
        <Section Name="None">
          <Member Name="Settings" Datatype="Struct">
            <Member Name="Mode" Datatype="Int" />
            <Member Name="AutomaticBuffering" Datatype="Bool" />
            <Member Name="Direction" Datatype="Bool" />
            <Member Name="EnergySave" Datatype="Bool" />
            <Member Name="RunIddle" Datatype="Bool" />
            <Member Name="AutoReset" Datatype="Bool" />
            <Member Name="SentHoldOnCheckReceive" Datatype="Bool" />
            <Member Name="Timings" Datatype="&quot;ConveyorTimes_UDT&quot;">
              <Sections>
                <Section Name="None">
                  <Member Name="DelayedStart" Datatype="Time" />
                  <Member Name="ConveyorLength" Datatype="Real" />
                  <Member Name="InitDistance" Datatype="Real" />
                  <Member Name="ReceiveDistance" Datatype="Real" />
                  <Member Name="SendDistance" Datatype="Real" />
                  <Member Name="SleepDistance" Datatype="Real" />
                  <Member Name="GapDistance" Datatype="Real" />
                  <Member Name="StartupDelay" Datatype="Time" />
                </Section>
              </Sections>
            </Member>
            <Member Name="Speed" Datatype="Struct">
              <Member Name="speed" Datatype="Real" />
              <Member Name="UpstreamGain" Datatype="Real" />
              <Member Name="speedController" Datatype="Bool" />
            </Member>
            <Member Name="Alarms" Datatype="Struct">
              <Member Name="BlockDetectionOn" Datatype="Bool" />
              <Member Name="BlockedAtStartSensor" Datatype="Bool" />
              <Member Name="ParcelsToCloseDetectionOn" Datatype="Bool" />
              <Member Name="ParcelsToLongDetectionOn" Datatype="Bool" />
              <Member Name="ParcelToShortDetectionOn" Datatype="Bool" />
              <Member Name="BlockRetrys" Datatype="Int" />
              <Member Name="SentTimeError" Datatype="Real" />
              <Member Name="TimeBetweenParcels" Datatype="Real" />
              <Member Name="MinSizeParcel" Datatype="Real" />
              <Member Name="MaxSizeParcel" Datatype="Real" />
            </Member>
          </Member>
          <Member Name="Cmd" Datatype="Struct">
            <Member Name="Reset" Datatype="Bool" />
            <Member Name="ReInitialize" Datatype="Bool" />
            <Member Name="RunAuto" Datatype="Bool" />
            <Member Name="RunManual" Datatype="Bool" />
            <Member Name="SpeedAuto" Datatype="Real" />
            <Member Name="SpeedManual" Datatype="Real" />
            <Member Name="ReadyToReceive" Datatype="Bool" />
            <Member Name="ReadyToSent" Datatype="Bool" />
            <Member Name="InvertFlow" Datatype="Bool" />
            <Member Name="Direction" Datatype="Bool" />
            <Member Name="Accumulate" Datatype="Struct">
              <Member Name="Acc_ext_1" Datatype="Bool" />
              <Member Name="Acc_ext_2" Datatype="Bool" />
              <Member Name="Acc_ext_3" Datatype="Bool" />
              <Member Name="Acc_ext_4" Datatype="Bool" />
              <Member Name="Acc_ext_5" Datatype="Bool" />
              <Member Name="Acc_TC_1" Datatype="Bool" />
              <Member Name="Acc_TC_2" Datatype="Bool" />
              <Member Name="Acc_TC_3" Datatype="Bool" />
              <Member Name="Acc_Scan_1" Datatype="Bool" />
              <Member Name="Acc_Scan_2" Datatype="Bool" />
              <Member Name="Acc_Scan_3" Datatype="Bool" />
              <Member Name="Acc_Scale_1" Datatype="Bool" />
              <Member Name="Acc_Scale_2" Datatype="Bool" />
              <Member Name="Acc_Scale_3" Datatype="Bool" />
            </Member>
            <Member Name="StartRequestObject" Datatype="Bool" />
            <Member Name="StopRequestObject" Datatype="Bool" />
            <Member Name="IgnoreStandby" Datatype="Bool" />
            <Member Name="ManualOverride" Datatype="Bool" />
            <Member Name="Interlock" Datatype="Bool" />
          </Member>
          <Member Name="Input" Datatype="Struct">
            <Member Name="SensorStartHMI" Datatype="Bool" />
            <Member Name="SensorEndHMI" Datatype="Bool" />
            <Member Name="SensorAtStartLogic" Datatype="&quot;SmartBooldt&quot;">
              <Sections>
                <Section Name="None">
                  <Member Name="State" Datatype="Bool" />
                  <Member Name="LE" Datatype="Bool" />
                  <Member Name="FE" Datatype="Bool" />
                  <Member Name="sensorTest" Datatype="Bool" />
                  <Member Name="IddleSignal" Datatype="Bool" />
                  <Member Name="testFailed" Datatype="Bool" />
                  <Member Name="Counter" Datatype="UInt" />
                </Section>
              </Sections>
            </Member>
            <Member Name="SensorAtEndLogic" Datatype="&quot;SmartBooldt&quot;">
              <Sections>
                <Section Name="None">
                  <Member Name="State" Datatype="Bool" />
                  <Member Name="LE" Datatype="Bool" />
                  <Member Name="FE" Datatype="Bool" />
                  <Member Name="sensorTest" Datatype="Bool" />
                  <Member Name="IddleSignal" Datatype="Bool" />
                  <Member Name="testFailed" Datatype="Bool" />
                  <Member Name="Counter" Datatype="UInt" />
                </Section>
              </Sections>
            </Member>
            <Member Name="Running_FB" Datatype="Bool" />
            <Member Name="Interlock" Datatype="Bool" />
          </Member>
          <Member Name="Alarms" Datatype="Struct">
            <Member Name="BlockedReceive" Datatype="&quot;HmiAlarm&quot;">
              <Sections>
                <Section Name="None">
                  <Member Name="Active" Datatype="Bool" />
                  <Member Name="Acknowledge" Datatype="Bool" />
                  <Member Name="type" Datatype="Int" />
                </Section>
              </Sections>
            </Member>
            <Member Name="BlockedSending" Datatype="&quot;HmiAlarm&quot;">
              <Sections>
                <Section Name="None">
                  <Member Name="Active" Datatype="Bool" />
                  <Member Name="Acknowledge" Datatype="Bool" />
                  <Member Name="type" Datatype="Int" />
                </Section>
              </Sections>
            </Member>
            <Member Name="ToClose" Datatype="&quot;HmiAlarm&quot;">
              <Sections>
                <Section Name="None">
                  <Member Name="Active" Datatype="Bool" />
                  <Member Name="Acknowledge" Datatype="Bool" />
                  <Member Name="type" Datatype="Int" />
                </Section>
              </Sections>
            </Member>
            <Member Name="ToSmall" Datatype="&quot;HmiAlarm&quot;">
              <Sections>
                <Section Name="None">
                  <Member Name="Active" Datatype="Bool" />
                  <Member Name="Acknowledge" Datatype="Bool" />
                  <Member Name="type" Datatype="Int" />
                </Section>
              </Sections>
            </Member>
            <Member Name="ToLong" Datatype="&quot;HmiAlarm&quot;">
              <Sections>
                <Section Name="None">
                  <Member Name="Active" Datatype="Bool" />
                  <Member Name="Acknowledge" Datatype="Bool" />
                  <Member Name="type" Datatype="Int" />
                </Section>
              </Sections>
            </Member>
            <Member Name="MotorAlarm" Datatype="&quot;HmiAlarm&quot;">
              <Sections>
                <Section Name="None">
                  <Member Name="Active" Datatype="Bool" />
                  <Member Name="Acknowledge" Datatype="Bool" />
                  <Member Name="type" Datatype="Int" />
                </Section>
              </Sections>
            </Member>
            <Member Name="AlarmActive" Datatype="&quot;HmiAlarm&quot;">
              <Sections>
                <Section Name="None">
                  <Member Name="Active" Datatype="Bool" />
                  <Member Name="Acknowledge" Datatype="Bool" />
                  <Member Name="type" Datatype="Int" />
                </Section>
              </Sections>
            </Member>
            <Member Name="Status" Datatype="Word" />
          </Member>
          <Member Name="Status" Datatype="Struct">
            <Member Name="AccumulationOn" Datatype="Bool" />
            <Member Name="StartedAutoMode" Datatype="Bool" />
            <Member Name="ReadyForStandby" Datatype="Bool" />
            <Member Name="RequestForSending" Datatype="Bool" />
            <Member Name="ExecutingReceiveSequence" Datatype="Bool" />
            <Member Name="ExecutingSendingSequence" Datatype="Bool" />
            <Member Name="ObjectSentPulse" Datatype="Bool" />
            <Member Name="ObjectReceivePulse" Datatype="Bool" />
            <Member Name="GapTimeOk" Datatype="Bool" />
            <Member Name="Empty" Datatype="Bool" />
            <Member Name="ObjectOnConveyor" Datatype="Bool" />
            <Member Name="Initialized" Datatype="Bool" />
            <Member Name="ManualMode" Datatype="Bool" />
          </Member>
          <Member Name="TrackingCmd" Datatype="Struct">
            <Member Name="InductNewTracking" Datatype="Bool" />
            <Member Name="ClearTracking" Datatype="Bool" />
            <Member Name="NewTrackingId" Datatype="&quot;Tracking_Simple_UDT_1&quot;">
              <Sections>
                <Section Name="None">
                  <Member Name="ID" Datatype="UInt" />
                  <Member Name="PLC_Dest" Datatype="Int" />
                  <Member Name="WMS_Dest" Datatype="String[20]" />
                  <Member Name="Barcode" Datatype="String" />
                  <Member Name="GoodRead" Datatype="Bool" />
                  <Member Name="weightGram" Datatype="Real" />
                  <Member Name="prio" Datatype="Bool" />
                </Section>
              </Sections>
            </Member>
          </Member>
          <Member Name="TrackingStat" Datatype="Struct">
            <Member Name="Current" Datatype="&quot;Tracking_Simple_UDT_1&quot;">
              <Sections>
                <Section Name="None">
                  <Member Name="ID" Datatype="UInt" />
                  <Member Name="PLC_Dest" Datatype="Int" />
                  <Member Name="WMS_Dest" Datatype="String[20]" />
                  <Member Name="Barcode" Datatype="String" />
                  <Member Name="GoodRead" Datatype="Bool" />
                  <Member Name="weightGram" Datatype="Real" />
                  <Member Name="prio" Datatype="Bool" />
                </Section>
              </Sections>
            </Member>
            <Member Name="InSending" Datatype="&quot;Tracking_Simple_UDT_1&quot;">
              <Sections>
                <Section Name="None">
                  <Member Name="ID" Datatype="UInt" />
                  <Member Name="PLC_Dest" Datatype="Int" />
                  <Member Name="WMS_Dest" Datatype="String[20]" />
                  <Member Name="Barcode" Datatype="String" />
                  <Member Name="GoodRead" Datatype="Bool" />
                  <Member Name="weightGram" Datatype="Real" />
                  <Member Name="prio" Datatype="Bool" />
                </Section>
              </Sections>
            </Member>
            <Member Name="TrackingReceived" Datatype="Bool" />
            <Member Name="TrackingCleared" Datatype="Bool" />
          </Member>
          <Member Name="Encoder" Datatype="&quot;VirtualEncoder_UDT&quot;">
            <Sections>
              <Section Name="None">
                <Member Name="Distance_mm" Datatype="Real" />
                <Member Name="Speed_mm_ms" Datatype="Real" />
                <Member Name="Settings" Datatype="Struct">
                  <Member Name="Base_M_min" Datatype="Real" />
                  <Member Name="BaseRelative" Datatype="Real" />
                </Member>
              </Section>
            </Sections>
          </Member>
          <Member Name="DiagNostics" Datatype="Struct">
            <Member Name="ReceivedCounter" Datatype="UDInt" />
            <Member Name="SendingCounter" Datatype="UDInt" />
          </Member>
          <Member Name="Index" Datatype="Int" />
          <Member Name="Name" Datatype="String[25]" />
          <Member Name="Zone" Datatype="Int" />
        </Section>
      </Sections>
    </Member>
  </Section>
  <Section Name="Static">
    <Member Name="timeOut" Datatype="TON_TIME" Version="1.0" Remanence="NonRetain" Accessibility="Public"><AttributeList><BooleanAttribute Name="ExternalAccessible" SystemDefined="true">true</BooleanAttribute><BooleanAttribute Name="ExternalVisible" SystemDefined="true">true</BooleanAttribute><BooleanAttribute Name="ExternalWritable" SystemDefined="true">true</BooleanAttribute><BooleanAttribute Name="SetPoint" SystemDefined="true">false</BooleanAttribute></AttributeList><Sections><Section Name="None"><Member Name="PT" Datatype="Time" /><Member Name="ET" Datatype="Time" /><Member Name="IN" Datatype="Bool" /><Member Name="Q" Datatype="Bool" /></Section></Sections></Member>
  </Section>
  <Section Name="Temp">
    <Member Name="T_WmsDest" Datatype="String[20]" />
    <Member Name="T_PLCDest" Datatype="Int" />
    <Member Name="T_Prio" Datatype="Bool" />
    <Member Name="T_InBack" Datatype="Bool" />
    <Member Name="T_InFront" Datatype="Bool" />
    <Member Name="T_Exit" Datatype="Bool" />
    <Member Name="T_ExitCrossover" Datatype="Bool" />
  </Section>
  <Section Name="Constant" />
</Sections></Interface>
      <IsIECCheckEnabled>false</IsIECCheckEnabled>
      <IsRetainMemResEnabled>false</IsRetainMemResEnabled>
      <MemoryLayout>Optimized</MemoryLayout>
      <MemoryReserve>100</MemoryReserve>
      <Name>Z_300_ROUTER_FB</Name>
      <Number>50</Number>
      <ProgrammingLanguage>SCL</ProgrammingLanguage>
      <SetENOAutomatically>false</SetENOAutomatically>
      <UDABlockProperties />
      <UDAEnableTagReadback>false</UDAEnableTagReadback>
    </AttributeList>
    <ObjectList>
      <MultilingualText ID="1" CompositionName="Comment">
        <ObjectList>
          <MultilingualTextItem ID="2" CompositionName="Items">
            <AttributeList>
              <Culture>en-US</Culture>
              <Text />
            </AttributeList>
          </MultilingualTextItem>
          <MultilingualTextItem ID="3" CompositionName="Items">
            <AttributeList>
              <Culture>fr-BE</Culture>
              <Text />
            </AttributeList>
          </MultilingualTextItem>
        </ObjectList>
      </MultilingualText>
      <SW.Blocks.CompileUnit ID="4" CompositionName="CompileUnits">
        <AttributeList>
          <NetworkSource><StructuredText xmlns="http://www.siemens.com/automation/Openness/SW/NetworkSource/StructuredText/v3">
  <Access Scope="LocalVariable" UId="21">
    <Symbol UId="22">
      <Component Name="T_WmsDest" UId="23" />
    </Symbol>
  </Access>
  <Blank Num="1" UId="24" />
  <Token Text=":=" UId="25" />
  <Blank Num="1" UId="26" />
  <Access Scope="LocalVariable" UId="27">
    <Symbol UId="28">
      <Component Name="IO_CONV" UId="29" />
      <Token Text="." UId="30" />
      <Component Name="TrackingStat" UId="31" />
      <Token Text="." UId="32" />
      <Component Name="Current" UId="33" />
      <Token Text="." UId="34" />
      <Component Name="WMS_Dest" UId="35" />
    </Symbol>
  </Access>
  <Token Text=";" UId="36" />
  <NewLine Num="1" UId="37" />
  <Access Scope="LocalVariable" UId="38">
    <Symbol UId="39">
      <Component Name="T_Prio" UId="40" />
    </Symbol>
  </Access>
  <Blank Num="1" UId="41" />
  <Token Text=":=" UId="42" />
  <Blank Num="1" UId="43" />
  <Access Scope="LocalVariable" UId="44">
    <Symbol UId="45">
      <Component Name="IO_CONV" UId="46" />
      <Token Text="." UId="47" />
      <Component Name="TrackingStat" UId="48" />
      <Token Text="." UId="49" />
      <Component Name="Current" UId="50" />
      <Token Text="." UId="51" />
      <Component Name="prio" UId="52" />
    </Symbol>
  </Access>
  <Token Text=";" UId="53" />
  <NewLine Num="1" UId="54" />
  <Access Scope="LocalVariable" UId="55">
    <Symbol UId="56">
      <Component Name="T_PLCDest" UId="57" />
    </Symbol>
  </Access>
  <Blank Num="1" UId="58" />
  <Token Text=":=" UId="59" />
  <Blank Num="1" UId="60" />
  <Access Scope="LiteralConstant" UId="61">
    <Constant UId="62">
      <ConstantValue UId="64">0</ConstantValue>
    </Constant>
  </Access>
  <Token Text=";" UId="65" />
  <NewLine Num="2" UId="66" />
  <Access Scope="LocalVariable" UId="67">
    <Symbol UId="68">
      <Component Name="T_Exit" UId="69" />
    </Symbol>
  </Access>
  <Blank Num="1" UId="70" />
  <Token Text=":=" UId="71" />
  <NewLine Num="1" UId="72" />
  <Access Scope="LocalVariable" UId="73">
    <Symbol UId="74">
      <Component Name="T_WmsDest" UId="75" />
    </Symbol>
  </Access>
  <Blank Num="1" UId="76" />
  <Token Text="=" UId="77" />
  <Blank Num="1" UId="78" />
  <Access Scope="LocalVariable" UId="79">
    <Symbol UId="80">
      <Component Name="I_ExitLocation" UId="81" />
    </Symbol>
  </Access>
  <Blank Num="1" UId="82" />
  <Token Text="AND" UId="83" />
  <NewLine Num="1" UId="84" />
  <Access Scope="LocalVariable" UId="85">
    <Symbol UId="86">
      <Component Name="I_GRAV_READY" UId="87" />
    </Symbol>
  </Access>
  <Token Text=";" UId="88" />
  <NewLine Num="3" UId="89" />
  <LineComment Inserted="false" NoClosingBracket="false" UId="90">
    <Text UId="91">Check locations exits </Text>
  </LineComment>
  <NewLine Num="1" UId="92" />
  <Token Text="IF" UId="93" />
  <Blank Num="1" UId="94" />
  <Access Scope="LocalVariable" UId="95">
    <Symbol UId="96">
      <Component Name="T_Exit" UId="97" />
    </Symbol>
  </Access>
  <Blank Num="1" UId="98" />
  <Token Text="THEN" UId="99" />
  <NewLine Num="1" UId="100" />
  <Blank Num="4" UId="101" />
  <Access Scope="LocalVariable" UId="102">
    <Symbol UId="103">
      <Component Name="T_PLCDest" UId="104" />
    </Symbol>
  </Access>
  <Blank Num="1" UId="105" />
  <Token Text=":=" UId="106" />
  <Blank Num="1" UId="107" />
  <Access Scope="GlobalConstant" UId="108">
    <Constant Name="PLC_ROUTE_EXIT" UId="109" />
  </Access>
  <Token Text=";" UId="112" />
  <NewLine Num="1" UId="113" />
  <Blank Num="4" UId="114" />
  <NewLine Num="1" UId="115" />
  <Blank Num="4" UId="116" />
  <LineComment Inserted="false" NoClosingBracket="false" UId="117">
    <Text UId="118">If not check prio and turn around</Text>
  </LineComment>
  <NewLine Num="1" UId="119" />
  <Token Text="ELSIF" UId="120" />
  <Blank Num="1" UId="121" />
  <Access Scope="LocalVariable" UId="122">
    <Symbol UId="123">
      <Component Name="T_WmsDest" UId="124" />
    </Symbol>
  </Access>
  <Blank Num="1" UId="125" />
  <Token Text="&lt;&gt;" UId="126" />
  <Blank Num="1" UId="127" />
  <Access Scope="LiteralConstant" UId="128">
    <Constant UId="129">
      <ConstantValue UId="131">''</ConstantValue>
    </Constant>
  </Access>
  <Blank Num="1" UId="132" />
  <Token Text="THEN" UId="133" />
  <NewLine Num="1" UId="134" />
  <Blank Num="4" UId="135" />
  <NewLine Num="1" UId="136" />
  <Blank Num="4" UId="137" />
  <Access Scope="LocalVariable" UId="138">
    <Symbol UId="139">
      <Component Name="T_PLCDest" UId="140" />
    </Symbol>
  </Access>
  <Blank Num="1" UId="141" />
  <Token Text=":=" UId="142" />
  <Blank Num="1" UId="143" />
  <Access Scope="GlobalConstant" UId="144">
    <Constant Name="PLC_ROUTE_STRAIGHT" UId="145" />
  </Access>
  <Token Text=";" UId="148" />
  <NewLine Num="1" UId="149" />
  <Blank Num="4" UId="150" />
  <NewLine Num="1" UId="151" />
  <Token Text="END_IF" UId="152" />
  <Token Text=";" UId="153" />
  <NewLine Num="2" UId="154" />
  <Access Scope="LocalVariable" UId="155">
    <Symbol UId="156">
      <Component Name="timeOut" UId="157" />
    </Symbol>
  </Access>
  <Access Scope="Call" UId="158">
    <Instruction UId="159">
      <Token Text="(" UId="160" />
      <Parameter Name="IN" UId="161">
        <Blank Num="1" UId="162" />
        <Token Text=":=" UId="163" />
        <Blank Num="1" UId="164" />
        <Access Scope="LocalVariable" UId="165">
          <Symbol UId="166">
            <Component Name="IO_CONV" UId="167" />
            <Token Text="." UId="168" />
            <Component Name="Status" UId="169" />
            <Token Text="." UId="170" />
            <Component Name="RequestForSending" UId="171" />
          </Symbol>
        </Access>
        <Blank Num="1" UId="172" />
        <Token Text="AND" UId="173" />
        <Blank Num="1" UId="174" />
        <Access Scope="LocalVariable" UId="175">
          <Symbol UId="176">
            <Component Name="T_WmsDest" UId="177" />
          </Symbol>
        </Access>
        <Blank Num="1" UId="178" />
        <Token Text="=" UId="179" />
        <Blank Num="1" UId="180" />
        <Access Scope="LiteralConstant" UId="181">
          <Constant UId="182">
            <ConstantValue UId="184">''</ConstantValue>
          </Constant>
        </Access>
      </Parameter>
      <Token Text="," UId="185" />
      <NewLine Num="1" UId="186" />
      <Blank Num="9" UId="187" />
      <Parameter Name="PT" UId="188">
        <Blank Num="1" UId="189" />
        <Token Text=":=" UId="190" />
        <Blank Num="1" UId="191" />
        <Access Scope="TypedConstant" UId="192">
          <Constant UId="193">
            <ConstantValue UId="194">t#3s</ConstantValue>
          </Constant>
        </Access>
      </Parameter>
      <Token Text=")" UId="195" />
    </Instruction>
  </Access>
  <Token Text=";" UId="196" />
  <NewLine Num="2" UId="197" />
  <Token Text="IF" UId="198" />
  <Blank Num="1" UId="199" />
  <Access Scope="LocalVariable" UId="200">
    <Symbol UId="201">
      <Component Name="timeOut" UId="202" />
      <Token Text="." UId="203" />
      <Component Name="Q" UId="204" />
    </Symbol>
  </Access>
  <Blank Num="1" UId="205" />
  <Token Text="THEN" UId="206" />
  <NewLine Num="1" UId="207" />
  <Blank Num="4" UId="208" />
  <Access Scope="LocalVariable" UId="209">
    <Symbol UId="210">
      <Component Name="T_PLCDest" UId="211" />
    </Symbol>
  </Access>
  <Blank Num="1" UId="212" />
  <Token Text=":=" UId="213" />
  <Blank Num="1" UId="214" />
  <Access Scope="GlobalConstant" UId="215">
    <Constant Name="PLC_ROUTE_STRAIGHT" UId="216" />
  </Access>
  <Token Text=";" UId="219" />
  <NewLine Num="1" UId="220" />
  <Token Text="END_IF" UId="221" />
  <Token Text=";" UId="222" />
  <NewLine Num="3" UId="223" />
  <Token Text="IF" UId="224" />
  <Blank Num="1" UId="225" />
  <Access Scope="LocalVariable" UId="226">
    <Symbol UId="227">
      <Component Name="IO_CONV" UId="228" />
      <Token Text="." UId="229" />
      <Component Name="Status" UId="230" />
      <Token Text="." UId="231" />
      <Component Name="RequestForSending" UId="232" />
    </Symbol>
  </Access>
  <Blank Num="1" UId="233" />
  <Token Text="THEN" UId="234" />
  <NewLine Num="1" UId="235" />
  <Blank Num="4" UId="236" />
  <Access Scope="LocalVariable" UId="237">
    <Symbol UId="238">
      <Component Name="IO_CONV" UId="239" />
      <Token Text="." UId="240" />
      <Component Name="TrackingStat" UId="241" />
      <Token Text="." UId="242" />
      <Component Name="Current" UId="243" />
      <Token Text="." UId="244" />
      <Component Name="PLC_Dest" UId="245" />
    </Symbol>
  </Access>
  <Blank Num="1" UId="246" />
  <Token Text=":=" UId="247" />
  <Blank Num="1" UId="248" />
  <Access Scope="LocalVariable" UId="249">
    <Symbol UId="250">
      <Component Name="T_PLCDest" UId="251" />
    </Symbol>
  </Access>
  <Token Text=";" UId="252" />
  <NewLine Num="1" UId="253" />
  <Token Text="ELSE" UId="254" />
  <NewLine Num="1" UId="255" />
  <Blank Num="4" UId="256" />
  <Access Scope="LocalVariable" UId="257">
    <Symbol UId="258">
      <Component Name="IO_CONV" UId="259" />
      <Token Text="." UId="260" />
      <Component Name="TrackingStat" UId="261" />
      <Token Text="." UId="262" />
      <Component Name="Current" UId="263" />
      <Token Text="." UId="264" />
      <Component Name="PLC_Dest" UId="265" />
    </Symbol>
  </Access>
  <Blank Num="1" UId="266" />
  <Token Text=":=" UId="267" />
  <Blank Num="1" UId="268" />
  <Access Scope="LiteralConstant" UId="269">
    <Constant UId="270">
      <ConstantValue UId="272">0</ConstantValue>
    </Constant>
  </Access>
  <Token Text=";" UId="273" />
  <NewLine Num="1" UId="274" />
  <Token Text="END_IF" UId="275" />
  <Token Text=";" UId="276" />
</StructuredText></NetworkSource>
          <ProgrammingLanguage>SCL</ProgrammingLanguage>
        </AttributeList>
        <ObjectList>
          <MultilingualText ID="5" CompositionName="Comment">
            <ObjectList>
              <MultilingualTextItem ID="6" CompositionName="Items">
                <AttributeList>
                  <Culture>en-US</Culture>
                  <Text />
                </AttributeList>
              </MultilingualTextItem>
              <MultilingualTextItem ID="7" CompositionName="Items">
                <AttributeList>
                  <Culture>fr-BE</Culture>
                  <Text />
                </AttributeList>
              </MultilingualTextItem>
            </ObjectList>
          </MultilingualText>
          <MultilingualText ID="8" CompositionName="Title">
            <ObjectList>
              <MultilingualTextItem ID="9" CompositionName="Items">
                <AttributeList>
                  <Culture>en-US</Culture>
                  <Text />
                </AttributeList>
              </MultilingualTextItem>
              <MultilingualTextItem ID="A" CompositionName="Items">
                <AttributeList>
                  <Culture>fr-BE</Culture>
                  <Text />
                </AttributeList>
              </MultilingualTextItem>
            </ObjectList>
          </MultilingualText>
        </ObjectList>
      </SW.Blocks.CompileUnit>
      <MultilingualText ID="B" CompositionName="Title">
        <ObjectList>
          <MultilingualTextItem ID="C" CompositionName="Items">
            <AttributeList>
              <Culture>en-US</Culture>
              <Text />
            </AttributeList>
          </MultilingualTextItem>
          <MultilingualTextItem ID="D" CompositionName="Items">
            <AttributeList>
              <Culture>fr-BE</Culture>
              <Text />
            </AttributeList>
          </MultilingualTextItem>
        </ObjectList>
      </MultilingualText>
    </ObjectList>
  </SW.Blocks.FB>
</Document>