﻿<?xml version="1.0" encoding="utf-8"?>
<Document>
  <Engineering version="V16" />
  <DocumentInfo>
    <Created>2023-11-13T10:46:11.4677013Z</Created>
    <ExportSetting>WithDefaults</ExportSetting>
    <InstalledProducts>
      <Product>
        <DisplayName>Totally Integrated Automation Portal</DisplayName>
        <DisplayVersion>V16 Update 6</DisplayVersion>
      </Product>
      <OptionPackage>
        <DisplayName>TIA Portal Version Control Interface</DisplayName>
        <DisplayVersion>V16 Update 2</DisplayVersion>
      </OptionPackage>
      <OptionPackage>
        <DisplayName>TIA Portal Openness</DisplayName>
        <DisplayVersion>V16 Update 6</DisplayVersion>
      </OptionPackage>
      <OptionPackage>
        <DisplayName>TIA Portal Teamcenter Gateway</DisplayName>
        <DisplayVersion>V16</DisplayVersion>
      </OptionPackage>
      <Product>
        <DisplayName>SINAMICS Startdrive Advanced</DisplayName>
        <DisplayVersion>V16 Update 5</DisplayVersion>
      </Product>
      <OptionPackage>
        <DisplayName>SINAMICS Startdrive G130, G150, S120, S150, SINAMICS MV, S210</DisplayName>
        <DisplayVersion>V16 Update 5</DisplayVersion>
      </OptionPackage>
      <OptionPackage>
        <DisplayName>SINAMICS Startdrive G110M, G120, G120C, G120D, G120P, G115D</DisplayName>
        <DisplayVersion>V16 Update 5</DisplayVersion>
      </OptionPackage>
      <Product>
        <DisplayName>STEP 7 Professional</DisplayName>
        <DisplayVersion>V16 Update 6</DisplayVersion>
      </Product>
      <OptionPackage>
        <DisplayName>STEP 7 Safety</DisplayName>
        <DisplayVersion>V16</DisplayVersion>
      </OptionPackage>
      <Product>
        <DisplayName>WinCC Advanced / Unified PC</DisplayName>
        <DisplayVersion>V16 Update 6</DisplayVersion>
      </Product>
    </InstalledProducts>
  </DocumentInfo>
  <SW.Blocks.FB ID="0">
    <AttributeList>
      <AutoNumber>true</AutoNumber>
      <HeaderAuthor />
      <HeaderFamily />
      <HeaderName />
      <HeaderVersion>0.1</HeaderVersion>
      <Interface><Sections xmlns="http://www.siemens.com/automation/Openness/SW/Interface/v4">
  <Section Name="Input">
    <Member Name="I_Exit1" Datatype="String" Remanence="NonRetain" Accessibility="Public"><AttributeList><BooleanAttribute Name="ExternalAccessible" SystemDefined="true">true</BooleanAttribute><BooleanAttribute Name="ExternalVisible" SystemDefined="true">true</BooleanAttribute><BooleanAttribute Name="ExternalWritable" SystemDefined="true">true</BooleanAttribute></AttributeList></Member>
    <Member Name="I_Exit2" Datatype="String" Remanence="NonRetain" Accessibility="Public"><AttributeList><BooleanAttribute Name="ExternalAccessible" SystemDefined="true">true</BooleanAttribute><BooleanAttribute Name="ExternalVisible" SystemDefined="true">true</BooleanAttribute><BooleanAttribute Name="ExternalWritable" SystemDefined="true">true</BooleanAttribute></AttributeList><StartValue>'Na'</StartValue></Member>
    <Member Name="I_GRAV_1_READY" Datatype="Bool" Remanence="NonRetain" Accessibility="Public"><AttributeList><BooleanAttribute Name="ExternalAccessible" SystemDefined="true">true</BooleanAttribute><BooleanAttribute Name="ExternalVisible" SystemDefined="true">true</BooleanAttribute><BooleanAttribute Name="ExternalWritable" SystemDefined="true">true</BooleanAttribute></AttributeList></Member>
    <Member Name="I_GRAV_2_READY" Datatype="Bool" Remanence="NonRetain" Accessibility="Public"><AttributeList><BooleanAttribute Name="ExternalAccessible" SystemDefined="true">true</BooleanAttribute><BooleanAttribute Name="ExternalVisible" SystemDefined="true">true</BooleanAttribute><BooleanAttribute Name="ExternalWritable" SystemDefined="true">true</BooleanAttribute></AttributeList></Member>
  </Section>
  <Section Name="Output" />
  <Section Name="InOut">
    <Member Name="IO_CONV" Datatype="&quot;Conveyor_UDT&quot;" Accessibility="Public">
      <Sections>
        <Section Name="None">
          <Member Name="Settings" Datatype="Struct">
            <Member Name="Mode" Datatype="Int" />
            <Member Name="AutomaticBuffering" Datatype="Bool" />
            <Member Name="Direction" Datatype="Bool" />
            <Member Name="EnergySave" Datatype="Bool" />
            <Member Name="RunIddle" Datatype="Bool" />
            <Member Name="AutoReset" Datatype="Bool" />
            <Member Name="SentHoldOnCheckReceive" Datatype="Bool" />
            <Member Name="Timings" Datatype="&quot;ConveyorTimes_UDT&quot;">
              <Sections>
                <Section Name="None">
                  <Member Name="DelayedStart" Datatype="Time" />
                  <Member Name="ConveyorLength" Datatype="Real" />
                  <Member Name="InitDistance" Datatype="Real" />
                  <Member Name="ReceiveDistance" Datatype="Real" />
                  <Member Name="SendDistance" Datatype="Real" />
                  <Member Name="SleepDistance" Datatype="Real" />
                  <Member Name="GapDistance" Datatype="Real" />
                  <Member Name="StartupDelay" Datatype="Time" />
                </Section>
              </Sections>
            </Member>
            <Member Name="Speed" Datatype="Struct">
              <Member Name="speed" Datatype="Real" />
              <Member Name="UpstreamGain" Datatype="Real" />
              <Member Name="speedController" Datatype="Bool" />
            </Member>
            <Member Name="Alarms" Datatype="Struct">
              <Member Name="BlockDetectionOn" Datatype="Bool" />
              <Member Name="BlockedAtStartSensor" Datatype="Bool" />
              <Member Name="ParcelsToCloseDetectionOn" Datatype="Bool" />
              <Member Name="ParcelsToLongDetectionOn" Datatype="Bool" />
              <Member Name="ParcelToShortDetectionOn" Datatype="Bool" />
              <Member Name="BlockRetrys" Datatype="Int" />
              <Member Name="SentTimeError" Datatype="Real" />
              <Member Name="TimeBetweenParcels" Datatype="Real" />
              <Member Name="MinSizeParcel" Datatype="Real" />
              <Member Name="MaxSizeParcel" Datatype="Real" />
            </Member>
          </Member>
          <Member Name="Cmd" Datatype="Struct">
            <Member Name="Reset" Datatype="Bool" />
            <Member Name="ReInitialize" Datatype="Bool" />
            <Member Name="RunAuto" Datatype="Bool" />
            <Member Name="RunManual" Datatype="Bool" />
            <Member Name="SpeedAuto" Datatype="Real" />
            <Member Name="SpeedManual" Datatype="Real" />
            <Member Name="ReadyToReceive" Datatype="Bool" />
            <Member Name="ReadyToSent" Datatype="Bool" />
            <Member Name="InvertFlow" Datatype="Bool" />
            <Member Name="Direction" Datatype="Bool" />
            <Member Name="Accumulate" Datatype="Struct">
              <Member Name="Acc_ext_1" Datatype="Bool" />
              <Member Name="Acc_ext_2" Datatype="Bool" />
              <Member Name="Acc_ext_3" Datatype="Bool" />
              <Member Name="Acc_ext_4" Datatype="Bool" />
              <Member Name="Acc_ext_5" Datatype="Bool" />
              <Member Name="Acc_TC_1" Datatype="Bool" />
              <Member Name="Acc_TC_2" Datatype="Bool" />
              <Member Name="Acc_TC_3" Datatype="Bool" />
              <Member Name="Acc_Scan_1" Datatype="Bool" />
              <Member Name="Acc_Scan_2" Datatype="Bool" />
              <Member Name="Acc_Scan_3" Datatype="Bool" />
              <Member Name="Acc_Scale_1" Datatype="Bool" />
              <Member Name="Acc_Scale_2" Datatype="Bool" />
              <Member Name="Acc_Scale_3" Datatype="Bool" />
            </Member>
            <Member Name="StartRequestObject" Datatype="Bool" />
            <Member Name="StopRequestObject" Datatype="Bool" />
            <Member Name="IgnoreStandby" Datatype="Bool" />
            <Member Name="ManualOverride" Datatype="Bool" />
            <Member Name="Interlock" Datatype="Bool" />
          </Member>
          <Member Name="Input" Datatype="Struct">
            <Member Name="SensorStartHMI" Datatype="Bool" />
            <Member Name="SensorEndHMI" Datatype="Bool" />
            <Member Name="SensorAtStartLogic" Datatype="&quot;SmartBooldt&quot;">
              <Sections>
                <Section Name="None">
                  <Member Name="State" Datatype="Bool" />
                  <Member Name="LE" Datatype="Bool" />
                  <Member Name="FE" Datatype="Bool" />
                  <Member Name="sensorTest" Datatype="Bool" />
                  <Member Name="IddleSignal" Datatype="Bool" />
                  <Member Name="testFailed" Datatype="Bool" />
                  <Member Name="Counter" Datatype="UInt" />
                </Section>
              </Sections>
            </Member>
            <Member Name="SensorAtEndLogic" Datatype="&quot;SmartBooldt&quot;">
              <Sections>
                <Section Name="None">
                  <Member Name="State" Datatype="Bool" />
                  <Member Name="LE" Datatype="Bool" />
                  <Member Name="FE" Datatype="Bool" />
                  <Member Name="sensorTest" Datatype="Bool" />
                  <Member Name="IddleSignal" Datatype="Bool" />
                  <Member Name="testFailed" Datatype="Bool" />
                  <Member Name="Counter" Datatype="UInt" />
                </Section>
              </Sections>
            </Member>
            <Member Name="Running_FB" Datatype="Bool" />
            <Member Name="Interlock" Datatype="Bool" />
          </Member>
          <Member Name="Alarms" Datatype="Struct">
            <Member Name="BlockedReceive" Datatype="&quot;HmiAlarm&quot;">
              <Sections>
                <Section Name="None">
                  <Member Name="Active" Datatype="Bool" />
                  <Member Name="Acknowledge" Datatype="Bool" />
                  <Member Name="type" Datatype="Int" />
                </Section>
              </Sections>
            </Member>
            <Member Name="BlockedSending" Datatype="&quot;HmiAlarm&quot;">
              <Sections>
                <Section Name="None">
                  <Member Name="Active" Datatype="Bool" />
                  <Member Name="Acknowledge" Datatype="Bool" />
                  <Member Name="type" Datatype="Int" />
                </Section>
              </Sections>
            </Member>
            <Member Name="ToClose" Datatype="&quot;HmiAlarm&quot;">
              <Sections>
                <Section Name="None">
                  <Member Name="Active" Datatype="Bool" />
                  <Member Name="Acknowledge" Datatype="Bool" />
                  <Member Name="type" Datatype="Int" />
                </Section>
              </Sections>
            </Member>
            <Member Name="ToSmall" Datatype="&quot;HmiAlarm&quot;">
              <Sections>
                <Section Name="None">
                  <Member Name="Active" Datatype="Bool" />
                  <Member Name="Acknowledge" Datatype="Bool" />
                  <Member Name="type" Datatype="Int" />
                </Section>
              </Sections>
            </Member>
            <Member Name="ToLong" Datatype="&quot;HmiAlarm&quot;">
              <Sections>
                <Section Name="None">
                  <Member Name="Active" Datatype="Bool" />
                  <Member Name="Acknowledge" Datatype="Bool" />
                  <Member Name="type" Datatype="Int" />
                </Section>
              </Sections>
            </Member>
            <Member Name="MotorAlarm" Datatype="&quot;HmiAlarm&quot;">
              <Sections>
                <Section Name="None">
                  <Member Name="Active" Datatype="Bool" />
                  <Member Name="Acknowledge" Datatype="Bool" />
                  <Member Name="type" Datatype="Int" />
                </Section>
              </Sections>
            </Member>
            <Member Name="AlarmActive" Datatype="&quot;HmiAlarm&quot;">
              <Sections>
                <Section Name="None">
                  <Member Name="Active" Datatype="Bool" />
                  <Member Name="Acknowledge" Datatype="Bool" />
                  <Member Name="type" Datatype="Int" />
                </Section>
              </Sections>
            </Member>
            <Member Name="Status" Datatype="Word" />
          </Member>
          <Member Name="Status" Datatype="Struct">
            <Member Name="AccumulationOn" Datatype="Bool" />
            <Member Name="StartedAutoMode" Datatype="Bool" />
            <Member Name="ReadyForStandby" Datatype="Bool" />
            <Member Name="RequestForSending" Datatype="Bool" />
            <Member Name="ExecutingReceiveSequence" Datatype="Bool" />
            <Member Name="ExecutingSendingSequence" Datatype="Bool" />
            <Member Name="ObjectSentPulse" Datatype="Bool" />
            <Member Name="ObjectReceivePulse" Datatype="Bool" />
            <Member Name="GapTimeOk" Datatype="Bool" />
            <Member Name="Empty" Datatype="Bool" />
            <Member Name="ObjectOnConveyor" Datatype="Bool" />
            <Member Name="Initialized" Datatype="Bool" />
            <Member Name="ManualMode" Datatype="Bool" />
          </Member>
          <Member Name="TrackingCmd" Datatype="Struct">
            <Member Name="InductNewTracking" Datatype="Bool" />
            <Member Name="ClearTracking" Datatype="Bool" />
            <Member Name="NewTrackingId" Datatype="&quot;Tracking_Simple_UDT_1&quot;">
              <Sections>
                <Section Name="None">
                  <Member Name="ID" Datatype="UInt" />
                  <Member Name="PLC_Dest" Datatype="Int" />
                  <Member Name="WMS_Dest" Datatype="String[20]" />
                  <Member Name="Barcode" Datatype="String" />
                  <Member Name="GoodRead" Datatype="Bool" />
                  <Member Name="weightGram" Datatype="Real" />
                  <Member Name="prio" Datatype="Bool" />
                </Section>
              </Sections>
            </Member>
          </Member>
          <Member Name="TrackingStat" Datatype="Struct">
            <Member Name="Current" Datatype="&quot;Tracking_Simple_UDT_1&quot;">
              <Sections>
                <Section Name="None">
                  <Member Name="ID" Datatype="UInt" />
                  <Member Name="PLC_Dest" Datatype="Int" />
                  <Member Name="WMS_Dest" Datatype="String[20]" />
                  <Member Name="Barcode" Datatype="String" />
                  <Member Name="GoodRead" Datatype="Bool" />
                  <Member Name="weightGram" Datatype="Real" />
                  <Member Name="prio" Datatype="Bool" />
                </Section>
              </Sections>
            </Member>
            <Member Name="InSending" Datatype="&quot;Tracking_Simple_UDT_1&quot;">
              <Sections>
                <Section Name="None">
                  <Member Name="ID" Datatype="UInt" />
                  <Member Name="PLC_Dest" Datatype="Int" />
                  <Member Name="WMS_Dest" Datatype="String[20]" />
                  <Member Name="Barcode" Datatype="String" />
                  <Member Name="GoodRead" Datatype="Bool" />
                  <Member Name="weightGram" Datatype="Real" />
                  <Member Name="prio" Datatype="Bool" />
                </Section>
              </Sections>
            </Member>
            <Member Name="TrackingReceived" Datatype="Bool" />
            <Member Name="TrackingCleared" Datatype="Bool" />
          </Member>
          <Member Name="Encoder" Datatype="&quot;VirtualEncoder_UDT&quot;">
            <Sections>
              <Section Name="None">
                <Member Name="Distance_mm" Datatype="Real" />
                <Member Name="Speed_mm_ms" Datatype="Real" />
                <Member Name="Settings" Datatype="Struct">
                  <Member Name="Base_M_min" Datatype="Real" />
                  <Member Name="BaseRelative" Datatype="Real" />
                </Member>
              </Section>
            </Sections>
          </Member>
          <Member Name="DiagNostics" Datatype="Struct">
            <Member Name="ReceivedCounter" Datatype="UDInt" />
            <Member Name="SendingCounter" Datatype="UDInt" />
          </Member>
          <Member Name="Index" Datatype="Int" />
          <Member Name="Name" Datatype="String[25]" />
          <Member Name="Zone" Datatype="Int" />
        </Section>
      </Sections>
    </Member>
  </Section>
  <Section Name="Static" />
  <Section Name="Temp">
    <Member Name="T_WmsDest" Datatype="String[20]" />
    <Member Name="T_PLCDest" Datatype="Int" />
    <Member Name="T_Prio" Datatype="Bool" />
    <Member Name="T_InBack" Datatype="Bool" />
    <Member Name="T_InFront" Datatype="Bool" />
    <Member Name="T_Exit" Datatype="Bool" />
    <Member Name="T_ExitCrossover" Datatype="Bool" />
    <Member Name="T_Condition" Datatype="Bool" />
  </Section>
  <Section Name="Constant" />
</Sections></Interface>
      <IsIECCheckEnabled>false</IsIECCheckEnabled>
      <IsRetainMemResEnabled>false</IsRetainMemResEnabled>
      <MemoryLayout>Optimized</MemoryLayout>
      <MemoryReserve>100</MemoryReserve>
      <Name>Z_500_ROUTER_FB</Name>
      <Number>51</Number>
      <ProgrammingLanguage>SCL</ProgrammingLanguage>
      <SetENOAutomatically>false</SetENOAutomatically>
      <UDABlockProperties />
      <UDAEnableTagReadback>false</UDAEnableTagReadback>
    </AttributeList>
    <ObjectList>
      <MultilingualText ID="1" CompositionName="Comment">
        <ObjectList>
          <MultilingualTextItem ID="2" CompositionName="Items">
            <AttributeList>
              <Culture>en-US</Culture>
              <Text />
            </AttributeList>
          </MultilingualTextItem>
          <MultilingualTextItem ID="3" CompositionName="Items">
            <AttributeList>
              <Culture>fr-BE</Culture>
              <Text />
            </AttributeList>
          </MultilingualTextItem>
        </ObjectList>
      </MultilingualText>
      <SW.Blocks.CompileUnit ID="4" CompositionName="CompileUnits">
        <AttributeList>
          <NetworkSource><StructuredText xmlns="http://www.siemens.com/automation/Openness/SW/NetworkSource/StructuredText/v3">
  <Token Text="REGION" UId="21" />
  <NewLine Num="1" UId="22" />
  <Blank Num="4" UId="23" />
  <NewLine Num="1" UId="24" />
  <Blank Num="4" UId="25" />
  <Access Scope="LocalVariable" UId="26">
    <Symbol UId="27">
      <Component Name="T_WmsDest" UId="28" />
    </Symbol>
  </Access>
  <Blank Num="1" UId="29" />
  <Token Text=":=" UId="30" />
  <Blank Num="1" UId="31" />
  <Access Scope="LocalVariable" UId="32">
    <Symbol UId="33">
      <Component Name="IO_CONV" UId="34" />
      <Token Text="." UId="35" />
      <Component Name="TrackingStat" UId="36" />
      <Token Text="." UId="37" />
      <Component Name="Current" UId="38" />
      <Token Text="." UId="39" />
      <Component Name="WMS_Dest" UId="40" />
    </Symbol>
  </Access>
  <Token Text=";" UId="41" />
  <NewLine Num="1" UId="42" />
  <Blank Num="4" UId="43" />
  <Access Scope="LocalVariable" UId="44">
    <Symbol UId="45">
      <Component Name="T_Prio" UId="46" />
    </Symbol>
  </Access>
  <Blank Num="1" UId="47" />
  <Token Text=":=" UId="48" />
  <Blank Num="1" UId="49" />
  <Access Scope="LocalVariable" UId="50">
    <Symbol UId="51">
      <Component Name="IO_CONV" UId="52" />
      <Token Text="." UId="53" />
      <Component Name="TrackingStat" UId="54" />
      <Token Text="." UId="55" />
      <Component Name="Current" UId="56" />
      <Token Text="." UId="57" />
      <Component Name="prio" UId="58" />
    </Symbol>
  </Access>
  <Token Text=";" UId="59" />
  <NewLine Num="1" UId="60" />
  <Blank Num="4" UId="61" />
  <Access Scope="LocalVariable" UId="62">
    <Symbol UId="63">
      <Component Name="T_PLCDest" UId="64" />
    </Symbol>
  </Access>
  <Blank Num="1" UId="65" />
  <Token Text=":=" UId="66" />
  <Blank Num="1" UId="67" />
  <Access Scope="LiteralConstant" UId="68">
    <Constant UId="69">
      <ConstantValue UId="71">0</ConstantValue>
    </Constant>
  </Access>
  <Token Text=";" UId="72" />
  <NewLine Num="1" UId="73" />
  <Blank Num="4" UId="74" />
  <NewLine Num="1" UId="75" />
  <Blank Num="4" UId="76" />
  <Access Scope="LocalVariable" UId="77">
    <Symbol UId="78">
      <Component Name="T_Exit" UId="79" />
    </Symbol>
  </Access>
  <Blank Num="1" UId="80" />
  <Token Text=":=" UId="81" />
  <NewLine Num="1" UId="82" />
  <Blank Num="4" UId="83" />
  <Access Scope="LocalVariable" UId="84">
    <Symbol UId="85">
      <Component Name="T_WmsDest" UId="86" />
    </Symbol>
  </Access>
  <Blank Num="1" UId="87" />
  <Token Text="=" UId="88" />
  <Blank Num="1" UId="89" />
  <Access Scope="LocalVariable" UId="90">
    <Symbol UId="91">
      <Component Name="I_Exit1" UId="92" />
    </Symbol>
  </Access>
  <Blank Num="1" UId="93" />
  <Token Text="OR" UId="94" />
  <Blank Num="1" UId="95" />
  <Access Scope="LocalVariable" UId="96">
    <Symbol UId="97">
      <Component Name="T_WmsDest" UId="98" />
    </Symbol>
  </Access>
  <Blank Num="1" UId="99" />
  <Token Text="=" UId="100" />
  <Blank Num="1" UId="101" />
  <Access Scope="LocalVariable" UId="102">
    <Symbol UId="103">
      <Component Name="I_Exit2" UId="104" />
    </Symbol>
  </Access>
  <Token Text=";" UId="105" />
  <NewLine Num="1" UId="106" />
  <Blank Num="4" UId="107" />
  <NewLine Num="1" UId="108" />
  <Blank Num="4" UId="109" />
  <LineComment Inserted="false" NoClosingBracket="false" UId="110">
    <Text UId="111">Check locations exits </Text>
  </LineComment>
  <NewLine Num="1" UId="112" />
  <Blank Num="4" UId="113" />
  <Token Text="IF" UId="114" />
  <Blank Num="1" UId="115" />
  <Access Scope="LocalVariable" UId="116">
    <Symbol UId="117">
      <Component Name="T_Exit" UId="118" />
    </Symbol>
  </Access>
  <Blank Num="1" UId="119" />
  <Token Text="THEN" UId="120" />
  <NewLine Num="1" UId="121" />
  <Blank Num="8" UId="122" />
  <NewLine Num="1" UId="123" />
  <Blank Num="8" UId="124" />
  <Access Scope="LocalVariable" UId="125">
    <Symbol UId="126">
      <Component Name="T_PLCDest" UId="127" />
    </Symbol>
  </Access>
  <Blank Num="1" UId="128" />
  <Token Text=":=" UId="129" />
  <Blank Num="1" UId="130" />
  <Access Scope="GlobalConstant" UId="131">
    <Constant Name="PLC_ROUTE_EXIT" UId="132" />
  </Access>
  <Token Text=";" UId="135" />
  <NewLine Num="1" UId="136" />
  <Blank Num="8" UId="137" />
  <NewLine Num="1" UId="138" />
  <Blank Num="8" UId="139" />
  <LineComment Inserted="false" NoClosingBracket="false" UId="140">
    <Text UId="141">If not check prio and turn around</Text>
  </LineComment>
  <NewLine Num="1" UId="142" />
  <Blank Num="4" UId="143" />
  <Token Text="ELSIF" UId="144" />
  <Blank Num="1" UId="145" />
  <Access Scope="LocalVariable" UId="146">
    <Symbol UId="147">
      <Component Name="T_WmsDest" UId="148" />
    </Symbol>
  </Access>
  <Blank Num="1" UId="149" />
  <Token Text="&lt;&gt;" UId="150" />
  <Blank Num="1" UId="151" />
  <Access Scope="LiteralConstant" UId="152">
    <Constant UId="153">
      <ConstantValue UId="155">''</ConstantValue>
    </Constant>
  </Access>
  <Blank Num="1" UId="156" />
  <Token Text="THEN" UId="157" />
  <NewLine Num="1" UId="158" />
  <Blank Num="8" UId="159" />
  <NewLine Num="1" UId="160" />
  <Blank Num="8" UId="161" />
  <Access Scope="LocalVariable" UId="162">
    <Symbol UId="163">
      <Component Name="T_PLCDest" UId="164" />
    </Symbol>
  </Access>
  <Blank Num="1" UId="165" />
  <Token Text=":=" UId="166" />
  <Blank Num="1" UId="167" />
  <Access Scope="GlobalConstant" UId="168">
    <Constant Name="PLC_ROUTE_STRAIGHT" UId="169" />
  </Access>
  <Token Text=";" UId="172" />
  <NewLine Num="1" UId="173" />
  <Blank Num="8" UId="174" />
  <NewLine Num="1" UId="175" />
  <Blank Num="4" UId="176" />
  <Token Text="END_IF" UId="177" />
  <Token Text=";" UId="178" />
  <NewLine Num="1" UId="179" />
  <Blank Num="4" UId="180" />
  <NewLine Num="1" UId="181" />
  <Token Text="END_REGION" UId="182" />
  <NewLine Num="3" UId="183" />
  <Token Text="REGION" UId="184" />
  <Blank Num="1" UId="185" />
  <Text UId="186">GRAV OVVERIDE</Text>
  <NewLine Num="1" UId="187" />
  <Blank Num="4" UId="188" />
  <NewLine Num="1" UId="189" />
  <Blank Num="4" UId="190" />
  <Access Scope="LocalVariable" UId="191">
    <Symbol UId="192">
      <Component Name="T_Condition" UId="193" />
    </Symbol>
  </Access>
  <Blank Num="1" UId="194" />
  <Token Text=":=" UId="195" />
  <NewLine Num="1" UId="196" />
  <Blank Num="4" UId="197" />
  <Token Text="NOT" UId="198" />
  <Blank Num="1" UId="199" />
  <Access Scope="LocalVariable" UId="200">
    <Symbol UId="201">
      <Component Name="I_GRAV_1_READY" UId="202" />
    </Symbol>
  </Access>
  <Blank Num="1" UId="203" />
  <Token Text="AND" UId="204" />
  <NewLine Num="1" UId="205" />
  <Blank Num="4" UId="206" />
  <Access Scope="LocalVariable" UId="207">
    <Symbol UId="208">
      <Component Name="T_WmsDest" UId="209" />
    </Symbol>
  </Access>
  <Blank Num="1" UId="210" />
  <Token Text="=" UId="211" />
  <Blank Num="1" UId="212" />
  <Access Scope="LocalVariable" UId="213">
    <Symbol UId="214">
      <Component Name="I_Exit1" UId="215" />
    </Symbol>
  </Access>
  <Blank Num="1" UId="216" />
  <Token Text="AND" UId="217" />
  <NewLine Num="1" UId="218" />
  <Blank Num="4" UId="219" />
  <Access Scope="LocalVariable" UId="220">
    <Symbol UId="221">
      <Component Name="T_PLCDest" UId="222" />
    </Symbol>
  </Access>
  <Blank Num="1" UId="223" />
  <Token Text="=" UId="224" />
  <Blank Num="1" UId="225" />
  <Access Scope="GlobalConstant" UId="226">
    <Constant Name="PLC_ROUTE_EXIT" UId="227" />
  </Access>
  <Token Text=";" UId="230" />
  <NewLine Num="1" UId="231" />
  <Blank Num="4" UId="232" />
  <NewLine Num="1" UId="233" />
  <Blank Num="4" UId="234" />
  <Token Text="IF" UId="235" />
  <Blank Num="1" UId="236" />
  <Access Scope="LocalVariable" UId="237">
    <Symbol UId="238">
      <Component Name="T_Condition" UId="239" />
    </Symbol>
  </Access>
  <Blank Num="1" UId="240" />
  <Token Text="THEN" UId="241" />
  <NewLine Num="1" UId="242" />
  <Blank Num="8" UId="243" />
  <Access Scope="LocalVariable" UId="244">
    <Symbol UId="245">
      <Component Name="T_PLCDest" UId="246" />
    </Symbol>
  </Access>
  <Blank Num="1" UId="247" />
  <Token Text=":=" UId="248" />
  <Blank Num="1" UId="249" />
  <Access Scope="GlobalConstant" UId="250">
    <Constant Name="PLC_ROUTE_STRAIGHT" UId="251" />
  </Access>
  <Token Text=";" UId="254" />
  <NewLine Num="1" UId="255" />
  <Blank Num="4" UId="256" />
  <Token Text="END_IF" UId="257" />
  <Token Text=";" UId="258" />
  <NewLine Num="1" UId="259" />
  <Blank Num="4" UId="260" />
  <NewLine Num="1" UId="261" />
  <Blank Num="4" UId="262" />
  <Access Scope="LocalVariable" UId="263">
    <Symbol UId="264">
      <Component Name="T_Condition" UId="265" />
    </Symbol>
  </Access>
  <Blank Num="1" UId="266" />
  <Token Text=":=" UId="267" />
  <NewLine Num="1" UId="268" />
  <Blank Num="4" UId="269" />
  <Token Text="NOT" UId="270" />
  <Blank Num="1" UId="271" />
  <Access Scope="LocalVariable" UId="272">
    <Symbol UId="273">
      <Component Name="I_GRAV_2_READY" UId="274" />
    </Symbol>
  </Access>
  <Blank Num="1" UId="275" />
  <Token Text="AND" UId="276" />
  <NewLine Num="1" UId="277" />
  <Blank Num="4" UId="278" />
  <Access Scope="LocalVariable" UId="279">
    <Symbol UId="280">
      <Component Name="T_WmsDest" UId="281" />
    </Symbol>
  </Access>
  <Blank Num="1" UId="282" />
  <Token Text="=" UId="283" />
  <Blank Num="1" UId="284" />
  <Access Scope="LocalVariable" UId="285">
    <Symbol UId="286">
      <Component Name="I_Exit2" UId="287" />
    </Symbol>
  </Access>
  <Blank Num="1" UId="288" />
  <Token Text="AND" UId="289" />
  <NewLine Num="1" UId="290" />
  <Blank Num="4" UId="291" />
  <Access Scope="LocalVariable" UId="292">
    <Symbol UId="293">
      <Component Name="T_PLCDest" UId="294" />
    </Symbol>
  </Access>
  <Blank Num="1" UId="295" />
  <Token Text="=" UId="296" />
  <Blank Num="1" UId="297" />
  <Access Scope="GlobalConstant" UId="298">
    <Constant Name="PLC_ROUTE_EXIT" UId="299" />
  </Access>
  <Token Text=";" UId="302" />
  <NewLine Num="1" UId="303" />
  <Blank Num="4" UId="304" />
  <NewLine Num="1" UId="305" />
  <Blank Num="4" UId="306" />
  <Token Text="IF" UId="307" />
  <Blank Num="1" UId="308" />
  <Access Scope="LocalVariable" UId="309">
    <Symbol UId="310">
      <Component Name="T_Condition" UId="311" />
    </Symbol>
  </Access>
  <Blank Num="1" UId="312" />
  <Token Text="THEN" UId="313" />
  <NewLine Num="1" UId="314" />
  <Blank Num="8" UId="315" />
  <Access Scope="LocalVariable" UId="316">
    <Symbol UId="317">
      <Component Name="T_PLCDest" UId="318" />
    </Symbol>
  </Access>
  <Blank Num="1" UId="319" />
  <Token Text=":=" UId="320" />
  <Blank Num="1" UId="321" />
  <Access Scope="GlobalConstant" UId="322">
    <Constant Name="PLC_ROUTE_STRAIGHT" UId="323" />
  </Access>
  <Token Text=";" UId="326" />
  <NewLine Num="1" UId="327" />
  <Blank Num="4" UId="328" />
  <Token Text="END_IF" UId="329" />
  <Token Text=";" UId="330" />
  <NewLine Num="1" UId="331" />
  <Blank Num="4" UId="332" />
  <NewLine Num="1" UId="333" />
  <Token Text="END_REGION" UId="334" />
  <NewLine Num="2" UId="335" />
  <Token Text="IF" UId="336" />
  <Blank Num="1" UId="337" />
  <Access Scope="LocalVariable" UId="338">
    <Symbol UId="339">
      <Component Name="IO_CONV" UId="340" />
      <Token Text="." UId="341" />
      <Component Name="Status" UId="342" />
      <Token Text="." UId="343" />
      <Component Name="RequestForSending" UId="344" />
    </Symbol>
  </Access>
  <Blank Num="1" UId="345" />
  <Token Text="THEN" UId="346" />
  <NewLine Num="1" UId="347" />
  <Blank Num="4" UId="348" />
  <Access Scope="LocalVariable" UId="349">
    <Symbol UId="350">
      <Component Name="IO_CONV" UId="351" />
      <Token Text="." UId="352" />
      <Component Name="TrackingStat" UId="353" />
      <Token Text="." UId="354" />
      <Component Name="Current" UId="355" />
      <Token Text="." UId="356" />
      <Component Name="PLC_Dest" UId="357" />
    </Symbol>
  </Access>
  <Blank Num="1" UId="358" />
  <Token Text=":=" UId="359" />
  <Blank Num="1" UId="360" />
  <Access Scope="LocalVariable" UId="361">
    <Symbol UId="362">
      <Component Name="T_PLCDest" UId="363" />
    </Symbol>
  </Access>
  <Token Text=";" UId="364" />
  <NewLine Num="1" UId="365" />
  <Token Text="ELSE" UId="366" />
  <NewLine Num="1" UId="367" />
  <Blank Num="4" UId="368" />
  <Access Scope="LocalVariable" UId="369">
    <Symbol UId="370">
      <Component Name="IO_CONV" UId="371" />
      <Token Text="." UId="372" />
      <Component Name="TrackingStat" UId="373" />
      <Token Text="." UId="374" />
      <Component Name="Current" UId="375" />
      <Token Text="." UId="376" />
      <Component Name="PLC_Dest" UId="377" />
    </Symbol>
  </Access>
  <Blank Num="1" UId="378" />
  <Token Text=":=" UId="379" />
  <Blank Num="1" UId="380" />
  <Access Scope="LiteralConstant" UId="381">
    <Constant UId="382">
      <ConstantValue UId="384">0</ConstantValue>
    </Constant>
  </Access>
  <Token Text=";" UId="385" />
  <NewLine Num="1" UId="386" />
  <Token Text="END_IF" UId="387" />
  <Token Text=";" UId="388" />
</StructuredText></NetworkSource>
          <ProgrammingLanguage>SCL</ProgrammingLanguage>
        </AttributeList>
        <ObjectList>
          <MultilingualText ID="5" CompositionName="Comment">
            <ObjectList>
              <MultilingualTextItem ID="6" CompositionName="Items">
                <AttributeList>
                  <Culture>en-US</Culture>
                  <Text />
                </AttributeList>
              </MultilingualTextItem>
              <MultilingualTextItem ID="7" CompositionName="Items">
                <AttributeList>
                  <Culture>fr-BE</Culture>
                  <Text />
                </AttributeList>
              </MultilingualTextItem>
            </ObjectList>
          </MultilingualText>
          <MultilingualText ID="8" CompositionName="Title">
            <ObjectList>
              <MultilingualTextItem ID="9" CompositionName="Items">
                <AttributeList>
                  <Culture>en-US</Culture>
                  <Text />
                </AttributeList>
              </MultilingualTextItem>
              <MultilingualTextItem ID="A" CompositionName="Items">
                <AttributeList>
                  <Culture>fr-BE</Culture>
                  <Text />
                </AttributeList>
              </MultilingualTextItem>
            </ObjectList>
          </MultilingualText>
        </ObjectList>
      </SW.Blocks.CompileUnit>
      <MultilingualText ID="B" CompositionName="Title">
        <ObjectList>
          <MultilingualTextItem ID="C" CompositionName="Items">
            <AttributeList>
              <Culture>en-US</Culture>
              <Text />
            </AttributeList>
          </MultilingualTextItem>
          <MultilingualTextItem ID="D" CompositionName="Items">
            <AttributeList>
              <Culture>fr-BE</Culture>
              <Text />
            </AttributeList>
          </MultilingualTextItem>
        </ObjectList>
      </MultilingualText>
    </ObjectList>
  </SW.Blocks.FB>
</Document>