{
  "Name": "HMI_DB",
  "Number": 46,
  "Id": [
    0,
    8
  ],
  "Tags": [
    {
      "Type": "Bool",
      "LengthBits": 1,
      "ParseMessage": "",
      "ParseFailed": false,
      "Value": null,
      "WriteValue": false,
      "TypeTypeScript": "BoolPlcTag",
      "ParentTag": false,
      "WriteMessage": null,
      "Name": "_ResetFromHMI",
      "Id": [
        0,
        8,
        0
      ],
      "Comment": "",
      "OpcNode": ";s=\"HMI_DB\".\"_ResetFromHMI\"",
      "DbName": "HMI_DB",
      "ByteAdress": 0,
      "BitAdress": 0,
      "DbNumber": 46,
      "PlcMemoryType": "DB",
      "Lengthytes": 1,
      "StartAdressBits": 0,
      "EndAdressBits": 1
    },
    {
      "Value": [
        {
          "Type": "Bool",
          "LengthBits": 1,
          "ParseMessage": "",
          "ParseFailed": false,
          "Value": null,
          "WriteValue": false,
          "TypeTypeScript": "BoolPlcTag",
          "ParentTag": false,
          "WriteMessage": null,
          "Name": "_signal",
          "Id": [
            0,
            8,
            1,
            0
          ],
          "Comment": "",
          "OpcNode": ";s=\"HMI_DB\".\"_ResetCounters\".\"_signal\"",
          "DbName": "HMI_DB",
          "ByteAdress": 2,
          "BitAdress": 0,
          "DbNumber": 46,
          "PlcMemoryType": "DB",
          "Lengthytes": 1,
          "StartAdressBits": 16,
          "EndAdressBits": 17
        },
        {
          "Type": "Bool",
          "LengthBits": 1,
          "ParseMessage": "",
          "ParseFailed": false,
          "Value": null,
          "WriteValue": false,
          "TypeTypeScript": "BoolPlcTag",
          "ParentTag": false,
          "WriteMessage": null,
          "Name": "_Mirror",
          "Id": [
            0,
            8,
            1,
            1
          ],
          "Comment": "",
          "OpcNode": ";s=\"HMI_DB\".\"_ResetCounters\".\"_Mirror\"",
          "DbName": "HMI_DB",
          "ByteAdress": 2,
          "BitAdress": 1,
          "DbNumber": 46,
          "PlcMemoryType": "DB",
          "Lengthytes": 1,
          "StartAdressBits": 17,
          "EndAdressBits": 18
        }
      ],
      "ParseMessage": "",
      "ParseFailed": false,
      "ParentTag": true,
      "TypeTypeScript": "HandShake_UDT",
      "EndAdressBits": 32,
      "LengthBits": 2,
      "WriteValue": null,
      "WriteMessage": null,
      "Name": "_ResetCounters",
      "Id": [
        0,
        8,
        1
      ],
      "Type": "HandShake_UDT",
      "Comment": "",
      "OpcNode": ";s=\"HMI_DB\".\"_ResetCounters\"",
      "DbName": "HMI_DB",
      "ByteAdress": 2,
      "BitAdress": 0,
      "DbNumber": 46,
      "PlcMemoryType": "DB",
      "Lengthytes": 1,
      "StartAdressBits": 16
    },
    {
      "Value": [
        {
          "Type": "Bool",
          "LengthBits": 1,
          "ParseMessage": "",
          "ParseFailed": false,
          "Value": null,
          "WriteValue": false,
          "TypeTypeScript": "BoolPlcTag",
          "ParentTag": false,
          "WriteMessage": null,
          "Name": "_signal",
          "Id": [
            0,
            8,
            2,
            0
          ],
          "Comment": "",
          "OpcNode": ";s=\"HMI_DB\".\"_RemoveManualOverride\".\"_signal\"",
          "DbName": "HMI_DB",
          "ByteAdress": 4,
          "BitAdress": 0,
          "DbNumber": 46,
          "PlcMemoryType": "DB",
          "Lengthytes": 1,
          "StartAdressBits": 32,
          "EndAdressBits": 33
        },
        {
          "Type": "Bool",
          "LengthBits": 1,
          "ParseMessage": "",
          "ParseFailed": false,
          "Value": null,
          "WriteValue": false,
          "TypeTypeScript": "BoolPlcTag",
          "ParentTag": false,
          "WriteMessage": null,
          "Name": "_Mirror",
          "Id": [
            0,
            8,
            2,
            1
          ],
          "Comment": "",
          "OpcNode": ";s=\"HMI_DB\".\"_RemoveManualOverride\".\"_Mirror\"",
          "DbName": "HMI_DB",
          "ByteAdress": 4,
          "BitAdress": 1,
          "DbNumber": 46,
          "PlcMemoryType": "DB",
          "Lengthytes": 1,
          "StartAdressBits": 33,
          "EndAdressBits": 34
        }
      ],
      "ParseMessage": "",
      "ParseFailed": false,
      "ParentTag": true,
      "TypeTypeScript": "HandShake_UDT",
      "EndAdressBits": 48,
      "LengthBits": 2,
      "WriteValue": null,
      "WriteMessage": null,
      "Name": "_RemoveManualOverride",
      "Id": [
        0,
        8,
        2
      ],
      "Type": "HandShake_UDT",
      "Comment": "",
      "OpcNode": ";s=\"HMI_DB\".\"_RemoveManualOverride\"",
      "DbName": "HMI_DB",
      "ByteAdress": 4,
      "BitAdress": 0,
      "DbNumber": 46,
      "PlcMemoryType": "DB",
      "Lengthytes": 1,
      "StartAdressBits": 32
    },
    {
      "Value": [
        {
          "Type": "Bool",
          "LengthBits": 1,
          "ParseMessage": "",
          "ParseFailed": false,
          "Value": null,
          "WriteValue": false,
          "TypeTypeScript": "BoolPlcTag",
          "ParentTag": false,
          "WriteMessage": null,
          "Name": "_signal",
          "Id": [
            0,
            8,
            3,
            0
          ],
          "Comment": "",
          "OpcNode": ";s=\"HMI_DB\".\"_ReloadSettings\".\"_signal\"",
          "DbName": "HMI_DB",
          "ByteAdress": 6,
          "BitAdress": 0,
          "DbNumber": 46,
          "PlcMemoryType": "DB",
          "Lengthytes": 1,
          "StartAdressBits": 48,
          "EndAdressBits": 49
        },
        {
          "Type": "Bool",
          "LengthBits": 1,
          "ParseMessage": "",
          "ParseFailed": false,
          "Value": null,
          "WriteValue": false,
          "TypeTypeScript": "BoolPlcTag",
          "ParentTag": false,
          "WriteMessage": null,
          "Name": "_Mirror",
          "Id": [
            0,
            8,
            3,
            1
          ],
          "Comment": "",
          "OpcNode": ";s=\"HMI_DB\".\"_ReloadSettings\".\"_Mirror\"",
          "DbName": "HMI_DB",
          "ByteAdress": 6,
          "BitAdress": 1,
          "DbNumber": 46,
          "PlcMemoryType": "DB",
          "Lengthytes": 1,
          "StartAdressBits": 49,
          "EndAdressBits": 50
        }
      ],
      "ParseMessage": "",
      "ParseFailed": false,
      "ParentTag": true,
      "TypeTypeScript": "HandShake_UDT",
      "EndAdressBits": 64,
      "LengthBits": 2,
      "WriteValue": null,
      "WriteMessage": null,
      "Name": "_ReloadSettings",
      "Id": [
        0,
        8,
        3
      ],
      "Type": "HandShake_UDT",
      "Comment": "",
      "OpcNode": ";s=\"HMI_DB\".\"_ReloadSettings\"",
      "DbName": "HMI_DB",
      "ByteAdress": 6,
      "BitAdress": 0,
      "DbNumber": 46,
      "PlcMemoryType": "DB",
      "Lengthytes": 1,
      "StartAdressBits": 48
    },
    {
      "Value": [
        {
          "Type": "Bool",
          "LengthBits": 1,
          "ParseMessage": "",
          "ParseFailed": false,
          "Value": null,
          "WriteValue": false,
          "TypeTypeScript": "BoolPlcTag",
          "ParentTag": false,
          "WriteMessage": null,
          "Name": "_signal",
          "Id": [
            0,
            8,
            4,
            0
          ],
          "Comment": "",
          "OpcNode": ";s=\"HMI_DB\".\"_SetDefaultTrackings\".\"_signal\"",
          "DbName": "HMI_DB",
          "ByteAdress": 8,
          "BitAdress": 0,
          "DbNumber": 46,
          "PlcMemoryType": "DB",
          "Lengthytes": 1,
          "StartAdressBits": 64,
          "EndAdressBits": 65
        },
        {
          "Type": "Bool",
          "LengthBits": 1,
          "ParseMessage": "",
          "ParseFailed": false,
          "Value": null,
          "WriteValue": false,
          "TypeTypeScript": "BoolPlcTag",
          "ParentTag": false,
          "WriteMessage": null,
          "Name": "_Mirror",
          "Id": [
            0,
            8,
            4,
            1
          ],
          "Comment": "",
          "OpcNode": ";s=\"HMI_DB\".\"_SetDefaultTrackings\".\"_Mirror\"",
          "DbName": "HMI_DB",
          "ByteAdress": 8,
          "BitAdress": 1,
          "DbNumber": 46,
          "PlcMemoryType": "DB",
          "Lengthytes": 1,
          "StartAdressBits": 65,
          "EndAdressBits": 66
        }
      ],
      "ParseMessage": "",
      "ParseFailed": false,
      "ParentTag": true,
      "TypeTypeScript": "HandShake_UDT",
      "EndAdressBits": 80,
      "LengthBits": 2,
      "WriteValue": null,
      "WriteMessage": null,
      "Name": "_SetDefaultTrackings",
      "Id": [
        0,
        8,
        4
      ],
      "Type": "HandShake_UDT",
      "Comment": "",
      "OpcNode": ";s=\"HMI_DB\".\"_SetDefaultTrackings\"",
      "DbName": "HMI_DB",
      "ByteAdress": 8,
      "BitAdress": 0,
      "DbNumber": 46,
      "PlcMemoryType": "DB",
      "Lengthytes": 1,
      "StartAdressBits": 64
    },
    {
      "Value": [
        {
          "Type": "Bool",
          "LengthBits": 1,
          "ParseMessage": "",
          "ParseFailed": false,
          "Value": null,
          "WriteValue": false,
          "TypeTypeScript": "BoolPlcTag",
          "ParentTag": false,
          "WriteMessage": null,
          "Name": "_signal",
          "Id": [
            0,
            8,
            5,
            0
          ],
          "Comment": "",
          "OpcNode": ";s=\"HMI_DB\".\"_ResetSensorCounters\".\"_signal\"",
          "DbName": "HMI_DB",
          "ByteAdress": 10,
          "BitAdress": 0,
          "DbNumber": 46,
          "PlcMemoryType": "DB",
          "Lengthytes": 1,
          "StartAdressBits": 80,
          "EndAdressBits": 81
        },
        {
          "Type": "Bool",
          "LengthBits": 1,
          "ParseMessage": "",
          "ParseFailed": false,
          "Value": null,
          "WriteValue": false,
          "TypeTypeScript": "BoolPlcTag",
          "ParentTag": false,
          "WriteMessage": null,
          "Name": "_Mirror",
          "Id": [
            0,
            8,
            5,
            1
          ],
          "Comment": "",
          "OpcNode": ";s=\"HMI_DB\".\"_ResetSensorCounters\".\"_Mirror\"",
          "DbName": "HMI_DB",
          "ByteAdress": 10,
          "BitAdress": 1,
          "DbNumber": 46,
          "PlcMemoryType": "DB",
          "Lengthytes": 1,
          "StartAdressBits": 81,
          "EndAdressBits": 82
        }
      ],
      "ParseMessage": "",
      "ParseFailed": false,
      "ParentTag": true,
      "TypeTypeScript": "HandShake_UDT",
      "EndAdressBits": 96,
      "LengthBits": 2,
      "WriteValue": null,
      "WriteMessage": null,
      "Name": "_ResetSensorCounters",
      "Id": [
        0,
        8,
        5
      ],
      "Type": "HandShake_UDT",
      "Comment": "",
      "OpcNode": ";s=\"HMI_DB\".\"_ResetSensorCounters\"",
      "DbName": "HMI_DB",
      "ByteAdress": 10,
      "BitAdress": 0,
      "DbNumber": 46,
      "PlcMemoryType": "DB",
      "Lengthytes": 1,
      "StartAdressBits": 80
    },
    {
      "Type": "Bool",
      "LengthBits": 1,
      "ParseMessage": "",
      "ParseFailed": false,
      "Value": null,
      "WriteValue": false,
      "TypeTypeScript": "BoolPlcTag",
      "ParentTag": false,
      "WriteMessage": null,
      "Name": "_WakeUpSignal",
      "Id": [
        0,
        8,
        6
      ],
      "Comment": "",
      "OpcNode": ";s=\"HMI_DB\".\"_WakeUpSignal\"",
      "DbName": "HMI_DB",
      "ByteAdress": 12,
      "BitAdress": 0,
      "DbNumber": 46,
      "PlcMemoryType": "DB",
      "Lengthytes": 1,
      "StartAdressBits": 96,
      "EndAdressBits": 97
    }
  ],
  "KeyName": "HMI_DB_DB46"
}