﻿<?xml version="1.0" encoding="utf-8"?>
<Document>
  <Engineering version="V16" />
  <DocumentInfo>
    <Created>2023-11-13T10:46:13.9985775Z</Created>
    <ExportSetting>WithDefaults</ExportSetting>
    <InstalledProducts>
      <Product>
        <DisplayName>Totally Integrated Automation Portal</DisplayName>
        <DisplayVersion>V16 Update 6</DisplayVersion>
      </Product>
      <OptionPackage>
        <DisplayName>TIA Portal Version Control Interface</DisplayName>
        <DisplayVersion>V16 Update 2</DisplayVersion>
      </OptionPackage>
      <OptionPackage>
        <DisplayName>TIA Portal Openness</DisplayName>
        <DisplayVersion>V16 Update 6</DisplayVersion>
      </OptionPackage>
      <OptionPackage>
        <DisplayName>TIA Portal Teamcenter Gateway</DisplayName>
        <DisplayVersion>V16</DisplayVersion>
      </OptionPackage>
      <Product>
        <DisplayName>SINAMICS Startdrive Advanced</DisplayName>
        <DisplayVersion>V16 Update 5</DisplayVersion>
      </Product>
      <OptionPackage>
        <DisplayName>SINAMICS Startdrive G130, G150, S120, S150, SINAMICS MV, S210</DisplayName>
        <DisplayVersion>V16 Update 5</DisplayVersion>
      </OptionPackage>
      <OptionPackage>
        <DisplayName>SINAMICS Startdrive G110M, G120, G120C, G120D, G120P, G115D</DisplayName>
        <DisplayVersion>V16 Update 5</DisplayVersion>
      </OptionPackage>
      <Product>
        <DisplayName>STEP 7 Professional</DisplayName>
        <DisplayVersion>V16 Update 6</DisplayVersion>
      </Product>
      <OptionPackage>
        <DisplayName>STEP 7 Safety</DisplayName>
        <DisplayVersion>V16</DisplayVersion>
      </OptionPackage>
      <Product>
        <DisplayName>WinCC Advanced / Unified PC</DisplayName>
        <DisplayVersion>V16 Update 6</DisplayVersion>
      </Product>
    </InstalledProducts>
  </DocumentInfo>
  <SW.Blocks.FB ID="0">
    <AttributeList>
      <AutoNumber>true</AutoNumber>
      <HeaderAuthor />
      <HeaderFamily />
      <HeaderName />
      <HeaderVersion>0.1</HeaderVersion>
      <Interface><Sections xmlns="http://www.siemens.com/automation/Openness/SW/Interface/v4">
  <Section Name="Input" />
  <Section Name="Output" />
  <Section Name="InOut">
    <Member Name="IO_EvoStatus" Datatype="&quot;EVO_LABEL_STATUS_UDT&quot;" Accessibility="Public">
      <Sections>
        <Section Name="None">
          <Member Name="online" Datatype="Bool" />
          <Member Name="markerOk" Datatype="Bool" />
          <Member Name="applicatorOk" Datatype="Bool" />
        </Section>
      </Sections>
    </Member>
    <Member Name="IO_Printer" Datatype="&quot;EVO_LABEL_UDT&quot;" Accessibility="Public">
      <Sections>
        <Section Name="None">
          <Member Name="alarms" Datatype="Struct">
            <Member Name="status" Datatype="Word" />
            <Member Name="offline" Datatype="Bool" />
            <Member Name="markerError" Datatype="Bool" />
            <Member Name="applicatorError" Datatype="Bool" />
          </Member>
          <Member Name="name" Datatype="String[20]" />
          <Member Name="zone" Datatype="UInt" />
        </Section>
      </Sections>
    </Member>
  </Section>
  <Section Name="Static">
    <Member Name="alarm" Datatype="&quot;AlarmInfo_UDT&quot;" Remanence="NonRetain" Accessibility="Public"><AttributeList><BooleanAttribute Name="ExternalAccessible" SystemDefined="true">true</BooleanAttribute><BooleanAttribute Name="ExternalVisible" SystemDefined="true">true</BooleanAttribute><BooleanAttribute Name="ExternalWritable" SystemDefined="true">true</BooleanAttribute><BooleanAttribute Name="SetPoint" SystemDefined="true">false</BooleanAttribute></AttributeList><Sections><Section Name="None"><Member Name="info" Datatype="String" /><Member Name="init" Datatype="Bool" /></Section></Sections></Member>
    <Member Name="offline" Datatype="&quot;PLC_IPC_Status_FB&quot;" Accessibility="Public"><AttributeList><BooleanAttribute Name="ExternalAccessible" SystemDefined="true">true</BooleanAttribute><BooleanAttribute Name="ExternalVisible" SystemDefined="true">true</BooleanAttribute><BooleanAttribute Name="ExternalWritable" SystemDefined="true">true</BooleanAttribute><BooleanAttribute Name="SetPoint" SystemDefined="true">true</BooleanAttribute></AttributeList><Sections><Section Name="Input"><Member Name="I_Snooze" Datatype="Bool" /><Member Name="I_delay" Datatype="Time" /><Member Name="I_Reset" Datatype="Bool" /></Section><Section Name="Output"><Member Name="O_Status" Datatype="Bool" /></Section><Section Name="InOut"><Member Name="IO_State" Datatype="Bool" /><Member Name="IO_Alarm" Datatype="Bool" /></Section><Section Name="Static"><Member Name="delay" Datatype="TON_TIME" Version="1.0"><Sections><Section Name="None"><Member Name="PT" Datatype="Time" /><Member Name="ET" Datatype="Time" /><Member Name="IN" Datatype="Bool" /><Member Name="Q" Datatype="Bool" /></Section></Sections></Member></Section></Sections></Member>
    <Member Name="markerError" Datatype="&quot;PLC_IPC_Status_FB&quot;" Accessibility="Public"><AttributeList><BooleanAttribute Name="ExternalAccessible" SystemDefined="true">true</BooleanAttribute><BooleanAttribute Name="ExternalVisible" SystemDefined="true">true</BooleanAttribute><BooleanAttribute Name="ExternalWritable" SystemDefined="true">true</BooleanAttribute><BooleanAttribute Name="SetPoint" SystemDefined="true">true</BooleanAttribute></AttributeList><Sections><Section Name="Input"><Member Name="I_Snooze" Datatype="Bool" /><Member Name="I_delay" Datatype="Time" /><Member Name="I_Reset" Datatype="Bool" /></Section><Section Name="Output"><Member Name="O_Status" Datatype="Bool" /></Section><Section Name="InOut"><Member Name="IO_State" Datatype="Bool" /><Member Name="IO_Alarm" Datatype="Bool" /></Section><Section Name="Static"><Member Name="delay" Datatype="TON_TIME" Version="1.0"><Sections><Section Name="None"><Member Name="PT" Datatype="Time" /><Member Name="ET" Datatype="Time" /><Member Name="IN" Datatype="Bool" /><Member Name="Q" Datatype="Bool" /></Section></Sections></Member></Section></Sections></Member>
    <Member Name="applicatorError" Datatype="&quot;PLC_IPC_Status_FB&quot;" Accessibility="Public"><AttributeList><BooleanAttribute Name="ExternalAccessible" SystemDefined="true">true</BooleanAttribute><BooleanAttribute Name="ExternalVisible" SystemDefined="true">true</BooleanAttribute><BooleanAttribute Name="ExternalWritable" SystemDefined="true">true</BooleanAttribute><BooleanAttribute Name="SetPoint" SystemDefined="true">true</BooleanAttribute></AttributeList><Sections><Section Name="Input"><Member Name="I_Snooze" Datatype="Bool" /><Member Name="I_delay" Datatype="Time" /><Member Name="I_Reset" Datatype="Bool" /></Section><Section Name="Output"><Member Name="O_Status" Datatype="Bool" /></Section><Section Name="InOut"><Member Name="IO_State" Datatype="Bool" /><Member Name="IO_Alarm" Datatype="Bool" /></Section><Section Name="Static"><Member Name="delay" Datatype="TON_TIME" Version="1.0"><Sections><Section Name="None"><Member Name="PT" Datatype="Time" /><Member Name="ET" Datatype="Time" /><Member Name="IN" Datatype="Bool" /><Member Name="Q" Datatype="Bool" /></Section></Sections></Member></Section></Sections></Member>
    <Member Name="alarmOffline" Datatype="Program_Alarm" Version="1.0" Accessibility="Public"><AttributeList><BooleanAttribute Name="ExternalAccessible" SystemDefined="true">true</BooleanAttribute><BooleanAttribute Name="ExternalVisible" SystemDefined="true">true</BooleanAttribute><BooleanAttribute Name="ExternalWritable" SystemDefined="true">true</BooleanAttribute><BooleanAttribute Name="SetPoint" SystemDefined="true">true</BooleanAttribute></AttributeList><Sections><Section Name="Base"><Sections Datatype="ALARM_BASE" Version="1.0"><Section Name="Input" /><Section Name="Output" /><Section Name="InOut" /><Section Name="Static"><Member Name="Alarm_ID" Datatype="Event_ID" Version="1.0"><Sections><Section Name="None"><Member Name="ALID" Datatype="Word" /><Member Name="ARID" Datatype="Word" /></Section></Sections></Member><Member Name="HANDLE" Datatype="DWord" /></Section></Sections></Section><Section Name="Input"><Member Name="SIG" Datatype="Bool" /><Member Name="TIMESTAMP" Datatype="LDT" /><Member Name="SD_1" Datatype="Variant" /><Member Name="SD_2" Datatype="Variant" /><Member Name="SD_3" Datatype="Variant" /><Member Name="SD_4" Datatype="Variant" /><Member Name="SD_5" Datatype="Variant" /><Member Name="SD_6" Datatype="Variant" /><Member Name="SD_7" Datatype="Variant" /><Member Name="SD_8" Datatype="Variant" /><Member Name="SD_9" Datatype="Variant" /><Member Name="SD_10" Datatype="Variant" /></Section><Section Name="Output"><Member Name="Error" Datatype="Bool" /><Member Name="Status" Datatype="Word" /></Section><Section Name="InOut" /><Section Name="Static"><Member Name="SD_0" Datatype="AssocValue_0" Version="1.0"><Sections><Section Name="None"><Member Name="Syntax" Datatype="UInt" /><Member Name="Aap" Datatype="Byte" /></Section></Sections></Member><Member Name="SIG_Edge_History" Datatype="Bool" /><Member Name="INIT_FB_State" Datatype="DWord" /></Section></Sections></Member>
    <Member Name="alarmMarker" Datatype="Program_Alarm" Version="1.0" Accessibility="Public"><AttributeList><BooleanAttribute Name="ExternalAccessible" SystemDefined="true">true</BooleanAttribute><BooleanAttribute Name="ExternalVisible" SystemDefined="true">true</BooleanAttribute><BooleanAttribute Name="ExternalWritable" SystemDefined="true">true</BooleanAttribute><BooleanAttribute Name="SetPoint" SystemDefined="true">true</BooleanAttribute></AttributeList><Sections><Section Name="Base"><Sections Datatype="ALARM_BASE" Version="1.0"><Section Name="Input" /><Section Name="Output" /><Section Name="InOut" /><Section Name="Static"><Member Name="Alarm_ID" Datatype="Event_ID" Version="1.0"><Sections><Section Name="None"><Member Name="ALID" Datatype="Word" /><Member Name="ARID" Datatype="Word" /></Section></Sections></Member><Member Name="HANDLE" Datatype="DWord" /></Section></Sections></Section><Section Name="Input"><Member Name="SIG" Datatype="Bool" /><Member Name="TIMESTAMP" Datatype="LDT" /><Member Name="SD_1" Datatype="Variant" /><Member Name="SD_2" Datatype="Variant" /><Member Name="SD_3" Datatype="Variant" /><Member Name="SD_4" Datatype="Variant" /><Member Name="SD_5" Datatype="Variant" /><Member Name="SD_6" Datatype="Variant" /><Member Name="SD_7" Datatype="Variant" /><Member Name="SD_8" Datatype="Variant" /><Member Name="SD_9" Datatype="Variant" /><Member Name="SD_10" Datatype="Variant" /></Section><Section Name="Output"><Member Name="Error" Datatype="Bool" /><Member Name="Status" Datatype="Word" /></Section><Section Name="InOut" /><Section Name="Static"><Member Name="SD_0" Datatype="AssocValue_0" Version="1.0"><Sections><Section Name="None"><Member Name="Syntax" Datatype="UInt" /><Member Name="Aap" Datatype="Byte" /></Section></Sections></Member><Member Name="SIG_Edge_History" Datatype="Bool" /><Member Name="INIT_FB_State" Datatype="DWord" /></Section></Sections></Member>
    <Member Name="alarmApplicator" Datatype="Program_Alarm" Version="1.0" Accessibility="Public"><AttributeList><BooleanAttribute Name="ExternalAccessible" SystemDefined="true">true</BooleanAttribute><BooleanAttribute Name="ExternalVisible" SystemDefined="true">true</BooleanAttribute><BooleanAttribute Name="ExternalWritable" SystemDefined="true">true</BooleanAttribute><BooleanAttribute Name="SetPoint" SystemDefined="true">true</BooleanAttribute></AttributeList><Sections><Section Name="Base"><Sections Datatype="ALARM_BASE" Version="1.0"><Section Name="Input" /><Section Name="Output" /><Section Name="InOut" /><Section Name="Static"><Member Name="Alarm_ID" Datatype="Event_ID" Version="1.0"><Sections><Section Name="None"><Member Name="ALID" Datatype="Word" /><Member Name="ARID" Datatype="Word" /></Section></Sections></Member><Member Name="HANDLE" Datatype="DWord" /></Section></Sections></Section><Section Name="Input"><Member Name="SIG" Datatype="Bool" /><Member Name="TIMESTAMP" Datatype="LDT" /><Member Name="SD_1" Datatype="Variant" /><Member Name="SD_2" Datatype="Variant" /><Member Name="SD_3" Datatype="Variant" /><Member Name="SD_4" Datatype="Variant" /><Member Name="SD_5" Datatype="Variant" /><Member Name="SD_6" Datatype="Variant" /><Member Name="SD_7" Datatype="Variant" /><Member Name="SD_8" Datatype="Variant" /><Member Name="SD_9" Datatype="Variant" /><Member Name="SD_10" Datatype="Variant" /></Section><Section Name="Output"><Member Name="Error" Datatype="Bool" /><Member Name="Status" Datatype="Word" /></Section><Section Name="InOut" /><Section Name="Static"><Member Name="SD_0" Datatype="AssocValue_0" Version="1.0"><Sections><Section Name="None"><Member Name="Syntax" Datatype="UInt" /><Member Name="Aap" Datatype="Byte" /></Section></Sections></Member><Member Name="SIG_Edge_History" Datatype="Bool" /><Member Name="INIT_FB_State" Datatype="DWord" /></Section></Sections></Member>
  </Section>
  <Section Name="Temp">
    <Member Name="T_Appstate" Datatype="&quot;ApplicationState_UDT&quot;">
      <Sections>
        <Section Name="None">
          <Member Name="Hmi_Buttons" Datatype="&quot;appButtons_UDT&quot;">
            <Sections>
              <Section Name="None">
                <Member Name="reset" Datatype="&quot;HMIButton_UDT&quot;">
                  <Sections>
                    <Section Name="None">
                      <Member Name="SignalFromHMI" Datatype="Bool" />
                      <Member Name="state" Datatype="&quot;SmartBooldt&quot;">
                        <Sections>
                          <Section Name="None">
                            <Member Name="State" Datatype="Bool" />
                            <Member Name="LE" Datatype="Bool" />
                            <Member Name="FE" Datatype="Bool" />
                            <Member Name="sensorTest" Datatype="Bool" />
                            <Member Name="IddleSignal" Datatype="Bool" />
                            <Member Name="testFailed" Datatype="Bool" />
                            <Member Name="Counter" Datatype="UInt" />
                          </Section>
                        </Sections>
                      </Member>
                      <Member Name="colorNumber" Datatype="Int" />
                      <Member Name="Hide" Datatype="Bool" />
                    </Section>
                  </Sections>
                </Member>
                <Member Name="StartAutoMode" Datatype="&quot;HMIButton_UDT&quot;">
                  <Sections>
                    <Section Name="None">
                      <Member Name="SignalFromHMI" Datatype="Bool" />
                      <Member Name="state" Datatype="&quot;SmartBooldt&quot;">
                        <Sections>
                          <Section Name="None">
                            <Member Name="State" Datatype="Bool" />
                            <Member Name="LE" Datatype="Bool" />
                            <Member Name="FE" Datatype="Bool" />
                            <Member Name="sensorTest" Datatype="Bool" />
                            <Member Name="IddleSignal" Datatype="Bool" />
                            <Member Name="testFailed" Datatype="Bool" />
                            <Member Name="Counter" Datatype="UInt" />
                          </Section>
                        </Sections>
                      </Member>
                      <Member Name="colorNumber" Datatype="Int" />
                      <Member Name="Hide" Datatype="Bool" />
                    </Section>
                  </Sections>
                </Member>
                <Member Name="ActivateManualMode" Datatype="&quot;HMIButton_UDT&quot;">
                  <Sections>
                    <Section Name="None">
                      <Member Name="SignalFromHMI" Datatype="Bool" />
                      <Member Name="state" Datatype="&quot;SmartBooldt&quot;">
                        <Sections>
                          <Section Name="None">
                            <Member Name="State" Datatype="Bool" />
                            <Member Name="LE" Datatype="Bool" />
                            <Member Name="FE" Datatype="Bool" />
                            <Member Name="sensorTest" Datatype="Bool" />
                            <Member Name="IddleSignal" Datatype="Bool" />
                            <Member Name="testFailed" Datatype="Bool" />
                            <Member Name="Counter" Datatype="UInt" />
                          </Section>
                        </Sections>
                      </Member>
                      <Member Name="colorNumber" Datatype="Int" />
                      <Member Name="Hide" Datatype="Bool" />
                    </Section>
                  </Sections>
                </Member>
                <Member Name="StopAutoMode" Datatype="&quot;HMIButton_UDT&quot;">
                  <Sections>
                    <Section Name="None">
                      <Member Name="SignalFromHMI" Datatype="Bool" />
                      <Member Name="state" Datatype="&quot;SmartBooldt&quot;">
                        <Sections>
                          <Section Name="None">
                            <Member Name="State" Datatype="Bool" />
                            <Member Name="LE" Datatype="Bool" />
                            <Member Name="FE" Datatype="Bool" />
                            <Member Name="sensorTest" Datatype="Bool" />
                            <Member Name="IddleSignal" Datatype="Bool" />
                            <Member Name="testFailed" Datatype="Bool" />
                            <Member Name="Counter" Datatype="UInt" />
                          </Section>
                        </Sections>
                      </Member>
                      <Member Name="colorNumber" Datatype="Int" />
                      <Member Name="Hide" Datatype="Bool" />
                    </Section>
                  </Sections>
                </Member>
                <Member Name="DeactivateManualMode" Datatype="&quot;HMIButton_UDT&quot;">
                  <Sections>
                    <Section Name="None">
                      <Member Name="SignalFromHMI" Datatype="Bool" />
                      <Member Name="state" Datatype="&quot;SmartBooldt&quot;">
                        <Sections>
                          <Section Name="None">
                            <Member Name="State" Datatype="Bool" />
                            <Member Name="LE" Datatype="Bool" />
                            <Member Name="FE" Datatype="Bool" />
                            <Member Name="sensorTest" Datatype="Bool" />
                            <Member Name="IddleSignal" Datatype="Bool" />
                            <Member Name="testFailed" Datatype="Bool" />
                            <Member Name="Counter" Datatype="UInt" />
                          </Section>
                        </Sections>
                      </Member>
                      <Member Name="colorNumber" Datatype="Int" />
                      <Member Name="Hide" Datatype="Bool" />
                    </Section>
                  </Sections>
                </Member>
                <Member Name="StartEmptyMode" Datatype="&quot;HMIButton_UDT&quot;">
                  <Sections>
                    <Section Name="None">
                      <Member Name="SignalFromHMI" Datatype="Bool" />
                      <Member Name="state" Datatype="&quot;SmartBooldt&quot;">
                        <Sections>
                          <Section Name="None">
                            <Member Name="State" Datatype="Bool" />
                            <Member Name="LE" Datatype="Bool" />
                            <Member Name="FE" Datatype="Bool" />
                            <Member Name="sensorTest" Datatype="Bool" />
                            <Member Name="IddleSignal" Datatype="Bool" />
                            <Member Name="testFailed" Datatype="Bool" />
                            <Member Name="Counter" Datatype="UInt" />
                          </Section>
                        </Sections>
                      </Member>
                      <Member Name="colorNumber" Datatype="Int" />
                      <Member Name="Hide" Datatype="Bool" />
                    </Section>
                  </Sections>
                </Member>
                <Member Name="StopEmptyMode" Datatype="&quot;HMIButton_UDT&quot;">
                  <Sections>
                    <Section Name="None">
                      <Member Name="SignalFromHMI" Datatype="Bool" />
                      <Member Name="state" Datatype="&quot;SmartBooldt&quot;">
                        <Sections>
                          <Section Name="None">
                            <Member Name="State" Datatype="Bool" />
                            <Member Name="LE" Datatype="Bool" />
                            <Member Name="FE" Datatype="Bool" />
                            <Member Name="sensorTest" Datatype="Bool" />
                            <Member Name="IddleSignal" Datatype="Bool" />
                            <Member Name="testFailed" Datatype="Bool" />
                            <Member Name="Counter" Datatype="UInt" />
                          </Section>
                        </Sections>
                      </Member>
                      <Member Name="colorNumber" Datatype="Int" />
                      <Member Name="Hide" Datatype="Bool" />
                    </Section>
                  </Sections>
                </Member>
                <Member Name="ActivateStandby" Datatype="&quot;HMIButton_UDT&quot;">
                  <Sections>
                    <Section Name="None">
                      <Member Name="SignalFromHMI" Datatype="Bool" />
                      <Member Name="state" Datatype="&quot;SmartBooldt&quot;">
                        <Sections>
                          <Section Name="None">
                            <Member Name="State" Datatype="Bool" />
                            <Member Name="LE" Datatype="Bool" />
                            <Member Name="FE" Datatype="Bool" />
                            <Member Name="sensorTest" Datatype="Bool" />
                            <Member Name="IddleSignal" Datatype="Bool" />
                            <Member Name="testFailed" Datatype="Bool" />
                            <Member Name="Counter" Datatype="UInt" />
                          </Section>
                        </Sections>
                      </Member>
                      <Member Name="colorNumber" Datatype="Int" />
                      <Member Name="Hide" Datatype="Bool" />
                    </Section>
                  </Sections>
                </Member>
              </Section>
            </Sections>
          </Member>
          <Member Name="States" Datatype="&quot;appStates_UDT&quot;">
            <Sections>
              <Section Name="None">
                <Member Name="ReadyForAutoMode" Datatype="Bool" />
                <Member Name="ReadyForStandby" Datatype="Bool" />
                <Member Name="RequestingAutoModeOff" Datatype="Bool" />
                <Member Name="Standby" Datatype="&quot;SmartBooldt&quot;">
                  <Sections>
                    <Section Name="None">
                      <Member Name="State" Datatype="Bool" />
                      <Member Name="LE" Datatype="Bool" />
                      <Member Name="FE" Datatype="Bool" />
                      <Member Name="sensorTest" Datatype="Bool" />
                      <Member Name="IddleSignal" Datatype="Bool" />
                      <Member Name="testFailed" Datatype="Bool" />
                      <Member Name="Counter" Datatype="UInt" />
                    </Section>
                  </Sections>
                </Member>
                <Member Name="AutoModeActivated" Datatype="&quot;SmartBooldt&quot;">
                  <Sections>
                    <Section Name="None">
                      <Member Name="State" Datatype="Bool" />
                      <Member Name="LE" Datatype="Bool" />
                      <Member Name="FE" Datatype="Bool" />
                      <Member Name="sensorTest" Datatype="Bool" />
                      <Member Name="IddleSignal" Datatype="Bool" />
                      <Member Name="testFailed" Datatype="Bool" />
                      <Member Name="Counter" Datatype="UInt" />
                    </Section>
                  </Sections>
                </Member>
                <Member Name="ManualModeActivated" Datatype="&quot;SmartBooldt&quot;">
                  <Sections>
                    <Section Name="None">
                      <Member Name="State" Datatype="Bool" />
                      <Member Name="LE" Datatype="Bool" />
                      <Member Name="FE" Datatype="Bool" />
                      <Member Name="sensorTest" Datatype="Bool" />
                      <Member Name="IddleSignal" Datatype="Bool" />
                      <Member Name="testFailed" Datatype="Bool" />
                      <Member Name="Counter" Datatype="UInt" />
                    </Section>
                  </Sections>
                </Member>
                <Member Name="EmptyApplicatoinMode" Datatype="&quot;SmartBooldt&quot;">
                  <Sections>
                    <Section Name="None">
                      <Member Name="State" Datatype="Bool" />
                      <Member Name="LE" Datatype="Bool" />
                      <Member Name="FE" Datatype="Bool" />
                      <Member Name="sensorTest" Datatype="Bool" />
                      <Member Name="IddleSignal" Datatype="Bool" />
                      <Member Name="testFailed" Datatype="Bool" />
                      <Member Name="Counter" Datatype="UInt" />
                    </Section>
                  </Sections>
                </Member>
                <Member Name="EmergencyOk" Datatype="&quot;SmartBooldt&quot;">
                  <Sections>
                    <Section Name="None">
                      <Member Name="State" Datatype="Bool" />
                      <Member Name="LE" Datatype="Bool" />
                      <Member Name="FE" Datatype="Bool" />
                      <Member Name="sensorTest" Datatype="Bool" />
                      <Member Name="IddleSignal" Datatype="Bool" />
                      <Member Name="testFailed" Datatype="Bool" />
                      <Member Name="Counter" Datatype="UInt" />
                    </Section>
                  </Sections>
                </Member>
                <Member Name="ManaulOverrideActive" Datatype="Struct">
                  <Member Name="Internal" Datatype="Bool" />
                  <Member Name="HMI" Datatype="Bool" />
                </Member>
              </Section>
            </Sections>
          </Member>
          <Member Name="Alarms" Datatype="Struct">
            <Member Name="AlarmActiveInternalPLC" Datatype="Bool" />
            <Member Name="AlarmsActiveForHmi" Datatype="Bool" />
          </Member>
        </Section>
      </Sections>
    </Member>
    <Member Name="T_Zone" Datatype="&quot;ZoneInfo&quot;">
      <Sections>
        <Section Name="None">
          <Member Name="AppStateIndex" Datatype="Int" />
          <Member Name="ZoneName" Datatype="String[40]" />
        </Section>
      </Sections>
    </Member>
  </Section>
  <Section Name="Constant" />
</Sections></Interface>
      <IsIECCheckEnabled>false</IsIECCheckEnabled>
      <IsRetainMemResEnabled>false</IsRetainMemResEnabled>
      <MemoryLayout>Optimized</MemoryLayout>
      <MemoryReserve>100</MemoryReserve>
      <Name>EvoLabel_FB</Name>
      <Number>61</Number>
      <ProgrammingLanguage>SCL</ProgrammingLanguage>
      <SetENOAutomatically>false</SetENOAutomatically>
      <UDABlockProperties />
      <UDAEnableTagReadback>false</UDAEnableTagReadback>
    </AttributeList>
    <ObjectList>
      <MultilingualText ID="1" CompositionName="Comment">
        <ObjectList>
          <MultilingualTextItem ID="2" CompositionName="Items">
            <AttributeList>
              <Culture>en-US</Culture>
              <Text />
            </AttributeList>
          </MultilingualTextItem>
          <MultilingualTextItem ID="3" CompositionName="Items">
            <AttributeList>
              <Culture>fr-BE</Culture>
              <Text />
            </AttributeList>
          </MultilingualTextItem>
        </ObjectList>
      </MultilingualText>
      <SW.Blocks.CompileUnit ID="4" CompositionName="CompileUnits">
        <AttributeList>
          <NetworkSource><StructuredText xmlns="http://www.siemens.com/automation/Openness/SW/NetworkSource/StructuredText/v3">
  <Token Text="REGION" UId="21" />
  <Blank Num="1" UId="22" />
  <Text UId="23">STATE</Text>
  <NewLine Num="1" UId="24" />
  <Blank Num="4" UId="25" />
  <Access Scope="LocalVariable" UId="26">
    <Symbol UId="27">
      <Component Name="T_Zone" UId="28" />
    </Symbol>
  </Access>
  <Blank Num="1" UId="29" />
  <Token Text=":=" UId="30" />
  <Blank Num="1" UId="31" />
  <Access Scope="GlobalVariable" UId="32">
    <Symbol UId="33">
      <Component Name="ApplicationState_DB" UId="34" />
      <Token Text="." UId="35" />
      <Component Name="ZoneNames" UId="36">
        <Token Text="[" UId="37" />
        <Access Scope="LocalVariable" UId="38">
          <Symbol UId="39">
            <Component Name="IO_Printer" UId="40" />
            <Token Text="." UId="41" />
            <Component Name="zone" UId="42" />
          </Symbol>
        </Access>
        <Token Text="]" UId="43" />
      </Component>
    </Symbol>
  </Access>
  <Token Text=";" UId="44" />
  <NewLine Num="1" UId="45" />
  <Blank Num="4" UId="46" />
  <Access Scope="LocalVariable" UId="47">
    <Symbol UId="48">
      <Component Name="T_Appstate" UId="49" />
    </Symbol>
  </Access>
  <Blank Num="1" UId="50" />
  <Token Text=":=" UId="51" />
  <Blank Num="1" UId="52" />
  <Access Scope="GlobalVariable" UId="53">
    <Symbol UId="54">
      <Component Name="ApplicationState_DB" UId="55" />
      <Token Text="." UId="56" />
      <Component Name="Appstate" UId="57">
        <Token Text="[" UId="58" />
        <Access Scope="LocalVariable" UId="59">
          <Symbol UId="60">
            <Component Name="T_Zone" UId="61" />
            <Token Text="." UId="62" />
            <Component Name="AppStateIndex" UId="63" />
          </Symbol>
        </Access>
        <Token Text="]" UId="64" />
      </Component>
    </Symbol>
  </Access>
  <Token Text=";" UId="65" />
  <NewLine Num="1" UId="66" />
  <Token Text="END_REGION" UId="67" />
  <NewLine Num="2" UId="68" />
  <Token Text="REGION" UId="69" />
  <Blank Num="1" UId="70" />
  <Text UId="71">Build alarm info</Text>
  <NewLine Num="1" UId="72" />
  <Blank Num="4" UId="73" />
  <NewLine Num="1" UId="74" />
  <Blank Num="4" UId="75" />
  <Token Text="IF" UId="76" />
  <Blank Num="1" UId="77" />
  <Token Text="NOT" UId="78" />
  <Blank Num="1" UId="79" />
  <Access Scope="LocalVariable" UId="80">
    <Symbol UId="81">
      <Component Name="alarm" UId="82" />
      <Token Text="." UId="83" />
      <Component Name="init" UId="84" />
    </Symbol>
  </Access>
  <Blank Num="1" UId="85" />
  <Token Text="OR" UId="86" />
  <Blank Num="1" UId="87" />
  <Access Scope="LocalVariable" UId="88">
    <Symbol UId="89">
      <Component Name="IO_Printer" UId="90" />
      <Token Text="." UId="91" />
      <Component Name="name" UId="92" />
    </Symbol>
  </Access>
  <Blank Num="1" UId="93" />
  <Token Text="=" UId="94" />
  <Blank Num="1" UId="95" />
  <Access Scope="LiteralConstant" UId="96">
    <Constant UId="97">
      <ConstantValue UId="99">''</ConstantValue>
    </Constant>
  </Access>
  <Blank Num="1" UId="100" />
  <Token Text="OR" UId="101" />
  <Blank Num="1" UId="102" />
  <Access Scope="LocalVariable" UId="103">
    <Symbol UId="104">
      <Component Name="alarm" UId="105" />
      <Token Text="." UId="106" />
      <Component Name="info" UId="107" />
    </Symbol>
  </Access>
  <Blank Num="1" UId="108" />
  <Token Text="=" UId="109" />
  <Blank Num="1" UId="110" />
  <Access Scope="LiteralConstant" UId="111">
    <Constant UId="112">
      <ConstantValue UId="114">''</ConstantValue>
    </Constant>
  </Access>
  <Blank Num="1" UId="115" />
  <Token Text="OR" UId="116" />
  <Blank Num="1" UId="117" />
  <Access Scope="GlobalVariable" UId="118">
    <Symbol UId="119">
      <Component Name="HMI_DB" UId="120" />
      <Token Text="." UId="121" />
      <Component Name="ReloadSettings" UId="122" />
      <Token Text="." UId="123" />
      <Component Name="signal" UId="124" />
    </Symbol>
  </Access>
  <Blank Num="1" UId="125" />
  <Token Text="THEN" UId="126" />
  <NewLine Num="1" UId="127" />
  <Blank Num="8" UId="128" />
  <NewLine Num="1" UId="129" />
  <Blank Num="8" UId="130" />
  <Access Scope="LocalVariable" UId="131">
    <Symbol UId="132">
      <Component Name="IO_Printer" UId="133" />
      <Token Text="." UId="134" />
      <Component Name="name" UId="135" />
    </Symbol>
  </Access>
  <Blank Num="1" UId="136" />
  <Token Text=":=" UId="137" />
  <Blank Num="1" UId="138" />
  <Access Scope="Call" UId="139">
    <CallInfo UId="140" BlockType="FC">
      <Instance Scope="GlobalVariable" UId="142">
        <Component Name="buildObjectName" UId="141" />
      </Instance>
      <Token Text="(" UId="143" />
      <Parameter Name="I_Symbolname" UId="144">
        <Blank Num="1" UId="145" />
        <Token Text=":=" UId="146" />
        <Blank Num="1" UId="147" />
        <Access Scope="Call" UId="148">
          <Instruction Name="GetSymbolName" UId="149">
            <Token Text="(" UId="150" />
            <Parameter Name="variable" UId="151">
              <Blank Num="1" UId="152" />
              <Token Text=":=" UId="153" />
              <Blank Num="1" UId="154" />
              <Access Scope="LocalVariable" UId="155">
                <Symbol UId="156">
                  <Component Name="IO_Printer" UId="157" />
                </Symbol>
              </Access>
            </Parameter>
            <Token Text="," UId="158" />
            <Blank Num="1" UId="159" />
            <Parameter Name="size" UId="160">
              <Blank Num="1" UId="161" />
              <Token Text=":=" UId="162" />
              <Blank Num="1" UId="163" />
              <Access Scope="LiteralConstant" UId="164">
                <Constant UId="165">
                  <ConstantValue UId="167">100</ConstantValue>
                </Constant>
              </Access>
            </Parameter>
            <Token Text=")" UId="169" />
          </Instruction>
        </Access>
      </Parameter>
      <Token Text=")" UId="171" />
    </CallInfo>
  </Access>
  <Token Text=";" UId="172" />
  <NewLine Num="1" UId="173" />
  <Blank Num="8" UId="174" />
  <Access Scope="LocalVariable" UId="175">
    <Symbol UId="176">
      <Component Name="alarm" UId="177" />
      <Token Text="." UId="178" />
      <Component Name="info" UId="179" />
    </Symbol>
  </Access>
  <Blank Num="1" UId="180" />
  <Token Text=":=" UId="181" />
  <Blank Num="1" UId="182" />
  <Access Scope="Call" UId="183">
    <CallInfo UId="184" BlockType="FC">
      <Instance Scope="GlobalVariable" UId="186">
        <Component Name="buildAlarmInfo" UId="185" />
      </Instance>
      <Token Text="(" UId="187" />
      <Parameter Name="I_ObjectName" UId="188">
        <Blank Num="1" UId="189" />
        <Token Text=":=" UId="190" />
        <Blank Num="1" UId="191" />
        <Access Scope="LocalVariable" UId="192">
          <Symbol UId="193">
            <Component Name="IO_Printer" UId="194" />
            <Token Text="." UId="195" />
            <Component Name="name" UId="196" />
          </Symbol>
        </Access>
      </Parameter>
      <Token Text="," UId="197" />
      <Blank Num="1" UId="198" />
      <Parameter Name="I_ZoneIndex" UId="199">
        <Blank Num="1" UId="200" />
        <Token Text=":=" UId="201" />
        <Blank Num="1" UId="202" />
        <Access Scope="LocalVariable" UId="203">
          <Symbol UId="204">
            <Component Name="IO_Printer" UId="205" />
            <Token Text="." UId="206" />
            <Component Name="zone" UId="207" />
          </Symbol>
        </Access>
      </Parameter>
      <Token Text="," UId="208" />
      <Blank Num="1" UId="209" />
      <Parameter Name="I_ZoneName" UId="210">
        <Blank Num="1" UId="211" />
        <Token Text=":=" UId="212" />
        <Blank Num="1" UId="213" />
        <Access Scope="LocalVariable" UId="214">
          <Symbol UId="215">
            <Component Name="T_Zone" UId="216" />
            <Token Text="." UId="217" />
            <Component Name="ZoneName" UId="218" />
          </Symbol>
        </Access>
      </Parameter>
      <Token Text=")" UId="220" />
    </CallInfo>
  </Access>
  <Token Text=";" UId="221" />
  <NewLine Num="1" UId="222" />
  <Blank Num="8" UId="223" />
  <Access Scope="LocalVariable" UId="224">
    <Symbol UId="225">
      <Component Name="alarm" UId="226" />
      <Token Text="." UId="227" />
      <Component Name="init" UId="228" />
    </Symbol>
  </Access>
  <Blank Num="1" UId="229" />
  <Token Text=":=" UId="230" />
  <Blank Num="1" UId="231" />
  <Access Scope="LiteralConstant" UId="232">
    <Constant UId="233">
      <ConstantValue UId="235">true</ConstantValue>
    </Constant>
  </Access>
  <Token Text=";" UId="236" />
  <NewLine Num="1" UId="237" />
  <Blank Num="4" UId="238" />
  <Token Text="END_IF" UId="239" />
  <Token Text=";" UId="240" />
  <NewLine Num="1" UId="241" />
  <Blank Num="4" UId="242" />
  <NewLine Num="1" UId="243" />
  <Token Text="END_REGION" UId="244" />
  <NewLine Num="2" UId="245" />
  <Token Text="REGION" UId="246" />
  <Blank Num="1" UId="247" />
  <Text UId="248">ALARMS</Text>
  <NewLine Num="1" UId="249" />
  <Blank Num="4" UId="250" />
  <NewLine Num="1" UId="251" />
  <Blank Num="4" UId="252" />
  <Token Text="REGION" UId="253" />
  <Blank Num="1" UId="254" />
  <Text UId="255">PRINTER OFFLINE X0</Text>
  <NewLine Num="1" UId="256" />
  <Blank Num="8" UId="257" />
  <NewLine Num="1" UId="258" />
  <Blank Num="8" UId="259" />
  <Access Scope="Call" UId="260">
    <CallInfo UId="261" BlockType="FB" Name="PLC_IPC_Status_FB">
      <Instance Scope="LocalVariable" UId="262">
        <Component Name="offline" UId="263" />
      </Instance>
      <Token Text="(" UId="264" />
      <Parameter Name="I_Reset" UId="265">
        <Blank Num="1" UId="266" />
        <Token Text=":=" UId="267" />
        <Blank Num="1" UId="268" />
        <Access Scope="LocalVariable" UId="269">
          <Symbol UId="270">
            <Component Name="T_Appstate" UId="271" />
            <Token Text="." UId="272" />
            <Component Name="Hmi_Buttons" UId="273" />
            <Token Text="." UId="274" />
            <Component Name="reset" UId="275" />
            <Token Text="." UId="276" />
            <Component Name="state" UId="277" />
            <Token Text="." UId="278" />
            <Component Name="LE" UId="279" />
          </Symbol>
        </Access>
      </Parameter>
      <Token Text="," UId="280" />
      <NewLine Num="1" UId="281" />
      <Blank Num="17" UId="282" />
      <Parameter Name="O_Status" UId="283">
        <Blank Num="1" UId="284" />
        <Token Text="=&gt;" UId="285" />
        <Blank Num="1" UId="286" />
        <Access Scope="LocalVariable" UId="287">
          <Symbol UId="288">
            <Component Name="IO_Printer" UId="289" />
            <Token Text="." UId="290" />
            <Component Name="alarms" UId="291" />
            <Token Text="." UId="292" />
            <Component Name="status" UId="293" />
            <Token Text="." UId="294" />
            <Token Text="%X0" UId="295" />
          </Symbol>
        </Access>
      </Parameter>
      <Token Text="," UId="296" />
      <NewLine Num="1" UId="297" />
      <Blank Num="17" UId="298" />
      <Parameter Name="IO_State" UId="299">
        <Blank Num="1" UId="300" />
        <Token Text=":=" UId="301" />
        <Blank Num="1" UId="302" />
        <Access Scope="LocalVariable" UId="303">
          <Symbol UId="304">
            <Component Name="IO_EvoStatus" UId="305" />
            <Token Text="." UId="306" />
            <Component Name="online" UId="307" />
          </Symbol>
        </Access>
      </Parameter>
      <Token Text="," UId="308" />
      <NewLine Num="1" UId="309" />
      <Blank Num="17" UId="310" />
      <Parameter Name="IO_Alarm" UId="311">
        <Blank Num="1" UId="312" />
        <Token Text=":=" UId="313" />
        <Blank Num="1" UId="314" />
        <Access Scope="LocalVariable" UId="315">
          <Symbol UId="316">
            <Component Name="IO_Printer" UId="317" />
            <Token Text="." UId="318" />
            <Component Name="alarms" UId="319" />
            <Token Text="." UId="320" />
            <Component Name="offline" UId="321" />
          </Symbol>
        </Access>
      </Parameter>
      <Token Text=")" UId="324" />
    </CallInfo>
  </Access>
  <Token Text=";" UId="325" />
  <NewLine Num="1" UId="326" />
  <Blank Num="8" UId="327" />
  <NewLine Num="1" UId="328" />
  <Blank Num="8" UId="329" />
  <Access Scope="LocalVariable" UId="330">
    <Symbol UId="331">
      <Component Name="alarmOffline" UId="332" />
    </Symbol>
  </Access>
  <Access Scope="Call" UId="333">
    <Instruction UId="334">
      <Token Text="(" UId="335" />
      <Parameter Name="SIG" UId="336">
        <Blank Num="1" UId="337" />
        <Token Text=":=" UId="338" />
        <Blank Num="1" UId="339" />
        <Access Scope="LocalVariable" UId="340">
          <Symbol UId="341">
            <Component Name="IO_Printer" UId="342" />
            <Token Text="." UId="343" />
            <Component Name="alarms" UId="344" />
            <Token Text="." UId="345" />
            <Component Name="offline" UId="346" />
          </Symbol>
        </Access>
      </Parameter>
      <Token Text="," UId="347" />
      <NewLine Num="1" UId="348" />
      <Blank Num="22" UId="349" />
      <Parameter Name="SD_1" UId="350">
        <Blank Num="1" UId="351" />
        <Token Text=":=" UId="352" />
        <Blank Num="1" UId="353" />
        <Access Scope="LocalVariable" UId="354">
          <Symbol UId="355">
            <Component Name="IO_Printer" UId="356" />
            <Token Text="." UId="357" />
            <Component Name="name" UId="358" />
          </Symbol>
        </Access>
      </Parameter>
      <Token Text="," UId="359" />
      <NewLine Num="1" UId="360" />
      <Blank Num="22" UId="361" />
      <Parameter Name="SD_2" UId="362">
        <Blank Num="1" UId="363" />
        <Token Text=":=" UId="364" />
        <Blank Num="1" UId="365" />
        <Access Scope="LocalVariable" UId="366">
          <Symbol UId="367">
            <Component Name="T_Zone" UId="368" />
            <Token Text="." UId="369" />
            <Component Name="ZoneName" UId="370" />
          </Symbol>
        </Access>
      </Parameter>
      <Token Text="," UId="371" />
      <NewLine Num="1" UId="372" />
      <Blank Num="22" UId="373" />
      <Parameter Name="SD_3" UId="374">
        <Blank Num="1" UId="375" />
        <Token Text=":=" UId="376" />
        <Blank Num="1" UId="377" />
        <Access Scope="LocalVariable" UId="378">
          <Symbol UId="379">
            <Component Name="alarm" UId="380" />
            <Token Text="." UId="381" />
            <Component Name="info" UId="382" />
          </Symbol>
        </Access>
      </Parameter>
      <Token Text=")" UId="383" />
    </Instruction>
  </Access>
  <Token Text=";" UId="384" />
  <NewLine Num="1" UId="385" />
  <Blank Num="8" UId="386" />
  <NewLine Num="1" UId="387" />
  <Blank Num="4" UId="388" />
  <Token Text="END_REGION" UId="389" />
  <NewLine Num="1" UId="390" />
  <Blank Num="4" UId="391" />
  <NewLine Num="1" UId="392" />
  <Blank Num="4" UId="393" />
  <Token Text="REGION" UId="394" />
  <Blank Num="1" UId="395" />
  <Text UId="396">PRINTER MARKER X1</Text>
  <NewLine Num="1" UId="397" />
  <Blank Num="8" UId="398" />
  <NewLine Num="1" UId="399" />
  <Blank Num="8" UId="400" />
  <Access Scope="Call" UId="401">
    <CallInfo UId="402" BlockType="FB" Name="PLC_IPC_Status_FB">
      <Instance Scope="LocalVariable" UId="403">
        <Component Name="markerError" UId="404" />
      </Instance>
      <Token Text="(" UId="405" />
      <Parameter Name="I_Snooze" UId="406">
        <Blank Num="1" UId="407" />
        <Token Text=":=" UId="408" />
        <Blank Num="1" UId="409" />
        <Token Text="NOT" UId="410" />
        <Blank Num="1" UId="411" />
        <Access Scope="LocalVariable" UId="412">
          <Symbol UId="413">
            <Component Name="IO_EvoStatus" UId="414" />
            <Token Text="." UId="415" />
            <Component Name="online" UId="416" />
          </Symbol>
        </Access>
      </Parameter>
      <Token Text="," UId="417" />
      <NewLine Num="1" UId="418" />
      <Blank Num="21" UId="419" />
      <Parameter Name="I_Reset" UId="420">
        <Blank Num="1" UId="421" />
        <Token Text=":=" UId="422" />
        <Blank Num="1" UId="423" />
        <Access Scope="LocalVariable" UId="424">
          <Symbol UId="425">
            <Component Name="T_Appstate" UId="426" />
            <Token Text="." UId="427" />
            <Component Name="Hmi_Buttons" UId="428" />
            <Token Text="." UId="429" />
            <Component Name="reset" UId="430" />
            <Token Text="." UId="431" />
            <Component Name="state" UId="432" />
            <Token Text="." UId="433" />
            <Component Name="LE" UId="434" />
          </Symbol>
        </Access>
      </Parameter>
      <Token Text="," UId="435" />
      <NewLine Num="1" UId="436" />
      <Blank Num="21" UId="437" />
      <Parameter Name="O_Status" UId="438">
        <Blank Num="1" UId="439" />
        <Token Text="=&gt;" UId="440" />
        <Blank Num="1" UId="441" />
        <Access Scope="LocalVariable" UId="442">
          <Symbol UId="443">
            <Component Name="IO_Printer" UId="444" />
            <Token Text="." UId="445" />
            <Component Name="alarms" UId="446" />
            <Token Text="." UId="447" />
            <Component Name="status" UId="448" />
            <Token Text="." UId="449" />
            <Token Text="%X1" UId="450" />
          </Symbol>
        </Access>
      </Parameter>
      <Token Text="," UId="451" />
      <NewLine Num="1" UId="452" />
      <Blank Num="21" UId="453" />
      <Parameter Name="IO_State" UId="454">
        <Blank Num="1" UId="455" />
        <Token Text=":=" UId="456" />
        <Blank Num="1" UId="457" />
        <Access Scope="LocalVariable" UId="458">
          <Symbol UId="459">
            <Component Name="IO_EvoStatus" UId="460" />
            <Token Text="." UId="461" />
            <Component Name="markerOk" UId="462" />
          </Symbol>
        </Access>
      </Parameter>
      <Token Text="," UId="463" />
      <NewLine Num="1" UId="464" />
      <Blank Num="21" UId="465" />
      <Parameter Name="IO_Alarm" UId="466">
        <Blank Num="1" UId="467" />
        <Token Text=":=" UId="468" />
        <Blank Num="1" UId="469" />
        <Access Scope="LocalVariable" UId="470">
          <Symbol UId="471">
            <Component Name="IO_Printer" UId="472" />
            <Token Text="." UId="473" />
            <Component Name="alarms" UId="474" />
            <Token Text="." UId="475" />
            <Component Name="markerError" UId="476" />
          </Symbol>
        </Access>
      </Parameter>
      <Token Text=")" UId="478" />
    </CallInfo>
  </Access>
  <Token Text=";" UId="479" />
  <NewLine Num="1" UId="480" />
  <Blank Num="8" UId="481" />
  <NewLine Num="1" UId="482" />
  <Blank Num="8" UId="483" />
  <Access Scope="LocalVariable" UId="484">
    <Symbol UId="485">
      <Component Name="alarmMarker" UId="486" />
    </Symbol>
  </Access>
  <Access Scope="Call" UId="487">
    <Instruction UId="488">
      <Token Text="(" UId="489" />
      <Parameter Name="SIG" UId="490">
        <Blank Num="1" UId="491" />
        <Token Text=":=" UId="492" />
        <Blank Num="1" UId="493" />
        <Access Scope="LocalVariable" UId="494">
          <Symbol UId="495">
            <Component Name="IO_Printer" UId="496" />
            <Token Text="." UId="497" />
            <Component Name="alarms" UId="498" />
            <Token Text="." UId="499" />
            <Component Name="markerError" UId="500" />
          </Symbol>
        </Access>
      </Parameter>
      <Token Text="," UId="501" />
      <NewLine Num="1" UId="502" />
      <Blank Num="21" UId="503" />
      <Parameter Name="SD_1" UId="504">
        <Blank Num="1" UId="505" />
        <Token Text=":=" UId="506" />
        <Blank Num="1" UId="507" />
        <Access Scope="LocalVariable" UId="508">
          <Symbol UId="509">
            <Component Name="IO_Printer" UId="510" />
            <Token Text="." UId="511" />
            <Component Name="name" UId="512" />
          </Symbol>
        </Access>
      </Parameter>
      <Token Text="," UId="513" />
      <NewLine Num="1" UId="514" />
      <Blank Num="21" UId="515" />
      <Parameter Name="SD_2" UId="516">
        <Blank Num="1" UId="517" />
        <Token Text=":=" UId="518" />
        <Blank Num="1" UId="519" />
        <Access Scope="LocalVariable" UId="520">
          <Symbol UId="521">
            <Component Name="T_Zone" UId="522" />
            <Token Text="." UId="523" />
            <Component Name="ZoneName" UId="524" />
          </Symbol>
        </Access>
      </Parameter>
      <Token Text="," UId="525" />
      <NewLine Num="1" UId="526" />
      <Blank Num="21" UId="527" />
      <Parameter Name="SD_3" UId="528">
        <Blank Num="1" UId="529" />
        <Token Text=":=" UId="530" />
        <Blank Num="1" UId="531" />
        <Access Scope="LocalVariable" UId="532">
          <Symbol UId="533">
            <Component Name="alarm" UId="534" />
            <Token Text="." UId="535" />
            <Component Name="info" UId="536" />
          </Symbol>
        </Access>
      </Parameter>
      <Token Text=")" UId="537" />
    </Instruction>
  </Access>
  <Token Text=";" UId="538" />
  <NewLine Num="1" UId="539" />
  <Blank Num="8" UId="540" />
  <NewLine Num="1" UId="541" />
  <Blank Num="4" UId="542" />
  <Token Text="END_REGION" UId="543" />
  <NewLine Num="1" UId="544" />
  <Blank Num="4" UId="545" />
  <NewLine Num="1" UId="546" />
  <Blank Num="4" UId="547" />
  <Token Text="REGION" UId="548" />
  <Blank Num="1" UId="549" />
  <Text UId="550">PRINTER APPLICATOR X2</Text>
  <NewLine Num="1" UId="551" />
  <Blank Num="8" UId="552" />
  <NewLine Num="1" UId="553" />
  <Blank Num="8" UId="554" />
  <Access Scope="Call" UId="555">
    <CallInfo UId="556" BlockType="FB" Name="PLC_IPC_Status_FB">
      <Instance Scope="LocalVariable" UId="557">
        <Component Name="applicatorError" UId="558" />
      </Instance>
      <Token Text="(" UId="559" />
      <Parameter Name="I_Snooze" UId="560">
        <Blank Num="1" UId="561" />
        <Token Text=":=" UId="562" />
        <Blank Num="1" UId="563" />
        <Token Text="NOT" UId="564" />
        <Blank Num="1" UId="565" />
        <Access Scope="LocalVariable" UId="566">
          <Symbol UId="567">
            <Component Name="IO_EvoStatus" UId="568" />
            <Token Text="." UId="569" />
            <Component Name="online" UId="570" />
          </Symbol>
        </Access>
      </Parameter>
      <Token Text="," UId="571" />
      <NewLine Num="1" UId="572" />
      <Blank Num="25" UId="573" />
      <Parameter Name="I_Reset" UId="574">
        <Blank Num="1" UId="575" />
        <Token Text=":=" UId="576" />
        <Blank Num="1" UId="577" />
        <Access Scope="LocalVariable" UId="578">
          <Symbol UId="579">
            <Component Name="T_Appstate" UId="580" />
            <Token Text="." UId="581" />
            <Component Name="Hmi_Buttons" UId="582" />
            <Token Text="." UId="583" />
            <Component Name="reset" UId="584" />
            <Token Text="." UId="585" />
            <Component Name="state" UId="586" />
            <Token Text="." UId="587" />
            <Component Name="LE" UId="588" />
          </Symbol>
        </Access>
      </Parameter>
      <Token Text="," UId="589" />
      <NewLine Num="1" UId="590" />
      <Blank Num="25" UId="591" />
      <Parameter Name="O_Status" UId="592">
        <Blank Num="1" UId="593" />
        <Token Text="=&gt;" UId="594" />
        <Blank Num="1" UId="595" />
        <Access Scope="LocalVariable" UId="596">
          <Symbol UId="597">
            <Component Name="IO_Printer" UId="598" />
            <Token Text="." UId="599" />
            <Component Name="alarms" UId="600" />
            <Token Text="." UId="601" />
            <Component Name="status" UId="602" />
            <Token Text="." UId="603" />
            <Token Text="%X2" UId="604" />
          </Symbol>
        </Access>
      </Parameter>
      <Token Text="," UId="605" />
      <NewLine Num="1" UId="606" />
      <Blank Num="25" UId="607" />
      <Parameter Name="IO_State" UId="608">
        <Blank Num="1" UId="609" />
        <Token Text=":=" UId="610" />
        <Blank Num="1" UId="611" />
        <Access Scope="LocalVariable" UId="612">
          <Symbol UId="613">
            <Component Name="IO_EvoStatus" UId="614" />
            <Token Text="." UId="615" />
            <Component Name="applicatorOk" UId="616" />
          </Symbol>
        </Access>
      </Parameter>
      <Token Text="," UId="617" />
      <NewLine Num="1" UId="618" />
      <Blank Num="25" UId="619" />
      <Parameter Name="IO_Alarm" UId="620">
        <Blank Num="1" UId="621" />
        <Token Text=":=" UId="622" />
        <Blank Num="1" UId="623" />
        <Access Scope="LocalVariable" UId="624">
          <Symbol UId="625">
            <Component Name="IO_Printer" UId="626" />
            <Token Text="." UId="627" />
            <Component Name="alarms" UId="628" />
            <Token Text="." UId="629" />
            <Component Name="applicatorError" UId="630" />
          </Symbol>
        </Access>
      </Parameter>
      <Token Text=")" UId="632" />
    </CallInfo>
  </Access>
  <Token Text=";" UId="633" />
  <NewLine Num="1" UId="634" />
  <Blank Num="8" UId="635" />
  <NewLine Num="1" UId="636" />
  <Blank Num="8" UId="637" />
  <Access Scope="LocalVariable" UId="638">
    <Symbol UId="639">
      <Component Name="alarmApplicator" UId="640" />
    </Symbol>
  </Access>
  <Access Scope="Call" UId="641">
    <Instruction UId="642">
      <Token Text="(" UId="643" />
      <Parameter Name="SIG" UId="644">
        <Blank Num="1" UId="645" />
        <Token Text=":=" UId="646" />
        <Blank Num="1" UId="647" />
        <Access Scope="LocalVariable" UId="648">
          <Symbol UId="649">
            <Component Name="IO_Printer" UId="650" />
            <Token Text="." UId="651" />
            <Component Name="alarms" UId="652" />
            <Token Text="." UId="653" />
            <Component Name="applicatorError" UId="654" />
          </Symbol>
        </Access>
      </Parameter>
      <Token Text="," UId="655" />
      <NewLine Num="1" UId="656" />
      <Blank Num="25" UId="657" />
      <Parameter Name="SD_1" UId="658">
        <Blank Num="1" UId="659" />
        <Token Text=":=" UId="660" />
        <Blank Num="1" UId="661" />
        <Access Scope="LocalVariable" UId="662">
          <Symbol UId="663">
            <Component Name="IO_Printer" UId="664" />
            <Token Text="." UId="665" />
            <Component Name="name" UId="666" />
          </Symbol>
        </Access>
      </Parameter>
      <Token Text="," UId="667" />
      <NewLine Num="1" UId="668" />
      <Blank Num="25" UId="669" />
      <Parameter Name="SD_2" UId="670">
        <Blank Num="1" UId="671" />
        <Token Text=":=" UId="672" />
        <Blank Num="1" UId="673" />
        <Access Scope="LocalVariable" UId="674">
          <Symbol UId="675">
            <Component Name="T_Zone" UId="676" />
            <Token Text="." UId="677" />
            <Component Name="ZoneName" UId="678" />
          </Symbol>
        </Access>
      </Parameter>
      <Token Text="," UId="679" />
      <NewLine Num="1" UId="680" />
      <Blank Num="25" UId="681" />
      <Parameter Name="SD_3" UId="682">
        <Blank Num="1" UId="683" />
        <Token Text=":=" UId="684" />
        <Blank Num="1" UId="685" />
        <Access Scope="LocalVariable" UId="686">
          <Symbol UId="687">
            <Component Name="alarm" UId="688" />
            <Token Text="." UId="689" />
            <Component Name="info" UId="690" />
          </Symbol>
        </Access>
      </Parameter>
      <Token Text=")" UId="691" />
    </Instruction>
  </Access>
  <Token Text=";" UId="692" />
  <NewLine Num="1" UId="693" />
  <Blank Num="8" UId="694" />
  <NewLine Num="1" UId="695" />
  <Blank Num="4" UId="696" />
  <Token Text="END_REGION" UId="697" />
  <NewLine Num="1" UId="698" />
  <Blank Num="4" UId="699" />
  <NewLine Num="1" UId="700" />
  <Blank Num="4" UId="701" />
  <NewLine Num="1" UId="702" />
  <Blank Num="4" UId="703" />
  <Token Text="IF" UId="704" />
  <Blank Num="1" UId="705" />
  <Access Scope="LocalVariable" UId="706">
    <Symbol UId="707">
      <Component Name="IO_Printer" UId="708" />
      <Token Text="." UId="709" />
      <Component Name="alarms" UId="710" />
      <Token Text="." UId="711" />
      <Component Name="status" UId="712" />
    </Symbol>
  </Access>
  <Blank Num="1" UId="713" />
  <Token Text="&gt;" UId="714" />
  <Blank Num="1" UId="715" />
  <Access Scope="LiteralConstant" UId="716">
    <Constant UId="717">
      <ConstantValue UId="719">0</ConstantValue>
    </Constant>
  </Access>
  <Blank Num="1" UId="720" />
  <Token Text="THEN" UId="721" />
  <NewLine Num="1" UId="722" />
  <Blank Num="8" UId="723" />
  <Access Scope="GlobalVariable" UId="724">
    <Symbol UId="725">
      <Component Name="ApplicationState_DB" UId="726" />
      <Token Text="." UId="727" />
      <Component Name="Appstate" UId="728">
        <Token Text="[" UId="729" />
        <Access Scope="LocalVariable" UId="730">
          <Symbol UId="731">
            <Component Name="T_Zone" UId="732" />
            <Token Text="." UId="733" />
            <Component Name="AppStateIndex" UId="734" />
          </Symbol>
        </Access>
        <Token Text="]" UId="735" />
      </Component>
      <Token Text="." UId="736" />
      <Component Name="Alarms" UId="737" />
      <Token Text="." UId="738" />
      <Component Name="AlarmActiveInternalPLC" UId="739" />
    </Symbol>
  </Access>
  <Blank Num="1" UId="740" />
  <Token Text=":=" UId="741" />
  <Blank Num="1" UId="742" />
  <Access Scope="LiteralConstant" UId="743">
    <Constant UId="744">
      <ConstantValue UId="746">1</ConstantValue>
    </Constant>
  </Access>
  <Token Text=";" UId="747" />
  <NewLine Num="1" UId="748" />
  <Blank Num="4" UId="749" />
  <Token Text="END_IF" UId="750" />
  <Token Text=";" UId="751" />
  <NewLine Num="1" UId="752" />
  <Blank Num="4" UId="753" />
  <NewLine Num="1" UId="754" />
  <Token Text="END_REGION" UId="755" />
</StructuredText></NetworkSource>
          <ProgrammingLanguage>SCL</ProgrammingLanguage>
        </AttributeList>
        <ObjectList>
          <MultilingualText ID="5" CompositionName="Comment">
            <ObjectList>
              <MultilingualTextItem ID="6" CompositionName="Items">
                <AttributeList>
                  <Culture>en-US</Culture>
                  <Text />
                </AttributeList>
              </MultilingualTextItem>
              <MultilingualTextItem ID="7" CompositionName="Items">
                <AttributeList>
                  <Culture>fr-BE</Culture>
                  <Text />
                </AttributeList>
              </MultilingualTextItem>
            </ObjectList>
          </MultilingualText>
          <MultilingualText ID="8" CompositionName="Title">
            <ObjectList>
              <MultilingualTextItem ID="9" CompositionName="Items">
                <AttributeList>
                  <Culture>en-US</Culture>
                  <Text />
                </AttributeList>
              </MultilingualTextItem>
              <MultilingualTextItem ID="A" CompositionName="Items">
                <AttributeList>
                  <Culture>fr-BE</Culture>
                  <Text />
                </AttributeList>
              </MultilingualTextItem>
            </ObjectList>
          </MultilingualText>
        </ObjectList>
      </SW.Blocks.CompileUnit>
      <MultilingualText ID="B" CompositionName="Title">
        <ObjectList>
          <MultilingualTextItem ID="C" CompositionName="Items">
            <AttributeList>
              <Culture>en-US</Culture>
              <Text />
            </AttributeList>
          </MultilingualTextItem>
          <MultilingualTextItem ID="D" CompositionName="Items">
            <AttributeList>
              <Culture>fr-BE</Culture>
              <Text />
            </AttributeList>
          </MultilingualTextItem>
        </ObjectList>
      </MultilingualText>
    </ObjectList>
  </SW.Blocks.FB>
</Document>