﻿<?xml version="1.0" encoding="utf-8"?>
<Document>
  <Engineering version="V16" />
  <DocumentInfo>
    <Created>2023-11-13T10:46:14.0373854Z</Created>
    <ExportSetting>WithDefaults</ExportSetting>
    <InstalledProducts>
      <Product>
        <DisplayName>Totally Integrated Automation Portal</DisplayName>
        <DisplayVersion>V16 Update 6</DisplayVersion>
      </Product>
      <OptionPackage>
        <DisplayName>TIA Portal Version Control Interface</DisplayName>
        <DisplayVersion>V16 Update 2</DisplayVersion>
      </OptionPackage>
      <OptionPackage>
        <DisplayName>TIA Portal Openness</DisplayName>
        <DisplayVersion>V16 Update 6</DisplayVersion>
      </OptionPackage>
      <OptionPackage>
        <DisplayName>TIA Portal Teamcenter Gateway</DisplayName>
        <DisplayVersion>V16</DisplayVersion>
      </OptionPackage>
      <Product>
        <DisplayName>SINAMICS Startdrive Advanced</DisplayName>
        <DisplayVersion>V16 Update 5</DisplayVersion>
      </Product>
      <OptionPackage>
        <DisplayName>SINAMICS Startdrive G130, G150, S120, S150, SINAMICS MV, S210</DisplayName>
        <DisplayVersion>V16 Update 5</DisplayVersion>
      </OptionPackage>
      <OptionPackage>
        <DisplayName>SINAMICS Startdrive G110M, G120, G120C, G120D, G120P, G115D</DisplayName>
        <DisplayVersion>V16 Update 5</DisplayVersion>
      </OptionPackage>
      <Product>
        <DisplayName>STEP 7 Professional</DisplayName>
        <DisplayVersion>V16 Update 6</DisplayVersion>
      </Product>
      <OptionPackage>
        <DisplayName>STEP 7 Safety</DisplayName>
        <DisplayVersion>V16</DisplayVersion>
      </OptionPackage>
      <Product>
        <DisplayName>WinCC Advanced / Unified PC</DisplayName>
        <DisplayVersion>V16 Update 6</DisplayVersion>
      </Product>
    </InstalledProducts>
  </DocumentInfo>
  <SW.Blocks.FB ID="0">
    <AttributeList>
      <AutoNumber>true</AutoNumber>
      <HeaderAuthor />
      <HeaderFamily />
      <HeaderName />
      <HeaderVersion>0.1</HeaderVersion>
      <Interface><Sections xmlns="http://www.siemens.com/automation/Openness/SW/Interface/v4">
  <Section Name="Input">
    <Member Name="I_Snooze" Datatype="Bool" Remanence="NonRetain" Accessibility="Public"><AttributeList><BooleanAttribute Name="ExternalAccessible" SystemDefined="true">true</BooleanAttribute><BooleanAttribute Name="ExternalVisible" SystemDefined="true">true</BooleanAttribute><BooleanAttribute Name="ExternalWritable" SystemDefined="true">true</BooleanAttribute></AttributeList></Member>
    <Member Name="I_delay" Datatype="Time" Remanence="NonRetain" Accessibility="Public"><AttributeList><BooleanAttribute Name="ExternalAccessible" SystemDefined="true">true</BooleanAttribute><BooleanAttribute Name="ExternalVisible" SystemDefined="true">true</BooleanAttribute><BooleanAttribute Name="ExternalWritable" SystemDefined="true">true</BooleanAttribute></AttributeList><StartValue>t#10s</StartValue></Member>
    <Member Name="I_Reset" Datatype="Bool" Remanence="NonRetain" Accessibility="Public"><AttributeList><BooleanAttribute Name="ExternalAccessible" SystemDefined="true">true</BooleanAttribute><BooleanAttribute Name="ExternalVisible" SystemDefined="true">true</BooleanAttribute><BooleanAttribute Name="ExternalWritable" SystemDefined="true">true</BooleanAttribute></AttributeList></Member>
  </Section>
  <Section Name="Output">
    <Member Name="O_Status" Datatype="Bool" Remanence="NonRetain" Accessibility="Public"><AttributeList><BooleanAttribute Name="ExternalAccessible" SystemDefined="true">true</BooleanAttribute><BooleanAttribute Name="ExternalVisible" SystemDefined="true">true</BooleanAttribute><BooleanAttribute Name="ExternalWritable" SystemDefined="true">true</BooleanAttribute></AttributeList></Member>
  </Section>
  <Section Name="InOut">
    <Member Name="IO_State" Datatype="Bool" Remanence="NonRetain" Accessibility="Public"><AttributeList><BooleanAttribute Name="ExternalAccessible" SystemDefined="true">true</BooleanAttribute><BooleanAttribute Name="ExternalVisible" SystemDefined="true">true</BooleanAttribute><BooleanAttribute Name="ExternalWritable" SystemDefined="true">true</BooleanAttribute></AttributeList></Member>
    <Member Name="IO_Alarm" Datatype="Bool" Remanence="NonRetain" Accessibility="Public"><AttributeList><BooleanAttribute Name="ExternalAccessible" SystemDefined="true">true</BooleanAttribute><BooleanAttribute Name="ExternalVisible" SystemDefined="true">true</BooleanAttribute><BooleanAttribute Name="ExternalWritable" SystemDefined="true">true</BooleanAttribute></AttributeList></Member>
  </Section>
  <Section Name="Static">
    <Member Name="delay" Datatype="TON_TIME" Version="1.0" Remanence="NonRetain" Accessibility="Public"><AttributeList><BooleanAttribute Name="ExternalAccessible" SystemDefined="true">true</BooleanAttribute><BooleanAttribute Name="ExternalVisible" SystemDefined="true">true</BooleanAttribute><BooleanAttribute Name="ExternalWritable" SystemDefined="true">true</BooleanAttribute><BooleanAttribute Name="SetPoint" SystemDefined="true">false</BooleanAttribute></AttributeList><Sections><Section Name="None"><Member Name="PT" Datatype="Time" /><Member Name="ET" Datatype="Time" /><Member Name="IN" Datatype="Bool" /><Member Name="Q" Datatype="Bool" /></Section></Sections></Member>
  </Section>
  <Section Name="Temp" />
  <Section Name="Constant" />
</Sections></Interface>
      <IsIECCheckEnabled>false</IsIECCheckEnabled>
      <IsRetainMemResEnabled>false</IsRetainMemResEnabled>
      <MemoryLayout>Optimized</MemoryLayout>
      <MemoryReserve>100</MemoryReserve>
      <Name>PLC_IPC_Status_FB</Name>
      <Number>62</Number>
      <ProgrammingLanguage>SCL</ProgrammingLanguage>
      <SetENOAutomatically>false</SetENOAutomatically>
      <UDABlockProperties />
      <UDAEnableTagReadback>false</UDAEnableTagReadback>
    </AttributeList>
    <ObjectList>
      <MultilingualText ID="1" CompositionName="Comment">
        <ObjectList>
          <MultilingualTextItem ID="2" CompositionName="Items">
            <AttributeList>
              <Culture>en-US</Culture>
              <Text />
            </AttributeList>
          </MultilingualTextItem>
          <MultilingualTextItem ID="3" CompositionName="Items">
            <AttributeList>
              <Culture>fr-BE</Culture>
              <Text />
            </AttributeList>
          </MultilingualTextItem>
        </ObjectList>
      </MultilingualText>
      <SW.Blocks.CompileUnit ID="4" CompositionName="CompileUnits">
        <AttributeList>
          <NetworkSource><StructuredText xmlns="http://www.siemens.com/automation/Openness/SW/NetworkSource/StructuredText/v3">
  <Access Scope="LocalVariable" UId="21">
    <Symbol UId="22">
      <Component Name="delay" UId="23" />
    </Symbol>
  </Access>
  <Access Scope="Call" UId="24">
    <Instruction UId="25">
      <Token Text="(" UId="26" />
      <Parameter Name="IN" UId="27">
        <Token Text=":=" UId="28" />
        <Token Text="NOT" UId="29" />
        <Blank Num="1" UId="30" />
        <Access Scope="LocalVariable" UId="31">
          <Symbol UId="32">
            <Component Name="IO_State" UId="33" />
          </Symbol>
        </Access>
      </Parameter>
      <Token Text="," UId="34" />
      <NewLine Num="1" UId="35" />
      <Blank Num="7" UId="36" />
      <Parameter Name="PT" UId="37">
        <Token Text=":=" UId="38" />
        <Access Scope="LocalVariable" UId="39">
          <Symbol UId="40">
            <Component Name="I_delay" UId="41" />
          </Symbol>
        </Access>
      </Parameter>
      <Token Text=")" UId="42" />
    </Instruction>
  </Access>
  <Token Text=";" UId="43" />
  <NewLine Num="3" UId="44" />
  <Token Text="IF" UId="45" />
  <Blank Num="1" UId="46" />
  <Access Scope="LocalVariable" UId="47">
    <Symbol UId="48">
      <Component Name="IO_State" UId="49" />
    </Symbol>
  </Access>
  <Blank Num="1" UId="50" />
  <Token Text="THEN" UId="51" />
  <NewLine Num="1" UId="52" />
  <Blank Num="4" UId="53" />
  <Access Scope="Call" UId="54">
    <Instruction Name="RESET_TIMER" UId="55">
      <Token Text="(" UId="56" />
      <NamelessParameter UId="57">
        <Access Scope="LocalVariable" UId="58">
          <Symbol UId="59">
            <Component Name="delay" UId="60" />
          </Symbol>
        </Access>
      </NamelessParameter>
      <Token Text=")" UId="61" />
    </Instruction>
  </Access>
  <Token Text=";" UId="62" />
  <NewLine Num="1" UId="63" />
  <Blank Num="4" UId="64" />
  <Access Scope="LocalVariable" UId="65">
    <Symbol UId="66">
      <Component Name="IO_State" UId="67" />
    </Symbol>
  </Access>
  <Blank Num="1" UId="68" />
  <Token Text=":=" UId="69" />
  <Blank Num="1" UId="70" />
  <Access Scope="LiteralConstant" UId="71">
    <Constant UId="72">
      <ConstantValue UId="74">FALSE</ConstantValue>
    </Constant>
  </Access>
  <Token Text=";" UId="75" />
  <NewLine Num="1" UId="76" />
  <Token Text="END_IF" UId="77" />
  <Token Text=";" UId="78" />
  <NewLine Num="2" UId="79" />
  <Token Text="IF" UId="80" />
  <Blank Num="1" UId="81" />
  <Access Scope="LocalVariable" UId="82">
    <Symbol UId="83">
      <Component Name="delay" UId="84" />
      <Token Text="." UId="85" />
      <Component Name="Q" UId="86" />
    </Symbol>
  </Access>
  <Blank Num="1" UId="87" />
  <Token Text="THEN" UId="88" />
  <NewLine Num="1" UId="89" />
  <Blank Num="4" UId="90" />
  <Access Scope="LocalVariable" UId="91">
    <Symbol UId="92">
      <Component Name="IO_Alarm" UId="93" />
    </Symbol>
  </Access>
  <Blank Num="1" UId="94" />
  <Token Text=":=" UId="95" />
  <Blank Num="1" UId="96" />
  <Access Scope="LiteralConstant" UId="97">
    <Constant UId="98">
      <ConstantValue UId="100">TRUE</ConstantValue>
    </Constant>
  </Access>
  <Token Text=";" UId="101" />
  <NewLine Num="1" UId="102" />
  <Token Text="END_IF" UId="103" />
  <Token Text=";" UId="104" />
  <NewLine Num="2" UId="105" />
  <Token Text="IF" UId="106" />
  <Blank Num="1" UId="107" />
  <Token Text="(" UId="108" />
  <Access Scope="LocalVariable" UId="109">
    <Symbol UId="110">
      <Component Name="I_Reset" UId="111" />
    </Symbol>
  </Access>
  <Blank Num="1" UId="112" />
  <Token Text="AND" UId="113" />
  <Blank Num="1" UId="114" />
  <Access Scope="LocalVariable" UId="115">
    <Symbol UId="116">
      <Component Name="IO_Alarm" UId="117" />
    </Symbol>
  </Access>
  <Token Text=")" UId="118" />
  <Blank Num="1" UId="119" />
  <Token Text="OR" UId="120" />
  <Blank Num="1" UId="121" />
  <Access Scope="LocalVariable" UId="122">
    <Symbol UId="123">
      <Component Name="I_Snooze" UId="124" />
    </Symbol>
  </Access>
  <Blank Num="1" UId="125" />
  <Token Text="THEN" UId="126" />
  <NewLine Num="1" UId="127" />
  <Blank Num="4" UId="128" />
  <Access Scope="LocalVariable" UId="129">
    <Symbol UId="130">
      <Component Name="IO_Alarm" UId="131" />
    </Symbol>
  </Access>
  <Blank Num="1" UId="132" />
  <Token Text=":=" UId="133" />
  <Blank Num="1" UId="134" />
  <Access Scope="LiteralConstant" UId="135">
    <Constant UId="136">
      <ConstantValue UId="138">FALSE</ConstantValue>
    </Constant>
  </Access>
  <Token Text=";" UId="139" />
  <NewLine Num="1" UId="140" />
  <Token Text="END_IF" UId="141" />
  <Token Text=";" UId="142" />
  <NewLine Num="2" UId="143" />
  <Access Scope="LocalVariable" UId="144">
    <Symbol UId="145">
      <Component Name="O_Status" UId="146" />
    </Symbol>
  </Access>
  <Blank Num="1" UId="147" />
  <Token Text=":=" UId="148" />
  <Blank Num="1" UId="149" />
  <Access Scope="LocalVariable" UId="150">
    <Symbol UId="151">
      <Component Name="IO_Alarm" UId="152" />
    </Symbol>
  </Access>
  <Token Text=";" UId="153" />
  <NewLine Num="1" UId="154" />
  <Blank Num="4" UId="155" />
  <NewLine Num="1" UId="156" />
</StructuredText></NetworkSource>
          <ProgrammingLanguage>SCL</ProgrammingLanguage>
        </AttributeList>
        <ObjectList>
          <MultilingualText ID="5" CompositionName="Comment">
            <ObjectList>
              <MultilingualTextItem ID="6" CompositionName="Items">
                <AttributeList>
                  <Culture>en-US</Culture>
                  <Text />
                </AttributeList>
              </MultilingualTextItem>
              <MultilingualTextItem ID="7" CompositionName="Items">
                <AttributeList>
                  <Culture>fr-BE</Culture>
                  <Text />
                </AttributeList>
              </MultilingualTextItem>
            </ObjectList>
          </MultilingualText>
          <MultilingualText ID="8" CompositionName="Title">
            <ObjectList>
              <MultilingualTextItem ID="9" CompositionName="Items">
                <AttributeList>
                  <Culture>en-US</Culture>
                  <Text />
                </AttributeList>
              </MultilingualTextItem>
              <MultilingualTextItem ID="A" CompositionName="Items">
                <AttributeList>
                  <Culture>fr-BE</Culture>
                  <Text />
                </AttributeList>
              </MultilingualTextItem>
            </ObjectList>
          </MultilingualText>
        </ObjectList>
      </SW.Blocks.CompileUnit>
      <MultilingualText ID="B" CompositionName="Title">
        <ObjectList>
          <MultilingualTextItem ID="C" CompositionName="Items">
            <AttributeList>
              <Culture>en-US</Culture>
              <Text />
            </AttributeList>
          </MultilingualTextItem>
          <MultilingualTextItem ID="D" CompositionName="Items">
            <AttributeList>
              <Culture>fr-BE</Culture>
              <Text />
            </AttributeList>
          </MultilingualTextItem>
        </ObjectList>
      </MultilingualText>
    </ObjectList>
  </SW.Blocks.FB>
</Document>