﻿<?xml version="1.0" encoding="utf-8"?>
<Document>
  <Engineering version="V16" />
  <DocumentInfo>
    <Created>2023-11-13T10:46:16.9366813Z</Created>
    <ExportSetting>WithDefaults</ExportSetting>
    <InstalledProducts>
      <Product>
        <DisplayName>Totally Integrated Automation Portal</DisplayName>
        <DisplayVersion>V16 Update 6</DisplayVersion>
      </Product>
      <OptionPackage>
        <DisplayName>TIA Portal Version Control Interface</DisplayName>
        <DisplayVersion>V16 Update 2</DisplayVersion>
      </OptionPackage>
      <OptionPackage>
        <DisplayName>TIA Portal Openness</DisplayName>
        <DisplayVersion>V16 Update 6</DisplayVersion>
      </OptionPackage>
      <OptionPackage>
        <DisplayName>TIA Portal Teamcenter Gateway</DisplayName>
        <DisplayVersion>V16</DisplayVersion>
      </OptionPackage>
      <Product>
        <DisplayName>SINAMICS Startdrive Advanced</DisplayName>
        <DisplayVersion>V16 Update 5</DisplayVersion>
      </Product>
      <OptionPackage>
        <DisplayName>SINAMICS Startdrive G130, G150, S120, S150, SINAMICS MV, S210</DisplayName>
        <DisplayVersion>V16 Update 5</DisplayVersion>
      </OptionPackage>
      <OptionPackage>
        <DisplayName>SINAMICS Startdrive G110M, G120, G120C, G120D, G120P, G115D</DisplayName>
        <DisplayVersion>V16 Update 5</DisplayVersion>
      </OptionPackage>
      <Product>
        <DisplayName>STEP 7 Professional</DisplayName>
        <DisplayVersion>V16 Update 6</DisplayVersion>
      </Product>
      <OptionPackage>
        <DisplayName>STEP 7 Safety</DisplayName>
        <DisplayVersion>V16</DisplayVersion>
      </OptionPackage>
      <Product>
        <DisplayName>WinCC Advanced / Unified PC</DisplayName>
        <DisplayVersion>V16 Update 6</DisplayVersion>
      </Product>
    </InstalledProducts>
  </DocumentInfo>
  <SW.Blocks.GlobalDB ID="0">
    <AttributeList>
      <AutoNumber>true</AutoNumber>
      <DBAccessibleFromOPCUA>true</DBAccessibleFromOPCUA>
      <HeaderAuthor />
      <HeaderFamily />
      <HeaderName />
      <HeaderVersion>0.1</HeaderVersion>
      <Interface><Sections xmlns="http://www.siemens.com/automation/Openness/SW/Interface/v4">
  <Section Name="Static">
    <Member Name="dummy" Datatype="&quot;COGNEX_DATAMAN_LOGIC_UDT&quot;" Remanence="NonRetain" Accessibility="Public"><AttributeList><BooleanAttribute Name="ExternalAccessible" SystemDefined="true">true</BooleanAttribute><BooleanAttribute Name="ExternalVisible" SystemDefined="true">true</BooleanAttribute><BooleanAttribute Name="ExternalWritable" SystemDefined="true">true</BooleanAttribute><BooleanAttribute Name="SetPoint" SystemDefined="true">false</BooleanAttribute></AttributeList><Sections><Section Name="None"><Member Name="Cmd" Datatype="Struct"><Member Name="Reset" Datatype="Bool" /><Member Name="ScanAuto" Datatype="Bool" /><Member Name="ScanManual" Datatype="Bool" /></Member><Member Name="Status" Datatype="Struct"><Member Name="ReadyForNewScan" Datatype="Bool" /><Member Name="ReqDone" Datatype="Bool" /><Member Name="ReqBusy" Datatype="Bool" /><Member Name="ManualModeActive" Datatype="Bool" /></Member><Member Name="Alarms" Datatype="Struct"><Member Name="NotConnected" Datatype="&quot;HmiAlarm&quot;"><Sections><Section Name="None"><Member Name="Active" Datatype="Bool" /><Member Name="Acknowledge" Datatype="Bool" /><Member Name="type" Datatype="Int" /></Section></Sections></Member><Member Name="TimeOutReading" Datatype="&quot;HmiAlarm&quot;"><Sections><Section Name="None"><Member Name="Active" Datatype="Bool" /><Member Name="Acknowledge" Datatype="Bool" /><Member Name="type" Datatype="Int" /></Section></Sections></Member><Member Name="TriggerGuard" Datatype="&quot;HmiAlarm&quot;"><Sections><Section Name="None"><Member Name="Active" Datatype="Bool" /><Member Name="Acknowledge" Datatype="Bool" /><Member Name="type" Datatype="Int" /></Section></Sections></Member><Member Name="ErrorFromScanner" Datatype="&quot;HmiAlarm&quot;"><Sections><Section Name="None"><Member Name="Active" Datatype="Bool" /><Member Name="Acknowledge" Datatype="Bool" /><Member Name="type" Datatype="Int" /></Section></Sections></Member><Member Name="SerialBufferOverFlow" Datatype="&quot;HmiAlarm&quot;"><Sections><Section Name="None"><Member Name="Active" Datatype="Bool" /><Member Name="Acknowledge" Datatype="Bool" /><Member Name="type" Datatype="Int" /></Section></Sections></Member><Member Name="status" Datatype="Word" /></Member><Member Name="DiagNostic" Datatype="Struct"><Member Name="GoodReads" Datatype="UDInt" /><Member Name="BadReads" Datatype="UDInt" /><Member Name="TimeOuts" Datatype="UDInt" /><Member Name="MissedTrigger" Datatype="UDInt" /><Member Name="OutOfSync" Datatype="UDInt" /><Member Name="Scans" Datatype="UDInt" /><Member Name="ParsingTime" Datatype="Time" /></Member><Member Name="Settings" Datatype="Struct"><Member Name="OnDelay" Datatype="Time" /><Member Name="OffDelay" Datatype="Time" /><Member Name="TimeOut" Datatype="Time" /></Member><Member Name="ReadingResult" Datatype="Struct"><Member Name="NewResult_Pulse" Datatype="Bool" /><Member Name="GoodRead" Datatype="Bool" /><Member Name="BadRead" Datatype="Bool" /><Member Name="TimeOut" Datatype="Bool" /><Member Name="MissedTrigger" Datatype="Bool" /><Member Name="OutOfSync" Datatype="Bool" /><Member Name="Barcode" Datatype="String[136]" /><Member Name="GoodRead_Pulse" Datatype="Bool" /><Member Name="BadRead_Pulse" Datatype="Bool" /><Member Name="TimeOut_Pulse" Datatype="Bool" /><Member Name="MissedTrigger_Pulse" Datatype="Bool" /><Member Name="OutOfSync_Pulse" Datatype="Bool" /><Member Name="Barcode_Pulse" Datatype="String[136]" /><Member Name="Counter" Datatype="USInt" /><Member Name="Length" Datatype="Int" /><Member Name="chars" Datatype="Array[1..136] of Char" /></Member><Member Name="Tracking" Datatype="&quot;Tracking_UDT&quot;"><Sections><Section Name="None"><Member Name="ID" Datatype="UInt" /><Member Name="Barcode" Datatype="String" /><Member Name="GoodRead" Datatype="Bool" /><Member Name="DestinationReceived" Datatype="Bool" /><Member Name="TargetConveyor" Datatype="Int" /><Member Name="MESDestination" Datatype="Int" /><Member Name="Position" Datatype="Struct"><Member Name="EncoderLocation" Datatype="Real" /><Member Name="ExitIndex" Datatype="UInt" /></Member></Section></Sections></Member><Member Name="Zone" Datatype="Int" /><Member Name="Name" Datatype="String[40]" /></Section></Sections></Member>
    <Member Name="SCAN_102" Datatype="&quot;COGNEX_DATAMAN_LOGIC_UDT&quot;" Remanence="NonRetain" Accessibility="Public"><AttributeList><BooleanAttribute Name="ExternalAccessible" SystemDefined="true">true</BooleanAttribute><BooleanAttribute Name="ExternalVisible" SystemDefined="true">true</BooleanAttribute><BooleanAttribute Name="ExternalWritable" SystemDefined="true">true</BooleanAttribute><BooleanAttribute Name="SetPoint" SystemDefined="true">false</BooleanAttribute></AttributeList><Sections><Section Name="None"><Member Name="Cmd" Datatype="Struct"><Member Name="Reset" Datatype="Bool" /><Member Name="ScanAuto" Datatype="Bool" /><Member Name="ScanManual" Datatype="Bool" /></Member><Member Name="Status" Datatype="Struct"><Member Name="ReadyForNewScan" Datatype="Bool" /><Member Name="ReqDone" Datatype="Bool" /><Member Name="ReqBusy" Datatype="Bool" /><Member Name="ManualModeActive" Datatype="Bool" /></Member><Member Name="Alarms" Datatype="Struct"><Member Name="NotConnected" Datatype="&quot;HmiAlarm&quot;"><Sections><Section Name="None"><Member Name="Active" Datatype="Bool" /><Member Name="Acknowledge" Datatype="Bool" /><Member Name="type" Datatype="Int" /></Section></Sections></Member><Member Name="TimeOutReading" Datatype="&quot;HmiAlarm&quot;"><Sections><Section Name="None"><Member Name="Active" Datatype="Bool" /><Member Name="Acknowledge" Datatype="Bool" /><Member Name="type" Datatype="Int" /></Section></Sections></Member><Member Name="TriggerGuard" Datatype="&quot;HmiAlarm&quot;"><Sections><Section Name="None"><Member Name="Active" Datatype="Bool" /><Member Name="Acknowledge" Datatype="Bool" /><Member Name="type" Datatype="Int" /></Section></Sections></Member><Member Name="ErrorFromScanner" Datatype="&quot;HmiAlarm&quot;"><Sections><Section Name="None"><Member Name="Active" Datatype="Bool" /><Member Name="Acknowledge" Datatype="Bool" /><Member Name="type" Datatype="Int" /></Section></Sections></Member><Member Name="SerialBufferOverFlow" Datatype="&quot;HmiAlarm&quot;"><Sections><Section Name="None"><Member Name="Active" Datatype="Bool" /><Member Name="Acknowledge" Datatype="Bool" /><Member Name="type" Datatype="Int" /></Section></Sections></Member><Member Name="status" Datatype="Word" /></Member><Member Name="DiagNostic" Datatype="Struct"><Member Name="GoodReads" Datatype="UDInt" /><Member Name="BadReads" Datatype="UDInt" /><Member Name="TimeOuts" Datatype="UDInt" /><Member Name="MissedTrigger" Datatype="UDInt" /><Member Name="OutOfSync" Datatype="UDInt" /><Member Name="Scans" Datatype="UDInt" /><Member Name="ParsingTime" Datatype="Time" /></Member><Member Name="Settings" Datatype="Struct"><Member Name="OnDelay" Datatype="Time" /><Member Name="OffDelay" Datatype="Time"><StartValue>T#500MS</StartValue></Member><Member Name="TimeOut" Datatype="Time" /></Member><Member Name="ReadingResult" Datatype="Struct"><Member Name="NewResult_Pulse" Datatype="Bool" /><Member Name="GoodRead" Datatype="Bool" /><Member Name="BadRead" Datatype="Bool" /><Member Name="TimeOut" Datatype="Bool" /><Member Name="MissedTrigger" Datatype="Bool" /><Member Name="OutOfSync" Datatype="Bool" /><Member Name="Barcode" Datatype="String[136]" /><Member Name="GoodRead_Pulse" Datatype="Bool" /><Member Name="BadRead_Pulse" Datatype="Bool" /><Member Name="TimeOut_Pulse" Datatype="Bool" /><Member Name="MissedTrigger_Pulse" Datatype="Bool" /><Member Name="OutOfSync_Pulse" Datatype="Bool" /><Member Name="Barcode_Pulse" Datatype="String[136]" /><Member Name="Counter" Datatype="USInt" /><Member Name="Length" Datatype="Int" /><Member Name="chars" Datatype="Array[1..136] of Char" /></Member><Member Name="Tracking" Datatype="&quot;Tracking_UDT&quot;"><Sections><Section Name="None"><Member Name="ID" Datatype="UInt" /><Member Name="Barcode" Datatype="String" /><Member Name="GoodRead" Datatype="Bool" /><Member Name="DestinationReceived" Datatype="Bool" /><Member Name="TargetConveyor" Datatype="Int" /><Member Name="MESDestination" Datatype="Int" /><Member Name="Position" Datatype="Struct"><Member Name="EncoderLocation" Datatype="Real" /><Member Name="ExitIndex" Datatype="UInt" /></Member></Section></Sections></Member><Member Name="Zone" Datatype="Int" /><Member Name="Name" Datatype="String[40]" /></Section></Sections></Member>
    <Member Name="SCAN_102B" Datatype="&quot;COGNEX_DATAMAN_LOGIC_UDT&quot;" Remanence="NonRetain" Accessibility="Public"><AttributeList><BooleanAttribute Name="ExternalAccessible" SystemDefined="true">true</BooleanAttribute><BooleanAttribute Name="ExternalVisible" SystemDefined="true">true</BooleanAttribute><BooleanAttribute Name="ExternalWritable" SystemDefined="true">true</BooleanAttribute><BooleanAttribute Name="SetPoint" SystemDefined="true">true</BooleanAttribute></AttributeList><Sections><Section Name="None"><Member Name="Cmd" Datatype="Struct"><Member Name="Reset" Datatype="Bool" /><Member Name="ScanAuto" Datatype="Bool" /><Member Name="ScanManual" Datatype="Bool" /></Member><Member Name="Status" Datatype="Struct"><Member Name="ReadyForNewScan" Datatype="Bool" /><Member Name="ReqDone" Datatype="Bool" /><Member Name="ReqBusy" Datatype="Bool" /><Member Name="ManualModeActive" Datatype="Bool" /></Member><Member Name="Alarms" Datatype="Struct"><Member Name="NotConnected" Datatype="&quot;HmiAlarm&quot;"><Sections><Section Name="None"><Member Name="Active" Datatype="Bool" /><Member Name="Acknowledge" Datatype="Bool" /><Member Name="type" Datatype="Int" /></Section></Sections></Member><Member Name="TimeOutReading" Datatype="&quot;HmiAlarm&quot;"><Sections><Section Name="None"><Member Name="Active" Datatype="Bool" /><Member Name="Acknowledge" Datatype="Bool" /><Member Name="type" Datatype="Int" /></Section></Sections></Member><Member Name="TriggerGuard" Datatype="&quot;HmiAlarm&quot;"><Sections><Section Name="None"><Member Name="Active" Datatype="Bool" /><Member Name="Acknowledge" Datatype="Bool" /><Member Name="type" Datatype="Int" /></Section></Sections></Member><Member Name="ErrorFromScanner" Datatype="&quot;HmiAlarm&quot;"><Sections><Section Name="None"><Member Name="Active" Datatype="Bool" /><Member Name="Acknowledge" Datatype="Bool" /><Member Name="type" Datatype="Int" /></Section></Sections></Member><Member Name="SerialBufferOverFlow" Datatype="&quot;HmiAlarm&quot;"><Sections><Section Name="None"><Member Name="Active" Datatype="Bool" /><Member Name="Acknowledge" Datatype="Bool" /><Member Name="type" Datatype="Int" /></Section></Sections></Member><Member Name="status" Datatype="Word" /></Member><Member Name="DiagNostic" Datatype="Struct"><Member Name="GoodReads" Datatype="UDInt" /><Member Name="BadReads" Datatype="UDInt" /><Member Name="TimeOuts" Datatype="UDInt" /><Member Name="MissedTrigger" Datatype="UDInt" /><Member Name="OutOfSync" Datatype="UDInt" /><Member Name="Scans" Datatype="UDInt" /><Member Name="ParsingTime" Datatype="Time" /></Member><Member Name="Settings" Datatype="Struct"><Member Name="OnDelay" Datatype="Time" /><Member Name="OffDelay" Datatype="Time" /><Member Name="TimeOut" Datatype="Time" /></Member><Member Name="ReadingResult" Datatype="Struct"><Member Name="NewResult_Pulse" Datatype="Bool" /><Member Name="GoodRead" Datatype="Bool" /><Member Name="BadRead" Datatype="Bool" /><Member Name="TimeOut" Datatype="Bool" /><Member Name="MissedTrigger" Datatype="Bool" /><Member Name="OutOfSync" Datatype="Bool" /><Member Name="Barcode" Datatype="String[136]" /><Member Name="GoodRead_Pulse" Datatype="Bool" /><Member Name="BadRead_Pulse" Datatype="Bool" /><Member Name="TimeOut_Pulse" Datatype="Bool" /><Member Name="MissedTrigger_Pulse" Datatype="Bool" /><Member Name="OutOfSync_Pulse" Datatype="Bool" /><Member Name="Barcode_Pulse" Datatype="String[136]" /><Member Name="Counter" Datatype="USInt" /><Member Name="Length" Datatype="Int" /><Member Name="chars" Datatype="Array[1..136] of Char" /></Member><Member Name="Tracking" Datatype="&quot;Tracking_UDT&quot;"><Sections><Section Name="None"><Member Name="ID" Datatype="UInt" /><Member Name="Barcode" Datatype="String" /><Member Name="GoodRead" Datatype="Bool" /><Member Name="DestinationReceived" Datatype="Bool" /><Member Name="TargetConveyor" Datatype="Int" /><Member Name="MESDestination" Datatype="Int" /><Member Name="Position" Datatype="Struct"><Member Name="EncoderLocation" Datatype="Real" /><Member Name="ExitIndex" Datatype="UInt" /></Member></Section></Sections></Member><Member Name="Zone" Datatype="Int" /><Member Name="Name" Datatype="String[40]" /></Section></Sections></Member>
    <Member Name="SCAN_221" Datatype="&quot;COGNEX_DATAMAN_LOGIC_UDT&quot;" Remanence="NonRetain" Accessibility="Public"><AttributeList><BooleanAttribute Name="ExternalAccessible" SystemDefined="true">true</BooleanAttribute><BooleanAttribute Name="ExternalVisible" SystemDefined="true">true</BooleanAttribute><BooleanAttribute Name="ExternalWritable" SystemDefined="true">true</BooleanAttribute><BooleanAttribute Name="SetPoint" SystemDefined="true">false</BooleanAttribute></AttributeList><Sections><Section Name="None"><Member Name="Cmd" Datatype="Struct"><Member Name="Reset" Datatype="Bool" /><Member Name="ScanAuto" Datatype="Bool" /><Member Name="ScanManual" Datatype="Bool" /></Member><Member Name="Status" Datatype="Struct"><Member Name="ReadyForNewScan" Datatype="Bool" /><Member Name="ReqDone" Datatype="Bool" /><Member Name="ReqBusy" Datatype="Bool" /><Member Name="ManualModeActive" Datatype="Bool" /></Member><Member Name="Alarms" Datatype="Struct"><Member Name="NotConnected" Datatype="&quot;HmiAlarm&quot;"><Sections><Section Name="None"><Member Name="Active" Datatype="Bool" /><Member Name="Acknowledge" Datatype="Bool" /><Member Name="type" Datatype="Int" /></Section></Sections></Member><Member Name="TimeOutReading" Datatype="&quot;HmiAlarm&quot;"><Sections><Section Name="None"><Member Name="Active" Datatype="Bool" /><Member Name="Acknowledge" Datatype="Bool" /><Member Name="type" Datatype="Int" /></Section></Sections></Member><Member Name="TriggerGuard" Datatype="&quot;HmiAlarm&quot;"><Sections><Section Name="None"><Member Name="Active" Datatype="Bool" /><Member Name="Acknowledge" Datatype="Bool" /><Member Name="type" Datatype="Int" /></Section></Sections></Member><Member Name="ErrorFromScanner" Datatype="&quot;HmiAlarm&quot;"><Sections><Section Name="None"><Member Name="Active" Datatype="Bool" /><Member Name="Acknowledge" Datatype="Bool" /><Member Name="type" Datatype="Int" /></Section></Sections></Member><Member Name="SerialBufferOverFlow" Datatype="&quot;HmiAlarm&quot;"><Sections><Section Name="None"><Member Name="Active" Datatype="Bool" /><Member Name="Acknowledge" Datatype="Bool" /><Member Name="type" Datatype="Int" /></Section></Sections></Member><Member Name="status" Datatype="Word" /></Member><Member Name="DiagNostic" Datatype="Struct"><Member Name="GoodReads" Datatype="UDInt" /><Member Name="BadReads" Datatype="UDInt" /><Member Name="TimeOuts" Datatype="UDInt" /><Member Name="MissedTrigger" Datatype="UDInt" /><Member Name="OutOfSync" Datatype="UDInt" /><Member Name="Scans" Datatype="UDInt" /><Member Name="ParsingTime" Datatype="Time" /></Member><Member Name="Settings" Datatype="Struct"><Member Name="OnDelay" Datatype="Time"><StartValue>T#250MS</StartValue></Member><Member Name="OffDelay" Datatype="Time"><StartValue>T#750MS</StartValue></Member><Member Name="TimeOut" Datatype="Time" /></Member><Member Name="ReadingResult" Datatype="Struct"><Member Name="NewResult_Pulse" Datatype="Bool" /><Member Name="GoodRead" Datatype="Bool" /><Member Name="BadRead" Datatype="Bool" /><Member Name="TimeOut" Datatype="Bool" /><Member Name="MissedTrigger" Datatype="Bool" /><Member Name="OutOfSync" Datatype="Bool" /><Member Name="Barcode" Datatype="String[136]" /><Member Name="GoodRead_Pulse" Datatype="Bool" /><Member Name="BadRead_Pulse" Datatype="Bool" /><Member Name="TimeOut_Pulse" Datatype="Bool" /><Member Name="MissedTrigger_Pulse" Datatype="Bool" /><Member Name="OutOfSync_Pulse" Datatype="Bool" /><Member Name="Barcode_Pulse" Datatype="String[136]" /><Member Name="Counter" Datatype="USInt" /><Member Name="Length" Datatype="Int" /><Member Name="chars" Datatype="Array[1..136] of Char" /></Member><Member Name="Tracking" Datatype="&quot;Tracking_UDT&quot;"><Sections><Section Name="None"><Member Name="ID" Datatype="UInt" /><Member Name="Barcode" Datatype="String" /><Member Name="GoodRead" Datatype="Bool" /><Member Name="DestinationReceived" Datatype="Bool" /><Member Name="TargetConveyor" Datatype="Int" /><Member Name="MESDestination" Datatype="Int" /><Member Name="Position" Datatype="Struct"><Member Name="EncoderLocation" Datatype="Real" /><Member Name="ExitIndex" Datatype="UInt" /></Member></Section></Sections></Member><Member Name="Zone" Datatype="Int" /><Member Name="Name" Datatype="String[40]" /></Section></Sections></Member>
    <Member Name="SCAN_231" Datatype="&quot;COGNEX_DATAMAN_LOGIC_UDT&quot;" Remanence="NonRetain" Accessibility="Public"><AttributeList><BooleanAttribute Name="ExternalAccessible" SystemDefined="true">true</BooleanAttribute><BooleanAttribute Name="ExternalVisible" SystemDefined="true">true</BooleanAttribute><BooleanAttribute Name="ExternalWritable" SystemDefined="true">true</BooleanAttribute><BooleanAttribute Name="SetPoint" SystemDefined="true">false</BooleanAttribute></AttributeList><Sections><Section Name="None"><Member Name="Cmd" Datatype="Struct"><Member Name="Reset" Datatype="Bool" /><Member Name="ScanAuto" Datatype="Bool" /><Member Name="ScanManual" Datatype="Bool" /></Member><Member Name="Status" Datatype="Struct"><Member Name="ReadyForNewScan" Datatype="Bool" /><Member Name="ReqDone" Datatype="Bool" /><Member Name="ReqBusy" Datatype="Bool" /><Member Name="ManualModeActive" Datatype="Bool" /></Member><Member Name="Alarms" Datatype="Struct"><Member Name="NotConnected" Datatype="&quot;HmiAlarm&quot;"><Sections><Section Name="None"><Member Name="Active" Datatype="Bool" /><Member Name="Acknowledge" Datatype="Bool" /><Member Name="type" Datatype="Int" /></Section></Sections></Member><Member Name="TimeOutReading" Datatype="&quot;HmiAlarm&quot;"><Sections><Section Name="None"><Member Name="Active" Datatype="Bool" /><Member Name="Acknowledge" Datatype="Bool" /><Member Name="type" Datatype="Int" /></Section></Sections></Member><Member Name="TriggerGuard" Datatype="&quot;HmiAlarm&quot;"><Sections><Section Name="None"><Member Name="Active" Datatype="Bool" /><Member Name="Acknowledge" Datatype="Bool" /><Member Name="type" Datatype="Int" /></Section></Sections></Member><Member Name="ErrorFromScanner" Datatype="&quot;HmiAlarm&quot;"><Sections><Section Name="None"><Member Name="Active" Datatype="Bool" /><Member Name="Acknowledge" Datatype="Bool" /><Member Name="type" Datatype="Int" /></Section></Sections></Member><Member Name="SerialBufferOverFlow" Datatype="&quot;HmiAlarm&quot;"><Sections><Section Name="None"><Member Name="Active" Datatype="Bool" /><Member Name="Acknowledge" Datatype="Bool" /><Member Name="type" Datatype="Int" /></Section></Sections></Member><Member Name="status" Datatype="Word" /></Member><Member Name="DiagNostic" Datatype="Struct"><Member Name="GoodReads" Datatype="UDInt" /><Member Name="BadReads" Datatype="UDInt" /><Member Name="TimeOuts" Datatype="UDInt" /><Member Name="MissedTrigger" Datatype="UDInt" /><Member Name="OutOfSync" Datatype="UDInt" /><Member Name="Scans" Datatype="UDInt" /><Member Name="ParsingTime" Datatype="Time" /></Member><Member Name="Settings" Datatype="Struct"><Member Name="OnDelay" Datatype="Time" /><Member Name="OffDelay" Datatype="Time"><StartValue>T#2S</StartValue></Member><Member Name="TimeOut" Datatype="Time" /></Member><Member Name="ReadingResult" Datatype="Struct"><Member Name="NewResult_Pulse" Datatype="Bool" /><Member Name="GoodRead" Datatype="Bool" /><Member Name="BadRead" Datatype="Bool" /><Member Name="TimeOut" Datatype="Bool" /><Member Name="MissedTrigger" Datatype="Bool" /><Member Name="OutOfSync" Datatype="Bool" /><Member Name="Barcode" Datatype="String[136]" /><Member Name="GoodRead_Pulse" Datatype="Bool" /><Member Name="BadRead_Pulse" Datatype="Bool" /><Member Name="TimeOut_Pulse" Datatype="Bool" /><Member Name="MissedTrigger_Pulse" Datatype="Bool" /><Member Name="OutOfSync_Pulse" Datatype="Bool" /><Member Name="Barcode_Pulse" Datatype="String[136]" /><Member Name="Counter" Datatype="USInt" /><Member Name="Length" Datatype="Int" /><Member Name="chars" Datatype="Array[1..136] of Char" /></Member><Member Name="Tracking" Datatype="&quot;Tracking_UDT&quot;"><Sections><Section Name="None"><Member Name="ID" Datatype="UInt" /><Member Name="Barcode" Datatype="String" /><Member Name="GoodRead" Datatype="Bool" /><Member Name="DestinationReceived" Datatype="Bool" /><Member Name="TargetConveyor" Datatype="Int" /><Member Name="MESDestination" Datatype="Int" /><Member Name="Position" Datatype="Struct"><Member Name="EncoderLocation" Datatype="Real" /><Member Name="ExitIndex" Datatype="UInt" /></Member></Section></Sections></Member><Member Name="Zone" Datatype="Int" /><Member Name="Name" Datatype="String[40]" /></Section></Sections></Member>
    <Member Name="SCAN_251" Datatype="&quot;COGNEX_DATAMAN_LOGIC_UDT&quot;" Remanence="NonRetain" Accessibility="Public"><AttributeList><BooleanAttribute Name="ExternalAccessible" SystemDefined="true">true</BooleanAttribute><BooleanAttribute Name="ExternalVisible" SystemDefined="true">true</BooleanAttribute><BooleanAttribute Name="ExternalWritable" SystemDefined="true">true</BooleanAttribute><BooleanAttribute Name="SetPoint" SystemDefined="true">true</BooleanAttribute></AttributeList><Sections><Section Name="None"><Member Name="Cmd" Datatype="Struct"><Member Name="Reset" Datatype="Bool" /><Member Name="ScanAuto" Datatype="Bool" /><Member Name="ScanManual" Datatype="Bool" /></Member><Member Name="Status" Datatype="Struct"><Member Name="ReadyForNewScan" Datatype="Bool" /><Member Name="ReqDone" Datatype="Bool" /><Member Name="ReqBusy" Datatype="Bool" /><Member Name="ManualModeActive" Datatype="Bool" /></Member><Member Name="Alarms" Datatype="Struct"><Member Name="NotConnected" Datatype="&quot;HmiAlarm&quot;"><Sections><Section Name="None"><Member Name="Active" Datatype="Bool" /><Member Name="Acknowledge" Datatype="Bool" /><Member Name="type" Datatype="Int" /></Section></Sections></Member><Member Name="TimeOutReading" Datatype="&quot;HmiAlarm&quot;"><Sections><Section Name="None"><Member Name="Active" Datatype="Bool" /><Member Name="Acknowledge" Datatype="Bool" /><Member Name="type" Datatype="Int" /></Section></Sections></Member><Member Name="TriggerGuard" Datatype="&quot;HmiAlarm&quot;"><Sections><Section Name="None"><Member Name="Active" Datatype="Bool" /><Member Name="Acknowledge" Datatype="Bool" /><Member Name="type" Datatype="Int" /></Section></Sections></Member><Member Name="ErrorFromScanner" Datatype="&quot;HmiAlarm&quot;"><Sections><Section Name="None"><Member Name="Active" Datatype="Bool" /><Member Name="Acknowledge" Datatype="Bool" /><Member Name="type" Datatype="Int" /></Section></Sections></Member><Member Name="SerialBufferOverFlow" Datatype="&quot;HmiAlarm&quot;"><Sections><Section Name="None"><Member Name="Active" Datatype="Bool" /><Member Name="Acknowledge" Datatype="Bool" /><Member Name="type" Datatype="Int" /></Section></Sections></Member><Member Name="status" Datatype="Word" /></Member><Member Name="DiagNostic" Datatype="Struct"><Member Name="GoodReads" Datatype="UDInt" /><Member Name="BadReads" Datatype="UDInt" /><Member Name="TimeOuts" Datatype="UDInt" /><Member Name="MissedTrigger" Datatype="UDInt" /><Member Name="OutOfSync" Datatype="UDInt" /><Member Name="Scans" Datatype="UDInt" /><Member Name="ParsingTime" Datatype="Time" /></Member><Member Name="Settings" Datatype="Struct"><Member Name="OnDelay" Datatype="Time" /><Member Name="OffDelay" Datatype="Time" /><Member Name="TimeOut" Datatype="Time" /></Member><Member Name="ReadingResult" Datatype="Struct"><Member Name="NewResult_Pulse" Datatype="Bool" /><Member Name="GoodRead" Datatype="Bool" /><Member Name="BadRead" Datatype="Bool" /><Member Name="TimeOut" Datatype="Bool" /><Member Name="MissedTrigger" Datatype="Bool" /><Member Name="OutOfSync" Datatype="Bool" /><Member Name="Barcode" Datatype="String[136]" /><Member Name="GoodRead_Pulse" Datatype="Bool" /><Member Name="BadRead_Pulse" Datatype="Bool" /><Member Name="TimeOut_Pulse" Datatype="Bool" /><Member Name="MissedTrigger_Pulse" Datatype="Bool" /><Member Name="OutOfSync_Pulse" Datatype="Bool" /><Member Name="Barcode_Pulse" Datatype="String[136]" /><Member Name="Counter" Datatype="USInt" /><Member Name="Length" Datatype="Int" /><Member Name="chars" Datatype="Array[1..136] of Char" /></Member><Member Name="Tracking" Datatype="&quot;Tracking_UDT&quot;"><Sections><Section Name="None"><Member Name="ID" Datatype="UInt" /><Member Name="Barcode" Datatype="String" /><Member Name="GoodRead" Datatype="Bool" /><Member Name="DestinationReceived" Datatype="Bool" /><Member Name="TargetConveyor" Datatype="Int" /><Member Name="MESDestination" Datatype="Int" /><Member Name="Position" Datatype="Struct"><Member Name="EncoderLocation" Datatype="Real" /><Member Name="ExitIndex" Datatype="UInt" /></Member></Section></Sections></Member><Member Name="Zone" Datatype="Int" /><Member Name="Name" Datatype="String[40]" /></Section></Sections></Member>
    <Member Name="SCAN_261" Datatype="&quot;COGNEX_DATAMAN_LOGIC_UDT&quot;" Remanence="NonRetain" Accessibility="Public"><AttributeList><BooleanAttribute Name="ExternalAccessible" SystemDefined="true">true</BooleanAttribute><BooleanAttribute Name="ExternalVisible" SystemDefined="true">true</BooleanAttribute><BooleanAttribute Name="ExternalWritable" SystemDefined="true">true</BooleanAttribute><BooleanAttribute Name="SetPoint" SystemDefined="true">true</BooleanAttribute></AttributeList><Sections><Section Name="None"><Member Name="Cmd" Datatype="Struct"><Member Name="Reset" Datatype="Bool" /><Member Name="ScanAuto" Datatype="Bool" /><Member Name="ScanManual" Datatype="Bool" /></Member><Member Name="Status" Datatype="Struct"><Member Name="ReadyForNewScan" Datatype="Bool" /><Member Name="ReqDone" Datatype="Bool" /><Member Name="ReqBusy" Datatype="Bool" /><Member Name="ManualModeActive" Datatype="Bool" /></Member><Member Name="Alarms" Datatype="Struct"><Member Name="NotConnected" Datatype="&quot;HmiAlarm&quot;"><Sections><Section Name="None"><Member Name="Active" Datatype="Bool" /><Member Name="Acknowledge" Datatype="Bool" /><Member Name="type" Datatype="Int" /></Section></Sections></Member><Member Name="TimeOutReading" Datatype="&quot;HmiAlarm&quot;"><Sections><Section Name="None"><Member Name="Active" Datatype="Bool" /><Member Name="Acknowledge" Datatype="Bool" /><Member Name="type" Datatype="Int" /></Section></Sections></Member><Member Name="TriggerGuard" Datatype="&quot;HmiAlarm&quot;"><Sections><Section Name="None"><Member Name="Active" Datatype="Bool" /><Member Name="Acknowledge" Datatype="Bool" /><Member Name="type" Datatype="Int" /></Section></Sections></Member><Member Name="ErrorFromScanner" Datatype="&quot;HmiAlarm&quot;"><Sections><Section Name="None"><Member Name="Active" Datatype="Bool" /><Member Name="Acknowledge" Datatype="Bool" /><Member Name="type" Datatype="Int" /></Section></Sections></Member><Member Name="SerialBufferOverFlow" Datatype="&quot;HmiAlarm&quot;"><Sections><Section Name="None"><Member Name="Active" Datatype="Bool" /><Member Name="Acknowledge" Datatype="Bool" /><Member Name="type" Datatype="Int" /></Section></Sections></Member><Member Name="status" Datatype="Word" /></Member><Member Name="DiagNostic" Datatype="Struct"><Member Name="GoodReads" Datatype="UDInt" /><Member Name="BadReads" Datatype="UDInt" /><Member Name="TimeOuts" Datatype="UDInt" /><Member Name="MissedTrigger" Datatype="UDInt" /><Member Name="OutOfSync" Datatype="UDInt" /><Member Name="Scans" Datatype="UDInt" /><Member Name="ParsingTime" Datatype="Time" /></Member><Member Name="Settings" Datatype="Struct"><Member Name="OnDelay" Datatype="Time" /><Member Name="OffDelay" Datatype="Time" /><Member Name="TimeOut" Datatype="Time" /></Member><Member Name="ReadingResult" Datatype="Struct"><Member Name="NewResult_Pulse" Datatype="Bool" /><Member Name="GoodRead" Datatype="Bool" /><Member Name="BadRead" Datatype="Bool" /><Member Name="TimeOut" Datatype="Bool" /><Member Name="MissedTrigger" Datatype="Bool" /><Member Name="OutOfSync" Datatype="Bool" /><Member Name="Barcode" Datatype="String[136]" /><Member Name="GoodRead_Pulse" Datatype="Bool" /><Member Name="BadRead_Pulse" Datatype="Bool" /><Member Name="TimeOut_Pulse" Datatype="Bool" /><Member Name="MissedTrigger_Pulse" Datatype="Bool" /><Member Name="OutOfSync_Pulse" Datatype="Bool" /><Member Name="Barcode_Pulse" Datatype="String[136]" /><Member Name="Counter" Datatype="USInt" /><Member Name="Length" Datatype="Int" /><Member Name="chars" Datatype="Array[1..136] of Char" /></Member><Member Name="Tracking" Datatype="&quot;Tracking_UDT&quot;"><Sections><Section Name="None"><Member Name="ID" Datatype="UInt" /><Member Name="Barcode" Datatype="String" /><Member Name="GoodRead" Datatype="Bool" /><Member Name="DestinationReceived" Datatype="Bool" /><Member Name="TargetConveyor" Datatype="Int" /><Member Name="MESDestination" Datatype="Int" /><Member Name="Position" Datatype="Struct"><Member Name="EncoderLocation" Datatype="Real" /><Member Name="ExitIndex" Datatype="UInt" /></Member></Section></Sections></Member><Member Name="Zone" Datatype="Int" /><Member Name="Name" Datatype="String[40]" /></Section></Sections></Member>
    <Member Name="SCAN_271" Datatype="&quot;COGNEX_DATAMAN_LOGIC_UDT&quot;" Remanence="NonRetain" Accessibility="Public"><AttributeList><BooleanAttribute Name="ExternalAccessible" SystemDefined="true">true</BooleanAttribute><BooleanAttribute Name="ExternalVisible" SystemDefined="true">true</BooleanAttribute><BooleanAttribute Name="ExternalWritable" SystemDefined="true">true</BooleanAttribute><BooleanAttribute Name="SetPoint" SystemDefined="true">true</BooleanAttribute></AttributeList><Sections><Section Name="None"><Member Name="Cmd" Datatype="Struct"><Member Name="Reset" Datatype="Bool" /><Member Name="ScanAuto" Datatype="Bool" /><Member Name="ScanManual" Datatype="Bool" /></Member><Member Name="Status" Datatype="Struct"><Member Name="ReadyForNewScan" Datatype="Bool" /><Member Name="ReqDone" Datatype="Bool" /><Member Name="ReqBusy" Datatype="Bool" /><Member Name="ManualModeActive" Datatype="Bool" /></Member><Member Name="Alarms" Datatype="Struct"><Member Name="NotConnected" Datatype="&quot;HmiAlarm&quot;"><Sections><Section Name="None"><Member Name="Active" Datatype="Bool" /><Member Name="Acknowledge" Datatype="Bool" /><Member Name="type" Datatype="Int" /></Section></Sections></Member><Member Name="TimeOutReading" Datatype="&quot;HmiAlarm&quot;"><Sections><Section Name="None"><Member Name="Active" Datatype="Bool" /><Member Name="Acknowledge" Datatype="Bool" /><Member Name="type" Datatype="Int" /></Section></Sections></Member><Member Name="TriggerGuard" Datatype="&quot;HmiAlarm&quot;"><Sections><Section Name="None"><Member Name="Active" Datatype="Bool" /><Member Name="Acknowledge" Datatype="Bool" /><Member Name="type" Datatype="Int" /></Section></Sections></Member><Member Name="ErrorFromScanner" Datatype="&quot;HmiAlarm&quot;"><Sections><Section Name="None"><Member Name="Active" Datatype="Bool" /><Member Name="Acknowledge" Datatype="Bool" /><Member Name="type" Datatype="Int" /></Section></Sections></Member><Member Name="SerialBufferOverFlow" Datatype="&quot;HmiAlarm&quot;"><Sections><Section Name="None"><Member Name="Active" Datatype="Bool" /><Member Name="Acknowledge" Datatype="Bool" /><Member Name="type" Datatype="Int" /></Section></Sections></Member><Member Name="status" Datatype="Word" /></Member><Member Name="DiagNostic" Datatype="Struct"><Member Name="GoodReads" Datatype="UDInt" /><Member Name="BadReads" Datatype="UDInt" /><Member Name="TimeOuts" Datatype="UDInt" /><Member Name="MissedTrigger" Datatype="UDInt" /><Member Name="OutOfSync" Datatype="UDInt" /><Member Name="Scans" Datatype="UDInt" /><Member Name="ParsingTime" Datatype="Time" /></Member><Member Name="Settings" Datatype="Struct"><Member Name="OnDelay" Datatype="Time" /><Member Name="OffDelay" Datatype="Time" /><Member Name="TimeOut" Datatype="Time" /></Member><Member Name="ReadingResult" Datatype="Struct"><Member Name="NewResult_Pulse" Datatype="Bool" /><Member Name="GoodRead" Datatype="Bool" /><Member Name="BadRead" Datatype="Bool" /><Member Name="TimeOut" Datatype="Bool" /><Member Name="MissedTrigger" Datatype="Bool" /><Member Name="OutOfSync" Datatype="Bool" /><Member Name="Barcode" Datatype="String[136]" /><Member Name="GoodRead_Pulse" Datatype="Bool" /><Member Name="BadRead_Pulse" Datatype="Bool" /><Member Name="TimeOut_Pulse" Datatype="Bool" /><Member Name="MissedTrigger_Pulse" Datatype="Bool" /><Member Name="OutOfSync_Pulse" Datatype="Bool" /><Member Name="Barcode_Pulse" Datatype="String[136]" /><Member Name="Counter" Datatype="USInt" /><Member Name="Length" Datatype="Int" /><Member Name="chars" Datatype="Array[1..136] of Char" /></Member><Member Name="Tracking" Datatype="&quot;Tracking_UDT&quot;"><Sections><Section Name="None"><Member Name="ID" Datatype="UInt" /><Member Name="Barcode" Datatype="String" /><Member Name="GoodRead" Datatype="Bool" /><Member Name="DestinationReceived" Datatype="Bool" /><Member Name="TargetConveyor" Datatype="Int" /><Member Name="MESDestination" Datatype="Int" /><Member Name="Position" Datatype="Struct"><Member Name="EncoderLocation" Datatype="Real" /><Member Name="ExitIndex" Datatype="UInt" /></Member></Section></Sections></Member><Member Name="Zone" Datatype="Int" /><Member Name="Name" Datatype="String[40]" /></Section></Sections></Member>
    <Member Name="SCAN_281" Datatype="&quot;COGNEX_DATAMAN_LOGIC_UDT&quot;" Remanence="NonRetain" Accessibility="Public"><AttributeList><BooleanAttribute Name="ExternalAccessible" SystemDefined="true">true</BooleanAttribute><BooleanAttribute Name="ExternalVisible" SystemDefined="true">true</BooleanAttribute><BooleanAttribute Name="ExternalWritable" SystemDefined="true">true</BooleanAttribute><BooleanAttribute Name="SetPoint" SystemDefined="true">true</BooleanAttribute></AttributeList><Sections><Section Name="None"><Member Name="Cmd" Datatype="Struct"><Member Name="Reset" Datatype="Bool" /><Member Name="ScanAuto" Datatype="Bool" /><Member Name="ScanManual" Datatype="Bool" /></Member><Member Name="Status" Datatype="Struct"><Member Name="ReadyForNewScan" Datatype="Bool" /><Member Name="ReqDone" Datatype="Bool" /><Member Name="ReqBusy" Datatype="Bool" /><Member Name="ManualModeActive" Datatype="Bool" /></Member><Member Name="Alarms" Datatype="Struct"><Member Name="NotConnected" Datatype="&quot;HmiAlarm&quot;"><Sections><Section Name="None"><Member Name="Active" Datatype="Bool" /><Member Name="Acknowledge" Datatype="Bool" /><Member Name="type" Datatype="Int" /></Section></Sections></Member><Member Name="TimeOutReading" Datatype="&quot;HmiAlarm&quot;"><Sections><Section Name="None"><Member Name="Active" Datatype="Bool" /><Member Name="Acknowledge" Datatype="Bool" /><Member Name="type" Datatype="Int" /></Section></Sections></Member><Member Name="TriggerGuard" Datatype="&quot;HmiAlarm&quot;"><Sections><Section Name="None"><Member Name="Active" Datatype="Bool" /><Member Name="Acknowledge" Datatype="Bool" /><Member Name="type" Datatype="Int" /></Section></Sections></Member><Member Name="ErrorFromScanner" Datatype="&quot;HmiAlarm&quot;"><Sections><Section Name="None"><Member Name="Active" Datatype="Bool" /><Member Name="Acknowledge" Datatype="Bool" /><Member Name="type" Datatype="Int" /></Section></Sections></Member><Member Name="SerialBufferOverFlow" Datatype="&quot;HmiAlarm&quot;"><Sections><Section Name="None"><Member Name="Active" Datatype="Bool" /><Member Name="Acknowledge" Datatype="Bool" /><Member Name="type" Datatype="Int" /></Section></Sections></Member><Member Name="status" Datatype="Word" /></Member><Member Name="DiagNostic" Datatype="Struct"><Member Name="GoodReads" Datatype="UDInt" /><Member Name="BadReads" Datatype="UDInt" /><Member Name="TimeOuts" Datatype="UDInt" /><Member Name="MissedTrigger" Datatype="UDInt" /><Member Name="OutOfSync" Datatype="UDInt" /><Member Name="Scans" Datatype="UDInt" /><Member Name="ParsingTime" Datatype="Time" /></Member><Member Name="Settings" Datatype="Struct"><Member Name="OnDelay" Datatype="Time" /><Member Name="OffDelay" Datatype="Time" /><Member Name="TimeOut" Datatype="Time" /></Member><Member Name="ReadingResult" Datatype="Struct"><Member Name="NewResult_Pulse" Datatype="Bool" /><Member Name="GoodRead" Datatype="Bool" /><Member Name="BadRead" Datatype="Bool" /><Member Name="TimeOut" Datatype="Bool" /><Member Name="MissedTrigger" Datatype="Bool" /><Member Name="OutOfSync" Datatype="Bool" /><Member Name="Barcode" Datatype="String[136]" /><Member Name="GoodRead_Pulse" Datatype="Bool" /><Member Name="BadRead_Pulse" Datatype="Bool" /><Member Name="TimeOut_Pulse" Datatype="Bool" /><Member Name="MissedTrigger_Pulse" Datatype="Bool" /><Member Name="OutOfSync_Pulse" Datatype="Bool" /><Member Name="Barcode_Pulse" Datatype="String[136]" /><Member Name="Counter" Datatype="USInt" /><Member Name="Length" Datatype="Int" /><Member Name="chars" Datatype="Array[1..136] of Char" /></Member><Member Name="Tracking" Datatype="&quot;Tracking_UDT&quot;"><Sections><Section Name="None"><Member Name="ID" Datatype="UInt" /><Member Name="Barcode" Datatype="String" /><Member Name="GoodRead" Datatype="Bool" /><Member Name="DestinationReceived" Datatype="Bool" /><Member Name="TargetConveyor" Datatype="Int" /><Member Name="MESDestination" Datatype="Int" /><Member Name="Position" Datatype="Struct"><Member Name="EncoderLocation" Datatype="Real" /><Member Name="ExitIndex" Datatype="UInt" /></Member></Section></Sections></Member><Member Name="Zone" Datatype="Int" /><Member Name="Name" Datatype="String[40]" /></Section></Sections></Member>
    <Member Name="SCAN_410" Datatype="&quot;COGNEX_DATAMAN_LOGIC_UDT&quot;" Remanence="NonRetain" Accessibility="Public"><AttributeList><BooleanAttribute Name="ExternalAccessible" SystemDefined="true">true</BooleanAttribute><BooleanAttribute Name="ExternalVisible" SystemDefined="true">true</BooleanAttribute><BooleanAttribute Name="ExternalWritable" SystemDefined="true">true</BooleanAttribute><BooleanAttribute Name="SetPoint" SystemDefined="true">true</BooleanAttribute></AttributeList><Sections><Section Name="None"><Member Name="Cmd" Datatype="Struct"><Member Name="Reset" Datatype="Bool" /><Member Name="ScanAuto" Datatype="Bool" /><Member Name="ScanManual" Datatype="Bool" /></Member><Member Name="Status" Datatype="Struct"><Member Name="ReadyForNewScan" Datatype="Bool" /><Member Name="ReqDone" Datatype="Bool" /><Member Name="ReqBusy" Datatype="Bool" /><Member Name="ManualModeActive" Datatype="Bool" /></Member><Member Name="Alarms" Datatype="Struct"><Member Name="NotConnected" Datatype="&quot;HmiAlarm&quot;"><Sections><Section Name="None"><Member Name="Active" Datatype="Bool" /><Member Name="Acknowledge" Datatype="Bool" /><Member Name="type" Datatype="Int" /></Section></Sections></Member><Member Name="TimeOutReading" Datatype="&quot;HmiAlarm&quot;"><Sections><Section Name="None"><Member Name="Active" Datatype="Bool" /><Member Name="Acknowledge" Datatype="Bool" /><Member Name="type" Datatype="Int" /></Section></Sections></Member><Member Name="TriggerGuard" Datatype="&quot;HmiAlarm&quot;"><Sections><Section Name="None"><Member Name="Active" Datatype="Bool" /><Member Name="Acknowledge" Datatype="Bool" /><Member Name="type" Datatype="Int" /></Section></Sections></Member><Member Name="ErrorFromScanner" Datatype="&quot;HmiAlarm&quot;"><Sections><Section Name="None"><Member Name="Active" Datatype="Bool" /><Member Name="Acknowledge" Datatype="Bool" /><Member Name="type" Datatype="Int" /></Section></Sections></Member><Member Name="SerialBufferOverFlow" Datatype="&quot;HmiAlarm&quot;"><Sections><Section Name="None"><Member Name="Active" Datatype="Bool" /><Member Name="Acknowledge" Datatype="Bool" /><Member Name="type" Datatype="Int" /></Section></Sections></Member><Member Name="status" Datatype="Word" /></Member><Member Name="DiagNostic" Datatype="Struct"><Member Name="GoodReads" Datatype="UDInt" /><Member Name="BadReads" Datatype="UDInt" /><Member Name="TimeOuts" Datatype="UDInt" /><Member Name="MissedTrigger" Datatype="UDInt" /><Member Name="OutOfSync" Datatype="UDInt" /><Member Name="Scans" Datatype="UDInt" /><Member Name="ParsingTime" Datatype="Time" /></Member><Member Name="Settings" Datatype="Struct"><Member Name="OnDelay" Datatype="Time" /><Member Name="OffDelay" Datatype="Time" /><Member Name="TimeOut" Datatype="Time" /></Member><Member Name="ReadingResult" Datatype="Struct"><Member Name="NewResult_Pulse" Datatype="Bool" /><Member Name="GoodRead" Datatype="Bool" /><Member Name="BadRead" Datatype="Bool" /><Member Name="TimeOut" Datatype="Bool" /><Member Name="MissedTrigger" Datatype="Bool" /><Member Name="OutOfSync" Datatype="Bool" /><Member Name="Barcode" Datatype="String[136]" /><Member Name="GoodRead_Pulse" Datatype="Bool" /><Member Name="BadRead_Pulse" Datatype="Bool" /><Member Name="TimeOut_Pulse" Datatype="Bool" /><Member Name="MissedTrigger_Pulse" Datatype="Bool" /><Member Name="OutOfSync_Pulse" Datatype="Bool" /><Member Name="Barcode_Pulse" Datatype="String[136]" /><Member Name="Counter" Datatype="USInt" /><Member Name="Length" Datatype="Int" /><Member Name="chars" Datatype="Array[1..136] of Char" /></Member><Member Name="Tracking" Datatype="&quot;Tracking_UDT&quot;"><Sections><Section Name="None"><Member Name="ID" Datatype="UInt" /><Member Name="Barcode" Datatype="String" /><Member Name="GoodRead" Datatype="Bool" /><Member Name="DestinationReceived" Datatype="Bool" /><Member Name="TargetConveyor" Datatype="Int" /><Member Name="MESDestination" Datatype="Int" /><Member Name="Position" Datatype="Struct"><Member Name="EncoderLocation" Datatype="Real" /><Member Name="ExitIndex" Datatype="UInt" /></Member></Section></Sections></Member><Member Name="Zone" Datatype="Int" /><Member Name="Name" Datatype="String[40]" /></Section></Sections></Member>
    <Member Name="SCAN_418" Datatype="&quot;COGNEX_DATAMAN_LOGIC_UDT&quot;" Remanence="NonRetain" Accessibility="Public"><AttributeList><BooleanAttribute Name="ExternalAccessible" SystemDefined="true">true</BooleanAttribute><BooleanAttribute Name="ExternalVisible" SystemDefined="true">true</BooleanAttribute><BooleanAttribute Name="ExternalWritable" SystemDefined="true">true</BooleanAttribute><BooleanAttribute Name="SetPoint" SystemDefined="true">true</BooleanAttribute></AttributeList><Sections><Section Name="None"><Member Name="Cmd" Datatype="Struct"><Member Name="Reset" Datatype="Bool" /><Member Name="ScanAuto" Datatype="Bool" /><Member Name="ScanManual" Datatype="Bool" /></Member><Member Name="Status" Datatype="Struct"><Member Name="ReadyForNewScan" Datatype="Bool" /><Member Name="ReqDone" Datatype="Bool" /><Member Name="ReqBusy" Datatype="Bool" /><Member Name="ManualModeActive" Datatype="Bool" /></Member><Member Name="Alarms" Datatype="Struct"><Member Name="NotConnected" Datatype="&quot;HmiAlarm&quot;"><Sections><Section Name="None"><Member Name="Active" Datatype="Bool" /><Member Name="Acknowledge" Datatype="Bool" /><Member Name="type" Datatype="Int" /></Section></Sections></Member><Member Name="TimeOutReading" Datatype="&quot;HmiAlarm&quot;"><Sections><Section Name="None"><Member Name="Active" Datatype="Bool" /><Member Name="Acknowledge" Datatype="Bool" /><Member Name="type" Datatype="Int" /></Section></Sections></Member><Member Name="TriggerGuard" Datatype="&quot;HmiAlarm&quot;"><Sections><Section Name="None"><Member Name="Active" Datatype="Bool" /><Member Name="Acknowledge" Datatype="Bool" /><Member Name="type" Datatype="Int" /></Section></Sections></Member><Member Name="ErrorFromScanner" Datatype="&quot;HmiAlarm&quot;"><Sections><Section Name="None"><Member Name="Active" Datatype="Bool" /><Member Name="Acknowledge" Datatype="Bool" /><Member Name="type" Datatype="Int" /></Section></Sections></Member><Member Name="SerialBufferOverFlow" Datatype="&quot;HmiAlarm&quot;"><Sections><Section Name="None"><Member Name="Active" Datatype="Bool" /><Member Name="Acknowledge" Datatype="Bool" /><Member Name="type" Datatype="Int" /></Section></Sections></Member><Member Name="status" Datatype="Word" /></Member><Member Name="DiagNostic" Datatype="Struct"><Member Name="GoodReads" Datatype="UDInt" /><Member Name="BadReads" Datatype="UDInt" /><Member Name="TimeOuts" Datatype="UDInt" /><Member Name="MissedTrigger" Datatype="UDInt" /><Member Name="OutOfSync" Datatype="UDInt" /><Member Name="Scans" Datatype="UDInt" /><Member Name="ParsingTime" Datatype="Time" /></Member><Member Name="Settings" Datatype="Struct"><Member Name="OnDelay" Datatype="Time" /><Member Name="OffDelay" Datatype="Time" /><Member Name="TimeOut" Datatype="Time" /></Member><Member Name="ReadingResult" Datatype="Struct"><Member Name="NewResult_Pulse" Datatype="Bool" /><Member Name="GoodRead" Datatype="Bool" /><Member Name="BadRead" Datatype="Bool" /><Member Name="TimeOut" Datatype="Bool" /><Member Name="MissedTrigger" Datatype="Bool" /><Member Name="OutOfSync" Datatype="Bool" /><Member Name="Barcode" Datatype="String[136]" /><Member Name="GoodRead_Pulse" Datatype="Bool" /><Member Name="BadRead_Pulse" Datatype="Bool" /><Member Name="TimeOut_Pulse" Datatype="Bool" /><Member Name="MissedTrigger_Pulse" Datatype="Bool" /><Member Name="OutOfSync_Pulse" Datatype="Bool" /><Member Name="Barcode_Pulse" Datatype="String[136]" /><Member Name="Counter" Datatype="USInt" /><Member Name="Length" Datatype="Int" /><Member Name="chars" Datatype="Array[1..136] of Char" /></Member><Member Name="Tracking" Datatype="&quot;Tracking_UDT&quot;"><Sections><Section Name="None"><Member Name="ID" Datatype="UInt" /><Member Name="Barcode" Datatype="String" /><Member Name="GoodRead" Datatype="Bool" /><Member Name="DestinationReceived" Datatype="Bool" /><Member Name="TargetConveyor" Datatype="Int" /><Member Name="MESDestination" Datatype="Int" /><Member Name="Position" Datatype="Struct"><Member Name="EncoderLocation" Datatype="Real" /><Member Name="ExitIndex" Datatype="UInt" /></Member></Section></Sections></Member><Member Name="Zone" Datatype="Int" /><Member Name="Name" Datatype="String[40]" /></Section></Sections></Member>
    <Member Name="SCAN_418B" Datatype="&quot;COGNEX_DATAMAN_LOGIC_UDT&quot;" Remanence="NonRetain" Accessibility="Public"><AttributeList><BooleanAttribute Name="ExternalAccessible" SystemDefined="true">true</BooleanAttribute><BooleanAttribute Name="ExternalVisible" SystemDefined="true">true</BooleanAttribute><BooleanAttribute Name="ExternalWritable" SystemDefined="true">true</BooleanAttribute><BooleanAttribute Name="SetPoint" SystemDefined="true">true</BooleanAttribute></AttributeList><Sections><Section Name="None"><Member Name="Cmd" Datatype="Struct"><Member Name="Reset" Datatype="Bool" /><Member Name="ScanAuto" Datatype="Bool" /><Member Name="ScanManual" Datatype="Bool" /></Member><Member Name="Status" Datatype="Struct"><Member Name="ReadyForNewScan" Datatype="Bool" /><Member Name="ReqDone" Datatype="Bool" /><Member Name="ReqBusy" Datatype="Bool" /><Member Name="ManualModeActive" Datatype="Bool" /></Member><Member Name="Alarms" Datatype="Struct"><Member Name="NotConnected" Datatype="&quot;HmiAlarm&quot;"><Sections><Section Name="None"><Member Name="Active" Datatype="Bool" /><Member Name="Acknowledge" Datatype="Bool" /><Member Name="type" Datatype="Int" /></Section></Sections></Member><Member Name="TimeOutReading" Datatype="&quot;HmiAlarm&quot;"><Sections><Section Name="None"><Member Name="Active" Datatype="Bool" /><Member Name="Acknowledge" Datatype="Bool" /><Member Name="type" Datatype="Int" /></Section></Sections></Member><Member Name="TriggerGuard" Datatype="&quot;HmiAlarm&quot;"><Sections><Section Name="None"><Member Name="Active" Datatype="Bool" /><Member Name="Acknowledge" Datatype="Bool" /><Member Name="type" Datatype="Int" /></Section></Sections></Member><Member Name="ErrorFromScanner" Datatype="&quot;HmiAlarm&quot;"><Sections><Section Name="None"><Member Name="Active" Datatype="Bool" /><Member Name="Acknowledge" Datatype="Bool" /><Member Name="type" Datatype="Int" /></Section></Sections></Member><Member Name="SerialBufferOverFlow" Datatype="&quot;HmiAlarm&quot;"><Sections><Section Name="None"><Member Name="Active" Datatype="Bool" /><Member Name="Acknowledge" Datatype="Bool" /><Member Name="type" Datatype="Int" /></Section></Sections></Member><Member Name="status" Datatype="Word" /></Member><Member Name="DiagNostic" Datatype="Struct"><Member Name="GoodReads" Datatype="UDInt" /><Member Name="BadReads" Datatype="UDInt" /><Member Name="TimeOuts" Datatype="UDInt" /><Member Name="MissedTrigger" Datatype="UDInt" /><Member Name="OutOfSync" Datatype="UDInt" /><Member Name="Scans" Datatype="UDInt" /><Member Name="ParsingTime" Datatype="Time" /></Member><Member Name="Settings" Datatype="Struct"><Member Name="OnDelay" Datatype="Time" /><Member Name="OffDelay" Datatype="Time" /><Member Name="TimeOut" Datatype="Time" /></Member><Member Name="ReadingResult" Datatype="Struct"><Member Name="NewResult_Pulse" Datatype="Bool" /><Member Name="GoodRead" Datatype="Bool" /><Member Name="BadRead" Datatype="Bool" /><Member Name="TimeOut" Datatype="Bool" /><Member Name="MissedTrigger" Datatype="Bool" /><Member Name="OutOfSync" Datatype="Bool" /><Member Name="Barcode" Datatype="String[136]" /><Member Name="GoodRead_Pulse" Datatype="Bool" /><Member Name="BadRead_Pulse" Datatype="Bool" /><Member Name="TimeOut_Pulse" Datatype="Bool" /><Member Name="MissedTrigger_Pulse" Datatype="Bool" /><Member Name="OutOfSync_Pulse" Datatype="Bool" /><Member Name="Barcode_Pulse" Datatype="String[136]" /><Member Name="Counter" Datatype="USInt" /><Member Name="Length" Datatype="Int" /><Member Name="chars" Datatype="Array[1..136] of Char" /></Member><Member Name="Tracking" Datatype="&quot;Tracking_UDT&quot;"><Sections><Section Name="None"><Member Name="ID" Datatype="UInt" /><Member Name="Barcode" Datatype="String" /><Member Name="GoodRead" Datatype="Bool" /><Member Name="DestinationReceived" Datatype="Bool" /><Member Name="TargetConveyor" Datatype="Int" /><Member Name="MESDestination" Datatype="Int" /><Member Name="Position" Datatype="Struct"><Member Name="EncoderLocation" Datatype="Real" /><Member Name="ExitIndex" Datatype="UInt" /></Member></Section></Sections></Member><Member Name="Zone" Datatype="Int" /><Member Name="Name" Datatype="String[40]" /></Section></Sections></Member>
    <Member Name="SCAN_512" Datatype="&quot;COGNEX_DATAMAN_LOGIC_UDT&quot;" Remanence="NonRetain" Accessibility="Public"><AttributeList><BooleanAttribute Name="ExternalAccessible" SystemDefined="true">true</BooleanAttribute><BooleanAttribute Name="ExternalVisible" SystemDefined="true">true</BooleanAttribute><BooleanAttribute Name="ExternalWritable" SystemDefined="true">true</BooleanAttribute><BooleanAttribute Name="SetPoint" SystemDefined="true">true</BooleanAttribute></AttributeList><Sections><Section Name="None"><Member Name="Cmd" Datatype="Struct"><Member Name="Reset" Datatype="Bool" /><Member Name="ScanAuto" Datatype="Bool" /><Member Name="ScanManual" Datatype="Bool" /></Member><Member Name="Status" Datatype="Struct"><Member Name="ReadyForNewScan" Datatype="Bool" /><Member Name="ReqDone" Datatype="Bool" /><Member Name="ReqBusy" Datatype="Bool" /><Member Name="ManualModeActive" Datatype="Bool" /></Member><Member Name="Alarms" Datatype="Struct"><Member Name="NotConnected" Datatype="&quot;HmiAlarm&quot;"><Sections><Section Name="None"><Member Name="Active" Datatype="Bool" /><Member Name="Acknowledge" Datatype="Bool" /><Member Name="type" Datatype="Int" /></Section></Sections></Member><Member Name="TimeOutReading" Datatype="&quot;HmiAlarm&quot;"><Sections><Section Name="None"><Member Name="Active" Datatype="Bool" /><Member Name="Acknowledge" Datatype="Bool" /><Member Name="type" Datatype="Int" /></Section></Sections></Member><Member Name="TriggerGuard" Datatype="&quot;HmiAlarm&quot;"><Sections><Section Name="None"><Member Name="Active" Datatype="Bool" /><Member Name="Acknowledge" Datatype="Bool" /><Member Name="type" Datatype="Int" /></Section></Sections></Member><Member Name="ErrorFromScanner" Datatype="&quot;HmiAlarm&quot;"><Sections><Section Name="None"><Member Name="Active" Datatype="Bool" /><Member Name="Acknowledge" Datatype="Bool" /><Member Name="type" Datatype="Int" /></Section></Sections></Member><Member Name="SerialBufferOverFlow" Datatype="&quot;HmiAlarm&quot;"><Sections><Section Name="None"><Member Name="Active" Datatype="Bool" /><Member Name="Acknowledge" Datatype="Bool" /><Member Name="type" Datatype="Int" /></Section></Sections></Member><Member Name="status" Datatype="Word" /></Member><Member Name="DiagNostic" Datatype="Struct"><Member Name="GoodReads" Datatype="UDInt" /><Member Name="BadReads" Datatype="UDInt" /><Member Name="TimeOuts" Datatype="UDInt" /><Member Name="MissedTrigger" Datatype="UDInt" /><Member Name="OutOfSync" Datatype="UDInt" /><Member Name="Scans" Datatype="UDInt" /><Member Name="ParsingTime" Datatype="Time" /></Member><Member Name="Settings" Datatype="Struct"><Member Name="OnDelay" Datatype="Time" /><Member Name="OffDelay" Datatype="Time" /><Member Name="TimeOut" Datatype="Time" /></Member><Member Name="ReadingResult" Datatype="Struct"><Member Name="NewResult_Pulse" Datatype="Bool" /><Member Name="GoodRead" Datatype="Bool" /><Member Name="BadRead" Datatype="Bool" /><Member Name="TimeOut" Datatype="Bool" /><Member Name="MissedTrigger" Datatype="Bool" /><Member Name="OutOfSync" Datatype="Bool" /><Member Name="Barcode" Datatype="String[136]" /><Member Name="GoodRead_Pulse" Datatype="Bool" /><Member Name="BadRead_Pulse" Datatype="Bool" /><Member Name="TimeOut_Pulse" Datatype="Bool" /><Member Name="MissedTrigger_Pulse" Datatype="Bool" /><Member Name="OutOfSync_Pulse" Datatype="Bool" /><Member Name="Barcode_Pulse" Datatype="String[136]" /><Member Name="Counter" Datatype="USInt" /><Member Name="Length" Datatype="Int" /><Member Name="chars" Datatype="Array[1..136] of Char" /></Member><Member Name="Tracking" Datatype="&quot;Tracking_UDT&quot;"><Sections><Section Name="None"><Member Name="ID" Datatype="UInt" /><Member Name="Barcode" Datatype="String" /><Member Name="GoodRead" Datatype="Bool" /><Member Name="DestinationReceived" Datatype="Bool" /><Member Name="TargetConveyor" Datatype="Int" /><Member Name="MESDestination" Datatype="Int" /><Member Name="Position" Datatype="Struct"><Member Name="EncoderLocation" Datatype="Real" /><Member Name="ExitIndex" Datatype="UInt" /></Member></Section></Sections></Member><Member Name="Zone" Datatype="Int" /><Member Name="Name" Datatype="String[40]" /></Section></Sections></Member>
    <Member Name="SCAN_522" Datatype="&quot;COGNEX_DATAMAN_LOGIC_UDT&quot;" Remanence="NonRetain" Accessibility="Public"><AttributeList><BooleanAttribute Name="ExternalAccessible" SystemDefined="true">true</BooleanAttribute><BooleanAttribute Name="ExternalVisible" SystemDefined="true">true</BooleanAttribute><BooleanAttribute Name="ExternalWritable" SystemDefined="true">true</BooleanAttribute><BooleanAttribute Name="SetPoint" SystemDefined="true">true</BooleanAttribute></AttributeList><Sections><Section Name="None"><Member Name="Cmd" Datatype="Struct"><Member Name="Reset" Datatype="Bool" /><Member Name="ScanAuto" Datatype="Bool" /><Member Name="ScanManual" Datatype="Bool" /></Member><Member Name="Status" Datatype="Struct"><Member Name="ReadyForNewScan" Datatype="Bool" /><Member Name="ReqDone" Datatype="Bool" /><Member Name="ReqBusy" Datatype="Bool" /><Member Name="ManualModeActive" Datatype="Bool" /></Member><Member Name="Alarms" Datatype="Struct"><Member Name="NotConnected" Datatype="&quot;HmiAlarm&quot;"><Sections><Section Name="None"><Member Name="Active" Datatype="Bool" /><Member Name="Acknowledge" Datatype="Bool" /><Member Name="type" Datatype="Int" /></Section></Sections></Member><Member Name="TimeOutReading" Datatype="&quot;HmiAlarm&quot;"><Sections><Section Name="None"><Member Name="Active" Datatype="Bool" /><Member Name="Acknowledge" Datatype="Bool" /><Member Name="type" Datatype="Int" /></Section></Sections></Member><Member Name="TriggerGuard" Datatype="&quot;HmiAlarm&quot;"><Sections><Section Name="None"><Member Name="Active" Datatype="Bool" /><Member Name="Acknowledge" Datatype="Bool" /><Member Name="type" Datatype="Int" /></Section></Sections></Member><Member Name="ErrorFromScanner" Datatype="&quot;HmiAlarm&quot;"><Sections><Section Name="None"><Member Name="Active" Datatype="Bool" /><Member Name="Acknowledge" Datatype="Bool" /><Member Name="type" Datatype="Int" /></Section></Sections></Member><Member Name="SerialBufferOverFlow" Datatype="&quot;HmiAlarm&quot;"><Sections><Section Name="None"><Member Name="Active" Datatype="Bool" /><Member Name="Acknowledge" Datatype="Bool" /><Member Name="type" Datatype="Int" /></Section></Sections></Member><Member Name="status" Datatype="Word" /></Member><Member Name="DiagNostic" Datatype="Struct"><Member Name="GoodReads" Datatype="UDInt" /><Member Name="BadReads" Datatype="UDInt" /><Member Name="TimeOuts" Datatype="UDInt" /><Member Name="MissedTrigger" Datatype="UDInt" /><Member Name="OutOfSync" Datatype="UDInt" /><Member Name="Scans" Datatype="UDInt" /><Member Name="ParsingTime" Datatype="Time" /></Member><Member Name="Settings" Datatype="Struct"><Member Name="OnDelay" Datatype="Time" /><Member Name="OffDelay" Datatype="Time" /><Member Name="TimeOut" Datatype="Time" /></Member><Member Name="ReadingResult" Datatype="Struct"><Member Name="NewResult_Pulse" Datatype="Bool" /><Member Name="GoodRead" Datatype="Bool" /><Member Name="BadRead" Datatype="Bool" /><Member Name="TimeOut" Datatype="Bool" /><Member Name="MissedTrigger" Datatype="Bool" /><Member Name="OutOfSync" Datatype="Bool" /><Member Name="Barcode" Datatype="String[136]" /><Member Name="GoodRead_Pulse" Datatype="Bool" /><Member Name="BadRead_Pulse" Datatype="Bool" /><Member Name="TimeOut_Pulse" Datatype="Bool" /><Member Name="MissedTrigger_Pulse" Datatype="Bool" /><Member Name="OutOfSync_Pulse" Datatype="Bool" /><Member Name="Barcode_Pulse" Datatype="String[136]" /><Member Name="Counter" Datatype="USInt" /><Member Name="Length" Datatype="Int" /><Member Name="chars" Datatype="Array[1..136] of Char" /></Member><Member Name="Tracking" Datatype="&quot;Tracking_UDT&quot;"><Sections><Section Name="None"><Member Name="ID" Datatype="UInt" /><Member Name="Barcode" Datatype="String" /><Member Name="GoodRead" Datatype="Bool" /><Member Name="DestinationReceived" Datatype="Bool" /><Member Name="TargetConveyor" Datatype="Int" /><Member Name="MESDestination" Datatype="Int" /><Member Name="Position" Datatype="Struct"><Member Name="EncoderLocation" Datatype="Real" /><Member Name="ExitIndex" Datatype="UInt" /></Member></Section></Sections></Member><Member Name="Zone" Datatype="Int" /><Member Name="Name" Datatype="String[40]" /></Section></Sections></Member>
    <Member Name="SCAN_531" Datatype="&quot;COGNEX_DATAMAN_LOGIC_UDT&quot;" Remanence="NonRetain" Accessibility="Public"><AttributeList><BooleanAttribute Name="ExternalAccessible" SystemDefined="true">true</BooleanAttribute><BooleanAttribute Name="ExternalVisible" SystemDefined="true">true</BooleanAttribute><BooleanAttribute Name="ExternalWritable" SystemDefined="true">true</BooleanAttribute><BooleanAttribute Name="SetPoint" SystemDefined="true">true</BooleanAttribute></AttributeList><Sections><Section Name="None"><Member Name="Cmd" Datatype="Struct"><Member Name="Reset" Datatype="Bool" /><Member Name="ScanAuto" Datatype="Bool" /><Member Name="ScanManual" Datatype="Bool" /></Member><Member Name="Status" Datatype="Struct"><Member Name="ReadyForNewScan" Datatype="Bool" /><Member Name="ReqDone" Datatype="Bool" /><Member Name="ReqBusy" Datatype="Bool" /><Member Name="ManualModeActive" Datatype="Bool" /></Member><Member Name="Alarms" Datatype="Struct"><Member Name="NotConnected" Datatype="&quot;HmiAlarm&quot;"><Sections><Section Name="None"><Member Name="Active" Datatype="Bool" /><Member Name="Acknowledge" Datatype="Bool" /><Member Name="type" Datatype="Int" /></Section></Sections></Member><Member Name="TimeOutReading" Datatype="&quot;HmiAlarm&quot;"><Sections><Section Name="None"><Member Name="Active" Datatype="Bool" /><Member Name="Acknowledge" Datatype="Bool" /><Member Name="type" Datatype="Int" /></Section></Sections></Member><Member Name="TriggerGuard" Datatype="&quot;HmiAlarm&quot;"><Sections><Section Name="None"><Member Name="Active" Datatype="Bool" /><Member Name="Acknowledge" Datatype="Bool" /><Member Name="type" Datatype="Int" /></Section></Sections></Member><Member Name="ErrorFromScanner" Datatype="&quot;HmiAlarm&quot;"><Sections><Section Name="None"><Member Name="Active" Datatype="Bool" /><Member Name="Acknowledge" Datatype="Bool" /><Member Name="type" Datatype="Int" /></Section></Sections></Member><Member Name="SerialBufferOverFlow" Datatype="&quot;HmiAlarm&quot;"><Sections><Section Name="None"><Member Name="Active" Datatype="Bool" /><Member Name="Acknowledge" Datatype="Bool" /><Member Name="type" Datatype="Int" /></Section></Sections></Member><Member Name="status" Datatype="Word" /></Member><Member Name="DiagNostic" Datatype="Struct"><Member Name="GoodReads" Datatype="UDInt" /><Member Name="BadReads" Datatype="UDInt" /><Member Name="TimeOuts" Datatype="UDInt" /><Member Name="MissedTrigger" Datatype="UDInt" /><Member Name="OutOfSync" Datatype="UDInt" /><Member Name="Scans" Datatype="UDInt" /><Member Name="ParsingTime" Datatype="Time" /></Member><Member Name="Settings" Datatype="Struct"><Member Name="OnDelay" Datatype="Time" /><Member Name="OffDelay" Datatype="Time" /><Member Name="TimeOut" Datatype="Time" /></Member><Member Name="ReadingResult" Datatype="Struct"><Member Name="NewResult_Pulse" Datatype="Bool" /><Member Name="GoodRead" Datatype="Bool" /><Member Name="BadRead" Datatype="Bool" /><Member Name="TimeOut" Datatype="Bool" /><Member Name="MissedTrigger" Datatype="Bool" /><Member Name="OutOfSync" Datatype="Bool" /><Member Name="Barcode" Datatype="String[136]" /><Member Name="GoodRead_Pulse" Datatype="Bool" /><Member Name="BadRead_Pulse" Datatype="Bool" /><Member Name="TimeOut_Pulse" Datatype="Bool" /><Member Name="MissedTrigger_Pulse" Datatype="Bool" /><Member Name="OutOfSync_Pulse" Datatype="Bool" /><Member Name="Barcode_Pulse" Datatype="String[136]" /><Member Name="Counter" Datatype="USInt" /><Member Name="Length" Datatype="Int" /><Member Name="chars" Datatype="Array[1..136] of Char" /></Member><Member Name="Tracking" Datatype="&quot;Tracking_UDT&quot;"><Sections><Section Name="None"><Member Name="ID" Datatype="UInt" /><Member Name="Barcode" Datatype="String" /><Member Name="GoodRead" Datatype="Bool" /><Member Name="DestinationReceived" Datatype="Bool" /><Member Name="TargetConveyor" Datatype="Int" /><Member Name="MESDestination" Datatype="Int" /><Member Name="Position" Datatype="Struct"><Member Name="EncoderLocation" Datatype="Real" /><Member Name="ExitIndex" Datatype="UInt" /></Member></Section></Sections></Member><Member Name="Zone" Datatype="Int" /><Member Name="Name" Datatype="String[40]" /></Section></Sections></Member>
  </Section>
</Sections></Interface>
      <IsOnlyStoredInLoadMemory>false</IsOnlyStoredInLoadMemory>
      <IsWriteProtectedInAS>false</IsWriteProtectedInAS>
      <MemoryLayout>Standard</MemoryLayout>
      <Name>Scanners_DB</Name>
      <Number>4</Number>
      <ProgrammingLanguage>DB</ProgrammingLanguage>
    </AttributeList>
    <ObjectList>
      <MultilingualText ID="1" CompositionName="Comment">
        <ObjectList>
          <MultilingualTextItem ID="2" CompositionName="Items">
            <AttributeList>
              <Culture>en-US</Culture>
              <Text />
            </AttributeList>
          </MultilingualTextItem>
          <MultilingualTextItem ID="3" CompositionName="Items">
            <AttributeList>
              <Culture>fr-BE</Culture>
              <Text />
            </AttributeList>
          </MultilingualTextItem>
        </ObjectList>
      </MultilingualText>
      <MultilingualText ID="4" CompositionName="Title">
        <ObjectList>
          <MultilingualTextItem ID="5" CompositionName="Items">
            <AttributeList>
              <Culture>en-US</Culture>
              <Text />
            </AttributeList>
          </MultilingualTextItem>
          <MultilingualTextItem ID="6" CompositionName="Items">
            <AttributeList>
              <Culture>fr-BE</Culture>
              <Text />
            </AttributeList>
          </MultilingualTextItem>
        </ObjectList>
      </MultilingualText>
    </ObjectList>
  </SW.Blocks.GlobalDB>
</Document>