{
  "Name": "Alarms_DB",
  "Number": 51,
  "Id": [
    0,
    9
  ],
  "Tags": [
    {
      "Type": "Bool",
      "LengthBits": 1,
      "ParseMessage": "",
      "ParseFailed": false,
      "Value": null,
      "WriteValue": false,
      "TypeTypeScript": "BoolPlcTag",
      "ParentTag": false,
      "WriteMessage": null,
      "Name": "_IPC_NotConnected",
      "Id": [
        0,
        9,
        0
      ],
      "Comment": "",
      "OpcNode": ";s=\"Alarms_DB\".\"_IPC_NotConnected\"",
      "DbName": "Alarms_DB",
      "ByteAdress": 0,
      "BitAdress": 0,
      "DbNumber": 51,
      "PlcMemoryType": "DB",
      "Lengthytes": 1,
      "StartAdressBits": 0,
      "EndAdressBits": 1
    },
    {
      "Type": "Bool",
      "LengthBits": 1,
      "ParseMessage": "",
      "ParseFailed": false,
      "Value": null,
      "WriteValue": false,
      "TypeTypeScript": "BoolPlcTag",
      "ParentTag": false,
      "WriteMessage": null,
      "Name": "_AlarmActiveShared",
      "Id": [
        0,
        9,
        1
      ],
      "Comment": "",
      "OpcNode": ";s=\"Alarms_DB\".\"_AlarmActiveShared\"",
      "DbName": "Alarms_DB",
      "ByteAdress": 0,
      "BitAdress": 1,
      "DbNumber": 51,
      "PlcMemoryType": "DB",
      "Lengthytes": 1,
      "StartAdressBits": 1,
      "EndAdressBits": 2
    },
    {
      "Type": "Bool",
      "LengthBits": 1,
      "ParseMessage": "",
      "ParseFailed": false,
      "Value": null,
      "WriteValue": false,
      "TypeTypeScript": "BoolPlcTag",
      "ParentTag": false,
      "WriteMessage": null,
      "Name": "_AlarmActive",
      "Id": [
        0,
        9,
        2
      ],
      "Comment": "",
      "OpcNode": ";s=\"Alarms_DB\".\"_AlarmActive\"",
      "DbName": "Alarms_DB",
      "ByteAdress": 0,
      "BitAdress": 2,
      "DbNumber": 51,
      "PlcMemoryType": "DB",
      "Lengthytes": 1,
      "StartAdressBits": 2,
      "EndAdressBits": 3
    }
  ],
  "KeyName": "Alarms_DB_DB51"
}