{
  "Name": "EMG_STATUS_DB",
  "Number": 85,
  "Id": [
    0,
    10
  ],
  "Tags": [
    {
      "Value": [
        {
          "Type": "Bool",
          "LengthBits": 1,
          "ParseMessage": "",
          "ParseFailed": false,
          "Value": null,
          "WriteValue": false,
          "TypeTypeScript": "BoolPlcTag",
          "ParentTag": false,
          "WriteMessage": null,
          "Name": "_emgNok",
          "Id": [
            0,
            10,
            0,
            0
          ],
          "Comment": "",
          "OpcNode": ";s=\"EMG_STATUS_DB\".\"_EMG_MAIN\".\"_emgNok\"",
          "DbName": "EMG_STATUS_DB",
          "ByteAdress": 0,
          "BitAdress": 0,
          "DbNumber": 85,
          "PlcMemoryType": "DB",
          "Lengthytes": 1,
          "StartAdressBits": 0,
          "EndAdressBits": 1
        },
        {
          "Type": "Bool",
          "LengthBits": 1,
          "ParseMessage": "",
          "ParseFailed": false,
          "Value": null,
          "WriteValue": false,
          "TypeTypeScript": "BoolPlcTag",
          "ParentTag": false,
          "WriteMessage": null,
          "Name": "_activated",
          "Id": [
            0,
            10,
            0,
            1
          ],
          "Comment": "",
          "OpcNode": ";s=\"EMG_STATUS_DB\".\"_EMG_MAIN\".\"_activated\"",
          "DbName": "EMG_STATUS_DB",
          "ByteAdress": 0,
          "BitAdress": 1,
          "DbNumber": 85,
          "PlcMemoryType": "DB",
          "Lengthytes": 1,
          "StartAdressBits": 1,
          "EndAdressBits": 2
        },
        {
          "Type": "Bool",
          "LengthBits": 1,
          "ParseMessage": "",
          "ParseFailed": false,
          "Value": null,
          "WriteValue": false,
          "TypeTypeScript": "BoolPlcTag",
          "ParentTag": false,
          "WriteMessage": null,
          "Name": "_waitingForReset",
          "Id": [
            0,
            10,
            0,
            2
          ],
          "Comment": "",
          "OpcNode": ";s=\"EMG_STATUS_DB\".\"_EMG_MAIN\".\"_waitingForReset\"",
          "DbName": "EMG_STATUS_DB",
          "ByteAdress": 0,
          "BitAdress": 2,
          "DbNumber": 85,
          "PlcMemoryType": "DB",
          "Lengthytes": 1,
          "StartAdressBits": 2,
          "EndAdressBits": 3
        }
      ],
      "ParseMessage": "",
      "ParseFailed": false,
      "ParentTag": true,
      "TypeTypeScript": "EMG_Status_UDT",
      "EndAdressBits": 16,
      "LengthBits": 3,
      "WriteValue": null,
      "WriteMessage": null,
      "Name": "_EMG_MAIN",
      "Id": [
        0,
        10,
        0
      ],
      "Type": "EMG_Status_UDT",
      "Comment": "",
      "OpcNode": ";s=\"EMG_STATUS_DB\".\"_EMG_MAIN\"",
      "DbName": "EMG_STATUS_DB",
      "ByteAdress": 0,
      "BitAdress": 0,
      "DbNumber": 85,
      "PlcMemoryType": "DB",
      "Lengthytes": 1,
      "StartAdressBits": 0
    },
    {
      "Value": [
        {
          "Type": "Bool",
          "LengthBits": 1,
          "ParseMessage": "",
          "ParseFailed": false,
          "Value": null,
          "WriteValue": false,
          "TypeTypeScript": "BoolPlcTag",
          "ParentTag": false,
          "WriteMessage": null,
          "Name": "_emgNok",
          "Id": [
            0,
            10,
            1,
            0
          ],
          "Comment": "",
          "OpcNode": ";s=\"EMG_STATUS_DB\".\"_EMG_ZONE_1\".\"_emgNok\"",
          "DbName": "EMG_STATUS_DB",
          "ByteAdress": 2,
          "BitAdress": 0,
          "DbNumber": 85,
          "PlcMemoryType": "DB",
          "Lengthytes": 1,
          "StartAdressBits": 16,
          "EndAdressBits": 17
        },
        {
          "Type": "Bool",
          "LengthBits": 1,
          "ParseMessage": "",
          "ParseFailed": false,
          "Value": null,
          "WriteValue": false,
          "TypeTypeScript": "BoolPlcTag",
          "ParentTag": false,
          "WriteMessage": null,
          "Name": "_activated",
          "Id": [
            0,
            10,
            1,
            1
          ],
          "Comment": "",
          "OpcNode": ";s=\"EMG_STATUS_DB\".\"_EMG_ZONE_1\".\"_activated\"",
          "DbName": "EMG_STATUS_DB",
          "ByteAdress": 2,
          "BitAdress": 1,
          "DbNumber": 85,
          "PlcMemoryType": "DB",
          "Lengthytes": 1,
          "StartAdressBits": 17,
          "EndAdressBits": 18
        },
        {
          "Type": "Bool",
          "LengthBits": 1,
          "ParseMessage": "",
          "ParseFailed": false,
          "Value": null,
          "WriteValue": false,
          "TypeTypeScript": "BoolPlcTag",
          "ParentTag": false,
          "WriteMessage": null,
          "Name": "_waitingForReset",
          "Id": [
            0,
            10,
            1,
            2
          ],
          "Comment": "",
          "OpcNode": ";s=\"EMG_STATUS_DB\".\"_EMG_ZONE_1\".\"_waitingForReset\"",
          "DbName": "EMG_STATUS_DB",
          "ByteAdress": 2,
          "BitAdress": 2,
          "DbNumber": 85,
          "PlcMemoryType": "DB",
          "Lengthytes": 1,
          "StartAdressBits": 18,
          "EndAdressBits": 19
        }
      ],
      "ParseMessage": "",
      "ParseFailed": false,
      "ParentTag": true,
      "TypeTypeScript": "EMG_Status_UDT",
      "EndAdressBits": 32,
      "LengthBits": 3,
      "WriteValue": null,
      "WriteMessage": null,
      "Name": "_EMG_ZONE_1",
      "Id": [
        0,
        10,
        1
      ],
      "Type": "EMG_Status_UDT",
      "Comment": "",
      "OpcNode": ";s=\"EMG_STATUS_DB\".\"_EMG_ZONE_1\"",
      "DbName": "EMG_STATUS_DB",
      "ByteAdress": 2,
      "BitAdress": 0,
      "DbNumber": 85,
      "PlcMemoryType": "DB",
      "Lengthytes": 1,
      "StartAdressBits": 16
    },
    {
      "Value": [
        {
          "Type": "Bool",
          "LengthBits": 1,
          "ParseMessage": "",
          "ParseFailed": false,
          "Value": null,
          "WriteValue": false,
          "TypeTypeScript": "BoolPlcTag",
          "ParentTag": false,
          "WriteMessage": null,
          "Name": "_emgNok",
          "Id": [
            0,
            10,
            2,
            0
          ],
          "Comment": "",
          "OpcNode": ";s=\"EMG_STATUS_DB\".\"_EMG_ZONE_2\".\"_emgNok\"",
          "DbName": "EMG_STATUS_DB",
          "ByteAdress": 4,
          "BitAdress": 0,
          "DbNumber": 85,
          "PlcMemoryType": "DB",
          "Lengthytes": 1,
          "StartAdressBits": 32,
          "EndAdressBits": 33
        },
        {
          "Type": "Bool",
          "LengthBits": 1,
          "ParseMessage": "",
          "ParseFailed": false,
          "Value": null,
          "WriteValue": false,
          "TypeTypeScript": "BoolPlcTag",
          "ParentTag": false,
          "WriteMessage": null,
          "Name": "_activated",
          "Id": [
            0,
            10,
            2,
            1
          ],
          "Comment": "",
          "OpcNode": ";s=\"EMG_STATUS_DB\".\"_EMG_ZONE_2\".\"_activated\"",
          "DbName": "EMG_STATUS_DB",
          "ByteAdress": 4,
          "BitAdress": 1,
          "DbNumber": 85,
          "PlcMemoryType": "DB",
          "Lengthytes": 1,
          "StartAdressBits": 33,
          "EndAdressBits": 34
        },
        {
          "Type": "Bool",
          "LengthBits": 1,
          "ParseMessage": "",
          "ParseFailed": false,
          "Value": null,
          "WriteValue": false,
          "TypeTypeScript": "BoolPlcTag",
          "ParentTag": false,
          "WriteMessage": null,
          "Name": "_waitingForReset",
          "Id": [
            0,
            10,
            2,
            2
          ],
          "Comment": "",
          "OpcNode": ";s=\"EMG_STATUS_DB\".\"_EMG_ZONE_2\".\"_waitingForReset\"",
          "DbName": "EMG_STATUS_DB",
          "ByteAdress": 4,
          "BitAdress": 2,
          "DbNumber": 85,
          "PlcMemoryType": "DB",
          "Lengthytes": 1,
          "StartAdressBits": 34,
          "EndAdressBits": 35
        }
      ],
      "ParseMessage": "",
      "ParseFailed": false,
      "ParentTag": true,
      "TypeTypeScript": "EMG_Status_UDT",
      "EndAdressBits": 48,
      "LengthBits": 3,
      "WriteValue": null,
      "WriteMessage": null,
      "Name": "_EMG_ZONE_2",
      "Id": [
        0,
        10,
        2
      ],
      "Type": "EMG_Status_UDT",
      "Comment": "",
      "OpcNode": ";s=\"EMG_STATUS_DB\".\"_EMG_ZONE_2\"",
      "DbName": "EMG_STATUS_DB",
      "ByteAdress": 4,
      "BitAdress": 0,
      "DbNumber": 85,
      "PlcMemoryType": "DB",
      "Lengthytes": 1,
      "StartAdressBits": 32
    },
    {
      "Value": [
        {
          "Type": "Bool",
          "LengthBits": 1,
          "ParseMessage": "",
          "ParseFailed": false,
          "Value": null,
          "WriteValue": false,
          "TypeTypeScript": "BoolPlcTag",
          "ParentTag": false,
          "WriteMessage": null,
          "Name": "_emgNok",
          "Id": [
            0,
            10,
            3,
            0
          ],
          "Comment": "",
          "OpcNode": ";s=\"EMG_STATUS_DB\".\"_EMG_ZONE_3_4\".\"_emgNok\"",
          "DbName": "EMG_STATUS_DB",
          "ByteAdress": 6,
          "BitAdress": 0,
          "DbNumber": 85,
          "PlcMemoryType": "DB",
          "Lengthytes": 1,
          "StartAdressBits": 48,
          "EndAdressBits": 49
        },
        {
          "Type": "Bool",
          "LengthBits": 1,
          "ParseMessage": "",
          "ParseFailed": false,
          "Value": null,
          "WriteValue": false,
          "TypeTypeScript": "BoolPlcTag",
          "ParentTag": false,
          "WriteMessage": null,
          "Name": "_activated",
          "Id": [
            0,
            10,
            3,
            1
          ],
          "Comment": "",
          "OpcNode": ";s=\"EMG_STATUS_DB\".\"_EMG_ZONE_3_4\".\"_activated\"",
          "DbName": "EMG_STATUS_DB",
          "ByteAdress": 6,
          "BitAdress": 1,
          "DbNumber": 85,
          "PlcMemoryType": "DB",
          "Lengthytes": 1,
          "StartAdressBits": 49,
          "EndAdressBits": 50
        },
        {
          "Type": "Bool",
          "LengthBits": 1,
          "ParseMessage": "",
          "ParseFailed": false,
          "Value": null,
          "WriteValue": false,
          "TypeTypeScript": "BoolPlcTag",
          "ParentTag": false,
          "WriteMessage": null,
          "Name": "_waitingForReset",
          "Id": [
            0,
            10,
            3,
            2
          ],
          "Comment": "",
          "OpcNode": ";s=\"EMG_STATUS_DB\".\"_EMG_ZONE_3_4\".\"_waitingForReset\"",
          "DbName": "EMG_STATUS_DB",
          "ByteAdress": 6,
          "BitAdress": 2,
          "DbNumber": 85,
          "PlcMemoryType": "DB",
          "Lengthytes": 1,
          "StartAdressBits": 50,
          "EndAdressBits": 51
        }
      ],
      "ParseMessage": "",
      "ParseFailed": false,
      "ParentTag": true,
      "TypeTypeScript": "EMG_Status_UDT",
      "EndAdressBits": 64,
      "LengthBits": 3,
      "WriteValue": null,
      "WriteMessage": null,
      "Name": "_EMG_ZONE_3_4",
      "Id": [
        0,
        10,
        3
      ],
      "Type": "EMG_Status_UDT",
      "Comment": "",
      "OpcNode": ";s=\"EMG_STATUS_DB\".\"_EMG_ZONE_3_4\"",
      "DbName": "EMG_STATUS_DB",
      "ByteAdress": 6,
      "BitAdress": 0,
      "DbNumber": 85,
      "PlcMemoryType": "DB",
      "Lengthytes": 1,
      "StartAdressBits": 48
    },
    {
      "Value": [
        {
          "Type": "Bool",
          "LengthBits": 1,
          "ParseMessage": "",
          "ParseFailed": false,
          "Value": null,
          "WriteValue": false,
          "TypeTypeScript": "BoolPlcTag",
          "ParentTag": false,
          "WriteMessage": null,
          "Name": "_emgNok",
          "Id": [
            0,
            10,
            4,
            0
          ],
          "Comment": "",
          "OpcNode": ";s=\"EMG_STATUS_DB\".\"_EMG_ZONE_5\".\"_emgNok\"",
          "DbName": "EMG_STATUS_DB",
          "ByteAdress": 8,
          "BitAdress": 0,
          "DbNumber": 85,
          "PlcMemoryType": "DB",
          "Lengthytes": 1,
          "StartAdressBits": 64,
          "EndAdressBits": 65
        },
        {
          "Type": "Bool",
          "LengthBits": 1,
          "ParseMessage": "",
          "ParseFailed": false,
          "Value": null,
          "WriteValue": false,
          "TypeTypeScript": "BoolPlcTag",
          "ParentTag": false,
          "WriteMessage": null,
          "Name": "_activated",
          "Id": [
            0,
            10,
            4,
            1
          ],
          "Comment": "",
          "OpcNode": ";s=\"EMG_STATUS_DB\".\"_EMG_ZONE_5\".\"_activated\"",
          "DbName": "EMG_STATUS_DB",
          "ByteAdress": 8,
          "BitAdress": 1,
          "DbNumber": 85,
          "PlcMemoryType": "DB",
          "Lengthytes": 1,
          "StartAdressBits": 65,
          "EndAdressBits": 66
        },
        {
          "Type": "Bool",
          "LengthBits": 1,
          "ParseMessage": "",
          "ParseFailed": false,
          "Value": null,
          "WriteValue": false,
          "TypeTypeScript": "BoolPlcTag",
          "ParentTag": false,
          "WriteMessage": null,
          "Name": "_waitingForReset",
          "Id": [
            0,
            10,
            4,
            2
          ],
          "Comment": "",
          "OpcNode": ";s=\"EMG_STATUS_DB\".\"_EMG_ZONE_5\".\"_waitingForReset\"",
          "DbName": "EMG_STATUS_DB",
          "ByteAdress": 8,
          "BitAdress": 2,
          "DbNumber": 85,
          "PlcMemoryType": "DB",
          "Lengthytes": 1,
          "StartAdressBits": 66,
          "EndAdressBits": 67
        }
      ],
      "ParseMessage": "",
      "ParseFailed": false,
      "ParentTag": true,
      "TypeTypeScript": "EMG_Status_UDT",
      "EndAdressBits": 80,
      "LengthBits": 3,
      "WriteValue": null,
      "WriteMessage": null,
      "Name": "_EMG_ZONE_5",
      "Id": [
        0,
        10,
        4
      ],
      "Type": "EMG_Status_UDT",
      "Comment": "",
      "OpcNode": ";s=\"EMG_STATUS_DB\".\"_EMG_ZONE_5\"",
      "DbName": "EMG_STATUS_DB",
      "ByteAdress": 8,
      "BitAdress": 0,
      "DbNumber": 85,
      "PlcMemoryType": "DB",
      "Lengthytes": 1,
      "StartAdressBits": 64
    }
  ],
  "KeyName": "EMG_STATUS_DB_DB85"
}