﻿<?xml version="1.0" encoding="utf-8"?>
<Document>
  <Engineering version="V16" />
  <DocumentInfo>
    <Created>2023-11-13T10:46:12.2008242Z</Created>
    <ExportSetting>WithDefaults</ExportSetting>
    <InstalledProducts>
      <Product>
        <DisplayName>Totally Integrated Automation Portal</DisplayName>
        <DisplayVersion>V16 Update 6</DisplayVersion>
      </Product>
      <OptionPackage>
        <DisplayName>TIA Portal Version Control Interface</DisplayName>
        <DisplayVersion>V16 Update 2</DisplayVersion>
      </OptionPackage>
      <OptionPackage>
        <DisplayName>TIA Portal Openness</DisplayName>
        <DisplayVersion>V16 Update 6</DisplayVersion>
      </OptionPackage>
      <OptionPackage>
        <DisplayName>TIA Portal Teamcenter Gateway</DisplayName>
        <DisplayVersion>V16</DisplayVersion>
      </OptionPackage>
      <Product>
        <DisplayName>SINAMICS Startdrive Advanced</DisplayName>
        <DisplayVersion>V16 Update 5</DisplayVersion>
      </Product>
      <OptionPackage>
        <DisplayName>SINAMICS Startdrive G130, G150, S120, S150, SINAMICS MV, S210</DisplayName>
        <DisplayVersion>V16 Update 5</DisplayVersion>
      </OptionPackage>
      <OptionPackage>
        <DisplayName>SINAMICS Startdrive G110M, G120, G120C, G120D, G120P, G115D</DisplayName>
        <DisplayVersion>V16 Update 5</DisplayVersion>
      </OptionPackage>
      <Product>
        <DisplayName>STEP 7 Professional</DisplayName>
        <DisplayVersion>V16 Update 6</DisplayVersion>
      </Product>
      <OptionPackage>
        <DisplayName>STEP 7 Safety</DisplayName>
        <DisplayVersion>V16</DisplayVersion>
      </OptionPackage>
      <Product>
        <DisplayName>WinCC Advanced / Unified PC</DisplayName>
        <DisplayVersion>V16 Update 6</DisplayVersion>
      </Product>
    </InstalledProducts>
  </DocumentInfo>
  <SW.Blocks.FB ID="0">
    <AttributeList>
      <AutoNumber>true</AutoNumber>
      <HeaderAuthor />
      <HeaderFamily />
      <HeaderName />
      <HeaderVersion>0.1</HeaderVersion>
      <Interface><Sections xmlns="http://www.siemens.com/automation/Openness/SW/Interface/v4">
  <Section Name="Input" />
  <Section Name="Output" />
  <Section Name="InOut">
    <Member Name="IO_IPC" Datatype="&quot;PLC_IPC_S7LOG_UDT&quot;" Accessibility="Public">
      <Sections>
        <Section Name="None">
          <Member Name="REQ_STATUS" Datatype="&quot;PLC_IPC_STANDARD_REQ_RES_UDT&quot;">
            <Sections>
              <Section Name="None">
                <Member Name="newData" Datatype="Bool" />
                <Member Name="messageId" Datatype="UInt" />
              </Section>
            </Sections>
          </Member>
          <Member Name="REQ_STRING" Datatype="String" />
          <Member Name="RES_STATUS" Datatype="&quot;PLC_IPC_STANDARD_REQ_RES_UDT&quot;">
            <Sections>
              <Section Name="None">
                <Member Name="newData" Datatype="Bool" />
                <Member Name="messageId" Datatype="UInt" />
              </Section>
            </Sections>
          </Member>
          <Member Name="RES_DATA" Datatype="Bool" />
          <Member Name="PLC_DATA" Datatype="Bool" />
          <Member Name="IPC_STATUS" Datatype="&quot;IPC_INTERFACE_STATUS_UDT&quot;">
            <Sections>
              <Section Name="None">
                <Member Name="Diagnostics" Datatype="Struct">
                  <Member Name="TimeOuts" Datatype="DInt" />
                  <Member Name="Successes" Datatype="DInt" />
                  <Member Name="OutOfSync" Datatype="DInt" />
                  <Member Name="CommunicationTime" Datatype="Time" />
                  <Member Name="LastCommunicationTime" Datatype="Time" />
                </Member>
                <Member Name="ResultStatus" Datatype="Struct">
                  <Member Name="static" Datatype="&quot;IPC_RES_STATUS_UDT&quot;">
                    <Sections>
                      <Section Name="None">
                        <Member Name="NewResult" Datatype="Bool" />
                        <Member Name="Success" Datatype="Bool" />
                        <Member Name="OutOfSync" Datatype="Bool" />
                        <Member Name="TimeOut" Datatype="Bool" />
                        <Member Name="Fail" Datatype="Bool" />
                      </Section>
                    </Sections>
                  </Member>
                  <Member Name="pulse" Datatype="&quot;IPC_RES_STATUS_UDT&quot;">
                    <Sections>
                      <Section Name="None">
                        <Member Name="NewResult" Datatype="Bool" />
                        <Member Name="Success" Datatype="Bool" />
                        <Member Name="OutOfSync" Datatype="Bool" />
                        <Member Name="TimeOut" Datatype="Bool" />
                        <Member Name="Fail" Datatype="Bool" />
                      </Section>
                    </Sections>
                  </Member>
                </Member>
                <Member Name="Status" Datatype="Struct">
                  <Member Name="online" Datatype="Bool" />
                  <Member Name="ReadyForSendingData" Datatype="Bool" />
                  <Member Name="ReceivingData" Datatype="Bool" />
                </Member>
                <Member Name="Settings" Datatype="Struct">
                  <Member Name="TimeOut" Datatype="Time" />
                  <Member Name="RetrySending" Datatype="Bool" />
                  <Member Name="RetryThreshold" Datatype="Int" />
                  <Member Name="RetryCounter" Datatype="Int" />
                  <Member Name="ResendMessage" Datatype="Time" />
                </Member>
                <Member Name="Zone" Datatype="UInt" />
                <Member Name="name" Datatype="String[20]" />
              </Section>
            </Sections>
          </Member>
        </Section>
      </Sections>
    </Member>
  </Section>
  <Section Name="Static">
    <Member Name="ipc" Datatype="&quot;IPC_Request&quot;" Accessibility="Public"><AttributeList><BooleanAttribute Name="ExternalAccessible" SystemDefined="true">true</BooleanAttribute><BooleanAttribute Name="ExternalVisible" SystemDefined="true">true</BooleanAttribute><BooleanAttribute Name="ExternalWritable" SystemDefined="true">true</BooleanAttribute><BooleanAttribute Name="SetPoint" SystemDefined="true">false</BooleanAttribute></AttributeList><Sections><Section Name="Input"><Member Name="I_StartRequestFlag" Datatype="Bool" /><Member Name="I_AbortResend" Datatype="Bool" /><Member Name="I_Data" Datatype="Variant" /><Member Name="I_ResStatus" Datatype="&quot;PLC_IPC_STANDARD_REQ_RES_UDT&quot;"><Sections><Section Name="None"><Member Name="newData" Datatype="Bool" /><Member Name="messageId" Datatype="UInt" /></Section></Sections></Member><Member Name="I_ResData" Datatype="Variant" /></Section><Section Name="Output" /><Section Name="InOut"><Member Name="IO_IPC_Interface" Datatype="&quot;IPC_INTERFACE_STATUS_UDT&quot;"><Sections><Section Name="None" /></Sections></Member><Member Name="IO_ReqStatus" Datatype="&quot;PLC_IPC_STANDARD_REQ_RES_UDT&quot;"><Sections><Section Name="None" /></Sections></Member><Member Name="IO_ReqData" Datatype="Variant" /><Member Name="IO_ResultData" Datatype="Variant" /></Section><Section Name="Static"><Member Name="Alarm" Datatype="&quot;AlarmInfo_UDT&quot;"><Sections><Section Name="None"><Member Name="info" Datatype="String" /><Member Name="init" Datatype="Bool" /></Section></Sections></Member><Member Name="TriggerReader" Datatype="&quot;SmartBool&quot;"><Sections><Section Name="Input"><Member Name="I_Sensor" Datatype="Bool" /><Member Name="I_Simulate" Datatype="Bool" /><Member Name="HoldOnTIme" Datatype="Time" /><Member Name="DelayOnTime" Datatype="Time" /></Section><Section Name="Output"><Member Name="O_data" Datatype="&quot;SmartBooldt&quot;"><Sections><Section Name="None"><Member Name="State" Datatype="Bool" /><Member Name="LE" Datatype="Bool" /><Member Name="FE" Datatype="Bool" /><Member Name="sensorTest" Datatype="Bool" /><Member Name="IddleSignal" Datatype="Bool" /><Member Name="testFailed" Datatype="Bool" /><Member Name="Counter" Datatype="UInt" /></Section></Sections></Member></Section><Section Name="InOut" /><Section Name="Static"><Member Name="S_Prev_Val" Datatype="Bool" /><Member Name="S_DelayOnTime" Datatype="TON_TIME" Version="1.0"><Sections><Section Name="None"><Member Name="PT" Datatype="Time" /><Member Name="ET" Datatype="Time" /><Member Name="IN" Datatype="Bool" /><Member Name="Q" Datatype="Bool" /></Section></Sections></Member><Member Name="S_HoldOnTimer" Datatype="TOF_TIME" Version="1.0"><Sections><Section Name="None"><Member Name="PT" Datatype="Time" /><Member Name="ET" Datatype="Time" /><Member Name="IN" Datatype="Bool" /><Member Name="Q" Datatype="Bool" /></Section></Sections></Member><Member Name="S_LE" Datatype="Bool" /><Member Name="S_FE" Datatype="Bool" /><Member Name="S_SensorState" Datatype="Bool" /><Member Name="S_HoldOn" Datatype="Bool" /></Section></Sections></Member><Member Name="StepNumber" Datatype="DInt" /><Member Name="MessageID" Datatype="UInt" /><Member Name="Step_100_SentData" Datatype="&quot;StepperController&quot;"><Sections><Section Name="Input"><Member Name="I_StepNumber" Datatype="DInt" /><Member Name="I_NextStepNumber" Datatype="DInt" /><Member Name="I_ErrorStepNumber" Datatype="DInt" /><Member Name="I_TimeOutStepNumber" Datatype="DInt" /><Member Name="I_Condition" Datatype="Bool" /><Member Name="I_ErrorConditon" Datatype="Bool" /><Member Name="I_ConditionTIme" Datatype="Time" /><Member Name="I_TimeOutTime" Datatype="Time" /><Member Name="I_ErrorTime" Datatype="Time" /><Member Name="I_IgnoreTimeOut" Datatype="Bool" /><Member Name="I_AccumulateConditionTIme" Datatype="Bool" /><Member Name="I_PauseTimeOut" Datatype="Bool" /></Section><Section Name="Output"><Member Name="O_ConditionTrans" Datatype="Bool" /><Member Name="O_ErrorTrans" Datatype="Bool" /><Member Name="O_TimeTrans" Datatype="Bool" /></Section><Section Name="InOut"><Member Name="IO_StepNumber" Datatype="DInt" /><Member Name="IO_PrevStepNumber" Datatype="DInt" /></Section><Section Name="Static"><Member Name="S_ConditionTime" Datatype="TON_TIME" Version="1.0"><Sections><Section Name="None"><Member Name="PT" Datatype="Time" /><Member Name="ET" Datatype="Time" /><Member Name="IN" Datatype="Bool" /><Member Name="Q" Datatype="Bool" /></Section></Sections></Member><Member Name="S_TimeOutTime" Datatype="TONR_TIME" Version="1.0"><Sections><Section Name="None"><Member Name="PT" Datatype="Time" /><Member Name="ET" Datatype="Time" /><Member Name="IN" Datatype="Bool" /><Member Name="Q" Datatype="Bool" /></Section></Sections></Member><Member Name="S_ErrorConditionTIme" Datatype="TON_TIME" Version="1.0"><Sections><Section Name="None"><Member Name="PT" Datatype="Time" /><Member Name="ET" Datatype="Time" /><Member Name="IN" Datatype="Bool" /><Member Name="Q" Datatype="Bool" /></Section></Sections></Member></Section></Sections></Member><Member Name="Step_200_ReceiveData" Datatype="&quot;StepperController&quot;"><Sections><Section Name="Input"><Member Name="I_StepNumber" Datatype="DInt" /><Member Name="I_NextStepNumber" Datatype="DInt" /><Member Name="I_ErrorStepNumber" Datatype="DInt" /><Member Name="I_TimeOutStepNumber" Datatype="DInt" /><Member Name="I_Condition" Datatype="Bool" /><Member Name="I_ErrorConditon" Datatype="Bool" /><Member Name="I_ConditionTIme" Datatype="Time" /><Member Name="I_TimeOutTime" Datatype="Time" /><Member Name="I_ErrorTime" Datatype="Time" /><Member Name="I_IgnoreTimeOut" Datatype="Bool" /><Member Name="I_AccumulateConditionTIme" Datatype="Bool" /><Member Name="I_PauseTimeOut" Datatype="Bool" /></Section><Section Name="Output"><Member Name="O_ConditionTrans" Datatype="Bool" /><Member Name="O_ErrorTrans" Datatype="Bool" /><Member Name="O_TimeTrans" Datatype="Bool" /></Section><Section Name="InOut"><Member Name="IO_StepNumber" Datatype="DInt" /><Member Name="IO_PrevStepNumber" Datatype="DInt" /></Section><Section Name="Static"><Member Name="S_ConditionTime" Datatype="TON_TIME" Version="1.0"><Sections><Section Name="None"><Member Name="PT" Datatype="Time" /><Member Name="ET" Datatype="Time" /><Member Name="IN" Datatype="Bool" /><Member Name="Q" Datatype="Bool" /></Section></Sections></Member><Member Name="S_TimeOutTime" Datatype="TONR_TIME" Version="1.0"><Sections><Section Name="None"><Member Name="PT" Datatype="Time" /><Member Name="ET" Datatype="Time" /><Member Name="IN" Datatype="Bool" /><Member Name="Q" Datatype="Bool" /></Section></Sections></Member><Member Name="S_ErrorConditionTIme" Datatype="TON_TIME" Version="1.0"><Sections><Section Name="None"><Member Name="PT" Datatype="Time" /><Member Name="ET" Datatype="Time" /><Member Name="IN" Datatype="Bool" /><Member Name="Q" Datatype="Bool" /></Section></Sections></Member></Section></Sections></Member><Member Name="Step_300_ResendingPhase" Datatype="&quot;StepperController&quot;"><Sections><Section Name="Input"><Member Name="I_StepNumber" Datatype="DInt" /><Member Name="I_NextStepNumber" Datatype="DInt" /><Member Name="I_ErrorStepNumber" Datatype="DInt" /><Member Name="I_TimeOutStepNumber" Datatype="DInt" /><Member Name="I_Condition" Datatype="Bool" /><Member Name="I_ErrorConditon" Datatype="Bool" /><Member Name="I_ConditionTIme" Datatype="Time" /><Member Name="I_TimeOutTime" Datatype="Time" /><Member Name="I_ErrorTime" Datatype="Time" /><Member Name="I_IgnoreTimeOut" Datatype="Bool" /><Member Name="I_AccumulateConditionTIme" Datatype="Bool" /><Member Name="I_PauseTimeOut" Datatype="Bool" /></Section><Section Name="Output"><Member Name="O_ConditionTrans" Datatype="Bool" /><Member Name="O_ErrorTrans" Datatype="Bool" /><Member Name="O_TimeTrans" Datatype="Bool" /></Section><Section Name="InOut"><Member Name="IO_StepNumber" Datatype="DInt" /><Member Name="IO_PrevStepNumber" Datatype="DInt" /></Section><Section Name="Static"><Member Name="S_ConditionTime" Datatype="TON_TIME" Version="1.0"><Sections><Section Name="None"><Member Name="PT" Datatype="Time" /><Member Name="ET" Datatype="Time" /><Member Name="IN" Datatype="Bool" /><Member Name="Q" Datatype="Bool" /></Section></Sections></Member><Member Name="S_TimeOutTime" Datatype="TONR_TIME" Version="1.0"><Sections><Section Name="None"><Member Name="PT" Datatype="Time" /><Member Name="ET" Datatype="Time" /><Member Name="IN" Datatype="Bool" /><Member Name="Q" Datatype="Bool" /></Section></Sections></Member><Member Name="S_ErrorConditionTIme" Datatype="TON_TIME" Version="1.0"><Sections><Section Name="None"><Member Name="PT" Datatype="Time" /><Member Name="ET" Datatype="Time" /><Member Name="IN" Datatype="Bool" /><Member Name="Q" Datatype="Bool" /></Section></Sections></Member></Section></Sections></Member><Member Name="wmsError" Datatype="TON_TIME" Version="1.0"><Sections><Section Name="None"><Member Name="PT" Datatype="Time" /><Member Name="ET" Datatype="Time" /><Member Name="IN" Datatype="Bool" /><Member Name="Q" Datatype="Bool" /></Section></Sections></Member><Member Name="alarmWmsError" Datatype="Program_Alarm" Version="1.0"><Sections><Section Name="Base"><Sections Datatype="ALARM_BASE" Version="1.0"><Section Name="Input" /><Section Name="Output" /><Section Name="InOut" /><Section Name="Static"><Member Name="Alarm_ID" Datatype="Event_ID" Version="1.0"><Sections><Section Name="None"><Member Name="ALID" Datatype="Word" /><Member Name="ARID" Datatype="Word" /></Section></Sections></Member><Member Name="HANDLE" Datatype="DWord" /></Section></Sections></Section><Section Name="Input"><Member Name="SIG" Datatype="Bool" /><Member Name="TIMESTAMP" Datatype="LDT" /><Member Name="SD_1" Datatype="Variant" /><Member Name="SD_2" Datatype="Variant" /><Member Name="SD_3" Datatype="Variant" /><Member Name="SD_4" Datatype="Variant" /><Member Name="SD_5" Datatype="Variant" /><Member Name="SD_6" Datatype="Variant" /><Member Name="SD_7" Datatype="Variant" /><Member Name="SD_8" Datatype="Variant" /><Member Name="SD_9" Datatype="Variant" /><Member Name="SD_10" Datatype="Variant" /></Section><Section Name="Output"><Member Name="Error" Datatype="Bool" /><Member Name="Status" Datatype="Word" /></Section><Section Name="InOut" /><Section Name="Static"><Member Name="SD_0" Datatype="AssocValue_0" Version="1.0"><Sections><Section Name="None"><Member Name="Syntax" Datatype="UInt" /><Member Name="Aap" Datatype="Byte" /></Section></Sections></Member><Member Name="SIG_Edge_History" Datatype="Bool" /><Member Name="INIT_FB_State" Datatype="DWord" /></Section></Sections></Member></Section></Sections></Member>
  </Section>
  <Section Name="Temp">
    <Member Name="T_Json" Datatype="String" />
    <Member Name="T_NewValue" Datatype="Bool" />
  </Section>
  <Section Name="Constant" />
</Sections></Interface>
      <IsIECCheckEnabled>false</IsIECCheckEnabled>
      <IsRetainMemResEnabled>false</IsRetainMemResEnabled>
      <MemoryLayout>Optimized</MemoryLayout>
      <MemoryReserve>100</MemoryReserve>
      <Name>JSON_Logger_FB</Name>
      <Number>121</Number>
      <ProgrammingLanguage>SCL</ProgrammingLanguage>
      <SetENOAutomatically>false</SetENOAutomatically>
      <UDABlockProperties />
      <UDAEnableTagReadback>false</UDAEnableTagReadback>
    </AttributeList>
    <ObjectList>
      <MultilingualText ID="1" CompositionName="Comment">
        <ObjectList>
          <MultilingualTextItem ID="2" CompositionName="Items">
            <AttributeList>
              <Culture>en-US</Culture>
              <Text />
            </AttributeList>
          </MultilingualTextItem>
          <MultilingualTextItem ID="3" CompositionName="Items">
            <AttributeList>
              <Culture>fr-BE</Culture>
              <Text />
            </AttributeList>
          </MultilingualTextItem>
        </ObjectList>
      </MultilingualText>
      <SW.Blocks.CompileUnit ID="4" CompositionName="CompileUnits">
        <AttributeList>
          <NetworkSource><StructuredText xmlns="http://www.siemens.com/automation/Openness/SW/NetworkSource/StructuredText/v3">
  <Token Text="REGION" UId="21" />
  <Blank Num="1" UId="22" />
  <Text UId="23">GET JSON FROM QUEUE</Text>
  <NewLine Num="1" UId="24" />
  <Blank Num="4" UId="25" />
  <Access Scope="LocalVariable" UId="26">
    <Symbol UId="27">
      <Component Name="T_Json" UId="28" />
    </Symbol>
  </Access>
  <Blank Num="1" UId="29" />
  <Token Text=":=" UId="30" />
  <Blank Num="1" UId="31" />
  <Access Scope="LiteralConstant" UId="32">
    <Constant UId="33">
      <ConstantValue UId="35">''</ConstantValue>
    </Constant>
  </Access>
  <Token Text=";" UId="36" />
  <NewLine Num="1" UId="37" />
  <Blank Num="4" UId="38" />
  <Access Scope="LocalVariable" UId="39">
    <Symbol UId="40">
      <Component Name="T_NewValue" UId="41" />
    </Symbol>
  </Access>
  <Blank Num="1" UId="42" />
  <Token Text=":=" UId="43" />
  <Blank Num="1" UId="44" />
  <Access Scope="LiteralConstant" UId="45">
    <Constant UId="46">
      <ConstantValue UId="48">FALSE</ConstantValue>
    </Constant>
  </Access>
  <Token Text=";" UId="49" />
  <NewLine Num="1" UId="50" />
  <Blank Num="4" UId="51" />
  <NewLine Num="1" UId="52" />
  <Blank Num="4" UId="53" />
  <Token Text="IF" UId="54" />
  <Blank Num="1" UId="55" />
  <Access Scope="LocalVariable" UId="56">
    <Symbol UId="57">
      <Component Name="IO_IPC" UId="58" />
      <Token Text="." UId="59" />
      <Component Name="IPC_STATUS" UId="60" />
      <Token Text="." UId="61" />
      <Component Name="Status" UId="62" />
      <Token Text="." UId="63" />
      <Component Name="ReadyForSendingData" UId="64" />
    </Symbol>
  </Access>
  <Blank Num="1" UId="65" />
  <Token Text="AND" UId="66" />
  <Blank Num="1" UId="67" />
  <Token Text="NOT" UId="68" />
  <Blank Num="1" UId="69" />
  <Access Scope="GlobalVariable" UId="70">
    <Symbol UId="71">
      <Component Name="Alarms_DB" UId="72" />
      <Token Text="." UId="73" />
      <Component Name="IPC_NotConnected" UId="74" />
    </Symbol>
  </Access>
  <Blank Num="1" UId="75" />
  <Token Text="THEN" UId="76" />
  <NewLine Num="1" UId="77" />
  <Blank Num="8" UId="78" />
  <NewLine Num="1" UId="79" />
  <Blank Num="8" UId="80" />
  <Access Scope="Call" UId="81">
    <CallInfo UId="82" BlockType="FC">
      <Instance Scope="GlobalVariable" UId="84">
        <Component Name="getJson_FC" UId="83" />
      </Instance>
      <Token Text="(" UId="85" />
      <Parameter Name="O_Value" UId="86">
        <Blank Num="1" UId="87" />
        <Token Text="=&gt;" UId="88" />
        <Blank Num="1" UId="89" />
        <Access Scope="LocalVariable" UId="90">
          <Symbol UId="91">
            <Component Name="T_Json" UId="92" />
          </Symbol>
        </Access>
      </Parameter>
      <Token Text="," UId="93" />
      <NewLine Num="1" UId="94" />
      <Blank Num="21" UId="95" />
      <Parameter Name="O_NewValue" UId="96">
        <Blank Num="1" UId="97" />
        <Token Text="=&gt;" UId="98" />
        <Blank Num="1" UId="99" />
        <Access Scope="LocalVariable" UId="100">
          <Symbol UId="101">
            <Component Name="T_NewValue" UId="102" />
          </Symbol>
        </Access>
      </Parameter>
      <Token Text="," UId="103" />
      <NewLine Num="1" UId="104" />
      <Blank Num="21" UId="105" />
      <Parameter Name="IO_Buffer" UId="106">
        <Blank Num="1" UId="107" />
        <Token Text=":=" UId="108" />
        <Blank Num="1" UId="109" />
        <Access Scope="GlobalVariable" UId="110">
          <Symbol UId="111">
            <Component Name="S7_LOGGER_QUEU_DB" UId="112" />
            <Token Text="." UId="113" />
            <Component Name="QUEU" UId="114" />
          </Symbol>
        </Access>
      </Parameter>
      <Token Text=")" UId="115" />
    </CallInfo>
  </Access>
  <Token Text=";" UId="116" />
  <NewLine Num="1" UId="117" />
  <Blank Num="8" UId="118" />
  <NewLine Num="1" UId="119" />
  <Blank Num="4" UId="120" />
  <Token Text="END_IF" UId="121" />
  <Token Text=";" UId="122" />
  <NewLine Num="1" UId="123" />
  <Blank Num="3" UId="124" />
  <NewLine Num="1" UId="125" />
  <Blank Num="4" UId="126" />
  <NewLine Num="1" UId="127" />
  <Token Text="END_REGION" UId="128" />
  <NewLine Num="2" UId="129" />
  <Token Text="REGION" UId="130" />
  <Blank Num="1" UId="131" />
  <Text UId="132">IPC CONTROLLER</Text>
  <NewLine Num="1" UId="133" />
  <Blank Num="4" UId="134" />
  <NewLine Num="1" UId="135" />
  <Blank Num="4" UId="136" />
  <Access Scope="Call" UId="137">
    <CallInfo UId="138" BlockType="FB" Name="IPC_Request">
      <Instance Scope="LocalVariable" UId="139">
        <Component Name="ipc" UId="140" />
      </Instance>
      <Token Text="(" UId="141" />
      <Parameter Name="I_StartRequestFlag" UId="142">
        <Token Text=":=" UId="143" />
        <Access Scope="LocalVariable" UId="144">
          <Symbol UId="145">
            <Component Name="T_NewValue" UId="146" />
          </Symbol>
        </Access>
      </Parameter>
      <Token Text="," UId="147" />
      <NewLine Num="1" UId="148" />
      <Blank Num="9" UId="149" />
      <Parameter Name="I_Data" UId="150">
        <Token Text=":=" UId="151" />
        <Access Scope="LocalVariable" UId="152">
          <Symbol UId="153">
            <Component Name="T_Json" UId="154" />
          </Symbol>
        </Access>
      </Parameter>
      <Token Text="," UId="155" />
      <NewLine Num="1" UId="156" />
      <Blank Num="9" UId="157" />
      <Parameter Name="IO_IPC_Interface" UId="158">
        <Token Text=":=" UId="159" />
        <Access Scope="LocalVariable" UId="160">
          <Symbol UId="161">
            <Component Name="IO_IPC" UId="162" />
            <Token Text="." UId="163" />
            <Component Name="IPC_STATUS" UId="164" />
          </Symbol>
        </Access>
      </Parameter>
      <Token Text="," UId="165" />
      <NewLine Num="1" UId="166" />
      <Blank Num="9" UId="167" />
      <Parameter Name="IO_ReqStatus" UId="168">
        <Token Text=":=" UId="169" />
        <Access Scope="LocalVariable" UId="170">
          <Symbol UId="171">
            <Component Name="IO_IPC" UId="172" />
            <Token Text="." UId="173" />
            <Component Name="REQ_STATUS" UId="174" />
          </Symbol>
        </Access>
      </Parameter>
      <Token Text="," UId="175" />
      <NewLine Num="1" UId="176" />
      <Blank Num="9" UId="177" />
      <Parameter Name="I_ResStatus" UId="178">
        <Token Text=":=" UId="179" />
        <Access Scope="LocalVariable" UId="180">
          <Symbol UId="181">
            <Component Name="IO_IPC" UId="182" />
            <Token Text="." UId="183" />
            <Component Name="RES_STATUS" UId="184" />
          </Symbol>
        </Access>
      </Parameter>
      <Token Text="," UId="185" />
      <NewLine Num="1" UId="186" />
      <Blank Num="9" UId="187" />
      <Parameter Name="IO_ReqData" UId="188">
        <Token Text=":=" UId="189" />
        <Access Scope="LocalVariable" UId="190">
          <Symbol UId="191">
            <Component Name="IO_IPC" UId="192" />
            <Token Text="." UId="193" />
            <Component Name="REQ_STRING" UId="194" />
          </Symbol>
        </Access>
      </Parameter>
      <Token Text="," UId="195" />
      <NewLine Num="1" UId="196" />
      <Blank Num="9" UId="197" />
      <Parameter Name="I_ResData" UId="198">
        <Token Text=":=" UId="199" />
        <Access Scope="LocalVariable" UId="200">
          <Symbol UId="201">
            <Component Name="IO_IPC" UId="202" />
            <Token Text="." UId="203" />
            <Component Name="RES_DATA" UId="204" />
          </Symbol>
        </Access>
      </Parameter>
      <Token Text="," UId="205" />
      <NewLine Num="1" UId="206" />
      <Blank Num="9" UId="207" />
      <Parameter Name="IO_ResultData" UId="208">
        <Token Text=":=" UId="209" />
        <Access Scope="LocalVariable" UId="210">
          <Symbol UId="211">
            <Component Name="IO_IPC" UId="212" />
            <Token Text="." UId="213" />
            <Component Name="PLC_DATA" UId="214" />
          </Symbol>
        </Access>
      </Parameter>
      <Token Text=")" UId="216" />
    </CallInfo>
  </Access>
  <Token Text=";" UId="217" />
  <NewLine Num="1" UId="218" />
  <Blank Num="4" UId="219" />
  <NewLine Num="1" UId="220" />
  <Token Text="END_REGION" UId="221" />
  <NewLine Num="1" UId="222" />
</StructuredText></NetworkSource>
          <ProgrammingLanguage>SCL</ProgrammingLanguage>
        </AttributeList>
        <ObjectList>
          <MultilingualText ID="5" CompositionName="Comment">
            <ObjectList>
              <MultilingualTextItem ID="6" CompositionName="Items">
                <AttributeList>
                  <Culture>en-US</Culture>
                  <Text />
                </AttributeList>
              </MultilingualTextItem>
              <MultilingualTextItem ID="7" CompositionName="Items">
                <AttributeList>
                  <Culture>fr-BE</Culture>
                  <Text />
                </AttributeList>
              </MultilingualTextItem>
            </ObjectList>
          </MultilingualText>
          <MultilingualText ID="8" CompositionName="Title">
            <ObjectList>
              <MultilingualTextItem ID="9" CompositionName="Items">
                <AttributeList>
                  <Culture>en-US</Culture>
                  <Text />
                </AttributeList>
              </MultilingualTextItem>
              <MultilingualTextItem ID="A" CompositionName="Items">
                <AttributeList>
                  <Culture>fr-BE</Culture>
                  <Text />
                </AttributeList>
              </MultilingualTextItem>
            </ObjectList>
          </MultilingualText>
        </ObjectList>
      </SW.Blocks.CompileUnit>
      <MultilingualText ID="B" CompositionName="Title">
        <ObjectList>
          <MultilingualTextItem ID="C" CompositionName="Items">
            <AttributeList>
              <Culture>en-US</Culture>
              <Text />
            </AttributeList>
          </MultilingualTextItem>
          <MultilingualTextItem ID="D" CompositionName="Items">
            <AttributeList>
              <Culture>fr-BE</Culture>
              <Text />
            </AttributeList>
          </MultilingualTextItem>
        </ObjectList>
      </MultilingualText>
    </ObjectList>
  </SW.Blocks.FB>
</Document>