﻿<?xml version="1.0" encoding="utf-8"?>
<Document>
  <Engineering version="V16" />
  <DocumentInfo>
    <Created>2023-11-13T10:46:19.6728253Z</Created>
    <ExportSetting>WithReadOnly</ExportSetting>
    <InstalledProducts>
      <Product>
        <DisplayName>Totally Integrated Automation Portal</DisplayName>
        <DisplayVersion>V16 Update 6</DisplayVersion>
      </Product>
      <OptionPackage>
        <DisplayName>TIA Portal Version Control Interface</DisplayName>
        <DisplayVersion>V16 Update 2</DisplayVersion>
      </OptionPackage>
      <OptionPackage>
        <DisplayName>TIA Portal Openness</DisplayName>
        <DisplayVersion>V16 Update 6</DisplayVersion>
      </OptionPackage>
      <OptionPackage>
        <DisplayName>TIA Portal Teamcenter Gateway</DisplayName>
        <DisplayVersion>V16</DisplayVersion>
      </OptionPackage>
      <Product>
        <DisplayName>SINAMICS Startdrive Advanced</DisplayName>
        <DisplayVersion>V16 Update 5</DisplayVersion>
      </Product>
      <OptionPackage>
        <DisplayName>SINAMICS Startdrive G130, G150, S120, S150, SINAMICS MV, S210</DisplayName>
        <DisplayVersion>V16 Update 5</DisplayVersion>
      </OptionPackage>
      <OptionPackage>
        <DisplayName>SINAMICS Startdrive G110M, G120, G120C, G120D, G120P, G115D</DisplayName>
        <DisplayVersion>V16 Update 5</DisplayVersion>
      </OptionPackage>
      <Product>
        <DisplayName>STEP 7 Professional</DisplayName>
        <DisplayVersion>V16 Update 6</DisplayVersion>
      </Product>
      <OptionPackage>
        <DisplayName>STEP 7 Safety</DisplayName>
        <DisplayVersion>V16</DisplayVersion>
      </OptionPackage>
      <Product>
        <DisplayName>WinCC Advanced / Unified PC</DisplayName>
        <DisplayVersion>V16 Update 6</DisplayVersion>
      </Product>
    </InstalledProducts>
  </DocumentInfo>
  <SW.Tags.PlcTagTable ID="0">
    <AttributeList>
      <Name>11 SCANNERS</Name>
    </AttributeList>
    <ObjectList>
      <SW.Tags.PlcTag ID="1" CompositionName="Tags">
        <AttributeList>
          <DataTypeName>"COGNEX_DATAMAN_IN_RESULT_STATUS_UDT"</DataTypeName>
          <LogicalAddress>%I6897.0</LogicalAddress>
          <Name>I_Scan_418_ResultStatus</Name>
        </AttributeList>
        <ObjectList>
          <MultilingualText ID="2" CompositionName="Comment">
            <ObjectList>
              <MultilingualTextItem ID="3" CompositionName="Items">
                <AttributeList>
                  <Culture>en-US</Culture>
                  <Text />
                </AttributeList>
              </MultilingualTextItem>
              <MultilingualTextItem ID="4" CompositionName="Items">
                <AttributeList>
                  <Culture>fr-BE</Culture>
                  <Text />
                </AttributeList>
              </MultilingualTextItem>
            </ObjectList>
          </MultilingualText>
        </ObjectList>
      </SW.Tags.PlcTag>
      <SW.Tags.PlcTag ID="5" CompositionName="Tags">
        <AttributeList>
          <DataTypeName>"COGNEX_DATAMAN_IN_STATUS_UDT"</DataTypeName>
          <LogicalAddress>%I6894.0</LogicalAddress>
          <Name>I_Scan_418_TriggerStatus</Name>
        </AttributeList>
        <ObjectList>
          <MultilingualText ID="6" CompositionName="Comment">
            <ObjectList>
              <MultilingualTextItem ID="7" CompositionName="Items">
                <AttributeList>
                  <Culture>en-US</Culture>
                  <Text />
                </AttributeList>
              </MultilingualTextItem>
              <MultilingualTextItem ID="8" CompositionName="Items">
                <AttributeList>
                  <Culture>fr-BE</Culture>
                  <Text />
                </AttributeList>
              </MultilingualTextItem>
            </ObjectList>
          </MultilingualText>
        </ObjectList>
      </SW.Tags.PlcTag>
      <SW.Tags.PlcTag ID="9" CompositionName="Tags">
        <AttributeList>
          <DataTypeName>"COGNEX_DATAMAN_IN_RESULT_UDT"</DataTypeName>
          <LogicalAddress>%I8694.0</LogicalAddress>
          <Name>I_Scan_418_ResultData</Name>
        </AttributeList>
        <ObjectList>
          <MultilingualText ID="A" CompositionName="Comment">
            <ObjectList>
              <MultilingualTextItem ID="B" CompositionName="Items">
                <AttributeList>
                  <Culture>en-US</Culture>
                  <Text />
                </AttributeList>
              </MultilingualTextItem>
              <MultilingualTextItem ID="C" CompositionName="Items">
                <AttributeList>
                  <Culture>fr-BE</Culture>
                  <Text />
                </AttributeList>
              </MultilingualTextItem>
            </ObjectList>
          </MultilingualText>
        </ObjectList>
      </SW.Tags.PlcTag>
      <SW.Tags.PlcTag ID="D" CompositionName="Tags">
        <AttributeList>
          <DataTypeName>"COGNEX_DATAMAN_OUT_TRIGGER_UDT"</DataTypeName>
          <LogicalAddress>%Q6718.0</LogicalAddress>
          <Name>Q_Scan_418_TriggerControl</Name>
        </AttributeList>
        <ObjectList>
          <MultilingualText ID="E" CompositionName="Comment">
            <ObjectList>
              <MultilingualTextItem ID="F" CompositionName="Items">
                <AttributeList>
                  <Culture>en-US</Culture>
                  <Text />
                </AttributeList>
              </MultilingualTextItem>
              <MultilingualTextItem ID="10" CompositionName="Items">
                <AttributeList>
                  <Culture>fr-BE</Culture>
                  <Text />
                </AttributeList>
              </MultilingualTextItem>
            </ObjectList>
          </MultilingualText>
        </ObjectList>
      </SW.Tags.PlcTag>
      <SW.Tags.PlcTag ID="11" CompositionName="Tags">
        <AttributeList>
          <DataTypeName>"COGNEX_DATAMAN_OUT_CONTROL_UDT"</DataTypeName>
          <LogicalAddress>%Q6719.0</LogicalAddress>
          <Name>Q_Scan_418_ResultControl</Name>
        </AttributeList>
        <ObjectList>
          <MultilingualText ID="12" CompositionName="Comment">
            <ObjectList>
              <MultilingualTextItem ID="13" CompositionName="Items">
                <AttributeList>
                  <Culture>en-US</Culture>
                  <Text />
                </AttributeList>
              </MultilingualTextItem>
              <MultilingualTextItem ID="14" CompositionName="Items">
                <AttributeList>
                  <Culture>fr-BE</Culture>
                  <Text />
                </AttributeList>
              </MultilingualTextItem>
            </ObjectList>
          </MultilingualText>
        </ObjectList>
      </SW.Tags.PlcTag>
      <SW.Tags.PlcTag ID="15" CompositionName="Tags">
        <AttributeList>
          <DataTypeName>"COGNEX_DATAMAN_IN_RESULT_STATUS_UDT"</DataTypeName>
          <LogicalAddress>%I6860.0</LogicalAddress>
          <Name>I_Scan_410_ResultStatus</Name>
        </AttributeList>
        <ObjectList>
          <MultilingualText ID="16" CompositionName="Comment">
            <ObjectList>
              <MultilingualTextItem ID="17" CompositionName="Items">
                <AttributeList>
                  <Culture>en-US</Culture>
                  <Text />
                </AttributeList>
              </MultilingualTextItem>
              <MultilingualTextItem ID="18" CompositionName="Items">
                <AttributeList>
                  <Culture>fr-BE</Culture>
                  <Text />
                </AttributeList>
              </MultilingualTextItem>
            </ObjectList>
          </MultilingualText>
        </ObjectList>
      </SW.Tags.PlcTag>
      <SW.Tags.PlcTag ID="19" CompositionName="Tags">
        <AttributeList>
          <DataTypeName>"COGNEX_DATAMAN_IN_STATUS_UDT"</DataTypeName>
          <LogicalAddress>%I6880.0</LogicalAddress>
          <Name>I_Scan_410_TriggerStatus</Name>
        </AttributeList>
        <ObjectList>
          <MultilingualText ID="1A" CompositionName="Comment">
            <ObjectList>
              <MultilingualTextItem ID="1B" CompositionName="Items">
                <AttributeList>
                  <Culture>en-US</Culture>
                  <Text />
                </AttributeList>
              </MultilingualTextItem>
              <MultilingualTextItem ID="1C" CompositionName="Items">
                <AttributeList>
                  <Culture>fr-BE</Culture>
                  <Text />
                </AttributeList>
              </MultilingualTextItem>
            </ObjectList>
          </MultilingualText>
        </ObjectList>
      </SW.Tags.PlcTag>
      <SW.Tags.PlcTag ID="1D" CompositionName="Tags">
        <AttributeList>
          <DataTypeName>"COGNEX_DATAMAN_IN_RESULT_UDT"</DataTypeName>
          <LogicalAddress>%I8150.0</LogicalAddress>
          <Name>I_Scan_410_ResultData</Name>
        </AttributeList>
        <ObjectList>
          <MultilingualText ID="1E" CompositionName="Comment">
            <ObjectList>
              <MultilingualTextItem ID="1F" CompositionName="Items">
                <AttributeList>
                  <Culture>en-US</Culture>
                  <Text />
                </AttributeList>
              </MultilingualTextItem>
              <MultilingualTextItem ID="20" CompositionName="Items">
                <AttributeList>
                  <Culture>fr-BE</Culture>
                  <Text />
                </AttributeList>
              </MultilingualTextItem>
            </ObjectList>
          </MultilingualText>
        </ObjectList>
      </SW.Tags.PlcTag>
      <SW.Tags.PlcTag ID="21" CompositionName="Tags">
        <AttributeList>
          <DataTypeName>"COGNEX_DATAMAN_OUT_TRIGGER_UDT"</DataTypeName>
          <LogicalAddress>%Q6694.0</LogicalAddress>
          <Name>Q_Scan_410_TriggerControl</Name>
        </AttributeList>
        <ObjectList>
          <MultilingualText ID="22" CompositionName="Comment">
            <ObjectList>
              <MultilingualTextItem ID="23" CompositionName="Items">
                <AttributeList>
                  <Culture>en-US</Culture>
                  <Text />
                </AttributeList>
              </MultilingualTextItem>
              <MultilingualTextItem ID="24" CompositionName="Items">
                <AttributeList>
                  <Culture>fr-BE</Culture>
                  <Text />
                </AttributeList>
              </MultilingualTextItem>
            </ObjectList>
          </MultilingualText>
        </ObjectList>
      </SW.Tags.PlcTag>
      <SW.Tags.PlcTag ID="25" CompositionName="Tags">
        <AttributeList>
          <DataTypeName>"COGNEX_DATAMAN_OUT_CONTROL_UDT"</DataTypeName>
          <LogicalAddress>%Q6695.0</LogicalAddress>
          <Name>Q_Scan_410_ResultControl</Name>
        </AttributeList>
        <ObjectList>
          <MultilingualText ID="26" CompositionName="Comment">
            <ObjectList>
              <MultilingualTextItem ID="27" CompositionName="Items">
                <AttributeList>
                  <Culture>en-US</Culture>
                  <Text />
                </AttributeList>
              </MultilingualTextItem>
              <MultilingualTextItem ID="28" CompositionName="Items">
                <AttributeList>
                  <Culture>fr-BE</Culture>
                  <Text />
                </AttributeList>
              </MultilingualTextItem>
            </ObjectList>
          </MultilingualText>
        </ObjectList>
      </SW.Tags.PlcTag>
      <SW.Tags.PlcTag ID="29" CompositionName="Tags">
        <AttributeList>
          <DataTypeName>"COGNEX_DATAMAN_IN_RESULT_STATUS_UDT"</DataTypeName>
          <LogicalAddress>%I3817.0</LogicalAddress>
          <Name>I_Scan_102_ResultStatus</Name>
        </AttributeList>
        <ObjectList>
          <MultilingualText ID="2A" CompositionName="Comment">
            <ObjectList>
              <MultilingualTextItem ID="2B" CompositionName="Items">
                <AttributeList>
                  <Culture>en-US</Culture>
                  <Text />
                </AttributeList>
              </MultilingualTextItem>
              <MultilingualTextItem ID="2C" CompositionName="Items">
                <AttributeList>
                  <Culture>fr-BE</Culture>
                  <Text />
                </AttributeList>
              </MultilingualTextItem>
            </ObjectList>
          </MultilingualText>
        </ObjectList>
      </SW.Tags.PlcTag>
      <SW.Tags.PlcTag ID="2D" CompositionName="Tags">
        <AttributeList>
          <DataTypeName>"COGNEX_DATAMAN_IN_STATUS_UDT"</DataTypeName>
          <LogicalAddress>%I3814.0</LogicalAddress>
          <Name>I_Scan_102_TriggerStatus</Name>
        </AttributeList>
        <ObjectList>
          <MultilingualText ID="2E" CompositionName="Comment">
            <ObjectList>
              <MultilingualTextItem ID="2F" CompositionName="Items">
                <AttributeList>
                  <Culture>en-US</Culture>
                  <Text />
                </AttributeList>
              </MultilingualTextItem>
              <MultilingualTextItem ID="30" CompositionName="Items">
                <AttributeList>
                  <Culture>fr-BE</Culture>
                  <Text />
                </AttributeList>
              </MultilingualTextItem>
            </ObjectList>
          </MultilingualText>
        </ObjectList>
      </SW.Tags.PlcTag>
      <SW.Tags.PlcTag ID="31" CompositionName="Tags">
        <AttributeList>
          <DataTypeName>"COGNEX_DATAMAN_IN_RESULT_UDT"</DataTypeName>
          <LogicalAddress>%I3818.0</LogicalAddress>
          <Name>I_Scan_102_ResultData</Name>
        </AttributeList>
        <ObjectList>
          <MultilingualText ID="32" CompositionName="Comment">
            <ObjectList>
              <MultilingualTextItem ID="33" CompositionName="Items">
                <AttributeList>
                  <Culture>en-US</Culture>
                  <Text />
                </AttributeList>
              </MultilingualTextItem>
              <MultilingualTextItem ID="34" CompositionName="Items">
                <AttributeList>
                  <Culture>fr-BE</Culture>
                  <Text />
                </AttributeList>
              </MultilingualTextItem>
            </ObjectList>
          </MultilingualText>
        </ObjectList>
      </SW.Tags.PlcTag>
      <SW.Tags.PlcTag ID="35" CompositionName="Tags">
        <AttributeList>
          <DataTypeName>"COGNEX_DATAMAN_OUT_TRIGGER_UDT"</DataTypeName>
          <LogicalAddress>%Q3784.0</LogicalAddress>
          <Name>Q_Scan_102_TriggerControl</Name>
        </AttributeList>
        <ObjectList>
          <MultilingualText ID="36" CompositionName="Comment">
            <ObjectList>
              <MultilingualTextItem ID="37" CompositionName="Items">
                <AttributeList>
                  <Culture>en-US</Culture>
                  <Text />
                </AttributeList>
              </MultilingualTextItem>
              <MultilingualTextItem ID="38" CompositionName="Items">
                <AttributeList>
                  <Culture>fr-BE</Culture>
                  <Text />
                </AttributeList>
              </MultilingualTextItem>
            </ObjectList>
          </MultilingualText>
        </ObjectList>
      </SW.Tags.PlcTag>
      <SW.Tags.PlcTag ID="39" CompositionName="Tags">
        <AttributeList>
          <DataTypeName>"COGNEX_DATAMAN_OUT_CONTROL_UDT"</DataTypeName>
          <LogicalAddress>%Q3785.0</LogicalAddress>
          <Name>Q_Scan_102_ResultControl</Name>
        </AttributeList>
        <ObjectList>
          <MultilingualText ID="3A" CompositionName="Comment">
            <ObjectList>
              <MultilingualTextItem ID="3B" CompositionName="Items">
                <AttributeList>
                  <Culture>en-US</Culture>
                  <Text />
                </AttributeList>
              </MultilingualTextItem>
              <MultilingualTextItem ID="3C" CompositionName="Items">
                <AttributeList>
                  <Culture>fr-BE</Culture>
                  <Text />
                </AttributeList>
              </MultilingualTextItem>
            </ObjectList>
          </MultilingualText>
        </ObjectList>
      </SW.Tags.PlcTag>
      <SW.Tags.PlcTag ID="3D" CompositionName="Tags">
        <AttributeList>
          <DataTypeName>"COGNEX_DATAMAN_IN_RESULT_STATUS_UDT"</DataTypeName>
          <LogicalAddress>%I6821.0</LogicalAddress>
          <Name>I_Scan_221_ResultStatus</Name>
        </AttributeList>
        <ObjectList>
          <MultilingualText ID="3E" CompositionName="Comment">
            <ObjectList>
              <MultilingualTextItem ID="3F" CompositionName="Items">
                <AttributeList>
                  <Culture>en-US</Culture>
                  <Text />
                </AttributeList>
              </MultilingualTextItem>
              <MultilingualTextItem ID="40" CompositionName="Items">
                <AttributeList>
                  <Culture>fr-BE</Culture>
                  <Text />
                </AttributeList>
              </MultilingualTextItem>
            </ObjectList>
          </MultilingualText>
        </ObjectList>
      </SW.Tags.PlcTag>
      <SW.Tags.PlcTag ID="41" CompositionName="Tags">
        <AttributeList>
          <DataTypeName>"COGNEX_DATAMAN_IN_STATUS_UDT"</DataTypeName>
          <LogicalAddress>%I6818.0</LogicalAddress>
          <Name>I_Scan_221_TriggerStatus</Name>
        </AttributeList>
        <ObjectList>
          <MultilingualText ID="42" CompositionName="Comment">
            <ObjectList>
              <MultilingualTextItem ID="43" CompositionName="Items">
                <AttributeList>
                  <Culture>en-US</Culture>
                  <Text />
                </AttributeList>
              </MultilingualTextItem>
              <MultilingualTextItem ID="44" CompositionName="Items">
                <AttributeList>
                  <Culture>fr-BE</Culture>
                  <Text />
                </AttributeList>
              </MultilingualTextItem>
            </ObjectList>
          </MultilingualText>
        </ObjectList>
      </SW.Tags.PlcTag>
      <SW.Tags.PlcTag ID="45" CompositionName="Tags">
        <AttributeList>
          <DataTypeName>"COGNEX_DATAMAN_IN_RESULT_UDT"</DataTypeName>
          <LogicalAddress>%I7334.0</LogicalAddress>
          <Name>I_Scan_221_ResultData</Name>
        </AttributeList>
        <ObjectList>
          <MultilingualText ID="46" CompositionName="Comment">
            <ObjectList>
              <MultilingualTextItem ID="47" CompositionName="Items">
                <AttributeList>
                  <Culture>en-US</Culture>
                  <Text />
                </AttributeList>
              </MultilingualTextItem>
              <MultilingualTextItem ID="48" CompositionName="Items">
                <AttributeList>
                  <Culture>fr-BE</Culture>
                  <Text />
                </AttributeList>
              </MultilingualTextItem>
            </ObjectList>
          </MultilingualText>
        </ObjectList>
      </SW.Tags.PlcTag>
      <SW.Tags.PlcTag ID="49" CompositionName="Tags">
        <AttributeList>
          <DataTypeName>"COGNEX_DATAMAN_OUT_TRIGGER_UDT"</DataTypeName>
          <LogicalAddress>%Q6682.0</LogicalAddress>
          <Name>Q_Scan_221_TriggerControl</Name>
        </AttributeList>
        <ObjectList>
          <MultilingualText ID="4A" CompositionName="Comment">
            <ObjectList>
              <MultilingualTextItem ID="4B" CompositionName="Items">
                <AttributeList>
                  <Culture>en-US</Culture>
                  <Text />
                </AttributeList>
              </MultilingualTextItem>
              <MultilingualTextItem ID="4C" CompositionName="Items">
                <AttributeList>
                  <Culture>fr-BE</Culture>
                  <Text />
                </AttributeList>
              </MultilingualTextItem>
            </ObjectList>
          </MultilingualText>
        </ObjectList>
      </SW.Tags.PlcTag>
      <SW.Tags.PlcTag ID="4D" CompositionName="Tags">
        <AttributeList>
          <DataTypeName>"COGNEX_DATAMAN_OUT_CONTROL_UDT"</DataTypeName>
          <LogicalAddress>%Q6683.0</LogicalAddress>
          <Name>Q_Scan_221_ResultControl</Name>
        </AttributeList>
        <ObjectList>
          <MultilingualText ID="4E" CompositionName="Comment">
            <ObjectList>
              <MultilingualTextItem ID="4F" CompositionName="Items">
                <AttributeList>
                  <Culture>en-US</Culture>
                  <Text />
                </AttributeList>
              </MultilingualTextItem>
              <MultilingualTextItem ID="50" CompositionName="Items">
                <AttributeList>
                  <Culture>fr-BE</Culture>
                  <Text />
                </AttributeList>
              </MultilingualTextItem>
            </ObjectList>
          </MultilingualText>
        </ObjectList>
      </SW.Tags.PlcTag>
      <SW.Tags.PlcTag ID="51" CompositionName="Tags">
        <AttributeList>
          <DataTypeName>"COGNEX_DATAMAN_IN_RESULT_STATUS_UDT"</DataTypeName>
          <LogicalAddress>%I6843.0</LogicalAddress>
          <Name>I_Scan_231_ResultStatus</Name>
        </AttributeList>
        <ObjectList>
          <MultilingualText ID="52" CompositionName="Comment">
            <ObjectList>
              <MultilingualTextItem ID="53" CompositionName="Items">
                <AttributeList>
                  <Culture>en-US</Culture>
                  <Text />
                </AttributeList>
              </MultilingualTextItem>
              <MultilingualTextItem ID="54" CompositionName="Items">
                <AttributeList>
                  <Culture>fr-BE</Culture>
                  <Text />
                </AttributeList>
              </MultilingualTextItem>
            </ObjectList>
          </MultilingualText>
        </ObjectList>
      </SW.Tags.PlcTag>
      <SW.Tags.PlcTag ID="55" CompositionName="Tags">
        <AttributeList>
          <DataTypeName>"COGNEX_DATAMAN_IN_STATUS_UDT"</DataTypeName>
          <LogicalAddress>%I6840.0</LogicalAddress>
          <Name>I_Scan_231_TriggerStatus</Name>
        </AttributeList>
        <ObjectList>
          <MultilingualText ID="56" CompositionName="Comment">
            <ObjectList>
              <MultilingualTextItem ID="57" CompositionName="Items">
                <AttributeList>
                  <Culture>en-US</Culture>
                  <Text />
                </AttributeList>
              </MultilingualTextItem>
              <MultilingualTextItem ID="58" CompositionName="Items">
                <AttributeList>
                  <Culture>fr-BE</Culture>
                  <Text />
                </AttributeList>
              </MultilingualTextItem>
            </ObjectList>
          </MultilingualText>
        </ObjectList>
      </SW.Tags.PlcTag>
      <SW.Tags.PlcTag ID="59" CompositionName="Tags">
        <AttributeList>
          <DataTypeName>"COGNEX_DATAMAN_IN_RESULT_UDT"</DataTypeName>
          <LogicalAddress>%I7470.0</LogicalAddress>
          <Name>I_Scan_231_ResultData</Name>
        </AttributeList>
        <ObjectList>
          <MultilingualText ID="5A" CompositionName="Comment">
            <ObjectList>
              <MultilingualTextItem ID="5B" CompositionName="Items">
                <AttributeList>
                  <Culture>en-US</Culture>
                  <Text />
                </AttributeList>
              </MultilingualTextItem>
              <MultilingualTextItem ID="5C" CompositionName="Items">
                <AttributeList>
                  <Culture>fr-BE</Culture>
                  <Text />
                </AttributeList>
              </MultilingualTextItem>
            </ObjectList>
          </MultilingualText>
        </ObjectList>
      </SW.Tags.PlcTag>
      <SW.Tags.PlcTag ID="5D" CompositionName="Tags">
        <AttributeList>
          <DataTypeName>"COGNEX_DATAMAN_OUT_TRIGGER_UDT"</DataTypeName>
          <LogicalAddress>%Q6684.0</LogicalAddress>
          <Name>Q_Scan_231_TriggerControl</Name>
        </AttributeList>
        <ObjectList>
          <MultilingualText ID="5E" CompositionName="Comment">
            <ObjectList>
              <MultilingualTextItem ID="5F" CompositionName="Items">
                <AttributeList>
                  <Culture>en-US</Culture>
                  <Text />
                </AttributeList>
              </MultilingualTextItem>
              <MultilingualTextItem ID="60" CompositionName="Items">
                <AttributeList>
                  <Culture>fr-BE</Culture>
                  <Text />
                </AttributeList>
              </MultilingualTextItem>
            </ObjectList>
          </MultilingualText>
        </ObjectList>
      </SW.Tags.PlcTag>
      <SW.Tags.PlcTag ID="61" CompositionName="Tags">
        <AttributeList>
          <DataTypeName>"COGNEX_DATAMAN_OUT_CONTROL_UDT"</DataTypeName>
          <LogicalAddress>%Q6685.0</LogicalAddress>
          <Name>Q_Scan_231_ResultControl</Name>
        </AttributeList>
        <ObjectList>
          <MultilingualText ID="62" CompositionName="Comment">
            <ObjectList>
              <MultilingualTextItem ID="63" CompositionName="Items">
                <AttributeList>
                  <Culture>en-US</Culture>
                  <Text />
                </AttributeList>
              </MultilingualTextItem>
              <MultilingualTextItem ID="64" CompositionName="Items">
                <AttributeList>
                  <Culture>fr-BE</Culture>
                  <Text />
                </AttributeList>
              </MultilingualTextItem>
            </ObjectList>
          </MultilingualText>
        </ObjectList>
      </SW.Tags.PlcTag>
      <SW.Tags.PlcTag ID="65" CompositionName="Tags">
        <AttributeList>
          <DataTypeName>"COGNEX_DATAMAN_IN_RESULT_STATUS_UDT"</DataTypeName>
          <LogicalAddress>%I6847.0</LogicalAddress>
          <Name>I_Scan_251_ResultStatus</Name>
        </AttributeList>
        <ObjectList>
          <MultilingualText ID="66" CompositionName="Comment">
            <ObjectList>
              <MultilingualTextItem ID="67" CompositionName="Items">
                <AttributeList>
                  <Culture>en-US</Culture>
                  <Text />
                </AttributeList>
              </MultilingualTextItem>
              <MultilingualTextItem ID="68" CompositionName="Items">
                <AttributeList>
                  <Culture>fr-BE</Culture>
                  <Text />
                </AttributeList>
              </MultilingualTextItem>
            </ObjectList>
          </MultilingualText>
        </ObjectList>
      </SW.Tags.PlcTag>
      <SW.Tags.PlcTag ID="69" CompositionName="Tags">
        <AttributeList>
          <DataTypeName>"COGNEX_DATAMAN_IN_STATUS_UDT"</DataTypeName>
          <LogicalAddress>%I6844.0</LogicalAddress>
          <Name>I_Scan_251_TriggerStatus</Name>
        </AttributeList>
        <ObjectList>
          <MultilingualText ID="6A" CompositionName="Comment">
            <ObjectList>
              <MultilingualTextItem ID="6B" CompositionName="Items">
                <AttributeList>
                  <Culture>en-US</Culture>
                  <Text />
                </AttributeList>
              </MultilingualTextItem>
              <MultilingualTextItem ID="6C" CompositionName="Items">
                <AttributeList>
                  <Culture>fr-BE</Culture>
                  <Text />
                </AttributeList>
              </MultilingualTextItem>
            </ObjectList>
          </MultilingualText>
        </ObjectList>
      </SW.Tags.PlcTag>
      <SW.Tags.PlcTag ID="6D" CompositionName="Tags">
        <AttributeList>
          <DataTypeName>"COGNEX_DATAMAN_IN_RESULT_UDT"</DataTypeName>
          <LogicalAddress>%I7606.0</LogicalAddress>
          <Name>I_Scan_251_ResultData</Name>
        </AttributeList>
        <ObjectList>
          <MultilingualText ID="6E" CompositionName="Comment">
            <ObjectList>
              <MultilingualTextItem ID="6F" CompositionName="Items">
                <AttributeList>
                  <Culture>en-US</Culture>
                  <Text />
                </AttributeList>
              </MultilingualTextItem>
              <MultilingualTextItem ID="70" CompositionName="Items">
                <AttributeList>
                  <Culture>fr-BE</Culture>
                  <Text />
                </AttributeList>
              </MultilingualTextItem>
            </ObjectList>
          </MultilingualText>
        </ObjectList>
      </SW.Tags.PlcTag>
      <SW.Tags.PlcTag ID="71" CompositionName="Tags">
        <AttributeList>
          <DataTypeName>"COGNEX_DATAMAN_OUT_TRIGGER_UDT"</DataTypeName>
          <LogicalAddress>%Q6686.0</LogicalAddress>
          <Name>Q_Scan_251_TriggerControl</Name>
        </AttributeList>
        <ObjectList>
          <MultilingualText ID="72" CompositionName="Comment">
            <ObjectList>
              <MultilingualTextItem ID="73" CompositionName="Items">
                <AttributeList>
                  <Culture>en-US</Culture>
                  <Text />
                </AttributeList>
              </MultilingualTextItem>
              <MultilingualTextItem ID="74" CompositionName="Items">
                <AttributeList>
                  <Culture>fr-BE</Culture>
                  <Text />
                </AttributeList>
              </MultilingualTextItem>
            </ObjectList>
          </MultilingualText>
        </ObjectList>
      </SW.Tags.PlcTag>
      <SW.Tags.PlcTag ID="75" CompositionName="Tags">
        <AttributeList>
          <DataTypeName>"COGNEX_DATAMAN_OUT_CONTROL_UDT"</DataTypeName>
          <LogicalAddress>%Q6687.0</LogicalAddress>
          <Name>Q_Scan_251_ResultControl</Name>
        </AttributeList>
        <ObjectList>
          <MultilingualText ID="76" CompositionName="Comment">
            <ObjectList>
              <MultilingualTextItem ID="77" CompositionName="Items">
                <AttributeList>
                  <Culture>en-US</Culture>
                  <Text />
                </AttributeList>
              </MultilingualTextItem>
              <MultilingualTextItem ID="78" CompositionName="Items">
                <AttributeList>
                  <Culture>fr-BE</Culture>
                  <Text />
                </AttributeList>
              </MultilingualTextItem>
            </ObjectList>
          </MultilingualText>
        </ObjectList>
      </SW.Tags.PlcTag>
      <SW.Tags.PlcTag ID="79" CompositionName="Tags">
        <AttributeList>
          <DataTypeName>"COGNEX_DATAMAN_IN_RESULT_STATUS_UDT"</DataTypeName>
          <LogicalAddress>%I6851.0</LogicalAddress>
          <Name>I_Scan_261_ResultStatus</Name>
        </AttributeList>
        <ObjectList>
          <MultilingualText ID="7A" CompositionName="Comment">
            <ObjectList>
              <MultilingualTextItem ID="7B" CompositionName="Items">
                <AttributeList>
                  <Culture>en-US</Culture>
                  <Text />
                </AttributeList>
              </MultilingualTextItem>
              <MultilingualTextItem ID="7C" CompositionName="Items">
                <AttributeList>
                  <Culture>fr-BE</Culture>
                  <Text />
                </AttributeList>
              </MultilingualTextItem>
            </ObjectList>
          </MultilingualText>
        </ObjectList>
      </SW.Tags.PlcTag>
      <SW.Tags.PlcTag ID="7D" CompositionName="Tags">
        <AttributeList>
          <DataTypeName>"COGNEX_DATAMAN_IN_STATUS_UDT"</DataTypeName>
          <LogicalAddress>%I6848.0</LogicalAddress>
          <Name>I_Scan_261_TriggerStatus</Name>
        </AttributeList>
        <ObjectList>
          <MultilingualText ID="7E" CompositionName="Comment">
            <ObjectList>
              <MultilingualTextItem ID="7F" CompositionName="Items">
                <AttributeList>
                  <Culture>en-US</Culture>
                  <Text />
                </AttributeList>
              </MultilingualTextItem>
              <MultilingualTextItem ID="80" CompositionName="Items">
                <AttributeList>
                  <Culture>fr-BE</Culture>
                  <Text />
                </AttributeList>
              </MultilingualTextItem>
            </ObjectList>
          </MultilingualText>
        </ObjectList>
      </SW.Tags.PlcTag>
      <SW.Tags.PlcTag ID="81" CompositionName="Tags">
        <AttributeList>
          <DataTypeName>"COGNEX_DATAMAN_IN_RESULT_UDT"</DataTypeName>
          <LogicalAddress>%I7742.0</LogicalAddress>
          <Name>I_Scan_261_ResultData</Name>
        </AttributeList>
        <ObjectList>
          <MultilingualText ID="82" CompositionName="Comment">
            <ObjectList>
              <MultilingualTextItem ID="83" CompositionName="Items">
                <AttributeList>
                  <Culture>en-US</Culture>
                  <Text />
                </AttributeList>
              </MultilingualTextItem>
              <MultilingualTextItem ID="84" CompositionName="Items">
                <AttributeList>
                  <Culture>fr-BE</Culture>
                  <Text />
                </AttributeList>
              </MultilingualTextItem>
            </ObjectList>
          </MultilingualText>
        </ObjectList>
      </SW.Tags.PlcTag>
      <SW.Tags.PlcTag ID="85" CompositionName="Tags">
        <AttributeList>
          <DataTypeName>"COGNEX_DATAMAN_OUT_TRIGGER_UDT"</DataTypeName>
          <LogicalAddress>%Q6688.0</LogicalAddress>
          <Name>Q_Scan_261_TriggerControl</Name>
        </AttributeList>
        <ObjectList>
          <MultilingualText ID="86" CompositionName="Comment">
            <ObjectList>
              <MultilingualTextItem ID="87" CompositionName="Items">
                <AttributeList>
                  <Culture>en-US</Culture>
                  <Text />
                </AttributeList>
              </MultilingualTextItem>
              <MultilingualTextItem ID="88" CompositionName="Items">
                <AttributeList>
                  <Culture>fr-BE</Culture>
                  <Text />
                </AttributeList>
              </MultilingualTextItem>
            </ObjectList>
          </MultilingualText>
        </ObjectList>
      </SW.Tags.PlcTag>
      <SW.Tags.PlcTag ID="89" CompositionName="Tags">
        <AttributeList>
          <DataTypeName>"COGNEX_DATAMAN_OUT_CONTROL_UDT"</DataTypeName>
          <LogicalAddress>%Q6689.0</LogicalAddress>
          <Name>Q_Scan_261_ResultControl</Name>
        </AttributeList>
        <ObjectList>
          <MultilingualText ID="8A" CompositionName="Comment">
            <ObjectList>
              <MultilingualTextItem ID="8B" CompositionName="Items">
                <AttributeList>
                  <Culture>en-US</Culture>
                  <Text />
                </AttributeList>
              </MultilingualTextItem>
              <MultilingualTextItem ID="8C" CompositionName="Items">
                <AttributeList>
                  <Culture>fr-BE</Culture>
                  <Text />
                </AttributeList>
              </MultilingualTextItem>
            </ObjectList>
          </MultilingualText>
        </ObjectList>
      </SW.Tags.PlcTag>
      <SW.Tags.PlcTag ID="8D" CompositionName="Tags">
        <AttributeList>
          <DataTypeName>"COGNEX_DATAMAN_IN_RESULT_STATUS_UDT"</DataTypeName>
          <LogicalAddress>%I6861.0</LogicalAddress>
          <Name>I_Scan_512_ResultStatus</Name>
        </AttributeList>
        <ObjectList>
          <MultilingualText ID="8E" CompositionName="Comment">
            <ObjectList>
              <MultilingualTextItem ID="8F" CompositionName="Items">
                <AttributeList>
                  <Culture>en-US</Culture>
                  <Text />
                </AttributeList>
              </MultilingualTextItem>
              <MultilingualTextItem ID="90" CompositionName="Items">
                <AttributeList>
                  <Culture>fr-BE</Culture>
                  <Text />
                </AttributeList>
              </MultilingualTextItem>
            </ObjectList>
          </MultilingualText>
        </ObjectList>
      </SW.Tags.PlcTag>
      <SW.Tags.PlcTag ID="91" CompositionName="Tags">
        <AttributeList>
          <DataTypeName>"COGNEX_DATAMAN_IN_STATUS_UDT"</DataTypeName>
          <LogicalAddress>%I6883.0</LogicalAddress>
          <Name>I_Scan_512_TriggerStatus</Name>
        </AttributeList>
        <ObjectList>
          <MultilingualText ID="92" CompositionName="Comment">
            <ObjectList>
              <MultilingualTextItem ID="93" CompositionName="Items">
                <AttributeList>
                  <Culture>en-US</Culture>
                  <Text />
                </AttributeList>
              </MultilingualTextItem>
              <MultilingualTextItem ID="94" CompositionName="Items">
                <AttributeList>
                  <Culture>fr-BE</Culture>
                  <Text />
                </AttributeList>
              </MultilingualTextItem>
            </ObjectList>
          </MultilingualText>
        </ObjectList>
      </SW.Tags.PlcTag>
      <SW.Tags.PlcTag ID="95" CompositionName="Tags">
        <AttributeList>
          <DataTypeName>"COGNEX_DATAMAN_IN_RESULT_UDT"</DataTypeName>
          <LogicalAddress>%I8286.0</LogicalAddress>
          <Name>I_Scan_512_ResultData</Name>
        </AttributeList>
        <ObjectList>
          <MultilingualText ID="96" CompositionName="Comment">
            <ObjectList>
              <MultilingualTextItem ID="97" CompositionName="Items">
                <AttributeList>
                  <Culture>en-US</Culture>
                  <Text />
                </AttributeList>
              </MultilingualTextItem>
              <MultilingualTextItem ID="98" CompositionName="Items">
                <AttributeList>
                  <Culture>fr-BE</Culture>
                  <Text />
                </AttributeList>
              </MultilingualTextItem>
            </ObjectList>
          </MultilingualText>
        </ObjectList>
      </SW.Tags.PlcTag>
      <SW.Tags.PlcTag ID="99" CompositionName="Tags">
        <AttributeList>
          <DataTypeName>"COGNEX_DATAMAN_OUT_TRIGGER_UDT"</DataTypeName>
          <LogicalAddress>%Q6696.0</LogicalAddress>
          <Name>Q_Scan_512_TriggerControl</Name>
        </AttributeList>
        <ObjectList>
          <MultilingualText ID="9A" CompositionName="Comment">
            <ObjectList>
              <MultilingualTextItem ID="9B" CompositionName="Items">
                <AttributeList>
                  <Culture>en-US</Culture>
                  <Text />
                </AttributeList>
              </MultilingualTextItem>
              <MultilingualTextItem ID="9C" CompositionName="Items">
                <AttributeList>
                  <Culture>fr-BE</Culture>
                  <Text />
                </AttributeList>
              </MultilingualTextItem>
            </ObjectList>
          </MultilingualText>
        </ObjectList>
      </SW.Tags.PlcTag>
      <SW.Tags.PlcTag ID="9D" CompositionName="Tags">
        <AttributeList>
          <DataTypeName>"COGNEX_DATAMAN_OUT_CONTROL_UDT"</DataTypeName>
          <LogicalAddress>%Q6697.0</LogicalAddress>
          <Name>Q_Scan_512_ResultControl</Name>
        </AttributeList>
        <ObjectList>
          <MultilingualText ID="9E" CompositionName="Comment">
            <ObjectList>
              <MultilingualTextItem ID="9F" CompositionName="Items">
                <AttributeList>
                  <Culture>en-US</Culture>
                  <Text />
                </AttributeList>
              </MultilingualTextItem>
              <MultilingualTextItem ID="A0" CompositionName="Items">
                <AttributeList>
                  <Culture>fr-BE</Culture>
                  <Text />
                </AttributeList>
              </MultilingualTextItem>
            </ObjectList>
          </MultilingualText>
        </ObjectList>
      </SW.Tags.PlcTag>
      <SW.Tags.PlcTag ID="A1" CompositionName="Tags">
        <AttributeList>
          <DataTypeName>"COGNEX_DATAMAN_IN_RESULT_STATUS_UDT"</DataTypeName>
          <LogicalAddress>%I6889.0</LogicalAddress>
          <Name>I_Scan_522_ResultStatus</Name>
        </AttributeList>
        <ObjectList>
          <MultilingualText ID="A2" CompositionName="Comment">
            <ObjectList>
              <MultilingualTextItem ID="A3" CompositionName="Items">
                <AttributeList>
                  <Culture>en-US</Culture>
                  <Text />
                </AttributeList>
              </MultilingualTextItem>
              <MultilingualTextItem ID="A4" CompositionName="Items">
                <AttributeList>
                  <Culture>fr-BE</Culture>
                  <Text />
                </AttributeList>
              </MultilingualTextItem>
            </ObjectList>
          </MultilingualText>
        </ObjectList>
      </SW.Tags.PlcTag>
      <SW.Tags.PlcTag ID="A5" CompositionName="Tags">
        <AttributeList>
          <DataTypeName>"COGNEX_DATAMAN_IN_STATUS_UDT"</DataTypeName>
          <LogicalAddress>%I6886.0</LogicalAddress>
          <Name>I_Scan_522_TriggerStatus</Name>
        </AttributeList>
        <ObjectList>
          <MultilingualText ID="A6" CompositionName="Comment">
            <ObjectList>
              <MultilingualTextItem ID="A7" CompositionName="Items">
                <AttributeList>
                  <Culture>en-US</Culture>
                  <Text />
                </AttributeList>
              </MultilingualTextItem>
              <MultilingualTextItem ID="A8" CompositionName="Items">
                <AttributeList>
                  <Culture>fr-BE</Culture>
                  <Text />
                </AttributeList>
              </MultilingualTextItem>
            </ObjectList>
          </MultilingualText>
        </ObjectList>
      </SW.Tags.PlcTag>
      <SW.Tags.PlcTag ID="A9" CompositionName="Tags">
        <AttributeList>
          <DataTypeName>"COGNEX_DATAMAN_IN_RESULT_UDT"</DataTypeName>
          <LogicalAddress>%I8422.0</LogicalAddress>
          <Name>I_Scan_522_ResultData</Name>
        </AttributeList>
        <ObjectList>
          <MultilingualText ID="AA" CompositionName="Comment">
            <ObjectList>
              <MultilingualTextItem ID="AB" CompositionName="Items">
                <AttributeList>
                  <Culture>en-US</Culture>
                  <Text />
                </AttributeList>
              </MultilingualTextItem>
              <MultilingualTextItem ID="AC" CompositionName="Items">
                <AttributeList>
                  <Culture>fr-BE</Culture>
                  <Text />
                </AttributeList>
              </MultilingualTextItem>
            </ObjectList>
          </MultilingualText>
        </ObjectList>
      </SW.Tags.PlcTag>
      <SW.Tags.PlcTag ID="AD" CompositionName="Tags">
        <AttributeList>
          <DataTypeName>"COGNEX_DATAMAN_OUT_TRIGGER_UDT"</DataTypeName>
          <LogicalAddress>%Q6714.0</LogicalAddress>
          <Name>Q_Scan_522_TriggerControl</Name>
        </AttributeList>
        <ObjectList>
          <MultilingualText ID="AE" CompositionName="Comment">
            <ObjectList>
              <MultilingualTextItem ID="AF" CompositionName="Items">
                <AttributeList>
                  <Culture>en-US</Culture>
                  <Text />
                </AttributeList>
              </MultilingualTextItem>
              <MultilingualTextItem ID="B0" CompositionName="Items">
                <AttributeList>
                  <Culture>fr-BE</Culture>
                  <Text />
                </AttributeList>
              </MultilingualTextItem>
            </ObjectList>
          </MultilingualText>
        </ObjectList>
      </SW.Tags.PlcTag>
      <SW.Tags.PlcTag ID="B1" CompositionName="Tags">
        <AttributeList>
          <DataTypeName>"COGNEX_DATAMAN_OUT_CONTROL_UDT"</DataTypeName>
          <LogicalAddress>%Q6715.0</LogicalAddress>
          <Name>Q_Scan_522_ResultControl</Name>
        </AttributeList>
        <ObjectList>
          <MultilingualText ID="B2" CompositionName="Comment">
            <ObjectList>
              <MultilingualTextItem ID="B3" CompositionName="Items">
                <AttributeList>
                  <Culture>en-US</Culture>
                  <Text />
                </AttributeList>
              </MultilingualTextItem>
              <MultilingualTextItem ID="B4" CompositionName="Items">
                <AttributeList>
                  <Culture>fr-BE</Culture>
                  <Text />
                </AttributeList>
              </MultilingualTextItem>
            </ObjectList>
          </MultilingualText>
        </ObjectList>
      </SW.Tags.PlcTag>
      <SW.Tags.PlcTag ID="B5" CompositionName="Tags">
        <AttributeList>
          <DataTypeName>"COGNEX_DATAMAN_IN_RESULT_STATUS_UDT"</DataTypeName>
          <LogicalAddress>%I6893.0</LogicalAddress>
          <Name>I_Scan_531_ResultStatus</Name>
        </AttributeList>
        <ObjectList>
          <MultilingualText ID="B6" CompositionName="Comment">
            <ObjectList>
              <MultilingualTextItem ID="B7" CompositionName="Items">
                <AttributeList>
                  <Culture>en-US</Culture>
                  <Text />
                </AttributeList>
              </MultilingualTextItem>
              <MultilingualTextItem ID="B8" CompositionName="Items">
                <AttributeList>
                  <Culture>fr-BE</Culture>
                  <Text />
                </AttributeList>
              </MultilingualTextItem>
            </ObjectList>
          </MultilingualText>
        </ObjectList>
      </SW.Tags.PlcTag>
      <SW.Tags.PlcTag ID="B9" CompositionName="Tags">
        <AttributeList>
          <DataTypeName>"COGNEX_DATAMAN_IN_STATUS_UDT"</DataTypeName>
          <LogicalAddress>%I6890.0</LogicalAddress>
          <Name>I_Scan_531_TriggerStatus</Name>
        </AttributeList>
        <ObjectList>
          <MultilingualText ID="BA" CompositionName="Comment">
            <ObjectList>
              <MultilingualTextItem ID="BB" CompositionName="Items">
                <AttributeList>
                  <Culture>en-US</Culture>
                  <Text />
                </AttributeList>
              </MultilingualTextItem>
              <MultilingualTextItem ID="BC" CompositionName="Items">
                <AttributeList>
                  <Culture>fr-BE</Culture>
                  <Text />
                </AttributeList>
              </MultilingualTextItem>
            </ObjectList>
          </MultilingualText>
        </ObjectList>
      </SW.Tags.PlcTag>
      <SW.Tags.PlcTag ID="BD" CompositionName="Tags">
        <AttributeList>
          <DataTypeName>"COGNEX_DATAMAN_IN_RESULT_UDT"</DataTypeName>
          <LogicalAddress>%I8558.0</LogicalAddress>
          <Name>I_Scan_531_ResultData</Name>
        </AttributeList>
        <ObjectList>
          <MultilingualText ID="BE" CompositionName="Comment">
            <ObjectList>
              <MultilingualTextItem ID="BF" CompositionName="Items">
                <AttributeList>
                  <Culture>en-US</Culture>
                  <Text />
                </AttributeList>
              </MultilingualTextItem>
              <MultilingualTextItem ID="C0" CompositionName="Items">
                <AttributeList>
                  <Culture>fr-BE</Culture>
                  <Text />
                </AttributeList>
              </MultilingualTextItem>
            </ObjectList>
          </MultilingualText>
        </ObjectList>
      </SW.Tags.PlcTag>
      <SW.Tags.PlcTag ID="C1" CompositionName="Tags">
        <AttributeList>
          <DataTypeName>"COGNEX_DATAMAN_OUT_TRIGGER_UDT"</DataTypeName>
          <LogicalAddress>%Q6716.0</LogicalAddress>
          <Name>Q_Scan_531_TriggerControl</Name>
        </AttributeList>
        <ObjectList>
          <MultilingualText ID="C2" CompositionName="Comment">
            <ObjectList>
              <MultilingualTextItem ID="C3" CompositionName="Items">
                <AttributeList>
                  <Culture>en-US</Culture>
                  <Text />
                </AttributeList>
              </MultilingualTextItem>
              <MultilingualTextItem ID="C4" CompositionName="Items">
                <AttributeList>
                  <Culture>fr-BE</Culture>
                  <Text />
                </AttributeList>
              </MultilingualTextItem>
            </ObjectList>
          </MultilingualText>
        </ObjectList>
      </SW.Tags.PlcTag>
      <SW.Tags.PlcTag ID="C5" CompositionName="Tags">
        <AttributeList>
          <DataTypeName>"COGNEX_DATAMAN_OUT_CONTROL_UDT"</DataTypeName>
          <LogicalAddress>%Q6717.0</LogicalAddress>
          <Name>Q_Scan_531_ResultControl</Name>
        </AttributeList>
        <ObjectList>
          <MultilingualText ID="C6" CompositionName="Comment">
            <ObjectList>
              <MultilingualTextItem ID="C7" CompositionName="Items">
                <AttributeList>
                  <Culture>en-US</Culture>
                  <Text />
                </AttributeList>
              </MultilingualTextItem>
              <MultilingualTextItem ID="C8" CompositionName="Items">
                <AttributeList>
                  <Culture>fr-BE</Culture>
                  <Text />
                </AttributeList>
              </MultilingualTextItem>
            </ObjectList>
          </MultilingualText>
        </ObjectList>
      </SW.Tags.PlcTag>
      <SW.Tags.PlcTag ID="C9" CompositionName="Tags">
        <AttributeList>
          <DataTypeName>"COGNEX_DATAMAN_IN_RESULT_STATUS_UDT"</DataTypeName>
          <LogicalAddress>%I6855.0</LogicalAddress>
          <Name>I_Scan_271_ResultStatus</Name>
        </AttributeList>
        <ObjectList>
          <MultilingualText ID="CA" CompositionName="Comment">
            <ObjectList>
              <MultilingualTextItem ID="CB" CompositionName="Items">
                <AttributeList>
                  <Culture>en-US</Culture>
                  <Text />
                </AttributeList>
              </MultilingualTextItem>
              <MultilingualTextItem ID="CC" CompositionName="Items">
                <AttributeList>
                  <Culture>fr-BE</Culture>
                  <Text />
                </AttributeList>
              </MultilingualTextItem>
            </ObjectList>
          </MultilingualText>
        </ObjectList>
      </SW.Tags.PlcTag>
      <SW.Tags.PlcTag ID="CD" CompositionName="Tags">
        <AttributeList>
          <DataTypeName>"COGNEX_DATAMAN_IN_STATUS_UDT"</DataTypeName>
          <LogicalAddress>%I6852.0</LogicalAddress>
          <Name>I_Scan_271_TriggerStatus</Name>
        </AttributeList>
        <ObjectList>
          <MultilingualText ID="CE" CompositionName="Comment">
            <ObjectList>
              <MultilingualTextItem ID="CF" CompositionName="Items">
                <AttributeList>
                  <Culture>en-US</Culture>
                  <Text />
                </AttributeList>
              </MultilingualTextItem>
              <MultilingualTextItem ID="D0" CompositionName="Items">
                <AttributeList>
                  <Culture>fr-BE</Culture>
                  <Text />
                </AttributeList>
              </MultilingualTextItem>
            </ObjectList>
          </MultilingualText>
        </ObjectList>
      </SW.Tags.PlcTag>
      <SW.Tags.PlcTag ID="D1" CompositionName="Tags">
        <AttributeList>
          <DataTypeName>"COGNEX_DATAMAN_IN_RESULT_UDT"</DataTypeName>
          <LogicalAddress>%I7878.0</LogicalAddress>
          <Name>I_Scan_271_ResultData</Name>
        </AttributeList>
        <ObjectList>
          <MultilingualText ID="D2" CompositionName="Comment">
            <ObjectList>
              <MultilingualTextItem ID="D3" CompositionName="Items">
                <AttributeList>
                  <Culture>en-US</Culture>
                  <Text />
                </AttributeList>
              </MultilingualTextItem>
              <MultilingualTextItem ID="D4" CompositionName="Items">
                <AttributeList>
                  <Culture>fr-BE</Culture>
                  <Text />
                </AttributeList>
              </MultilingualTextItem>
            </ObjectList>
          </MultilingualText>
        </ObjectList>
      </SW.Tags.PlcTag>
      <SW.Tags.PlcTag ID="D5" CompositionName="Tags">
        <AttributeList>
          <DataTypeName>"COGNEX_DATAMAN_OUT_TRIGGER_UDT"</DataTypeName>
          <LogicalAddress>%Q6690.0</LogicalAddress>
          <Name>Q_Scan_271_TriggerControl</Name>
        </AttributeList>
        <ObjectList>
          <MultilingualText ID="D6" CompositionName="Comment">
            <ObjectList>
              <MultilingualTextItem ID="D7" CompositionName="Items">
                <AttributeList>
                  <Culture>en-US</Culture>
                  <Text />
                </AttributeList>
              </MultilingualTextItem>
              <MultilingualTextItem ID="D8" CompositionName="Items">
                <AttributeList>
                  <Culture>fr-BE</Culture>
                  <Text />
                </AttributeList>
              </MultilingualTextItem>
            </ObjectList>
          </MultilingualText>
        </ObjectList>
      </SW.Tags.PlcTag>
      <SW.Tags.PlcTag ID="D9" CompositionName="Tags">
        <AttributeList>
          <DataTypeName>"COGNEX_DATAMAN_OUT_CONTROL_UDT"</DataTypeName>
          <LogicalAddress>%Q6691.0</LogicalAddress>
          <Name>Q_Scan_271_ResultControl</Name>
        </AttributeList>
        <ObjectList>
          <MultilingualText ID="DA" CompositionName="Comment">
            <ObjectList>
              <MultilingualTextItem ID="DB" CompositionName="Items">
                <AttributeList>
                  <Culture>en-US</Culture>
                  <Text />
                </AttributeList>
              </MultilingualTextItem>
              <MultilingualTextItem ID="DC" CompositionName="Items">
                <AttributeList>
                  <Culture>fr-BE</Culture>
                  <Text />
                </AttributeList>
              </MultilingualTextItem>
            </ObjectList>
          </MultilingualText>
        </ObjectList>
      </SW.Tags.PlcTag>
      <SW.Tags.PlcTag ID="DD" CompositionName="Tags">
        <AttributeList>
          <DataTypeName>"COGNEX_DATAMAN_IN_RESULT_STATUS_UDT"</DataTypeName>
          <LogicalAddress>%I6859.0</LogicalAddress>
          <Name>I_Scan_281_ResultStatus</Name>
        </AttributeList>
        <ObjectList>
          <MultilingualText ID="DE" CompositionName="Comment">
            <ObjectList>
              <MultilingualTextItem ID="DF" CompositionName="Items">
                <AttributeList>
                  <Culture>en-US</Culture>
                  <Text />
                </AttributeList>
              </MultilingualTextItem>
              <MultilingualTextItem ID="E0" CompositionName="Items">
                <AttributeList>
                  <Culture>fr-BE</Culture>
                  <Text />
                </AttributeList>
              </MultilingualTextItem>
            </ObjectList>
          </MultilingualText>
        </ObjectList>
      </SW.Tags.PlcTag>
      <SW.Tags.PlcTag ID="E1" CompositionName="Tags">
        <AttributeList>
          <DataTypeName>"COGNEX_DATAMAN_IN_STATUS_UDT"</DataTypeName>
          <LogicalAddress>%I6856.0</LogicalAddress>
          <Name>I_Scan_281_TriggerStatus</Name>
        </AttributeList>
        <ObjectList>
          <MultilingualText ID="E2" CompositionName="Comment">
            <ObjectList>
              <MultilingualTextItem ID="E3" CompositionName="Items">
                <AttributeList>
                  <Culture>en-US</Culture>
                  <Text />
                </AttributeList>
              </MultilingualTextItem>
              <MultilingualTextItem ID="E4" CompositionName="Items">
                <AttributeList>
                  <Culture>fr-BE</Culture>
                  <Text />
                </AttributeList>
              </MultilingualTextItem>
            </ObjectList>
          </MultilingualText>
        </ObjectList>
      </SW.Tags.PlcTag>
      <SW.Tags.PlcTag ID="E5" CompositionName="Tags">
        <AttributeList>
          <DataTypeName>"COGNEX_DATAMAN_IN_RESULT_UDT"</DataTypeName>
          <LogicalAddress>%I8014.0</LogicalAddress>
          <Name>I_Scan_281_ResultData</Name>
        </AttributeList>
        <ObjectList>
          <MultilingualText ID="E6" CompositionName="Comment">
            <ObjectList>
              <MultilingualTextItem ID="E7" CompositionName="Items">
                <AttributeList>
                  <Culture>en-US</Culture>
                  <Text />
                </AttributeList>
              </MultilingualTextItem>
              <MultilingualTextItem ID="E8" CompositionName="Items">
                <AttributeList>
                  <Culture>fr-BE</Culture>
                  <Text />
                </AttributeList>
              </MultilingualTextItem>
            </ObjectList>
          </MultilingualText>
        </ObjectList>
      </SW.Tags.PlcTag>
      <SW.Tags.PlcTag ID="E9" CompositionName="Tags">
        <AttributeList>
          <DataTypeName>"COGNEX_DATAMAN_OUT_TRIGGER_UDT"</DataTypeName>
          <LogicalAddress>%Q6692.0</LogicalAddress>
          <Name>Q_Scan_281_TriggerControl</Name>
        </AttributeList>
        <ObjectList>
          <MultilingualText ID="EA" CompositionName="Comment">
            <ObjectList>
              <MultilingualTextItem ID="EB" CompositionName="Items">
                <AttributeList>
                  <Culture>en-US</Culture>
                  <Text />
                </AttributeList>
              </MultilingualTextItem>
              <MultilingualTextItem ID="EC" CompositionName="Items">
                <AttributeList>
                  <Culture>fr-BE</Culture>
                  <Text />
                </AttributeList>
              </MultilingualTextItem>
            </ObjectList>
          </MultilingualText>
        </ObjectList>
      </SW.Tags.PlcTag>
      <SW.Tags.PlcTag ID="ED" CompositionName="Tags">
        <AttributeList>
          <DataTypeName>"COGNEX_DATAMAN_OUT_CONTROL_UDT"</DataTypeName>
          <LogicalAddress>%Q6693.0</LogicalAddress>
          <Name>Q_Scan_281_ResultControl</Name>
        </AttributeList>
        <ObjectList>
          <MultilingualText ID="EE" CompositionName="Comment">
            <ObjectList>
              <MultilingualTextItem ID="EF" CompositionName="Items">
                <AttributeList>
                  <Culture>en-US</Culture>
                  <Text />
                </AttributeList>
              </MultilingualTextItem>
              <MultilingualTextItem ID="F0" CompositionName="Items">
                <AttributeList>
                  <Culture>fr-BE</Culture>
                  <Text />
                </AttributeList>
              </MultilingualTextItem>
            </ObjectList>
          </MultilingualText>
        </ObjectList>
      </SW.Tags.PlcTag>
      <SW.Tags.PlcTag ID="F1" CompositionName="Tags">
        <AttributeList>
          <DataTypeName>"COGNEX_DATAMAN_IN_RESULT_UDT"</DataTypeName>
          <LogicalAddress>%I6926.0</LogicalAddress>
          <Name>I_Scan_102B_ResultData</Name>
        </AttributeList>
        <ObjectList>
          <MultilingualText ID="F2" CompositionName="Comment">
            <ObjectList>
              <MultilingualTextItem ID="F3" CompositionName="Items">
                <AttributeList>
                  <Culture>en-US</Culture>
                  <Text />
                </AttributeList>
              </MultilingualTextItem>
              <MultilingualTextItem ID="F4" CompositionName="Items">
                <AttributeList>
                  <Culture>fr-BE</Culture>
                  <Text />
                </AttributeList>
              </MultilingualTextItem>
            </ObjectList>
          </MultilingualText>
        </ObjectList>
      </SW.Tags.PlcTag>
      <SW.Tags.PlcTag ID="F5" CompositionName="Tags">
        <AttributeList>
          <DataTypeName>"COGNEX_DATAMAN_IN_RESULT_STATUS_UDT"</DataTypeName>
          <LogicalAddress>%I4149.0</LogicalAddress>
          <Name>I_Scan_102B_ResultStatus</Name>
        </AttributeList>
        <ObjectList>
          <MultilingualText ID="F6" CompositionName="Comment">
            <ObjectList>
              <MultilingualTextItem ID="F7" CompositionName="Items">
                <AttributeList>
                  <Culture>en-US</Culture>
                  <Text />
                </AttributeList>
              </MultilingualTextItem>
              <MultilingualTextItem ID="F8" CompositionName="Items">
                <AttributeList>
                  <Culture>fr-BE</Culture>
                  <Text />
                </AttributeList>
              </MultilingualTextItem>
            </ObjectList>
          </MultilingualText>
        </ObjectList>
      </SW.Tags.PlcTag>
      <SW.Tags.PlcTag ID="F9" CompositionName="Tags">
        <AttributeList>
          <DataTypeName>"COGNEX_DATAMAN_IN_STATUS_UDT"</DataTypeName>
          <LogicalAddress>%I4146.0</LogicalAddress>
          <Name>I_Scan_102B_TriggerStatus</Name>
        </AttributeList>
        <ObjectList>
          <MultilingualText ID="FA" CompositionName="Comment">
            <ObjectList>
              <MultilingualTextItem ID="FB" CompositionName="Items">
                <AttributeList>
                  <Culture>en-US</Culture>
                  <Text />
                </AttributeList>
              </MultilingualTextItem>
              <MultilingualTextItem ID="FC" CompositionName="Items">
                <AttributeList>
                  <Culture>fr-BE</Culture>
                  <Text />
                </AttributeList>
              </MultilingualTextItem>
            </ObjectList>
          </MultilingualText>
        </ObjectList>
      </SW.Tags.PlcTag>
      <SW.Tags.PlcTag ID="FD" CompositionName="Tags">
        <AttributeList>
          <DataTypeName>"COGNEX_DATAMAN_OUT_CONTROL_UDT"</DataTypeName>
          <LogicalAddress>%Q3979.0</LogicalAddress>
          <Name>Q_Scan_102B_ResultControl</Name>
        </AttributeList>
        <ObjectList>
          <MultilingualText ID="FE" CompositionName="Comment">
            <ObjectList>
              <MultilingualTextItem ID="FF" CompositionName="Items">
                <AttributeList>
                  <Culture>en-US</Culture>
                  <Text />
                </AttributeList>
              </MultilingualTextItem>
              <MultilingualTextItem ID="100" CompositionName="Items">
                <AttributeList>
                  <Culture>fr-BE</Culture>
                  <Text />
                </AttributeList>
              </MultilingualTextItem>
            </ObjectList>
          </MultilingualText>
        </ObjectList>
      </SW.Tags.PlcTag>
      <SW.Tags.PlcTag ID="101" CompositionName="Tags">
        <AttributeList>
          <DataTypeName>"COGNEX_DATAMAN_OUT_TRIGGER_UDT"</DataTypeName>
          <LogicalAddress>%Q3978.0</LogicalAddress>
          <Name>Q_Scan_102B_TriggerControl</Name>
        </AttributeList>
        <ObjectList>
          <MultilingualText ID="102" CompositionName="Comment">
            <ObjectList>
              <MultilingualTextItem ID="103" CompositionName="Items">
                <AttributeList>
                  <Culture>en-US</Culture>
                  <Text />
                </AttributeList>
              </MultilingualTextItem>
              <MultilingualTextItem ID="104" CompositionName="Items">
                <AttributeList>
                  <Culture>fr-BE</Culture>
                  <Text />
                </AttributeList>
              </MultilingualTextItem>
            </ObjectList>
          </MultilingualText>
        </ObjectList>
      </SW.Tags.PlcTag>
      <SW.Tags.PlcTag ID="105" CompositionName="Tags">
        <AttributeList>
          <DataTypeName>"COGNEX_DATAMAN_IN_RESULT_UDT"</DataTypeName>
          <LogicalAddress>%I8854.0</LogicalAddress>
          <Name>I_Scan_418B_ResultData</Name>
        </AttributeList>
        <ObjectList>
          <MultilingualText ID="106" CompositionName="Comment">
            <ObjectList>
              <MultilingualTextItem ID="107" CompositionName="Items">
                <AttributeList>
                  <Culture>en-US</Culture>
                  <Text />
                </AttributeList>
              </MultilingualTextItem>
              <MultilingualTextItem ID="108" CompositionName="Items">
                <AttributeList>
                  <Culture>fr-BE</Culture>
                  <Text />
                </AttributeList>
              </MultilingualTextItem>
            </ObjectList>
          </MultilingualText>
        </ObjectList>
      </SW.Tags.PlcTag>
      <SW.Tags.PlcTag ID="109" CompositionName="Tags">
        <AttributeList>
          <DataTypeName>"COGNEX_DATAMAN_IN_RESULT_STATUS_UDT"</DataTypeName>
          <LogicalAddress>%I7065.0</LogicalAddress>
          <Name>I_Scan_418B_ResultStatus</Name>
        </AttributeList>
        <ObjectList>
          <MultilingualText ID="10A" CompositionName="Comment">
            <ObjectList>
              <MultilingualTextItem ID="10B" CompositionName="Items">
                <AttributeList>
                  <Culture>en-US</Culture>
                  <Text />
                </AttributeList>
              </MultilingualTextItem>
              <MultilingualTextItem ID="10C" CompositionName="Items">
                <AttributeList>
                  <Culture>fr-BE</Culture>
                  <Text />
                </AttributeList>
              </MultilingualTextItem>
            </ObjectList>
          </MultilingualText>
        </ObjectList>
      </SW.Tags.PlcTag>
      <SW.Tags.PlcTag ID="10D" CompositionName="Tags">
        <AttributeList>
          <DataTypeName>"COGNEX_DATAMAN_IN_STATUS_UDT"</DataTypeName>
          <LogicalAddress>%I7062.0</LogicalAddress>
          <Name>I_Scan_418B_TriggerStatus</Name>
        </AttributeList>
        <ObjectList>
          <MultilingualText ID="10E" CompositionName="Comment">
            <ObjectList>
              <MultilingualTextItem ID="10F" CompositionName="Items">
                <AttributeList>
                  <Culture>en-US</Culture>
                  <Text />
                </AttributeList>
              </MultilingualTextItem>
              <MultilingualTextItem ID="110" CompositionName="Items">
                <AttributeList>
                  <Culture>fr-BE</Culture>
                  <Text />
                </AttributeList>
              </MultilingualTextItem>
            </ObjectList>
          </MultilingualText>
        </ObjectList>
      </SW.Tags.PlcTag>
      <SW.Tags.PlcTag ID="111" CompositionName="Tags">
        <AttributeList>
          <DataTypeName>"COGNEX_DATAMAN_OUT_CONTROL_UDT"</DataTypeName>
          <LogicalAddress>%Q6755.0</LogicalAddress>
          <Name>Q_Scan_418B_ResultControl</Name>
        </AttributeList>
        <ObjectList>
          <MultilingualText ID="112" CompositionName="Comment">
            <ObjectList>
              <MultilingualTextItem ID="113" CompositionName="Items">
                <AttributeList>
                  <Culture>en-US</Culture>
                  <Text />
                </AttributeList>
              </MultilingualTextItem>
              <MultilingualTextItem ID="114" CompositionName="Items">
                <AttributeList>
                  <Culture>fr-BE</Culture>
                  <Text />
                </AttributeList>
              </MultilingualTextItem>
            </ObjectList>
          </MultilingualText>
        </ObjectList>
      </SW.Tags.PlcTag>
      <SW.Tags.PlcTag ID="115" CompositionName="Tags">
        <AttributeList>
          <DataTypeName>"COGNEX_DATAMAN_OUT_TRIGGER_UDT"</DataTypeName>
          <LogicalAddress>%Q6754.0</LogicalAddress>
          <Name>Q_Scan_418B_TriggerControl</Name>
        </AttributeList>
        <ObjectList>
          <MultilingualText ID="116" CompositionName="Comment">
            <ObjectList>
              <MultilingualTextItem ID="117" CompositionName="Items">
                <AttributeList>
                  <Culture>en-US</Culture>
                  <Text />
                </AttributeList>
              </MultilingualTextItem>
              <MultilingualTextItem ID="118" CompositionName="Items">
                <AttributeList>
                  <Culture>fr-BE</Culture>
                  <Text />
                </AttributeList>
              </MultilingualTextItem>
            </ObjectList>
          </MultilingualText>
        </ObjectList>
      </SW.Tags.PlcTag>
    </ObjectList>
  </SW.Tags.PlcTagTable>
</Document>