﻿<?xml version="1.0" encoding="utf-8"?>
<Document>
  <Engineering version="V16" />
  <DocumentInfo>
    <Created>2023-11-13T10:46:19.8787116Z</Created>
    <ExportSetting>WithReadOnly</ExportSetting>
    <InstalledProducts>
      <Product>
        <DisplayName>Totally Integrated Automation Portal</DisplayName>
        <DisplayVersion>V16 Update 6</DisplayVersion>
      </Product>
      <OptionPackage>
        <DisplayName>TIA Portal Version Control Interface</DisplayName>
        <DisplayVersion>V16 Update 2</DisplayVersion>
      </OptionPackage>
      <OptionPackage>
        <DisplayName>TIA Portal Openness</DisplayName>
        <DisplayVersion>V16 Update 6</DisplayVersion>
      </OptionPackage>
      <OptionPackage>
        <DisplayName>TIA Portal Teamcenter Gateway</DisplayName>
        <DisplayVersion>V16</DisplayVersion>
      </OptionPackage>
      <Product>
        <DisplayName>SINAMICS Startdrive Advanced</DisplayName>
        <DisplayVersion>V16 Update 5</DisplayVersion>
      </Product>
      <OptionPackage>
        <DisplayName>SINAMICS Startdrive G130, G150, S120, S150, SINAMICS MV, S210</DisplayName>
        <DisplayVersion>V16 Update 5</DisplayVersion>
      </OptionPackage>
      <OptionPackage>
        <DisplayName>SINAMICS Startdrive G110M, G120, G120C, G120D, G120P, G115D</DisplayName>
        <DisplayVersion>V16 Update 5</DisplayVersion>
      </OptionPackage>
      <Product>
        <DisplayName>STEP 7 Professional</DisplayName>
        <DisplayVersion>V16 Update 6</DisplayVersion>
      </Product>
      <OptionPackage>
        <DisplayName>STEP 7 Safety</DisplayName>
        <DisplayVersion>V16</DisplayVersion>
      </OptionPackage>
      <Product>
        <DisplayName>WinCC Advanced / Unified PC</DisplayName>
        <DisplayVersion>V16 Update 6</DisplayVersion>
      </Product>
    </InstalledProducts>
  </DocumentInfo>
  <SW.Tags.PlcTagTable ID="0">
    <AttributeList>
      <Name>12 SKU</Name>
    </AttributeList>
    <ObjectList>
      <SW.Tags.PlcTag ID="1" CompositionName="Tags">
        <AttributeList>
          <DataTypeName>"SKU_In_Data_UDT"</DataTypeName>
          <LogicalAddress>%I3776.0</LogicalAddress>
          <Name>I_SKU_212</Name>
        </AttributeList>
        <ObjectList>
          <MultilingualText ID="2" CompositionName="Comment">
            <ObjectList>
              <MultilingualTextItem ID="3" CompositionName="Items">
                <AttributeList>
                  <Culture>en-US</Culture>
                  <Text />
                </AttributeList>
              </MultilingualTextItem>
              <MultilingualTextItem ID="4" CompositionName="Items">
                <AttributeList>
                  <Culture>fr-BE</Culture>
                  <Text />
                </AttributeList>
              </MultilingualTextItem>
            </ObjectList>
          </MultilingualText>
        </ObjectList>
      </SW.Tags.PlcTag>
      <SW.Tags.PlcTag ID="5" CompositionName="Tags">
        <AttributeList>
          <DataTypeName>"SKU_In_Data_UDT"</DataTypeName>
          <LogicalAddress>%I3806.0</LogicalAddress>
          <Name>I_SKU_230</Name>
        </AttributeList>
        <ObjectList>
          <MultilingualText ID="6" CompositionName="Comment">
            <ObjectList>
              <MultilingualTextItem ID="7" CompositionName="Items">
                <AttributeList>
                  <Culture>en-US</Culture>
                  <Text />
                </AttributeList>
              </MultilingualTextItem>
              <MultilingualTextItem ID="8" CompositionName="Items">
                <AttributeList>
                  <Culture>fr-BE</Culture>
                  <Text />
                </AttributeList>
              </MultilingualTextItem>
            </ObjectList>
          </MultilingualText>
        </ObjectList>
      </SW.Tags.PlcTag>
      <SW.Tags.PlcTag ID="9" CompositionName="Tags">
        <AttributeList>
          <DataTypeName>"SKU_In_Data_UDT"</DataTypeName>
          <LogicalAddress>%I3812.0</LogicalAddress>
          <Name>I_SKU_258</Name>
        </AttributeList>
        <ObjectList>
          <MultilingualText ID="A" CompositionName="Comment">
            <ObjectList>
              <MultilingualTextItem ID="B" CompositionName="Items">
                <AttributeList>
                  <Culture>en-US</Culture>
                  <Text />
                </AttributeList>
              </MultilingualTextItem>
              <MultilingualTextItem ID="C" CompositionName="Items">
                <AttributeList>
                  <Culture>fr-BE</Culture>
                  <Text />
                </AttributeList>
              </MultilingualTextItem>
            </ObjectList>
          </MultilingualText>
        </ObjectList>
      </SW.Tags.PlcTag>
      <SW.Tags.PlcTag ID="D" CompositionName="Tags">
        <AttributeList>
          <DataTypeName>"SKU_In_Data_UDT"</DataTypeName>
          <LogicalAddress>%I6802.0</LogicalAddress>
          <Name>I_SKU_270</Name>
        </AttributeList>
        <ObjectList>
          <MultilingualText ID="E" CompositionName="Comment">
            <ObjectList>
              <MultilingualTextItem ID="F" CompositionName="Items">
                <AttributeList>
                  <Culture>en-US</Culture>
                  <Text />
                </AttributeList>
              </MultilingualTextItem>
              <MultilingualTextItem ID="10" CompositionName="Items">
                <AttributeList>
                  <Culture>fr-BE</Culture>
                  <Text />
                </AttributeList>
              </MultilingualTextItem>
            </ObjectList>
          </MultilingualText>
        </ObjectList>
      </SW.Tags.PlcTag>
      <SW.Tags.PlcTag ID="11" CompositionName="Tags">
        <AttributeList>
          <DataTypeName>"SKU_In_Data_UDT"</DataTypeName>
          <LogicalAddress>%I6862.0</LogicalAddress>
          <Name>I_SKU_510</Name>
        </AttributeList>
        <ObjectList>
          <MultilingualText ID="12" CompositionName="Comment">
            <ObjectList>
              <MultilingualTextItem ID="13" CompositionName="Items">
                <AttributeList>
                  <Culture>en-US</Culture>
                  <Text />
                </AttributeList>
              </MultilingualTextItem>
              <MultilingualTextItem ID="14" CompositionName="Items">
                <AttributeList>
                  <Culture>fr-BE</Culture>
                  <Text />
                </AttributeList>
              </MultilingualTextItem>
            </ObjectList>
          </MultilingualText>
        </ObjectList>
      </SW.Tags.PlcTag>
      <SW.Tags.PlcTag ID="15" CompositionName="Tags">
        <AttributeList>
          <DataTypeName>"SKU_In_Data_UDT"</DataTypeName>
          <LogicalAddress>%I6912.0</LogicalAddress>
          <Name>I_SKU_530</Name>
        </AttributeList>
        <ObjectList>
          <MultilingualText ID="16" CompositionName="Comment">
            <ObjectList>
              <MultilingualTextItem ID="17" CompositionName="Items">
                <AttributeList>
                  <Culture>en-US</Culture>
                  <Text />
                </AttributeList>
              </MultilingualTextItem>
              <MultilingualTextItem ID="18" CompositionName="Items">
                <AttributeList>
                  <Culture>fr-BE</Culture>
                  <Text />
                </AttributeList>
              </MultilingualTextItem>
            </ObjectList>
          </MultilingualText>
        </ObjectList>
      </SW.Tags.PlcTag>
      <SW.Tags.PlcTag ID="19" CompositionName="Tags">
        <AttributeList>
          <DataTypeName>Bool</DataTypeName>
          <LogicalAddress>%I6898.0</LogicalAddress>
          <Name>I_DRV_530</Name>
        </AttributeList>
        <ObjectList>
          <MultilingualText ID="1A" CompositionName="Comment">
            <ObjectList>
              <MultilingualTextItem ID="1B" CompositionName="Items">
                <AttributeList>
                  <Culture>en-US</Culture>
                  <Text />
                </AttributeList>
              </MultilingualTextItem>
              <MultilingualTextItem ID="1C" CompositionName="Items">
                <AttributeList>
                  <Culture>fr-BE</Culture>
                  <Text />
                </AttributeList>
              </MultilingualTextItem>
            </ObjectList>
          </MultilingualText>
        </ObjectList>
      </SW.Tags.PlcTag>
    </ObjectList>
  </SW.Tags.PlcTagTable>
</Document>