﻿<?xml version="1.0" encoding="utf-8"?>
<Document>
  <Engineering version="V16" />
  <DocumentInfo>
    <Created>2023-11-13T10:46:19.6107097Z</Created>
    <ExportSetting>WithReadOnly</ExportSetting>
    <InstalledProducts>
      <Product>
        <DisplayName>Totally Integrated Automation Portal</DisplayName>
        <DisplayVersion>V16 Update 6</DisplayVersion>
      </Product>
      <OptionPackage>
        <DisplayName>TIA Portal Version Control Interface</DisplayName>
        <DisplayVersion>V16 Update 2</DisplayVersion>
      </OptionPackage>
      <OptionPackage>
        <DisplayName>TIA Portal Openness</DisplayName>
        <DisplayVersion>V16 Update 6</DisplayVersion>
      </OptionPackage>
      <OptionPackage>
        <DisplayName>TIA Portal Teamcenter Gateway</DisplayName>
        <DisplayVersion>V16</DisplayVersion>
      </OptionPackage>
      <Product>
        <DisplayName>SINAMICS Startdrive Advanced</DisplayName>
        <DisplayVersion>V16 Update 5</DisplayVersion>
      </Product>
      <OptionPackage>
        <DisplayName>SINAMICS Startdrive G130, G150, S120, S150, SINAMICS MV, S210</DisplayName>
        <DisplayVersion>V16 Update 5</DisplayVersion>
      </OptionPackage>
      <OptionPackage>
        <DisplayName>SINAMICS Startdrive G110M, G120, G120C, G120D, G120P, G115D</DisplayName>
        <DisplayVersion>V16 Update 5</DisplayVersion>
      </OptionPackage>
      <Product>
        <DisplayName>STEP 7 Professional</DisplayName>
        <DisplayVersion>V16 Update 6</DisplayVersion>
      </Product>
      <OptionPackage>
        <DisplayName>STEP 7 Safety</DisplayName>
        <DisplayVersion>V16</DisplayVersion>
      </OptionPackage>
      <Product>
        <DisplayName>WinCC Advanced / Unified PC</DisplayName>
        <DisplayVersion>V16 Update 6</DisplayVersion>
      </Product>
    </InstalledProducts>
  </DocumentInfo>
  <SW.Tags.PlcTagTable ID="0">
    <AttributeList>
      <Name>CLOCK</Name>
    </AttributeList>
    <ObjectList>
      <SW.Tags.PlcTag ID="1" CompositionName="Tags">
        <AttributeList>
          <DataTypeName>Byte</DataTypeName>
          <LogicalAddress>%MB0</LogicalAddress>
          <Name>System_Byte</Name>
        </AttributeList>
        <ObjectList>
          <MultilingualText ID="2" CompositionName="Comment">
            <ObjectList>
              <MultilingualTextItem ID="3" CompositionName="Items">
                <AttributeList>
                  <Culture>en-US</Culture>
                  <Text />
                </AttributeList>
              </MultilingualTextItem>
              <MultilingualTextItem ID="4" CompositionName="Items">
                <AttributeList>
                  <Culture>fr-BE</Culture>
                  <Text />
                </AttributeList>
              </MultilingualTextItem>
            </ObjectList>
          </MultilingualText>
        </ObjectList>
      </SW.Tags.PlcTag>
      <SW.Tags.PlcTag ID="5" CompositionName="Tags">
        <AttributeList>
          <DataTypeName>Bool</DataTypeName>
          <LogicalAddress>%M0.0</LogicalAddress>
          <Name>FirstScan</Name>
        </AttributeList>
        <ObjectList>
          <MultilingualText ID="6" CompositionName="Comment">
            <ObjectList>
              <MultilingualTextItem ID="7" CompositionName="Items">
                <AttributeList>
                  <Culture>en-US</Culture>
                  <Text />
                </AttributeList>
              </MultilingualTextItem>
              <MultilingualTextItem ID="8" CompositionName="Items">
                <AttributeList>
                  <Culture>fr-BE</Culture>
                  <Text />
                </AttributeList>
              </MultilingualTextItem>
            </ObjectList>
          </MultilingualText>
        </ObjectList>
      </SW.Tags.PlcTag>
      <SW.Tags.PlcTag ID="9" CompositionName="Tags">
        <AttributeList>
          <DataTypeName>Bool</DataTypeName>
          <LogicalAddress>%M0.1</LogicalAddress>
          <Name>DiagStatusUpdate</Name>
        </AttributeList>
        <ObjectList>
          <MultilingualText ID="A" CompositionName="Comment">
            <ObjectList>
              <MultilingualTextItem ID="B" CompositionName="Items">
                <AttributeList>
                  <Culture>en-US</Culture>
                  <Text />
                </AttributeList>
              </MultilingualTextItem>
              <MultilingualTextItem ID="C" CompositionName="Items">
                <AttributeList>
                  <Culture>fr-BE</Culture>
                  <Text />
                </AttributeList>
              </MultilingualTextItem>
            </ObjectList>
          </MultilingualText>
        </ObjectList>
      </SW.Tags.PlcTag>
      <SW.Tags.PlcTag ID="D" CompositionName="Tags">
        <AttributeList>
          <DataTypeName>Bool</DataTypeName>
          <LogicalAddress>%M0.2</LogicalAddress>
          <Name>AlwaysTRUE</Name>
        </AttributeList>
        <ObjectList>
          <MultilingualText ID="E" CompositionName="Comment">
            <ObjectList>
              <MultilingualTextItem ID="F" CompositionName="Items">
                <AttributeList>
                  <Culture>en-US</Culture>
                  <Text />
                </AttributeList>
              </MultilingualTextItem>
              <MultilingualTextItem ID="10" CompositionName="Items">
                <AttributeList>
                  <Culture>fr-BE</Culture>
                  <Text />
                </AttributeList>
              </MultilingualTextItem>
            </ObjectList>
          </MultilingualText>
        </ObjectList>
      </SW.Tags.PlcTag>
      <SW.Tags.PlcTag ID="11" CompositionName="Tags">
        <AttributeList>
          <DataTypeName>Bool</DataTypeName>
          <LogicalAddress>%M0.3</LogicalAddress>
          <Name>AlwaysFALSE</Name>
        </AttributeList>
        <ObjectList>
          <MultilingualText ID="12" CompositionName="Comment">
            <ObjectList>
              <MultilingualTextItem ID="13" CompositionName="Items">
                <AttributeList>
                  <Culture>en-US</Culture>
                  <Text />
                </AttributeList>
              </MultilingualTextItem>
              <MultilingualTextItem ID="14" CompositionName="Items">
                <AttributeList>
                  <Culture>fr-BE</Culture>
                  <Text />
                </AttributeList>
              </MultilingualTextItem>
            </ObjectList>
          </MultilingualText>
        </ObjectList>
      </SW.Tags.PlcTag>
      <SW.Tags.PlcTag ID="15" CompositionName="Tags">
        <AttributeList>
          <DataTypeName>Byte</DataTypeName>
          <LogicalAddress>%MB1</LogicalAddress>
          <Name>Clock_Byte</Name>
        </AttributeList>
        <ObjectList>
          <MultilingualText ID="16" CompositionName="Comment">
            <ObjectList>
              <MultilingualTextItem ID="17" CompositionName="Items">
                <AttributeList>
                  <Culture>en-US</Culture>
                  <Text />
                </AttributeList>
              </MultilingualTextItem>
              <MultilingualTextItem ID="18" CompositionName="Items">
                <AttributeList>
                  <Culture>fr-BE</Culture>
                  <Text />
                </AttributeList>
              </MultilingualTextItem>
            </ObjectList>
          </MultilingualText>
        </ObjectList>
      </SW.Tags.PlcTag>
      <SW.Tags.PlcTag ID="19" CompositionName="Tags">
        <AttributeList>
          <DataTypeName>Bool</DataTypeName>
          <LogicalAddress>%M1.0</LogicalAddress>
          <Name>Clock_10Hz</Name>
        </AttributeList>
        <ObjectList>
          <MultilingualText ID="1A" CompositionName="Comment">
            <ObjectList>
              <MultilingualTextItem ID="1B" CompositionName="Items">
                <AttributeList>
                  <Culture>en-US</Culture>
                  <Text />
                </AttributeList>
              </MultilingualTextItem>
              <MultilingualTextItem ID="1C" CompositionName="Items">
                <AttributeList>
                  <Culture>fr-BE</Culture>
                  <Text />
                </AttributeList>
              </MultilingualTextItem>
            </ObjectList>
          </MultilingualText>
        </ObjectList>
      </SW.Tags.PlcTag>
      <SW.Tags.PlcTag ID="1D" CompositionName="Tags">
        <AttributeList>
          <DataTypeName>Bool</DataTypeName>
          <LogicalAddress>%M1.1</LogicalAddress>
          <Name>Clock_5Hz</Name>
        </AttributeList>
        <ObjectList>
          <MultilingualText ID="1E" CompositionName="Comment">
            <ObjectList>
              <MultilingualTextItem ID="1F" CompositionName="Items">
                <AttributeList>
                  <Culture>en-US</Culture>
                  <Text />
                </AttributeList>
              </MultilingualTextItem>
              <MultilingualTextItem ID="20" CompositionName="Items">
                <AttributeList>
                  <Culture>fr-BE</Culture>
                  <Text />
                </AttributeList>
              </MultilingualTextItem>
            </ObjectList>
          </MultilingualText>
        </ObjectList>
      </SW.Tags.PlcTag>
      <SW.Tags.PlcTag ID="21" CompositionName="Tags">
        <AttributeList>
          <DataTypeName>Bool</DataTypeName>
          <LogicalAddress>%M1.2</LogicalAddress>
          <Name>Clock_2.5Hz</Name>
        </AttributeList>
        <ObjectList>
          <MultilingualText ID="22" CompositionName="Comment">
            <ObjectList>
              <MultilingualTextItem ID="23" CompositionName="Items">
                <AttributeList>
                  <Culture>en-US</Culture>
                  <Text />
                </AttributeList>
              </MultilingualTextItem>
              <MultilingualTextItem ID="24" CompositionName="Items">
                <AttributeList>
                  <Culture>fr-BE</Culture>
                  <Text />
                </AttributeList>
              </MultilingualTextItem>
            </ObjectList>
          </MultilingualText>
        </ObjectList>
      </SW.Tags.PlcTag>
      <SW.Tags.PlcTag ID="25" CompositionName="Tags">
        <AttributeList>
          <DataTypeName>Bool</DataTypeName>
          <LogicalAddress>%M1.3</LogicalAddress>
          <Name>Clock_2Hz</Name>
        </AttributeList>
        <ObjectList>
          <MultilingualText ID="26" CompositionName="Comment">
            <ObjectList>
              <MultilingualTextItem ID="27" CompositionName="Items">
                <AttributeList>
                  <Culture>en-US</Culture>
                  <Text />
                </AttributeList>
              </MultilingualTextItem>
              <MultilingualTextItem ID="28" CompositionName="Items">
                <AttributeList>
                  <Culture>fr-BE</Culture>
                  <Text />
                </AttributeList>
              </MultilingualTextItem>
            </ObjectList>
          </MultilingualText>
        </ObjectList>
      </SW.Tags.PlcTag>
      <SW.Tags.PlcTag ID="29" CompositionName="Tags">
        <AttributeList>
          <DataTypeName>Bool</DataTypeName>
          <LogicalAddress>%M1.4</LogicalAddress>
          <Name>Clock_1.25Hz</Name>
        </AttributeList>
        <ObjectList>
          <MultilingualText ID="2A" CompositionName="Comment">
            <ObjectList>
              <MultilingualTextItem ID="2B" CompositionName="Items">
                <AttributeList>
                  <Culture>en-US</Culture>
                  <Text />
                </AttributeList>
              </MultilingualTextItem>
              <MultilingualTextItem ID="2C" CompositionName="Items">
                <AttributeList>
                  <Culture>fr-BE</Culture>
                  <Text />
                </AttributeList>
              </MultilingualTextItem>
            </ObjectList>
          </MultilingualText>
        </ObjectList>
      </SW.Tags.PlcTag>
      <SW.Tags.PlcTag ID="2D" CompositionName="Tags">
        <AttributeList>
          <DataTypeName>Bool</DataTypeName>
          <LogicalAddress>%M1.5</LogicalAddress>
          <Name>Clock_1Hz</Name>
        </AttributeList>
        <ObjectList>
          <MultilingualText ID="2E" CompositionName="Comment">
            <ObjectList>
              <MultilingualTextItem ID="2F" CompositionName="Items">
                <AttributeList>
                  <Culture>en-US</Culture>
                  <Text />
                </AttributeList>
              </MultilingualTextItem>
              <MultilingualTextItem ID="30" CompositionName="Items">
                <AttributeList>
                  <Culture>fr-BE</Culture>
                  <Text />
                </AttributeList>
              </MultilingualTextItem>
            </ObjectList>
          </MultilingualText>
        </ObjectList>
      </SW.Tags.PlcTag>
      <SW.Tags.PlcTag ID="31" CompositionName="Tags">
        <AttributeList>
          <DataTypeName>Bool</DataTypeName>
          <LogicalAddress>%M1.6</LogicalAddress>
          <Name>Clock_0.625Hz</Name>
        </AttributeList>
        <ObjectList>
          <MultilingualText ID="32" CompositionName="Comment">
            <ObjectList>
              <MultilingualTextItem ID="33" CompositionName="Items">
                <AttributeList>
                  <Culture>en-US</Culture>
                  <Text />
                </AttributeList>
              </MultilingualTextItem>
              <MultilingualTextItem ID="34" CompositionName="Items">
                <AttributeList>
                  <Culture>fr-BE</Culture>
                  <Text />
                </AttributeList>
              </MultilingualTextItem>
            </ObjectList>
          </MultilingualText>
        </ObjectList>
      </SW.Tags.PlcTag>
      <SW.Tags.PlcTag ID="35" CompositionName="Tags">
        <AttributeList>
          <DataTypeName>Bool</DataTypeName>
          <LogicalAddress>%M1.7</LogicalAddress>
          <Name>Clock_0.5Hz</Name>
        </AttributeList>
        <ObjectList>
          <MultilingualText ID="36" CompositionName="Comment">
            <ObjectList>
              <MultilingualTextItem ID="37" CompositionName="Items">
                <AttributeList>
                  <Culture>en-US</Culture>
                  <Text />
                </AttributeList>
              </MultilingualTextItem>
              <MultilingualTextItem ID="38" CompositionName="Items">
                <AttributeList>
                  <Culture>fr-BE</Culture>
                  <Text />
                </AttributeList>
              </MultilingualTextItem>
            </ObjectList>
          </MultilingualText>
        </ObjectList>
      </SW.Tags.PlcTag>
      <SW.Tags.PlcUserConstant ID="39" CompositionName="UserConstants">
        <AttributeList>
          <DataTypeName>Int</DataTypeName>
          <Name>North</Name>
          <Value>1</Value>
        </AttributeList>
        <ObjectList>
          <MultilingualText ID="3A" CompositionName="Comment">
            <ObjectList>
              <MultilingualTextItem ID="3B" CompositionName="Items">
                <AttributeList>
                  <Culture>en-US</Culture>
                  <Text />
                </AttributeList>
              </MultilingualTextItem>
              <MultilingualTextItem ID="3C" CompositionName="Items">
                <AttributeList>
                  <Culture>fr-BE</Culture>
                  <Text />
                </AttributeList>
              </MultilingualTextItem>
            </ObjectList>
          </MultilingualText>
        </ObjectList>
      </SW.Tags.PlcUserConstant>
      <SW.Tags.PlcUserConstant ID="3D" CompositionName="UserConstants">
        <AttributeList>
          <DataTypeName>Int</DataTypeName>
          <Name>East</Name>
          <Value>2</Value>
        </AttributeList>
        <ObjectList>
          <MultilingualText ID="3E" CompositionName="Comment">
            <ObjectList>
              <MultilingualTextItem ID="3F" CompositionName="Items">
                <AttributeList>
                  <Culture>en-US</Culture>
                  <Text />
                </AttributeList>
              </MultilingualTextItem>
              <MultilingualTextItem ID="40" CompositionName="Items">
                <AttributeList>
                  <Culture>fr-BE</Culture>
                  <Text />
                </AttributeList>
              </MultilingualTextItem>
            </ObjectList>
          </MultilingualText>
        </ObjectList>
      </SW.Tags.PlcUserConstant>
      <SW.Tags.PlcUserConstant ID="41" CompositionName="UserConstants">
        <AttributeList>
          <DataTypeName>Int</DataTypeName>
          <Name>South</Name>
          <Value>3</Value>
        </AttributeList>
        <ObjectList>
          <MultilingualText ID="42" CompositionName="Comment">
            <ObjectList>
              <MultilingualTextItem ID="43" CompositionName="Items">
                <AttributeList>
                  <Culture>en-US</Culture>
                  <Text />
                </AttributeList>
              </MultilingualTextItem>
              <MultilingualTextItem ID="44" CompositionName="Items">
                <AttributeList>
                  <Culture>fr-BE</Culture>
                  <Text />
                </AttributeList>
              </MultilingualTextItem>
            </ObjectList>
          </MultilingualText>
        </ObjectList>
      </SW.Tags.PlcUserConstant>
      <SW.Tags.PlcUserConstant ID="45" CompositionName="UserConstants">
        <AttributeList>
          <DataTypeName>Int</DataTypeName>
          <Name>West</Name>
          <Value>4</Value>
        </AttributeList>
        <ObjectList>
          <MultilingualText ID="46" CompositionName="Comment">
            <ObjectList>
              <MultilingualTextItem ID="47" CompositionName="Items">
                <AttributeList>
                  <Culture>en-US</Culture>
                  <Text />
                </AttributeList>
              </MultilingualTextItem>
              <MultilingualTextItem ID="48" CompositionName="Items">
                <AttributeList>
                  <Culture>fr-BE</Culture>
                  <Text />
                </AttributeList>
              </MultilingualTextItem>
            </ObjectList>
          </MultilingualText>
        </ObjectList>
      </SW.Tags.PlcUserConstant>
      <SW.Tags.PlcUserConstant ID="49" CompositionName="UserConstants">
        <AttributeList>
          <DataTypeName>Int</DataTypeName>
          <Name>Up</Name>
          <Value>1</Value>
        </AttributeList>
        <ObjectList>
          <MultilingualText ID="4A" CompositionName="Comment">
            <ObjectList>
              <MultilingualTextItem ID="4B" CompositionName="Items">
                <AttributeList>
                  <Culture>en-US</Culture>
                  <Text />
                </AttributeList>
              </MultilingualTextItem>
              <MultilingualTextItem ID="4C" CompositionName="Items">
                <AttributeList>
                  <Culture>fr-BE</Culture>
                  <Text />
                </AttributeList>
              </MultilingualTextItem>
            </ObjectList>
          </MultilingualText>
        </ObjectList>
      </SW.Tags.PlcUserConstant>
      <SW.Tags.PlcUserConstant ID="4D" CompositionName="UserConstants">
        <AttributeList>
          <DataTypeName>Int</DataTypeName>
          <Name>Down</Name>
          <Value>-1</Value>
        </AttributeList>
        <ObjectList>
          <MultilingualText ID="4E" CompositionName="Comment">
            <ObjectList>
              <MultilingualTextItem ID="4F" CompositionName="Items">
                <AttributeList>
                  <Culture>en-US</Culture>
                  <Text />
                </AttributeList>
              </MultilingualTextItem>
              <MultilingualTextItem ID="50" CompositionName="Items">
                <AttributeList>
                  <Culture>fr-BE</Culture>
                  <Text />
                </AttributeList>
              </MultilingualTextItem>
            </ObjectList>
          </MultilingualText>
        </ObjectList>
      </SW.Tags.PlcUserConstant>
      <SW.Tags.PlcUserConstant ID="51" CompositionName="UserConstants">
        <AttributeList>
          <DataTypeName>Int</DataTypeName>
          <Name>HoldPosition</Name>
          <Value>-1</Value>
        </AttributeList>
        <ObjectList>
          <MultilingualText ID="52" CompositionName="Comment">
            <ObjectList>
              <MultilingualTextItem ID="53" CompositionName="Items">
                <AttributeList>
                  <Culture>en-US</Culture>
                  <Text />
                </AttributeList>
              </MultilingualTextItem>
              <MultilingualTextItem ID="54" CompositionName="Items">
                <AttributeList>
                  <Culture>fr-BE</Culture>
                  <Text />
                </AttributeList>
              </MultilingualTextItem>
            </ObjectList>
          </MultilingualText>
        </ObjectList>
      </SW.Tags.PlcUserConstant>
      <SW.Tags.PlcUserConstant ID="55" CompositionName="UserConstants">
        <AttributeList>
          <DataTypeName>Int</DataTypeName>
          <Name>ZPA_MODE</Name>
          <Value>0</Value>
        </AttributeList>
        <ObjectList>
          <MultilingualText ID="56" CompositionName="Comment">
            <ObjectList>
              <MultilingualTextItem ID="57" CompositionName="Items">
                <AttributeList>
                  <Culture>en-US</Culture>
                  <Text />
                </AttributeList>
              </MultilingualTextItem>
              <MultilingualTextItem ID="58" CompositionName="Items">
                <AttributeList>
                  <Culture>fr-BE</Culture>
                  <Text />
                </AttributeList>
              </MultilingualTextItem>
            </ObjectList>
          </MultilingualText>
        </ObjectList>
      </SW.Tags.PlcUserConstant>
      <SW.Tags.PlcUserConstant ID="59" CompositionName="UserConstants">
        <AttributeList>
          <DataTypeName>Int</DataTypeName>
          <Name>BUFFER_MODE</Name>
          <Value>1</Value>
        </AttributeList>
        <ObjectList>
          <MultilingualText ID="5A" CompositionName="Comment">
            <ObjectList>
              <MultilingualTextItem ID="5B" CompositionName="Items">
                <AttributeList>
                  <Culture>en-US</Culture>
                  <Text />
                </AttributeList>
              </MultilingualTextItem>
              <MultilingualTextItem ID="5C" CompositionName="Items">
                <AttributeList>
                  <Culture>fr-BE</Culture>
                  <Text />
                </AttributeList>
              </MultilingualTextItem>
            </ObjectList>
          </MultilingualText>
        </ObjectList>
      </SW.Tags.PlcUserConstant>
      <SW.Tags.PlcUserConstant ID="5D" CompositionName="UserConstants">
        <AttributeList>
          <DataTypeName>Int</DataTypeName>
          <Name>RUNTILLEND_MODE</Name>
          <Value>2</Value>
        </AttributeList>
        <ObjectList>
          <MultilingualText ID="5E" CompositionName="Comment">
            <ObjectList>
              <MultilingualTextItem ID="5F" CompositionName="Items">
                <AttributeList>
                  <Culture>en-US</Culture>
                  <Text />
                </AttributeList>
              </MultilingualTextItem>
              <MultilingualTextItem ID="60" CompositionName="Items">
                <AttributeList>
                  <Culture>fr-BE</Culture>
                  <Text />
                </AttributeList>
              </MultilingualTextItem>
            </ObjectList>
          </MultilingualText>
        </ObjectList>
      </SW.Tags.PlcUserConstant>
      <SW.Tags.PlcUserConstant ID="61" CompositionName="UserConstants">
        <AttributeList>
          <DataTypeName>Int</DataTypeName>
          <Name>IN</Name>
          <Value>-1</Value>
        </AttributeList>
        <ObjectList>
          <MultilingualText ID="62" CompositionName="Comment">
            <ObjectList>
              <MultilingualTextItem ID="63" CompositionName="Items">
                <AttributeList>
                  <Culture>en-US</Culture>
                  <Text />
                </AttributeList>
              </MultilingualTextItem>
              <MultilingualTextItem ID="64" CompositionName="Items">
                <AttributeList>
                  <Culture>fr-BE</Culture>
                  <Text />
                </AttributeList>
              </MultilingualTextItem>
            </ObjectList>
          </MultilingualText>
        </ObjectList>
      </SW.Tags.PlcUserConstant>
      <SW.Tags.PlcUserConstant ID="65" CompositionName="UserConstants">
        <AttributeList>
          <DataTypeName>Int</DataTypeName>
          <Name>OUT</Name>
          <Value>1</Value>
        </AttributeList>
        <ObjectList>
          <MultilingualText ID="66" CompositionName="Comment">
            <ObjectList>
              <MultilingualTextItem ID="67" CompositionName="Items">
                <AttributeList>
                  <Culture>en-US</Culture>
                  <Text />
                </AttributeList>
              </MultilingualTextItem>
              <MultilingualTextItem ID="68" CompositionName="Items">
                <AttributeList>
                  <Culture>fr-BE</Culture>
                  <Text />
                </AttributeList>
              </MultilingualTextItem>
            </ObjectList>
          </MultilingualText>
        </ObjectList>
      </SW.Tags.PlcUserConstant>
      <SW.Tags.PlcUserConstant ID="69" CompositionName="UserConstants">
        <AttributeList>
          <DataTypeName>Int</DataTypeName>
          <Name>ZPA_TRAIN_MODE</Name>
          <Value>4</Value>
        </AttributeList>
        <ObjectList>
          <MultilingualText ID="6A" CompositionName="Comment">
            <ObjectList>
              <MultilingualTextItem ID="6B" CompositionName="Items">
                <AttributeList>
                  <Culture>en-US</Culture>
                  <Text />
                </AttributeList>
              </MultilingualTextItem>
              <MultilingualTextItem ID="6C" CompositionName="Items">
                <AttributeList>
                  <Culture>fr-BE</Culture>
                  <Text />
                </AttributeList>
              </MultilingualTextItem>
            </ObjectList>
          </MultilingualText>
        </ObjectList>
      </SW.Tags.PlcUserConstant>
    </ObjectList>
  </SW.Tags.PlcTagTable>
</Document>