﻿<?xml version="1.0" encoding="utf-8"?>
<Document>
  <Engineering version="V16" />
  <DocumentInfo>
    <Created>2023-11-13T10:46:19.9332612Z</Created>
    <ExportSetting>WithReadOnly</ExportSetting>
    <InstalledProducts>
      <Product>
        <DisplayName>Totally Integrated Automation Portal</DisplayName>
        <DisplayVersion>V16 Update 6</DisplayVersion>
      </Product>
      <OptionPackage>
        <DisplayName>TIA Portal Version Control Interface</DisplayName>
        <DisplayVersion>V16 Update 2</DisplayVersion>
      </OptionPackage>
      <OptionPackage>
        <DisplayName>TIA Portal Openness</DisplayName>
        <DisplayVersion>V16 Update 6</DisplayVersion>
      </OptionPackage>
      <OptionPackage>
        <DisplayName>TIA Portal Teamcenter Gateway</DisplayName>
        <DisplayVersion>V16</DisplayVersion>
      </OptionPackage>
      <Product>
        <DisplayName>SINAMICS Startdrive Advanced</DisplayName>
        <DisplayVersion>V16 Update 5</DisplayVersion>
      </Product>
      <OptionPackage>
        <DisplayName>SINAMICS Startdrive G130, G150, S120, S150, SINAMICS MV, S210</DisplayName>
        <DisplayVersion>V16 Update 5</DisplayVersion>
      </OptionPackage>
      <OptionPackage>
        <DisplayName>SINAMICS Startdrive G110M, G120, G120C, G120D, G120P, G115D</DisplayName>
        <DisplayVersion>V16 Update 5</DisplayVersion>
      </OptionPackage>
      <Product>
        <DisplayName>STEP 7 Professional</DisplayName>
        <DisplayVersion>V16 Update 6</DisplayVersion>
      </Product>
      <OptionPackage>
        <DisplayName>STEP 7 Safety</DisplayName>
        <DisplayVersion>V16</DisplayVersion>
      </OptionPackage>
      <Product>
        <DisplayName>WinCC Advanced / Unified PC</DisplayName>
        <DisplayVersion>V16 Update 6</DisplayVersion>
      </Product>
    </InstalledProducts>
  </DocumentInfo>
  <SW.Tags.PlcTagTable ID="0">
    <AttributeList>
      <Name>ConveyIO</Name>
    </AttributeList>
    <ObjectList>
      <SW.Tags.PlcTag ID="1" CompositionName="Tags">
        <AttributeList>
          <DataTypeName>"ConveyLinx_IO_IN_OUT_UDT"</DataTypeName>
          <LogicalAddress>%I6786.0</LogicalAddress>
          <Name>I_CON_IO_226_227</Name>
        </AttributeList>
        <ObjectList>
          <MultilingualText ID="2" CompositionName="Comment">
            <ObjectList>
              <MultilingualTextItem ID="3" CompositionName="Items">
                <AttributeList>
                  <Culture>en-US</Culture>
                  <Text />
                </AttributeList>
              </MultilingualTextItem>
              <MultilingualTextItem ID="4" CompositionName="Items">
                <AttributeList>
                  <Culture>fr-BE</Culture>
                  <Text />
                </AttributeList>
              </MultilingualTextItem>
            </ObjectList>
          </MultilingualText>
        </ObjectList>
      </SW.Tags.PlcTag>
      <SW.Tags.PlcTag ID="5" CompositionName="Tags">
        <AttributeList>
          <DataTypeName>"ConveyLinx_IO_IN_OUT_UDT"</DataTypeName>
          <LogicalAddress>%Q6728.0</LogicalAddress>
          <Name>Q_CON_IO_226_227</Name>
        </AttributeList>
        <ObjectList>
          <MultilingualText ID="6" CompositionName="Comment">
            <ObjectList>
              <MultilingualTextItem ID="7" CompositionName="Items">
                <AttributeList>
                  <Culture>en-US</Culture>
                  <Text />
                </AttributeList>
              </MultilingualTextItem>
              <MultilingualTextItem ID="8" CompositionName="Items">
                <AttributeList>
                  <Culture>fr-BE</Culture>
                  <Text />
                </AttributeList>
              </MultilingualTextItem>
            </ObjectList>
          </MultilingualText>
        </ObjectList>
      </SW.Tags.PlcTag>
      <SW.Tags.PlcTag ID="9" CompositionName="Tags">
        <AttributeList>
          <DataTypeName>"ConveyLinx_IO_IN_OUT_UDT"</DataTypeName>
          <LogicalAddress>%I6788.0</LogicalAddress>
          <Name>I_CON_IO_236_237</Name>
        </AttributeList>
        <ObjectList>
          <MultilingualText ID="A" CompositionName="Comment">
            <ObjectList>
              <MultilingualTextItem ID="B" CompositionName="Items">
                <AttributeList>
                  <Culture>en-US</Culture>
                  <Text />
                </AttributeList>
              </MultilingualTextItem>
              <MultilingualTextItem ID="C" CompositionName="Items">
                <AttributeList>
                  <Culture>fr-BE</Culture>
                  <Text />
                </AttributeList>
              </MultilingualTextItem>
            </ObjectList>
          </MultilingualText>
        </ObjectList>
      </SW.Tags.PlcTag>
      <SW.Tags.PlcTag ID="D" CompositionName="Tags">
        <AttributeList>
          <DataTypeName>"ConveyLinx_IO_IN_OUT_UDT"</DataTypeName>
          <LogicalAddress>%Q7164.0</LogicalAddress>
          <Name>Q_CON_IO_236_237</Name>
        </AttributeList>
        <ObjectList>
          <MultilingualText ID="E" CompositionName="Comment">
            <ObjectList>
              <MultilingualTextItem ID="F" CompositionName="Items">
                <AttributeList>
                  <Culture>en-US</Culture>
                  <Text />
                </AttributeList>
              </MultilingualTextItem>
              <MultilingualTextItem ID="10" CompositionName="Items">
                <AttributeList>
                  <Culture>fr-BE</Culture>
                  <Text />
                </AttributeList>
              </MultilingualTextItem>
            </ObjectList>
          </MultilingualText>
        </ObjectList>
      </SW.Tags.PlcTag>
      <SW.Tags.PlcTag ID="11" CompositionName="Tags">
        <AttributeList>
          <DataTypeName>"ConveyLinx_IO_IN_OUT_UDT"</DataTypeName>
          <LogicalAddress>%I6790.0</LogicalAddress>
          <Name>I_CON_IO_256_257</Name>
        </AttributeList>
        <ObjectList>
          <MultilingualText ID="12" CompositionName="Comment">
            <ObjectList>
              <MultilingualTextItem ID="13" CompositionName="Items">
                <AttributeList>
                  <Culture>en-US</Culture>
                  <Text />
                </AttributeList>
              </MultilingualTextItem>
              <MultilingualTextItem ID="14" CompositionName="Items">
                <AttributeList>
                  <Culture>fr-BE</Culture>
                  <Text />
                </AttributeList>
              </MultilingualTextItem>
            </ObjectList>
          </MultilingualText>
        </ObjectList>
      </SW.Tags.PlcTag>
      <SW.Tags.PlcTag ID="15" CompositionName="Tags">
        <AttributeList>
          <DataTypeName>"ConveyLinx_IO_IN_OUT_UDT"</DataTypeName>
          <LogicalAddress>%Q6884.0</LogicalAddress>
          <Name>Q_CON_IO_256_257</Name>
        </AttributeList>
        <ObjectList>
          <MultilingualText ID="16" CompositionName="Comment">
            <ObjectList>
              <MultilingualTextItem ID="17" CompositionName="Items">
                <AttributeList>
                  <Culture>en-US</Culture>
                  <Text />
                </AttributeList>
              </MultilingualTextItem>
              <MultilingualTextItem ID="18" CompositionName="Items">
                <AttributeList>
                  <Culture>fr-BE</Culture>
                  <Text />
                </AttributeList>
              </MultilingualTextItem>
            </ObjectList>
          </MultilingualText>
        </ObjectList>
      </SW.Tags.PlcTag>
      <SW.Tags.PlcTag ID="19" CompositionName="Tags">
        <AttributeList>
          <DataTypeName>"ConveyLinx_IO_IN_OUT_UDT"</DataTypeName>
          <LogicalAddress>%I6792.0</LogicalAddress>
          <Name>I_CON_IO_266_267</Name>
        </AttributeList>
        <ObjectList>
          <MultilingualText ID="1A" CompositionName="Comment">
            <ObjectList>
              <MultilingualTextItem ID="1B" CompositionName="Items">
                <AttributeList>
                  <Culture>en-US</Culture>
                  <Text />
                </AttributeList>
              </MultilingualTextItem>
              <MultilingualTextItem ID="1C" CompositionName="Items">
                <AttributeList>
                  <Culture>fr-BE</Culture>
                  <Text />
                </AttributeList>
              </MultilingualTextItem>
            </ObjectList>
          </MultilingualText>
        </ObjectList>
      </SW.Tags.PlcTag>
      <SW.Tags.PlcTag ID="1D" CompositionName="Tags">
        <AttributeList>
          <DataTypeName>"ConveyLinx_IO_IN_OUT_UDT"</DataTypeName>
          <LogicalAddress>%Q6886.0</LogicalAddress>
          <Name>Q_CON_IO_266_267</Name>
        </AttributeList>
        <ObjectList>
          <MultilingualText ID="1E" CompositionName="Comment">
            <ObjectList>
              <MultilingualTextItem ID="1F" CompositionName="Items">
                <AttributeList>
                  <Culture>en-US</Culture>
                  <Text />
                </AttributeList>
              </MultilingualTextItem>
              <MultilingualTextItem ID="20" CompositionName="Items">
                <AttributeList>
                  <Culture>fr-BE</Culture>
                  <Text />
                </AttributeList>
              </MultilingualTextItem>
            </ObjectList>
          </MultilingualText>
        </ObjectList>
      </SW.Tags.PlcTag>
      <SW.Tags.PlcTag ID="21" CompositionName="Tags">
        <AttributeList>
          <DataTypeName>"ConveyLinx_IO_IN_OUT_UDT"</DataTypeName>
          <LogicalAddress>%I6812.0</LogicalAddress>
          <Name>I_CON_IO_276_277</Name>
        </AttributeList>
        <ObjectList>
          <MultilingualText ID="22" CompositionName="Comment">
            <ObjectList>
              <MultilingualTextItem ID="23" CompositionName="Items">
                <AttributeList>
                  <Culture>en-US</Culture>
                  <Text />
                </AttributeList>
              </MultilingualTextItem>
              <MultilingualTextItem ID="24" CompositionName="Items">
                <AttributeList>
                  <Culture>fr-BE</Culture>
                  <Text />
                </AttributeList>
              </MultilingualTextItem>
            </ObjectList>
          </MultilingualText>
        </ObjectList>
      </SW.Tags.PlcTag>
      <SW.Tags.PlcTag ID="25" CompositionName="Tags">
        <AttributeList>
          <DataTypeName>"ConveyLinx_IO_IN_OUT_UDT"</DataTypeName>
          <LogicalAddress>%Q6888.0</LogicalAddress>
          <Name>Q_CON_IO_276_277</Name>
        </AttributeList>
        <ObjectList>
          <MultilingualText ID="26" CompositionName="Comment">
            <ObjectList>
              <MultilingualTextItem ID="27" CompositionName="Items">
                <AttributeList>
                  <Culture>en-US</Culture>
                  <Text />
                </AttributeList>
              </MultilingualTextItem>
              <MultilingualTextItem ID="28" CompositionName="Items">
                <AttributeList>
                  <Culture>fr-BE</Culture>
                  <Text />
                </AttributeList>
              </MultilingualTextItem>
            </ObjectList>
          </MultilingualText>
        </ObjectList>
      </SW.Tags.PlcTag>
      <SW.Tags.PlcTag ID="29" CompositionName="Tags">
        <AttributeList>
          <DataTypeName>"ConveyLinx_IO_IN_OUT_UDT"</DataTypeName>
          <LogicalAddress>%I6814.0</LogicalAddress>
          <Name>I_CON_IO_286_287</Name>
        </AttributeList>
        <ObjectList>
          <MultilingualText ID="2A" CompositionName="Comment">
            <ObjectList>
              <MultilingualTextItem ID="2B" CompositionName="Items">
                <AttributeList>
                  <Culture>en-US</Culture>
                  <Text />
                </AttributeList>
              </MultilingualTextItem>
              <MultilingualTextItem ID="2C" CompositionName="Items">
                <AttributeList>
                  <Culture>fr-BE</Culture>
                  <Text />
                </AttributeList>
              </MultilingualTextItem>
            </ObjectList>
          </MultilingualText>
        </ObjectList>
      </SW.Tags.PlcTag>
      <SW.Tags.PlcTag ID="2D" CompositionName="Tags">
        <AttributeList>
          <DataTypeName>"ConveyLinx_IO_IN_OUT_UDT"</DataTypeName>
          <LogicalAddress>%Q6890.0</LogicalAddress>
          <Name>Q_CON_IO_286_287</Name>
        </AttributeList>
        <ObjectList>
          <MultilingualText ID="2E" CompositionName="Comment">
            <ObjectList>
              <MultilingualTextItem ID="2F" CompositionName="Items">
                <AttributeList>
                  <Culture>en-US</Culture>
                  <Text />
                </AttributeList>
              </MultilingualTextItem>
              <MultilingualTextItem ID="30" CompositionName="Items">
                <AttributeList>
                  <Culture>fr-BE</Culture>
                  <Text />
                </AttributeList>
              </MultilingualTextItem>
            </ObjectList>
          </MultilingualText>
        </ObjectList>
      </SW.Tags.PlcTag>
      <SW.Tags.PlcTag ID="31" CompositionName="Tags">
        <AttributeList>
          <DataTypeName>"ConveyLinx_IO_IN_OUT_UDT"</DataTypeName>
          <LogicalAddress>%I6838.0</LogicalAddress>
          <Name>I_CON_IO_519</Name>
        </AttributeList>
        <ObjectList>
          <MultilingualText ID="32" CompositionName="Comment">
            <ObjectList>
              <MultilingualTextItem ID="33" CompositionName="Items">
                <AttributeList>
                  <Culture>en-US</Culture>
                  <Text />
                </AttributeList>
              </MultilingualTextItem>
              <MultilingualTextItem ID="34" CompositionName="Items">
                <AttributeList>
                  <Culture>fr-BE</Culture>
                  <Text />
                </AttributeList>
              </MultilingualTextItem>
            </ObjectList>
          </MultilingualText>
        </ObjectList>
      </SW.Tags.PlcTag>
      <SW.Tags.PlcTag ID="35" CompositionName="Tags">
        <AttributeList>
          <DataTypeName>"ConveyLinx_IO_IN_OUT_UDT"</DataTypeName>
          <LogicalAddress>%Q6894.0</LogicalAddress>
          <Name>Q_CON_IO_519</Name>
        </AttributeList>
        <ObjectList>
          <MultilingualText ID="36" CompositionName="Comment">
            <ObjectList>
              <MultilingualTextItem ID="37" CompositionName="Items">
                <AttributeList>
                  <Culture>en-US</Culture>
                  <Text />
                </AttributeList>
              </MultilingualTextItem>
              <MultilingualTextItem ID="38" CompositionName="Items">
                <AttributeList>
                  <Culture>fr-BE</Culture>
                  <Text />
                </AttributeList>
              </MultilingualTextItem>
            </ObjectList>
          </MultilingualText>
        </ObjectList>
      </SW.Tags.PlcTag>
      <SW.Tags.PlcTag ID="39" CompositionName="Tags">
        <AttributeList>
          <DataTypeName>"ConveyLinx_IO_IN_OUT_UDT"</DataTypeName>
          <LogicalAddress>%Q6900.0</LogicalAddress>
          <Name>I_CON_IO_527_528</Name>
        </AttributeList>
        <ObjectList>
          <MultilingualText ID="3A" CompositionName="Comment">
            <ObjectList>
              <MultilingualTextItem ID="3B" CompositionName="Items">
                <AttributeList>
                  <Culture>en-US</Culture>
                  <Text />
                </AttributeList>
              </MultilingualTextItem>
              <MultilingualTextItem ID="3C" CompositionName="Items">
                <AttributeList>
                  <Culture>fr-BE</Culture>
                  <Text />
                </AttributeList>
              </MultilingualTextItem>
            </ObjectList>
          </MultilingualText>
        </ObjectList>
      </SW.Tags.PlcTag>
      <SW.Tags.PlcTag ID="3D" CompositionName="Tags">
        <AttributeList>
          <DataTypeName>"ConveyLinx_IO_IN_OUT_UDT"</DataTypeName>
          <LogicalAddress>%Q6896.0</LogicalAddress>
          <Name>Q_CON_IO_527_528</Name>
        </AttributeList>
        <ObjectList>
          <MultilingualText ID="3E" CompositionName="Comment">
            <ObjectList>
              <MultilingualTextItem ID="3F" CompositionName="Items">
                <AttributeList>
                  <Culture>en-US</Culture>
                  <Text />
                </AttributeList>
              </MultilingualTextItem>
              <MultilingualTextItem ID="40" CompositionName="Items">
                <AttributeList>
                  <Culture>fr-BE</Culture>
                  <Text />
                </AttributeList>
              </MultilingualTextItem>
            </ObjectList>
          </MultilingualText>
        </ObjectList>
      </SW.Tags.PlcTag>
      <SW.Tags.PlcTag ID="41" CompositionName="Tags">
        <AttributeList>
          <DataTypeName>"ConveyLinx_IO_IN_OUT_UDT"</DataTypeName>
          <LogicalAddress>%Q6816.0</LogicalAddress>
          <Name>I_CON_IO_534</Name>
        </AttributeList>
        <ObjectList>
          <MultilingualText ID="42" CompositionName="Comment">
            <ObjectList>
              <MultilingualTextItem ID="43" CompositionName="Items">
                <AttributeList>
                  <Culture>en-US</Culture>
                  <Text />
                </AttributeList>
              </MultilingualTextItem>
              <MultilingualTextItem ID="44" CompositionName="Items">
                <AttributeList>
                  <Culture>fr-BE</Culture>
                  <Text />
                </AttributeList>
              </MultilingualTextItem>
            </ObjectList>
          </MultilingualText>
        </ObjectList>
      </SW.Tags.PlcTag>
      <SW.Tags.PlcTag ID="45" CompositionName="Tags">
        <AttributeList>
          <DataTypeName>"ConveyLinx_IO_IN_OUT_UDT"</DataTypeName>
          <LogicalAddress>%Q6892.0</LogicalAddress>
          <Name>Q_CON_IO_534</Name>
        </AttributeList>
        <ObjectList>
          <MultilingualText ID="46" CompositionName="Comment">
            <ObjectList>
              <MultilingualTextItem ID="47" CompositionName="Items">
                <AttributeList>
                  <Culture>en-US</Culture>
                  <Text />
                </AttributeList>
              </MultilingualTextItem>
              <MultilingualTextItem ID="48" CompositionName="Items">
                <AttributeList>
                  <Culture>fr-BE</Culture>
                  <Text />
                </AttributeList>
              </MultilingualTextItem>
            </ObjectList>
          </MultilingualText>
        </ObjectList>
      </SW.Tags.PlcTag>
    </ObjectList>
  </SW.Tags.PlcTagTable>
</Document>