﻿<?xml version="1.0" encoding="utf-8"?>
<Document>
  <Engineering version="V16" />
  <DocumentInfo>
    <Created>2023-11-13T10:46:19.3434262Z</Created>
    <ExportSetting>WithReadOnly</ExportSetting>
    <InstalledProducts>
      <Product>
        <DisplayName>Totally Integrated Automation Portal</DisplayName>
        <DisplayVersion>V16 Update 6</DisplayVersion>
      </Product>
      <OptionPackage>
        <DisplayName>TIA Portal Version Control Interface</DisplayName>
        <DisplayVersion>V16 Update 2</DisplayVersion>
      </OptionPackage>
      <OptionPackage>
        <DisplayName>TIA Portal Openness</DisplayName>
        <DisplayVersion>V16 Update 6</DisplayVersion>
      </OptionPackage>
      <OptionPackage>
        <DisplayName>TIA Portal Teamcenter Gateway</DisplayName>
        <DisplayVersion>V16</DisplayVersion>
      </OptionPackage>
      <Product>
        <DisplayName>SINAMICS Startdrive Advanced</DisplayName>
        <DisplayVersion>V16 Update 5</DisplayVersion>
      </Product>
      <OptionPackage>
        <DisplayName>SINAMICS Startdrive G130, G150, S120, S150, SINAMICS MV, S210</DisplayName>
        <DisplayVersion>V16 Update 5</DisplayVersion>
      </OptionPackage>
      <OptionPackage>
        <DisplayName>SINAMICS Startdrive G110M, G120, G120C, G120D, G120P, G115D</DisplayName>
        <DisplayVersion>V16 Update 5</DisplayVersion>
      </OptionPackage>
      <Product>
        <DisplayName>STEP 7 Professional</DisplayName>
        <DisplayVersion>V16 Update 6</DisplayVersion>
      </Product>
      <OptionPackage>
        <DisplayName>STEP 7 Safety</DisplayName>
        <DisplayVersion>V16</DisplayVersion>
      </OptionPackage>
      <Product>
        <DisplayName>WinCC Advanced / Unified PC</DisplayName>
        <DisplayVersion>V16 Update 6</DisplayVersion>
      </Product>
    </InstalledProducts>
  </DocumentInfo>
  <SW.Types.PlcStruct ID="0">
    <AttributeList>
      <CreationDate ReadOnly="true">2021-07-13T07:41:36.2278727Z</CreationDate>
      <Interface><Sections xmlns="http://www.siemens.com/automation/Openness/SW/Interface/v4">
  <Section Name="None">
    <Member Name="Diagnostics" Datatype="Struct">
      <Member Name="TimeOuts" Datatype="DInt" />
      <Member Name="Successes" Datatype="DInt" />
      <Member Name="OutOfSync" Datatype="DInt" />
      <Member Name="CommunicationTime" Datatype="Time" />
      <Member Name="LastCommunicationTime" Datatype="Time" />
    </Member>
    <Member Name="ResultStatus" Datatype="Struct">
      <Member Name="static" Datatype="&quot;IPC_RES_STATUS_UDT&quot;" />
      <Member Name="pulse" Datatype="&quot;IPC_RES_STATUS_UDT&quot;" />
    </Member>
    <Member Name="Status" Datatype="Struct">
      <Member Name="online" Datatype="Bool" />
      <Member Name="ReadyForSendingData" Datatype="Bool" />
      <Member Name="ReceivingData" Datatype="Bool" />
    </Member>
    <Member Name="Settings" Datatype="Struct">
      <Member Name="TimeOut" Datatype="Time">
        <StartValue>t#1s</StartValue>
      </Member>
      <Member Name="RetrySending" Datatype="Bool" />
      <Member Name="RetryThreshold" Datatype="Int" />
      <Member Name="RetryCounter" Datatype="Int">
        <StartValue>0</StartValue>
      </Member>
      <Member Name="ResendMessage" Datatype="Time">
        <Comment>
          <MultiLanguageText Lang="en-US">The time when the object will execute a retry</MultiLanguageText>
        </Comment>
        <StartValue>t#1s</StartValue>
      </Member>
    </Member>
    <Member Name="Zone" Datatype="UInt"><AttributeList><BooleanAttribute Name="SetPoint" SystemDefined="true">true</BooleanAttribute></AttributeList></Member>
    <Member Name="name" Datatype="String[20]" />
  </Section>
</Sections></Interface>
      <InterfaceModifiedDate ReadOnly="true">2021-06-24T07:26:07.648876Z</InterfaceModifiedDate>
      <IsConsistent ReadOnly="true">true</IsConsistent>
      <LibraryConformanceStatus ReadOnly="true">The object is library-conformant.</LibraryConformanceStatus>
      <ModifiedDate ReadOnly="true">2021-06-24T07:26:07.648876Z</ModifiedDate>
      <Name>IPC_INTERFACE_STATUS_UDT</Name>
    </AttributeList>
    <ObjectList>
      <MultilingualText ID="1" CompositionName="Comment">
        <ObjectList>
          <MultilingualTextItem ID="2" CompositionName="Items">
            <AttributeList>
              <Culture>en-US</Culture>
              <Text />
            </AttributeList>
          </MultilingualTextItem>
          <MultilingualTextItem ID="3" CompositionName="Items">
            <AttributeList>
              <Culture>fr-BE</Culture>
              <Text />
            </AttributeList>
          </MultilingualTextItem>
        </ObjectList>
      </MultilingualText>
      <MultilingualText ID="4" CompositionName="Title">
        <ObjectList>
          <MultilingualTextItem ID="5" CompositionName="Items">
            <AttributeList>
              <Culture>en-US</Culture>
              <Text />
            </AttributeList>
          </MultilingualTextItem>
          <MultilingualTextItem ID="6" CompositionName="Items">
            <AttributeList>
              <Culture>fr-BE</Culture>
              <Text />
            </AttributeList>
          </MultilingualTextItem>
        </ObjectList>
      </MultilingualText>
    </ObjectList>
  </SW.Types.PlcStruct>
</Document>