﻿<?xml version="1.0" encoding="utf-8"?>
<Document>
  <Engineering version="V16" />
  <DocumentInfo>
    <Created>2023-11-13T10:46:15.5871567Z</Created>
    <ExportSetting>WithDefaults</ExportSetting>
    <InstalledProducts>
      <Product>
        <DisplayName>Totally Integrated Automation Portal</DisplayName>
        <DisplayVersion>V16 Update 6</DisplayVersion>
      </Product>
      <OptionPackage>
        <DisplayName>TIA Portal Version Control Interface</DisplayName>
        <DisplayVersion>V16 Update 2</DisplayVersion>
      </OptionPackage>
      <OptionPackage>
        <DisplayName>TIA Portal Openness</DisplayName>
        <DisplayVersion>V16 Update 6</DisplayVersion>
      </OptionPackage>
      <OptionPackage>
        <DisplayName>TIA Portal Teamcenter Gateway</DisplayName>
        <DisplayVersion>V16</DisplayVersion>
      </OptionPackage>
      <Product>
        <DisplayName>SINAMICS Startdrive Advanced</DisplayName>
        <DisplayVersion>V16 Update 5</DisplayVersion>
      </Product>
      <OptionPackage>
        <DisplayName>SINAMICS Startdrive G130, G150, S120, S150, SINAMICS MV, S210</DisplayName>
        <DisplayVersion>V16 Update 5</DisplayVersion>
      </OptionPackage>
      <OptionPackage>
        <DisplayName>SINAMICS Startdrive G110M, G120, G120C, G120D, G120P, G115D</DisplayName>
        <DisplayVersion>V16 Update 5</DisplayVersion>
      </OptionPackage>
      <Product>
        <DisplayName>STEP 7 Professional</DisplayName>
        <DisplayVersion>V16 Update 6</DisplayVersion>
      </Product>
      <OptionPackage>
        <DisplayName>STEP 7 Safety</DisplayName>
        <DisplayVersion>V16</DisplayVersion>
      </OptionPackage>
      <Product>
        <DisplayName>WinCC Advanced / Unified PC</DisplayName>
        <DisplayVersion>V16 Update 6</DisplayVersion>
      </Product>
    </InstalledProducts>
  </DocumentInfo>
  <SW.Blocks.FB ID="0">
    <AttributeList>
      <AutoNumber>true</AutoNumber>
      <HeaderAuthor />
      <HeaderFamily />
      <HeaderName />
      <HeaderVersion>0.1</HeaderVersion>
      <Interface><Sections xmlns="http://www.siemens.com/automation/Openness/SW/Interface/v4">
  <Section Name="Input">
    <Member Name="I_IPC" Datatype="&quot;PLC_IPC_ROUTING_DATA_UDT&quot;" Remanence="NonRetain" Accessibility="Public"><AttributeList><BooleanAttribute Name="ExternalAccessible" SystemDefined="true">false</BooleanAttribute><BooleanAttribute Name="ExternalVisible" SystemDefined="true">false</BooleanAttribute><BooleanAttribute Name="ExternalWritable" SystemDefined="true">false</BooleanAttribute></AttributeList><Sections><Section Name="None"><Member Name="PLC" Datatype="&quot;PLC_ROUTING_DATA_UDT&quot;"><Sections><Section Name="None"><Member Name="REQ_STATUS" Datatype="&quot;PLC_IPC_STANDARD_REQ_RES_UDT&quot;"><Sections><Section Name="None"><Member Name="newData" Datatype="Bool" /><Member Name="messageId" Datatype="UInt" /></Section></Sections></Member><Member Name="REQ_DATA" Datatype="&quot;PLC_GETDATA_REQ_DATA_UDT&quot;"><Sections><Section Name="None"><Member Name="barcode" Datatype="String" /><Member Name="weightGrams" Datatype="Real" /></Section></Sections></Member><Member Name="PLC_DATA" Datatype="&quot;IPC_GETDATA_RES_DATA_UDT&quot;"><Sections><Section Name="None"><Member Name="destination" Datatype="String[20]" /><Member Name="prio" Datatype="Bool" /></Section></Sections></Member><Member Name="IPC_STATUS" Datatype="&quot;IPC_INTERFACE_STATUS_UDT&quot;"><Sections><Section Name="None"><Member Name="Diagnostics" Datatype="Struct"><Member Name="TimeOuts" Datatype="DInt" /><Member Name="Successes" Datatype="DInt" /><Member Name="OutOfSync" Datatype="DInt" /><Member Name="CommunicationTime" Datatype="Time" /><Member Name="LastCommunicationTime" Datatype="Time" /></Member><Member Name="ResultStatus" Datatype="Struct"><Member Name="static" Datatype="&quot;IPC_RES_STATUS_UDT&quot;"><Sections><Section Name="None"><Member Name="NewResult" Datatype="Bool" /><Member Name="Success" Datatype="Bool" /><Member Name="OutOfSync" Datatype="Bool" /><Member Name="TimeOut" Datatype="Bool" /><Member Name="Fail" Datatype="Bool" /></Section></Sections></Member><Member Name="pulse" Datatype="&quot;IPC_RES_STATUS_UDT&quot;"><Sections><Section Name="None"><Member Name="NewResult" Datatype="Bool" /><Member Name="Success" Datatype="Bool" /><Member Name="OutOfSync" Datatype="Bool" /><Member Name="TimeOut" Datatype="Bool" /><Member Name="Fail" Datatype="Bool" /></Section></Sections></Member></Member><Member Name="Status" Datatype="Struct"><Member Name="online" Datatype="Bool" /><Member Name="ReadyForSendingData" Datatype="Bool" /><Member Name="ReceivingData" Datatype="Bool" /></Member><Member Name="Settings" Datatype="Struct"><Member Name="TimeOut" Datatype="Time" /><Member Name="RetrySending" Datatype="Bool" /><Member Name="RetryThreshold" Datatype="Int" /><Member Name="RetryCounter" Datatype="Int" /><Member Name="ResendMessage" Datatype="Time" /></Member><Member Name="Zone" Datatype="UInt" /><Member Name="name" Datatype="String[20]" /></Section></Sections></Member><Member Name="id" Datatype="String[20]" /></Section></Sections></Member><Member Name="PC" Datatype="&quot;IPC_ROUTING_DATA_UDT&quot;"><Sections><Section Name="None"><Member Name="RES_STATUS" Datatype="&quot;PLC_IPC_STANDARD_REQ_RES_UDT&quot;"><Sections><Section Name="None"><Member Name="newData" Datatype="Bool" /><Member Name="messageId" Datatype="UInt" /></Section></Sections></Member><Member Name="RES_DATA" Datatype="&quot;IPC_GETDATA_RES_DATA_UDT&quot;"><Sections><Section Name="None"><Member Name="destination" Datatype="String[20]" /><Member Name="prio" Datatype="Bool" /></Section></Sections></Member></Section></Sections></Member><Member Name="id" Datatype="String[20]" /></Section></Sections></Member>
  </Section>
  <Section Name="Output" />
  <Section Name="InOut" />
  <Section Name="Static">
    <Member Name="reqNewData" Datatype="&quot;SmartBool&quot;" Accessibility="Public"><AttributeList><BooleanAttribute Name="ExternalAccessible" SystemDefined="true">true</BooleanAttribute><BooleanAttribute Name="ExternalVisible" SystemDefined="true">true</BooleanAttribute><BooleanAttribute Name="ExternalWritable" SystemDefined="true">true</BooleanAttribute><BooleanAttribute Name="SetPoint" SystemDefined="true">false</BooleanAttribute></AttributeList><Sections><Section Name="Input"><Member Name="I_Sensor" Datatype="Bool" /><Member Name="I_Simulate" Datatype="Bool" /><Member Name="HoldOnTIme" Datatype="Time" /><Member Name="DelayOnTime" Datatype="Time" /></Section><Section Name="Output"><Member Name="O_data" Datatype="&quot;SmartBooldt&quot;"><Sections><Section Name="None"><Member Name="State" Datatype="Bool" /><Member Name="LE" Datatype="Bool" /><Member Name="FE" Datatype="Bool" /><Member Name="sensorTest" Datatype="Bool" /><Member Name="IddleSignal" Datatype="Bool" /><Member Name="testFailed" Datatype="Bool" /><Member Name="Counter" Datatype="UInt" /></Section></Sections></Member></Section><Section Name="InOut" /><Section Name="Static"><Member Name="S_Prev_Val" Datatype="Bool" /><Member Name="S_DelayOnTime" Datatype="TON_TIME" Version="1.0"><Sections><Section Name="None"><Member Name="PT" Datatype="Time" /><Member Name="ET" Datatype="Time" /><Member Name="IN" Datatype="Bool" /><Member Name="Q" Datatype="Bool" /></Section></Sections></Member><Member Name="S_HoldOnTimer" Datatype="TOF_TIME" Version="1.0"><Sections><Section Name="None"><Member Name="PT" Datatype="Time" /><Member Name="ET" Datatype="Time" /><Member Name="IN" Datatype="Bool" /><Member Name="Q" Datatype="Bool" /></Section></Sections></Member><Member Name="S_LE" Datatype="Bool" /><Member Name="S_FE" Datatype="Bool" /><Member Name="S_SensorState" Datatype="Bool" /><Member Name="S_HoldOn" Datatype="Bool" /></Section></Sections></Member>
    <Member Name="respNewData" Datatype="&quot;SmartBool&quot;" Accessibility="Public"><AttributeList><BooleanAttribute Name="ExternalAccessible" SystemDefined="true">true</BooleanAttribute><BooleanAttribute Name="ExternalVisible" SystemDefined="true">true</BooleanAttribute><BooleanAttribute Name="ExternalWritable" SystemDefined="true">true</BooleanAttribute><BooleanAttribute Name="SetPoint" SystemDefined="true">false</BooleanAttribute></AttributeList><Sections><Section Name="Input"><Member Name="I_Sensor" Datatype="Bool" /><Member Name="I_Simulate" Datatype="Bool" /><Member Name="HoldOnTIme" Datatype="Time" /><Member Name="DelayOnTime" Datatype="Time" /></Section><Section Name="Output"><Member Name="O_data" Datatype="&quot;SmartBooldt&quot;"><Sections><Section Name="None"><Member Name="State" Datatype="Bool" /><Member Name="LE" Datatype="Bool" /><Member Name="FE" Datatype="Bool" /><Member Name="sensorTest" Datatype="Bool" /><Member Name="IddleSignal" Datatype="Bool" /><Member Name="testFailed" Datatype="Bool" /><Member Name="Counter" Datatype="UInt" /></Section></Sections></Member></Section><Section Name="InOut" /><Section Name="Static"><Member Name="S_Prev_Val" Datatype="Bool" /><Member Name="S_DelayOnTime" Datatype="TON_TIME" Version="1.0"><Sections><Section Name="None"><Member Name="PT" Datatype="Time" /><Member Name="ET" Datatype="Time" /><Member Name="IN" Datatype="Bool" /><Member Name="Q" Datatype="Bool" /></Section></Sections></Member><Member Name="S_HoldOnTimer" Datatype="TOF_TIME" Version="1.0"><Sections><Section Name="None"><Member Name="PT" Datatype="Time" /><Member Name="ET" Datatype="Time" /><Member Name="IN" Datatype="Bool" /><Member Name="Q" Datatype="Bool" /></Section></Sections></Member><Member Name="S_LE" Datatype="Bool" /><Member Name="S_FE" Datatype="Bool" /><Member Name="S_SensorState" Datatype="Bool" /><Member Name="S_HoldOn" Datatype="Bool" /></Section></Sections></Member>
    <Member Name="prevCode" Datatype="String" Remanence="NonRetain" Accessibility="Public"><AttributeList><BooleanAttribute Name="ExternalAccessible" SystemDefined="true">true</BooleanAttribute><BooleanAttribute Name="ExternalVisible" SystemDefined="true">true</BooleanAttribute><BooleanAttribute Name="ExternalWritable" SystemDefined="true">true</BooleanAttribute><BooleanAttribute Name="SetPoint" SystemDefined="true">true</BooleanAttribute></AttributeList></Member>
  </Section>
  <Section Name="Temp">
    <Member Name="T_resType" Datatype="String" />
    <Member Name="T_Barcode" Datatype="String" />
  </Section>
  <Section Name="Constant" />
</Sections></Interface>
      <IsIECCheckEnabled>false</IsIECCheckEnabled>
      <IsRetainMemResEnabled>false</IsRetainMemResEnabled>
      <MemoryLayout>Optimized</MemoryLayout>
      <MemoryReserve>100</MemoryReserve>
      <Name>IPC_Logging_FB</Name>
      <Number>76</Number>
      <ProgrammingLanguage>SCL</ProgrammingLanguage>
      <SetENOAutomatically>false</SetENOAutomatically>
      <UDABlockProperties />
      <UDAEnableTagReadback>false</UDAEnableTagReadback>
    </AttributeList>
    <ObjectList>
      <MultilingualText ID="1" CompositionName="Comment">
        <ObjectList>
          <MultilingualTextItem ID="2" CompositionName="Items">
            <AttributeList>
              <Culture>en-US</Culture>
              <Text />
            </AttributeList>
          </MultilingualTextItem>
          <MultilingualTextItem ID="3" CompositionName="Items">
            <AttributeList>
              <Culture>fr-BE</Culture>
              <Text />
            </AttributeList>
          </MultilingualTextItem>
        </ObjectList>
      </MultilingualText>
      <SW.Blocks.CompileUnit ID="4" CompositionName="CompileUnits">
        <AttributeList>
          <NetworkSource><StructuredText xmlns="http://www.siemens.com/automation/Openness/SW/NetworkSource/StructuredText/v3">
  <LineComment Inserted="false" NoClosingBracket="false" UId="21">
    <Text UId="22"> #reqNewData(I_Sensor := #I_IPC.REQ_STATUS.newData);</Text>
  </LineComment>
  <NewLine Num="1" UId="23" />
  <LineComment Inserted="false" NoClosingBracket="false" UId="24">
    <Text UId="25"> #respNewData(I_Sensor := #I_IPC.RES_STATUS.newData);</Text>
  </LineComment>
  <NewLine Num="2" UId="26" />
  <LineComment Inserted="false" NoClosingBracket="false" UId="27">
    <Text UId="28"> REGION Sent request</Text>
  </LineComment>
  <NewLine Num="1" UId="29" />
  <Blank Num="4" UId="30" />
  <NewLine Num="1" UId="31" />
  <LineComment Inserted="false" NoClosingBracket="false" UId="32">
    <Text UId="33">     IF #reqNewData.O_data.LE THEN</Text>
  </LineComment>
  <NewLine Num="1" UId="34" />
  <Blank Num="8" UId="35" />
  <NewLine Num="1" UId="36" />
  <LineComment Inserted="false" NoClosingBracket="false" UId="37">
    <Text UId="38">         #T_Barcode := #I_IPC.REQ_DATA.barcode;</Text>
  </LineComment>
  <NewLine Num="1" UId="39" />
  <LineComment Inserted="false" NoClosingBracket="false" UId="40">
    <Text UId="41">         IF #T_Barcode = '' THEN</Text>
  </LineComment>
  <NewLine Num="1" UId="42" />
  <LineComment Inserted="false" NoClosingBracket="false" UId="43">
    <Text UId="44">             #T_Barcode := 'UNKOWN';</Text>
  </LineComment>
  <NewLine Num="1" UId="45" />
  <LineComment Inserted="false" NoClosingBracket="false" UId="46">
    <Text UId="47">         END_IF;</Text>
  </LineComment>
  <NewLine Num="1" UId="48" />
  <Blank Num="8" UId="49" />
  <NewLine Num="1" UId="50" />
  <LineComment Inserted="false" NoClosingBracket="false" UId="51">
    <Text UId="52">         "log_ipc_result_fc"(I_IPC := #I_IPC.IPC_STATUS.name,</Text>
  </LineComment>
  <NewLine Num="1" UId="53" />
  <LineComment Inserted="false" NoClosingBracket="false" UId="54">
    <Text UId="55">                             I_barcode := #I_IPC.REQ_DATA.barcode,</Text>
  </LineComment>
  <NewLine Num="1" UId="56" />
  <LineComment Inserted="false" NoClosingBracket="false" UId="57">
    <Text UId="58">                             I_msg_type := "InfluxValues_DB".msgType.REQ,</Text>
  </LineComment>
  <NewLine Num="1" UId="59" />
  <LineComment Inserted="false" NoClosingBracket="false" UId="60">
    <Text UId="61">                             I_res_type := 'null',</Text>
  </LineComment>
  <NewLine Num="1" UId="62" />
  <LineComment Inserted="false" NoClosingBracket="false" UId="63">
    <Text UId="64">                             I_messageId := UINT_TO_INT(#I_IPC.REQ_STATUS.messageId),</Text>
  </LineComment>
  <NewLine Num="1" UId="65" />
  <LineComment Inserted="false" NoClosingBracket="false" UId="66">
    <Text UId="67">                             I_TargetDest := 0,</Text>
  </LineComment>
  <NewLine Num="1" UId="68" />
  <LineComment Inserted="false" NoClosingBracket="false" UId="69">
    <Text UId="70">                             I_goodRead := #I_IPC.REQ_DATA.barcode &lt;&gt; 'NoRead',</Text>
  </LineComment>
  <NewLine Num="1" UId="71" />
  <LineComment Inserted="false" NoClosingBracket="false" UId="72">
    <Text UId="73">                             I_weight := #I_IPC.REQ_DATA.weightGrams);</Text>
  </LineComment>
  <NewLine Num="1" UId="74" />
  <Blank Num="8" UId="75" />
  <NewLine Num="1" UId="76" />
  <LineComment Inserted="false" NoClosingBracket="false" UId="77">
    <Text UId="78">         #prevCode := #I_IPC.REQ_DATA.barcode;</Text>
  </LineComment>
  <NewLine Num="1" UId="79" />
  <Blank Num="8" UId="80" />
  <NewLine Num="1" UId="81" />
  <LineComment Inserted="false" NoClosingBracket="false" UId="82">
    <Text UId="83">     END_IF;</Text>
  </LineComment>
  <NewLine Num="1" UId="84" />
  <Blank Num="4" UId="85" />
  <NewLine Num="1" UId="86" />
  <LineComment Inserted="false" NoClosingBracket="false" UId="87">
    <Text UId="88"> END_REGION</Text>
  </LineComment>
  <NewLine Num="2" UId="89" />
  <LineComment Inserted="false" NoClosingBracket="false" UId="90">
    <Text UId="91"> REGION RECEIVE REQUEST</Text>
  </LineComment>
  <NewLine Num="1" UId="92" />
  <Blank Num="4" UId="93" />
  <NewLine Num="1" UId="94" />
  <LineComment Inserted="false" NoClosingBracket="false" UId="95">
    <Text UId="96">     IF #I_IPC.IPC_STATUS.ResultStatus.pulse.NewResult THEN</Text>
  </LineComment>
  <NewLine Num="1" UId="97" />
  <Blank Num="8" UId="98" />
  <NewLine Num="1" UId="99" />
  <LineComment Inserted="false" NoClosingBracket="false" UId="100">
    <Text UId="101">         #T_resType := "InfluxValues_DB".respType.SUCCESS;</Text>
  </LineComment>
  <NewLine Num="1" UId="102" />
  <Blank Num="8" UId="103" />
  <NewLine Num="1" UId="104" />
  <LineComment Inserted="false" NoClosingBracket="false" UId="105">
    <Text UId="106">         IF #I_IPC.IPC_STATUS.ResultStatus.pulse.OutOfSync THEN</Text>
  </LineComment>
  <NewLine Num="1" UId="107" />
  <LineComment Inserted="false" NoClosingBracket="false" UId="108">
    <Text UId="109">             #T_resType := "InfluxValues_DB".respType.OUT_OF_SYNC;</Text>
  </LineComment>
  <NewLine Num="1" UId="110" />
  <LineComment Inserted="false" NoClosingBracket="false" UId="111">
    <Text UId="112">         END_IF;</Text>
  </LineComment>
  <NewLine Num="1" UId="113" />
  <Blank Num="8" UId="114" />
  <NewLine Num="1" UId="115" />
  <LineComment Inserted="false" NoClosingBracket="false" UId="116">
    <Text UId="117">         IF #I_IPC.IPC_STATUS.ResultStatus.pulse.TimeOut THEN</Text>
  </LineComment>
  <NewLine Num="1" UId="118" />
  <LineComment Inserted="false" NoClosingBracket="false" UId="119">
    <Text UId="120">             #T_resType := "InfluxValues_DB".respType.TIMED_OUT;</Text>
  </LineComment>
  <NewLine Num="1" UId="121" />
  <LineComment Inserted="false" NoClosingBracket="false" UId="122">
    <Text UId="123">         END_IF;</Text>
  </LineComment>
  <NewLine Num="1" UId="124" />
  <Blank Num="8" UId="125" />
  <NewLine Num="1" UId="126" />
  <LineComment Inserted="false" NoClosingBracket="false" UId="127">
    <Text UId="128">         #T_Barcode := #prevCode;</Text>
  </LineComment>
  <NewLine Num="1" UId="129" />
  <Blank Num="8" UId="130" />
  <NewLine Num="1" UId="131" />
  <LineComment Inserted="false" NoClosingBracket="false" UId="132">
    <Text UId="133">         IF #T_Barcode = '' THEN</Text>
  </LineComment>
  <NewLine Num="1" UId="134" />
  <LineComment Inserted="false" NoClosingBracket="false" UId="135">
    <Text UId="136">             #T_Barcode := 'UNKOWN';</Text>
  </LineComment>
  <NewLine Num="1" UId="137" />
  <LineComment Inserted="false" NoClosingBracket="false" UId="138">
    <Text UId="139">         END_IF;</Text>
  </LineComment>
  <NewLine Num="1" UId="140" />
  <Blank Num="8" UId="141" />
  <NewLine Num="1" UId="142" />
  <LineComment Inserted="false" NoClosingBracket="false" UId="143">
    <Text UId="144">         "log_ipc_result_fc"(I_IPC := #I_IPC.IPC_STATUS.name,</Text>
  </LineComment>
  <NewLine Num="1" UId="145" />
  <LineComment Inserted="false" NoClosingBracket="false" UId="146">
    <Text UId="147">                             I_barcode := #T_Barcode,</Text>
  </LineComment>
  <NewLine Num="1" UId="148" />
  <LineComment Inserted="false" NoClosingBracket="false" UId="149">
    <Text UId="150">                             I_msg_type := "InfluxValues_DB".msgType.RESP,</Text>
  </LineComment>
  <NewLine Num="1" UId="151" />
  <LineComment Inserted="false" NoClosingBracket="false" UId="152">
    <Text UId="153">                             I_res_type :=  #T_resType,</Text>
  </LineComment>
  <NewLine Num="1" UId="154" />
  <LineComment Inserted="false" NoClosingBracket="false" UId="155">
    <Text UId="156">                             I_messageId := UINT_TO_INT(#I_IPC.REQ_STATUS.messageId),</Text>
  </LineComment>
  <NewLine Num="1" UId="157" />
  <LineComment Inserted="false" NoClosingBracket="false" UId="158">
    <Text UId="159">                             I_TargetDest := (#I_IPC.PLC_DATA.destination),</Text>
  </LineComment>
  <NewLine Num="1" UId="160" />
  <LineComment Inserted="false" NoClosingBracket="false" UId="161">
    <Text UId="162">                             I_goodRead := #I_IPC.REQ_DATA.barcode &lt;&gt; 'NoRead',</Text>
  </LineComment>
  <NewLine Num="1" UId="163" />
  <LineComment Inserted="false" NoClosingBracket="false" UId="164">
    <Text UId="165">                             I_weight := #I_IPC.REQ_DATA.weightGrams);</Text>
  </LineComment>
  <NewLine Num="1" UId="166" />
  <Blank Num="8" UId="167" />
  <NewLine Num="1" UId="168" />
  <LineComment Inserted="false" NoClosingBracket="false" UId="169">
    <Text UId="170">     END_IF;</Text>
  </LineComment>
  <NewLine Num="1" UId="171" />
  <Blank Num="4" UId="172" />
  <NewLine Num="1" UId="173" />
  <LineComment Inserted="false" NoClosingBracket="false" UId="174">
    <Text UId="175"> END_REGION</Text>
  </LineComment>
  <NewLine Num="1" UId="176" />
</StructuredText></NetworkSource>
          <ProgrammingLanguage>SCL</ProgrammingLanguage>
        </AttributeList>
        <ObjectList>
          <MultilingualText ID="5" CompositionName="Comment">
            <ObjectList>
              <MultilingualTextItem ID="6" CompositionName="Items">
                <AttributeList>
                  <Culture>en-US</Culture>
                  <Text />
                </AttributeList>
              </MultilingualTextItem>
              <MultilingualTextItem ID="7" CompositionName="Items">
                <AttributeList>
                  <Culture>fr-BE</Culture>
                  <Text />
                </AttributeList>
              </MultilingualTextItem>
            </ObjectList>
          </MultilingualText>
          <MultilingualText ID="8" CompositionName="Title">
            <ObjectList>
              <MultilingualTextItem ID="9" CompositionName="Items">
                <AttributeList>
                  <Culture>en-US</Culture>
                  <Text />
                </AttributeList>
              </MultilingualTextItem>
              <MultilingualTextItem ID="A" CompositionName="Items">
                <AttributeList>
                  <Culture>fr-BE</Culture>
                  <Text />
                </AttributeList>
              </MultilingualTextItem>
            </ObjectList>
          </MultilingualText>
        </ObjectList>
      </SW.Blocks.CompileUnit>
      <MultilingualText ID="B" CompositionName="Title">
        <ObjectList>
          <MultilingualTextItem ID="C" CompositionName="Items">
            <AttributeList>
              <Culture>en-US</Culture>
              <Text />
            </AttributeList>
          </MultilingualTextItem>
          <MultilingualTextItem ID="D" CompositionName="Items">
            <AttributeList>
              <Culture>fr-BE</Culture>
              <Text />
            </AttributeList>
          </MultilingualTextItem>
        </ObjectList>
      </MultilingualText>
    </ObjectList>
  </SW.Blocks.FB>
</Document>