﻿<?xml version="1.0" encoding="utf-8"?>
<Document>
  <Engineering version="V16" />
  <DocumentInfo>
    <Created>2023-11-13T10:46:12.4652756Z</Created>
    <ExportSetting>WithDefaults</ExportSetting>
    <InstalledProducts>
      <Product>
        <DisplayName>Totally Integrated Automation Portal</DisplayName>
        <DisplayVersion>V16 Update 6</DisplayVersion>
      </Product>
      <OptionPackage>
        <DisplayName>TIA Portal Version Control Interface</DisplayName>
        <DisplayVersion>V16 Update 2</DisplayVersion>
      </OptionPackage>
      <OptionPackage>
        <DisplayName>TIA Portal Openness</DisplayName>
        <DisplayVersion>V16 Update 6</DisplayVersion>
      </OptionPackage>
      <OptionPackage>
        <DisplayName>TIA Portal Teamcenter Gateway</DisplayName>
        <DisplayVersion>V16</DisplayVersion>
      </OptionPackage>
      <Product>
        <DisplayName>SINAMICS Startdrive Advanced</DisplayName>
        <DisplayVersion>V16 Update 5</DisplayVersion>
      </Product>
      <OptionPackage>
        <DisplayName>SINAMICS Startdrive G130, G150, S120, S150, SINAMICS MV, S210</DisplayName>
        <DisplayVersion>V16 Update 5</DisplayVersion>
      </OptionPackage>
      <OptionPackage>
        <DisplayName>SINAMICS Startdrive G110M, G120, G120C, G120D, G120P, G115D</DisplayName>
        <DisplayVersion>V16 Update 5</DisplayVersion>
      </OptionPackage>
      <Product>
        <DisplayName>STEP 7 Professional</DisplayName>
        <DisplayVersion>V16 Update 6</DisplayVersion>
      </Product>
      <OptionPackage>
        <DisplayName>STEP 7 Safety</DisplayName>
        <DisplayVersion>V16</DisplayVersion>
      </OptionPackage>
      <Product>
        <DisplayName>WinCC Advanced / Unified PC</DisplayName>
        <DisplayVersion>V16 Update 6</DisplayVersion>
      </Product>
    </InstalledProducts>
  </DocumentInfo>
  <SW.Blocks.FB ID="0">
    <AttributeList>
      <AutoNumber>true</AutoNumber>
      <HeaderAuthor />
      <HeaderFamily />
      <HeaderName />
      <HeaderVersion>0.1</HeaderVersion>
      <Interface><Sections xmlns="http://www.siemens.com/automation/Openness/SW/Interface/v4">
  <Section Name="Input">
    <Member Name="RawData" Datatype="Int" Remanence="SetInIDB" Accessibility="Public"><AttributeList><BooleanAttribute Name="ExternalAccessible" SystemDefined="true">true</BooleanAttribute><BooleanAttribute Name="ExternalVisible" SystemDefined="true">true</BooleanAttribute><BooleanAttribute Name="ExternalWritable" SystemDefined="true">true</BooleanAttribute></AttributeList></Member>
    <Member Name="I_MinRawValue" Datatype="Int" Remanence="SetInIDB" Accessibility="Public"><AttributeList><BooleanAttribute Name="ExternalAccessible" SystemDefined="true">true</BooleanAttribute><BooleanAttribute Name="ExternalVisible" SystemDefined="true">true</BooleanAttribute><BooleanAttribute Name="ExternalWritable" SystemDefined="true">true</BooleanAttribute></AttributeList></Member>
    <Member Name="I_MaxRawValue" Datatype="Int" Remanence="SetInIDB" Accessibility="Public"><AttributeList><BooleanAttribute Name="ExternalAccessible" SystemDefined="true">true</BooleanAttribute><BooleanAttribute Name="ExternalVisible" SystemDefined="true">true</BooleanAttribute><BooleanAttribute Name="ExternalWritable" SystemDefined="true">true</BooleanAttribute></AttributeList><StartValue>1000</StartValue></Member>
    <Member Name="I_MaxMeasureValue" Datatype="Real" Remanence="SetInIDB" Accessibility="Public"><AttributeList><BooleanAttribute Name="ExternalAccessible" SystemDefined="true">true</BooleanAttribute><BooleanAttribute Name="ExternalVisible" SystemDefined="true">true</BooleanAttribute><BooleanAttribute Name="ExternalWritable" SystemDefined="true">true</BooleanAttribute></AttributeList><StartValue>100.0</StartValue></Member>
    <Member Name="I_MinMeasureValue" Datatype="Real" Remanence="SetInIDB" Accessibility="Public"><AttributeList><BooleanAttribute Name="ExternalAccessible" SystemDefined="true">true</BooleanAttribute><BooleanAttribute Name="ExternalVisible" SystemDefined="true">true</BooleanAttribute><BooleanAttribute Name="ExternalWritable" SystemDefined="true">true</BooleanAttribute></AttributeList><StartValue>0.0</StartValue></Member>
  </Section>
  <Section Name="Output">
    <Member Name="O_ScaledData" Datatype="Real" Remanence="SetInIDB" Accessibility="Public"><AttributeList><BooleanAttribute Name="ExternalAccessible" SystemDefined="true">true</BooleanAttribute><BooleanAttribute Name="ExternalVisible" SystemDefined="true">true</BooleanAttribute><BooleanAttribute Name="ExternalWritable" SystemDefined="true">true</BooleanAttribute></AttributeList></Member>
  </Section>
  <Section Name="InOut" />
  <Section Name="Static" />
  <Section Name="Temp">
    <Member Name="T_NormalizedValue" Datatype="Real" />
  </Section>
  <Section Name="Constant" />
</Sections></Interface>
      <IsIECCheckEnabled>false</IsIECCheckEnabled>
      <MemoryLayout>Standard</MemoryLayout>
      <Name>AanalogSensor</Name>
      <Number>44</Number>
      <ProgrammingLanguage>SCL</ProgrammingLanguage>
      <SetENOAutomatically>false</SetENOAutomatically>
      <UDABlockProperties />
      <UDAEnableTagReadback>false</UDAEnableTagReadback>
    </AttributeList>
    <ObjectList>
      <MultilingualText ID="1" CompositionName="Comment">
        <ObjectList>
          <MultilingualTextItem ID="2" CompositionName="Items">
            <AttributeList>
              <Culture>en-US</Culture>
              <Text />
            </AttributeList>
          </MultilingualTextItem>
          <MultilingualTextItem ID="3" CompositionName="Items">
            <AttributeList>
              <Culture>fr-BE</Culture>
              <Text />
            </AttributeList>
          </MultilingualTextItem>
        </ObjectList>
      </MultilingualText>
      <SW.Blocks.CompileUnit ID="4" CompositionName="CompileUnits">
        <AttributeList>
          <NetworkSource><StructuredText xmlns="http://www.siemens.com/automation/Openness/SW/NetworkSource/StructuredText/v3">
  <Blank Num="4" UId="21" />
  <Access Scope="LocalVariable" UId="22">
    <Symbol UId="23">
      <Component Name="T_NormalizedValue" UId="24" />
    </Symbol>
  </Access>
  <Blank Num="1" UId="25" />
  <Token Text=":=" UId="26" />
  <Blank Num="1" UId="27" />
  <Access Scope="Call" UId="28">
    <Instruction Name="NORM_X" UId="29">
      <TemplateValue Name="dest_type" Type="Type" UId="30">Real</TemplateValue>
      <Token Text="(" UId="31" />
      <Parameter Name="MIN" UId="32">
        <Token Text=":=" UId="33" />
        <Access Scope="LocalVariable" UId="34">
          <Symbol UId="35">
            <Component Name="I_MinRawValue" UId="36" />
          </Symbol>
        </Access>
      </Parameter>
      <Token Text="," UId="37" />
      <Blank Num="1" UId="38" />
      <Parameter Name="VALUE" UId="39">
        <Token Text=":=" UId="40" />
        <Access Scope="LocalVariable" UId="41">
          <Symbol UId="42">
            <Component Name="RawData" UId="43" />
          </Symbol>
        </Access>
      </Parameter>
      <Token Text="," UId="44" />
      <Blank Num="1" UId="45" />
      <Parameter Name="MAX" UId="46">
        <Token Text=":=" UId="47" />
        <Access Scope="LocalVariable" UId="48">
          <Symbol UId="49">
            <Component Name="I_MaxRawValue" UId="50" />
          </Symbol>
        </Access>
      </Parameter>
      <Token Text=")" UId="52" />
    </Instruction>
  </Access>
  <Token Text=";" UId="53" />
  <NewLine Num="1" UId="54" />
  <Blank Num="4" UId="55" />
  <Access Scope="LocalVariable" UId="56">
    <Symbol UId="57">
      <Component Name="O_ScaledData" UId="58" />
    </Symbol>
  </Access>
  <Blank Num="1" UId="59" />
  <Token Text=":=" UId="60" />
  <Blank Num="1" UId="61" />
  <Access Scope="Call" UId="62">
    <Instruction Name="SCALE_X" UId="63">
      <TemplateValue Name="dest_type" Type="Type" UId="64">Real</TemplateValue>
      <Token Text="(" UId="65" />
      <Parameter Name="MIN" UId="66">
        <Token Text=":=" UId="67" />
        <Blank Num="1" UId="68" />
        <Access Scope="LocalVariable" UId="69">
          <Symbol UId="70">
            <Component Name="I_MinMeasureValue" UId="71" />
          </Symbol>
        </Access>
      </Parameter>
      <Token Text="," UId="72" />
      <Parameter Name="MAX" UId="73">
        <Token Text=":=" UId="74" />
        <Blank Num="1" UId="75" />
        <Access Scope="LocalVariable" UId="76">
          <Symbol UId="77">
            <Component Name="I_MaxMeasureValue" UId="78" />
          </Symbol>
        </Access>
      </Parameter>
      <Token Text="," UId="79" />
      <Parameter Name="VALUE" UId="80">
        <Blank Num="1" UId="81" />
        <Token Text=":=" UId="82" />
        <Blank Num="1" UId="83" />
        <Access Scope="LocalVariable" UId="84">
          <Symbol UId="85">
            <Component Name="T_NormalizedValue" UId="86" />
          </Symbol>
        </Access>
      </Parameter>
      <Token Text=")" UId="88" />
    </Instruction>
  </Access>
  <Token Text=";" UId="89" />
  <NewLine Num="1" UId="90" />
  <Blank Num="4" UId="91" />
</StructuredText></NetworkSource>
          <ProgrammingLanguage>SCL</ProgrammingLanguage>
        </AttributeList>
        <ObjectList>
          <MultilingualText ID="5" CompositionName="Comment">
            <ObjectList>
              <MultilingualTextItem ID="6" CompositionName="Items">
                <AttributeList>
                  <Culture>en-US</Culture>
                  <Text />
                </AttributeList>
              </MultilingualTextItem>
              <MultilingualTextItem ID="7" CompositionName="Items">
                <AttributeList>
                  <Culture>fr-BE</Culture>
                  <Text />
                </AttributeList>
              </MultilingualTextItem>
            </ObjectList>
          </MultilingualText>
          <MultilingualText ID="8" CompositionName="Title">
            <ObjectList>
              <MultilingualTextItem ID="9" CompositionName="Items">
                <AttributeList>
                  <Culture>en-US</Culture>
                  <Text />
                </AttributeList>
              </MultilingualTextItem>
              <MultilingualTextItem ID="A" CompositionName="Items">
                <AttributeList>
                  <Culture>fr-BE</Culture>
                  <Text />
                </AttributeList>
              </MultilingualTextItem>
            </ObjectList>
          </MultilingualText>
        </ObjectList>
      </SW.Blocks.CompileUnit>
      <MultilingualText ID="B" CompositionName="Title">
        <ObjectList>
          <MultilingualTextItem ID="C" CompositionName="Items">
            <AttributeList>
              <Culture>en-US</Culture>
              <Text />
            </AttributeList>
          </MultilingualTextItem>
          <MultilingualTextItem ID="D" CompositionName="Items">
            <AttributeList>
              <Culture>fr-BE</Culture>
              <Text />
            </AttributeList>
          </MultilingualTextItem>
        </ObjectList>
      </MultilingualText>
    </ObjectList>
  </SW.Blocks.FB>
</Document>