﻿<?xml version="1.0" encoding="utf-8"?>
<Document>
  <Engineering version="V16" />
  <DocumentInfo>
    <Created>2023-11-13T10:46:12.5934839Z</Created>
    <ExportSetting>WithDefaults</ExportSetting>
    <InstalledProducts>
      <Product>
        <DisplayName>Totally Integrated Automation Portal</DisplayName>
        <DisplayVersion>V16 Update 6</DisplayVersion>
      </Product>
      <OptionPackage>
        <DisplayName>TIA Portal Version Control Interface</DisplayName>
        <DisplayVersion>V16 Update 2</DisplayVersion>
      </OptionPackage>
      <OptionPackage>
        <DisplayName>TIA Portal Openness</DisplayName>
        <DisplayVersion>V16 Update 6</DisplayVersion>
      </OptionPackage>
      <OptionPackage>
        <DisplayName>TIA Portal Teamcenter Gateway</DisplayName>
        <DisplayVersion>V16</DisplayVersion>
      </OptionPackage>
      <Product>
        <DisplayName>SINAMICS Startdrive Advanced</DisplayName>
        <DisplayVersion>V16 Update 5</DisplayVersion>
      </Product>
      <OptionPackage>
        <DisplayName>SINAMICS Startdrive G130, G150, S120, S150, SINAMICS MV, S210</DisplayName>
        <DisplayVersion>V16 Update 5</DisplayVersion>
      </OptionPackage>
      <OptionPackage>
        <DisplayName>SINAMICS Startdrive G110M, G120, G120C, G120D, G120P, G115D</DisplayName>
        <DisplayVersion>V16 Update 5</DisplayVersion>
      </OptionPackage>
      <Product>
        <DisplayName>STEP 7 Professional</DisplayName>
        <DisplayVersion>V16 Update 6</DisplayVersion>
      </Product>
      <OptionPackage>
        <DisplayName>STEP 7 Safety</DisplayName>
        <DisplayVersion>V16</DisplayVersion>
      </OptionPackage>
      <Product>
        <DisplayName>WinCC Advanced / Unified PC</DisplayName>
        <DisplayVersion>V16 Update 6</DisplayVersion>
      </Product>
    </InstalledProducts>
  </DocumentInfo>
  <SW.Blocks.FB ID="0">
    <AttributeList>
      <AutoNumber>true</AutoNumber>
      <HeaderAuthor />
      <HeaderFamily />
      <HeaderName />
      <HeaderVersion>0.1</HeaderVersion>
      <Interface><Sections xmlns="http://www.siemens.com/automation/Openness/SW/Interface/v4">
  <Section Name="Input">
    <Member Name="I_Beat" Datatype="Word" Remanence="NonRetain" Accessibility="Public"><AttributeList><BooleanAttribute Name="ExternalAccessible" SystemDefined="true">true</BooleanAttribute><BooleanAttribute Name="ExternalVisible" SystemDefined="true">true</BooleanAttribute><BooleanAttribute Name="ExternalWritable" SystemDefined="true">true</BooleanAttribute></AttributeList></Member>
    <Member Name="I_Name" Datatype="String[50]" Remanence="NonRetain" Accessibility="Public"><AttributeList><BooleanAttribute Name="ExternalAccessible" SystemDefined="true">true</BooleanAttribute><BooleanAttribute Name="ExternalVisible" SystemDefined="true">true</BooleanAttribute><BooleanAttribute Name="ExternalWritable" SystemDefined="true">true</BooleanAttribute></AttributeList></Member>
    <Member Name="I_delay" Datatype="Time" Remanence="NonRetain" Accessibility="Public"><AttributeList><BooleanAttribute Name="ExternalAccessible" SystemDefined="true">true</BooleanAttribute><BooleanAttribute Name="ExternalVisible" SystemDefined="true">true</BooleanAttribute><BooleanAttribute Name="ExternalWritable" SystemDefined="true">true</BooleanAttribute></AttributeList><StartValue>t#10s</StartValue></Member>
  </Section>
  <Section Name="Output">
    <Member Name="O_alarmActive" Datatype="Bool" Remanence="NonRetain" Accessibility="Public"><AttributeList><BooleanAttribute Name="ExternalAccessible" SystemDefined="true">true</BooleanAttribute><BooleanAttribute Name="ExternalVisible" SystemDefined="true">true</BooleanAttribute><BooleanAttribute Name="ExternalWritable" SystemDefined="true">true</BooleanAttribute></AttributeList></Member>
  </Section>
  <Section Name="InOut" />
  <Section Name="Static">
    <Member Name="prevBeat" Datatype="Word" Remanence="NonRetain" Accessibility="Public"><AttributeList><BooleanAttribute Name="ExternalAccessible" SystemDefined="true">true</BooleanAttribute><BooleanAttribute Name="ExternalVisible" SystemDefined="true">true</BooleanAttribute><BooleanAttribute Name="ExternalWritable" SystemDefined="true">true</BooleanAttribute><BooleanAttribute Name="SetPoint" SystemDefined="true">false</BooleanAttribute></AttributeList></Member>
    <Member Name="delay" Datatype="TON_TIME" Version="1.0" Remanence="NonRetain" Accessibility="Public"><AttributeList><BooleanAttribute Name="ExternalAccessible" SystemDefined="true">true</BooleanAttribute><BooleanAttribute Name="ExternalVisible" SystemDefined="true">true</BooleanAttribute><BooleanAttribute Name="ExternalWritable" SystemDefined="true">true</BooleanAttribute><BooleanAttribute Name="SetPoint" SystemDefined="true">false</BooleanAttribute></AttributeList><Sections><Section Name="None"><Member Name="PT" Datatype="Time" /><Member Name="ET" Datatype="Time" /><Member Name="IN" Datatype="Bool" /><Member Name="Q" Datatype="Bool" /></Section></Sections></Member>
    <Member Name="alarm" Datatype="Program_Alarm" Version="1.0" Accessibility="Public"><AttributeList><BooleanAttribute Name="ExternalAccessible" SystemDefined="true">true</BooleanAttribute><BooleanAttribute Name="ExternalVisible" SystemDefined="true">true</BooleanAttribute><BooleanAttribute Name="ExternalWritable" SystemDefined="true">true</BooleanAttribute><BooleanAttribute Name="SetPoint" SystemDefined="true">false</BooleanAttribute></AttributeList><Sections><Section Name="Base"><Sections Datatype="ALARM_BASE" Version="1.0"><Section Name="Input" /><Section Name="Output" /><Section Name="InOut" /><Section Name="Static"><Member Name="Alarm_ID" Datatype="Event_ID" Version="1.0"><Sections><Section Name="None"><Member Name="ALID" Datatype="Word" /><Member Name="ARID" Datatype="Word" /></Section></Sections></Member><Member Name="HANDLE" Datatype="DWord" /></Section></Sections></Section><Section Name="Input"><Member Name="SIG" Datatype="Bool" /><Member Name="TIMESTAMP" Datatype="LDT" /><Member Name="SD_1" Datatype="Variant" /><Member Name="SD_2" Datatype="Variant" /><Member Name="SD_3" Datatype="Variant" /><Member Name="SD_4" Datatype="Variant" /><Member Name="SD_5" Datatype="Variant" /><Member Name="SD_6" Datatype="Variant" /><Member Name="SD_7" Datatype="Variant" /><Member Name="SD_8" Datatype="Variant" /><Member Name="SD_9" Datatype="Variant" /><Member Name="SD_10" Datatype="Variant" /></Section><Section Name="Output"><Member Name="Error" Datatype="Bool" /><Member Name="Status" Datatype="Word" /></Section><Section Name="InOut" /><Section Name="Static"><Member Name="SD_0" Datatype="AssocValue_0" Version="1.0"><Sections><Section Name="None"><Member Name="Syntax" Datatype="UInt" /><Member Name="Aap" Datatype="Byte" /></Section></Sections></Member><Member Name="SIG_Edge_History" Datatype="Bool" /><Member Name="INIT_FB_State" Datatype="DWord" /></Section></Sections></Member>
  </Section>
  <Section Name="Temp" />
  <Section Name="Constant" />
</Sections></Interface>
      <IsIECCheckEnabled>false</IsIECCheckEnabled>
      <IsRetainMemResEnabled>false</IsRetainMemResEnabled>
      <MemoryLayout>Optimized</MemoryLayout>
      <MemoryReserve>100</MemoryReserve>
      <Name>ConnectionChecker_FB</Name>
      <Number>13</Number>
      <ProgrammingLanguage>SCL</ProgrammingLanguage>
      <SetENOAutomatically>false</SetENOAutomatically>
      <UDABlockProperties />
      <UDAEnableTagReadback>false</UDAEnableTagReadback>
    </AttributeList>
    <ObjectList>
      <MultilingualText ID="1" CompositionName="Comment">
        <ObjectList>
          <MultilingualTextItem ID="2" CompositionName="Items">
            <AttributeList>
              <Culture>en-US</Culture>
              <Text />
            </AttributeList>
          </MultilingualTextItem>
          <MultilingualTextItem ID="3" CompositionName="Items">
            <AttributeList>
              <Culture>fr-BE</Culture>
              <Text />
            </AttributeList>
          </MultilingualTextItem>
        </ObjectList>
      </MultilingualText>
      <SW.Blocks.CompileUnit ID="4" CompositionName="CompileUnits">
        <AttributeList>
          <NetworkSource><StructuredText xmlns="http://www.siemens.com/automation/Openness/SW/NetworkSource/StructuredText/v3">
  <Token Text="REGION" UId="21" />
  <Blank Num="1" UId="22" />
  <Text UId="23">DETECT ALARM</Text>
  <NewLine Num="1" UId="24" />
  <Blank Num="4" UId="25" />
  <Access Scope="LocalVariable" UId="26">
    <Symbol UId="27">
      <Component Name="delay" UId="28" />
    </Symbol>
  </Access>
  <Access Scope="Call" UId="29">
    <Instruction UId="30">
      <Token Text="(" UId="31" />
      <Parameter Name="IN" UId="32">
        <Blank Num="1" UId="33" />
        <Token Text=":=" UId="34" />
        <Blank Num="1" UId="35" />
        <Access Scope="LocalVariable" UId="36">
          <Symbol UId="37">
            <Component Name="I_Beat" UId="38" />
          </Symbol>
        </Access>
        <Blank Num="1" UId="39" />
        <Token Text="=" UId="40" />
        <Blank Num="1" UId="41" />
        <Access Scope="LocalVariable" UId="42">
          <Symbol UId="43">
            <Component Name="prevBeat" UId="44" />
          </Symbol>
        </Access>
      </Parameter>
      <Token Text="," UId="45" />
      <NewLine Num="1" UId="46" />
      <Blank Num="11" UId="47" />
      <Parameter Name="PT" UId="48">
        <Blank Num="1" UId="49" />
        <Token Text=":=" UId="50" />
        <Blank Num="1" UId="51" />
        <Access Scope="TypedConstant" UId="52">
          <Constant UId="53">
            <ConstantValue UId="54">T#10s</ConstantValue>
          </Constant>
        </Access>
      </Parameter>
      <Token Text=")" UId="55" />
    </Instruction>
  </Access>
  <Token Text=";" UId="56" />
  <NewLine Num="1" UId="57" />
  <Blank Num="4" UId="58" />
  <NewLine Num="1" UId="59" />
  <Blank Num="4" UId="60" />
  <Access Scope="LocalVariable" UId="61">
    <Symbol UId="62">
      <Component Name="prevBeat" UId="63" />
    </Symbol>
  </Access>
  <Blank Num="1" UId="64" />
  <Token Text=":=" UId="65" />
  <Blank Num="1" UId="66" />
  <Access Scope="LocalVariable" UId="67">
    <Symbol UId="68">
      <Component Name="I_Beat" UId="69" />
    </Symbol>
  </Access>
  <Token Text=";" UId="70" />
  <NewLine Num="1" UId="71" />
  <Blank Num="4" UId="72" />
  <NewLine Num="1" UId="73" />
  <Token Text="END_REGION" UId="74" />
  <NewLine Num="2" UId="75" />
  <Token Text="REGION" UId="76" />
  <Blank Num="1" UId="77" />
  <Text UId="78">TRIGGER ALARM</Text>
  <NewLine Num="1" UId="79" />
  <Blank Num="4" UId="80" />
  <NewLine Num="1" UId="81" />
  <Blank Num="4" UId="82" />
  <Token Text="IF" UId="83" />
  <Blank Num="1" UId="84" />
  <Access Scope="LocalVariable" UId="85">
    <Symbol UId="86">
      <Component Name="delay" UId="87" />
      <Token Text="." UId="88" />
      <Component Name="Q" UId="89" />
    </Symbol>
  </Access>
  <Blank Num="1" UId="90" />
  <Token Text="THEN" UId="91" />
  <NewLine Num="1" UId="92" />
  <Blank Num="8" UId="93" />
  <Access Scope="LocalVariable" UId="94">
    <Symbol UId="95">
      <Component Name="O_alarmActive" UId="96" />
    </Symbol>
  </Access>
  <Blank Num="1" UId="97" />
  <Token Text=":=" UId="98" />
  <Blank Num="1" UId="99" />
  <Access Scope="LiteralConstant" UId="100">
    <Constant UId="101">
      <ConstantValue UId="103">1</ConstantValue>
    </Constant>
  </Access>
  <Token Text=";" UId="104" />
  <NewLine Num="1" UId="105" />
  <Blank Num="4" UId="106" />
  <Token Text="END_IF" UId="107" />
  <Token Text=";" UId="108" />
  <NewLine Num="1" UId="109" />
  <Blank Num="4" UId="110" />
  <NewLine Num="1" UId="111" />
  <Blank Num="4" UId="112" />
  <Token Text="IF" UId="113" />
  <Blank Num="1" UId="114" />
  <Access Scope="GlobalVariable" UId="115">
    <Symbol UId="116">
      <Component Name="Inputs_DB" UId="117" />
      <Token Text="." UId="118" />
      <Component Name="Reset_System" UId="119" />
      <Token Text="." UId="120" />
      <Component Name="LE" UId="121" />
    </Symbol>
  </Access>
  <Blank Num="1" UId="122" />
  <Token Text="AND" UId="123" />
  <Blank Num="1" UId="124" />
  <Access Scope="LocalVariable" UId="125">
    <Symbol UId="126">
      <Component Name="O_alarmActive" UId="127" />
    </Symbol>
  </Access>
  <Blank Num="1" UId="128" />
  <Token Text="THEN" UId="129" />
  <NewLine Num="1" UId="130" />
  <Blank Num="8" UId="131" />
  <Access Scope="Call" UId="132">
    <Instruction Name="RESET_TIMER" UId="133">
      <Token Text="(" UId="134" />
      <NamelessParameter UId="135">
        <Access Scope="LocalVariable" UId="136">
          <Symbol UId="137">
            <Component Name="delay" UId="138" />
          </Symbol>
        </Access>
      </NamelessParameter>
      <Token Text=")" UId="139" />
    </Instruction>
  </Access>
  <Token Text=";" UId="140" />
  <NewLine Num="1" UId="141" />
  <Blank Num="8" UId="142" />
  <Access Scope="LocalVariable" UId="143">
    <Symbol UId="144">
      <Component Name="O_alarmActive" UId="145" />
    </Symbol>
  </Access>
  <Blank Num="1" UId="146" />
  <Token Text=":=" UId="147" />
  <Blank Num="1" UId="148" />
  <Access Scope="LiteralConstant" UId="149">
    <Constant UId="150">
      <ConstantValue UId="152">0</ConstantValue>
    </Constant>
  </Access>
  <Token Text=";" UId="153" />
  <NewLine Num="1" UId="154" />
  <Blank Num="4" UId="155" />
  <Token Text="END_IF" UId="156" />
  <Token Text=";" UId="157" />
  <NewLine Num="1" UId="158" />
  <Blank Num="8" UId="159" />
  <NewLine Num="1" UId="160" />
  <Blank Num="4" UId="161" />
  <Access Scope="LocalVariable" UId="162">
    <Symbol UId="163">
      <Component Name="alarm" UId="164" />
    </Symbol>
  </Access>
  <Access Scope="Call" UId="165">
    <Instruction UId="166">
      <Token Text="(" UId="167" />
      <Parameter Name="SIG" UId="168">
        <Token Text=":=" UId="169" />
        <Access Scope="LocalVariable" UId="170">
          <Symbol UId="171">
            <Component Name="O_alarmActive" UId="172" />
          </Symbol>
        </Access>
      </Parameter>
      <Token Text="," UId="173" />
      <NewLine Num="1" UId="174" />
      <Blank Num="11" UId="175" />
      <Parameter Name="SD_1" UId="176">
        <Token Text=":=" UId="177" />
        <Access Scope="LocalVariable" UId="178">
          <Symbol UId="179">
            <Component Name="I_Name" UId="180" />
          </Symbol>
        </Access>
      </Parameter>
      <Token Text=")" UId="181" />
    </Instruction>
  </Access>
  <Token Text=";" UId="182" />
  <NewLine Num="1" UId="183" />
  <Blank Num="4" UId="184" />
  <NewLine Num="1" UId="185" />
  <Token Text="END_REGION" UId="186" />
  <NewLine Num="1" UId="187" />
</StructuredText></NetworkSource>
          <ProgrammingLanguage>SCL</ProgrammingLanguage>
        </AttributeList>
        <ObjectList>
          <MultilingualText ID="5" CompositionName="Comment">
            <ObjectList>
              <MultilingualTextItem ID="6" CompositionName="Items">
                <AttributeList>
                  <Culture>en-US</Culture>
                  <Text />
                </AttributeList>
              </MultilingualTextItem>
              <MultilingualTextItem ID="7" CompositionName="Items">
                <AttributeList>
                  <Culture>fr-BE</Culture>
                  <Text />
                </AttributeList>
              </MultilingualTextItem>
            </ObjectList>
          </MultilingualText>
          <MultilingualText ID="8" CompositionName="Title">
            <ObjectList>
              <MultilingualTextItem ID="9" CompositionName="Items">
                <AttributeList>
                  <Culture>en-US</Culture>
                  <Text />
                </AttributeList>
              </MultilingualTextItem>
              <MultilingualTextItem ID="A" CompositionName="Items">
                <AttributeList>
                  <Culture>fr-BE</Culture>
                  <Text />
                </AttributeList>
              </MultilingualTextItem>
            </ObjectList>
          </MultilingualText>
        </ObjectList>
      </SW.Blocks.CompileUnit>
      <MultilingualText ID="B" CompositionName="Title">
        <ObjectList>
          <MultilingualTextItem ID="C" CompositionName="Items">
            <AttributeList>
              <Culture>en-US</Culture>
              <Text />
            </AttributeList>
          </MultilingualTextItem>
          <MultilingualTextItem ID="D" CompositionName="Items">
            <AttributeList>
              <Culture>fr-BE</Culture>
              <Text />
            </AttributeList>
          </MultilingualTextItem>
        </ObjectList>
      </MultilingualText>
    </ObjectList>
  </SW.Blocks.FB>
</Document>