﻿<?xml version="1.0" encoding="utf-8"?>
<Document>
  <Engineering version="V16" />
  <DocumentInfo>
    <Created>2023-11-13T10:46:12.3603036Z</Created>
    <ExportSetting>WithDefaults</ExportSetting>
    <InstalledProducts>
      <Product>
        <DisplayName>Totally Integrated Automation Portal</DisplayName>
        <DisplayVersion>V16 Update 6</DisplayVersion>
      </Product>
      <OptionPackage>
        <DisplayName>TIA Portal Version Control Interface</DisplayName>
        <DisplayVersion>V16 Update 2</DisplayVersion>
      </OptionPackage>
      <OptionPackage>
        <DisplayName>TIA Portal Openness</DisplayName>
        <DisplayVersion>V16 Update 6</DisplayVersion>
      </OptionPackage>
      <OptionPackage>
        <DisplayName>TIA Portal Teamcenter Gateway</DisplayName>
        <DisplayVersion>V16</DisplayVersion>
      </OptionPackage>
      <Product>
        <DisplayName>SINAMICS Startdrive Advanced</DisplayName>
        <DisplayVersion>V16 Update 5</DisplayVersion>
      </Product>
      <OptionPackage>
        <DisplayName>SINAMICS Startdrive G130, G150, S120, S150, SINAMICS MV, S210</DisplayName>
        <DisplayVersion>V16 Update 5</DisplayVersion>
      </OptionPackage>
      <OptionPackage>
        <DisplayName>SINAMICS Startdrive G110M, G120, G120C, G120D, G120P, G115D</DisplayName>
        <DisplayVersion>V16 Update 5</DisplayVersion>
      </OptionPackage>
      <Product>
        <DisplayName>STEP 7 Professional</DisplayName>
        <DisplayVersion>V16 Update 6</DisplayVersion>
      </Product>
      <OptionPackage>
        <DisplayName>STEP 7 Safety</DisplayName>
        <DisplayVersion>V16</DisplayVersion>
      </OptionPackage>
      <Product>
        <DisplayName>WinCC Advanced / Unified PC</DisplayName>
        <DisplayVersion>V16 Update 6</DisplayVersion>
      </Product>
    </InstalledProducts>
  </DocumentInfo>
  <SW.Blocks.FB ID="0">
    <AttributeList>
      <AutoNumber>true</AutoNumber>
      <HeaderAuthor />
      <HeaderFamily />
      <HeaderName />
      <HeaderVersion>0.1</HeaderVersion>
      <Interface><Sections xmlns="http://www.siemens.com/automation/Openness/SW/Interface/v4">
  <Section Name="Input">
    <Member Name="I_Sensor" Datatype="Bool" Remanence="SetInIDB" Accessibility="Public"><AttributeList><BooleanAttribute Name="ExternalAccessible" SystemDefined="true">true</BooleanAttribute><BooleanAttribute Name="ExternalVisible" SystemDefined="true">true</BooleanAttribute><BooleanAttribute Name="ExternalWritable" SystemDefined="true">true</BooleanAttribute></AttributeList></Member>
    <Member Name="I_Simulate" Datatype="Bool" Remanence="SetInIDB" Accessibility="Public"><AttributeList><BooleanAttribute Name="ExternalAccessible" SystemDefined="true">true</BooleanAttribute><BooleanAttribute Name="ExternalVisible" SystemDefined="true">true</BooleanAttribute><BooleanAttribute Name="ExternalWritable" SystemDefined="true">true</BooleanAttribute></AttributeList></Member>
    <Member Name="HoldOnTIme" Datatype="Time" Remanence="SetInIDB" Accessibility="Public"><AttributeList><BooleanAttribute Name="ExternalAccessible" SystemDefined="true">true</BooleanAttribute><BooleanAttribute Name="ExternalVisible" SystemDefined="true">true</BooleanAttribute><BooleanAttribute Name="ExternalWritable" SystemDefined="true">true</BooleanAttribute></AttributeList></Member>
    <Member Name="DelayOnTime" Datatype="Time" Remanence="SetInIDB" Accessibility="Public"><AttributeList><BooleanAttribute Name="ExternalAccessible" SystemDefined="true">true</BooleanAttribute><BooleanAttribute Name="ExternalVisible" SystemDefined="true">true</BooleanAttribute><BooleanAttribute Name="ExternalWritable" SystemDefined="true">true</BooleanAttribute></AttributeList></Member>
  </Section>
  <Section Name="Output">
    <Member Name="O_data" Datatype="&quot;SmartBooldt&quot;" Remanence="SetInIDB" Accessibility="Public"><AttributeList><BooleanAttribute Name="ExternalAccessible" SystemDefined="true">true</BooleanAttribute><BooleanAttribute Name="ExternalVisible" SystemDefined="true">true</BooleanAttribute><BooleanAttribute Name="ExternalWritable" SystemDefined="true">true</BooleanAttribute></AttributeList><Sections><Section Name="None"><Member Name="State" Datatype="Bool" /><Member Name="LE" Datatype="Bool" /><Member Name="FE" Datatype="Bool" /><Member Name="sensorTest" Datatype="Bool" /><Member Name="IddleSignal" Datatype="Bool" /><Member Name="testFailed" Datatype="Bool" /><Member Name="Counter" Datatype="UInt" /></Section></Sections></Member>
  </Section>
  <Section Name="InOut" />
  <Section Name="Static">
    <Member Name="S_Prev_Val" Datatype="Bool" Remanence="SetInIDB" Accessibility="Public"><AttributeList><BooleanAttribute Name="ExternalAccessible" SystemDefined="true">true</BooleanAttribute><BooleanAttribute Name="ExternalVisible" SystemDefined="true">true</BooleanAttribute><BooleanAttribute Name="ExternalWritable" SystemDefined="true">true</BooleanAttribute><BooleanAttribute Name="SetPoint" SystemDefined="true">false</BooleanAttribute></AttributeList></Member>
    <Member Name="S_DelayOnTime" Datatype="TON_TIME" Version="1.0" Remanence="SetInIDB" Accessibility="Public"><AttributeList><BooleanAttribute Name="ExternalAccessible" SystemDefined="true">true</BooleanAttribute><BooleanAttribute Name="ExternalVisible" SystemDefined="true">true</BooleanAttribute><BooleanAttribute Name="ExternalWritable" SystemDefined="true">true</BooleanAttribute><BooleanAttribute Name="SetPoint" SystemDefined="true">true</BooleanAttribute></AttributeList><Sections><Section Name="None"><Member Name="PT" Datatype="Time" /><Member Name="ET" Datatype="Time" /><Member Name="IN" Datatype="Bool" /><Member Name="Q" Datatype="Bool" /></Section></Sections></Member>
    <Member Name="S_HoldOnTimer" Datatype="TOF_TIME" Version="1.0" Remanence="SetInIDB" Accessibility="Public"><AttributeList><BooleanAttribute Name="ExternalAccessible" SystemDefined="true">false</BooleanAttribute><BooleanAttribute Name="ExternalVisible" SystemDefined="true">false</BooleanAttribute><BooleanAttribute Name="ExternalWritable" SystemDefined="true">false</BooleanAttribute><BooleanAttribute Name="SetPoint" SystemDefined="true">true</BooleanAttribute></AttributeList><Sections><Section Name="None"><Member Name="PT" Datatype="Time" /><Member Name="ET" Datatype="Time" /><Member Name="IN" Datatype="Bool" /><Member Name="Q" Datatype="Bool" /></Section></Sections></Member>
    <Member Name="S_LE" Datatype="Bool" Remanence="SetInIDB" Accessibility="Public"><AttributeList><BooleanAttribute Name="ExternalAccessible" SystemDefined="true">true</BooleanAttribute><BooleanAttribute Name="ExternalVisible" SystemDefined="true">true</BooleanAttribute><BooleanAttribute Name="ExternalWritable" SystemDefined="true">true</BooleanAttribute><BooleanAttribute Name="SetPoint" SystemDefined="true">false</BooleanAttribute></AttributeList></Member>
    <Member Name="S_FE" Datatype="Bool" Remanence="SetInIDB" Accessibility="Public"><AttributeList><BooleanAttribute Name="ExternalAccessible" SystemDefined="true">true</BooleanAttribute><BooleanAttribute Name="ExternalVisible" SystemDefined="true">true</BooleanAttribute><BooleanAttribute Name="ExternalWritable" SystemDefined="true">true</BooleanAttribute><BooleanAttribute Name="SetPoint" SystemDefined="true">false</BooleanAttribute></AttributeList></Member>
    <Member Name="S_SensorState" Datatype="Bool" Remanence="SetInIDB" Accessibility="Public"><AttributeList><BooleanAttribute Name="ExternalAccessible" SystemDefined="true">true</BooleanAttribute><BooleanAttribute Name="ExternalVisible" SystemDefined="true">true</BooleanAttribute><BooleanAttribute Name="ExternalWritable" SystemDefined="true">true</BooleanAttribute><BooleanAttribute Name="SetPoint" SystemDefined="true">false</BooleanAttribute></AttributeList></Member>
    <Member Name="S_HoldOn" Datatype="Bool" Remanence="SetInIDB" Accessibility="Public"><AttributeList><BooleanAttribute Name="ExternalAccessible" SystemDefined="true">true</BooleanAttribute><BooleanAttribute Name="ExternalVisible" SystemDefined="true">true</BooleanAttribute><BooleanAttribute Name="ExternalWritable" SystemDefined="true">true</BooleanAttribute><BooleanAttribute Name="SetPoint" SystemDefined="true">false</BooleanAttribute></AttributeList></Member>
  </Section>
  <Section Name="Temp">
    <Member Name="T_Signal" Datatype="Bool" />
  </Section>
  <Section Name="Constant" />
</Sections></Interface>
      <IsIECCheckEnabled>false</IsIECCheckEnabled>
      <MemoryLayout>Standard</MemoryLayout>
      <Name>SmartBool</Name>
      <Number>21</Number>
      <ProgrammingLanguage>SCL</ProgrammingLanguage>
      <SetENOAutomatically>false</SetENOAutomatically>
      <UDABlockProperties />
      <UDAEnableTagReadback>false</UDAEnableTagReadback>
    </AttributeList>
    <ObjectList>
      <MultilingualText ID="1" CompositionName="Comment">
        <ObjectList>
          <MultilingualTextItem ID="2" CompositionName="Items">
            <AttributeList>
              <Culture>en-US</Culture>
              <Text />
            </AttributeList>
          </MultilingualTextItem>
          <MultilingualTextItem ID="3" CompositionName="Items">
            <AttributeList>
              <Culture>fr-BE</Culture>
              <Text />
            </AttributeList>
          </MultilingualTextItem>
        </ObjectList>
      </MultilingualText>
      <SW.Blocks.CompileUnit ID="4" CompositionName="CompileUnits">
        <AttributeList>
          <NetworkSource><StructuredText xmlns="http://www.siemens.com/automation/Openness/SW/NetworkSource/StructuredText/v3">
  <NewLine Num="2" UId="21" />
  <Token Text="IF" UId="22" />
  <Blank Num="1" UId="23" />
  <Access Scope="LocalVariable" UId="24">
    <Symbol UId="25">
      <Component Name="DelayOnTime" UId="26" />
    </Symbol>
  </Access>
  <Blank Num="1" UId="27" />
  <Token Text="=" UId="28" />
  <Blank Num="1" UId="29" />
  <Access Scope="TypedConstant" UId="30">
    <Constant UId="31">
      <ConstantValue UId="32">t#0ms</ConstantValue>
    </Constant>
  </Access>
  <Blank Num="1" UId="33" />
  <Token Text="THEN" UId="34" />
  <NewLine Num="1" UId="35" />
  <Blank Num="4" UId="36" />
  <Access Scope="LocalVariable" UId="37">
    <Symbol UId="38">
      <Component Name="T_Signal" UId="39" />
    </Symbol>
  </Access>
  <Blank Num="1" UId="40" />
  <Token Text=":=" UId="41" />
  <Blank Num="1" UId="42" />
  <Access Scope="LocalVariable" UId="43">
    <Symbol UId="44">
      <Component Name="I_Sensor" UId="45" />
    </Symbol>
  </Access>
  <Blank Num="1" UId="46" />
  <Token Text="OR" UId="47" />
  <Blank Num="1" UId="48" />
  <Access Scope="LocalVariable" UId="49">
    <Symbol UId="50">
      <Component Name="I_Simulate" UId="51" />
    </Symbol>
  </Access>
  <Token Text=";" UId="52" />
  <NewLine Num="1" UId="53" />
  <Token Text="ELSE" UId="54" />
  <NewLine Num="1" UId="55" />
  <Blank Num="4" UId="56" />
  <NewLine Num="1" UId="57" />
  <Blank Num="4" UId="58" />
  <Access Scope="LocalVariable" UId="59">
    <Symbol UId="60">
      <Component Name="S_DelayOnTime" UId="61" />
    </Symbol>
  </Access>
  <Access Scope="Call" UId="62">
    <Instruction UId="63">
      <Token Text="(" UId="64" />
      <Parameter Name="IN" UId="65">
        <Token Text=":=" UId="66" />
        <Access Scope="LocalVariable" UId="67">
          <Symbol UId="68">
            <Component Name="I_Sensor" UId="69" />
          </Symbol>
        </Access>
        <Blank Num="1" UId="70" />
        <Token Text="OR" UId="71" />
        <Blank Num="1" UId="72" />
        <Access Scope="LocalVariable" UId="73">
          <Symbol UId="74">
            <Component Name="I_Simulate" UId="75" />
          </Symbol>
        </Access>
      </Parameter>
      <Token Text="," UId="76" />
      <NewLine Num="1" UId="77" />
      <Blank Num="19" UId="78" />
      <Parameter Name="PT" UId="79">
        <Token Text=":=" UId="80" />
        <Access Scope="LocalVariable" UId="81">
          <Symbol UId="82">
            <Component Name="DelayOnTime" UId="83" />
          </Symbol>
        </Access>
      </Parameter>
      <Token Text="," UId="84" />
      <NewLine Num="1" UId="85" />
      <Blank Num="19" UId="86" />
      <Parameter Name="Q" UId="87">
        <Token Text="=&gt;" UId="88" />
        <Access Scope="LocalVariable" UId="89">
          <Symbol UId="90">
            <Component Name="T_Signal" UId="91" />
          </Symbol>
        </Access>
      </Parameter>
      <Token Text=")" UId="92" />
    </Instruction>
  </Access>
  <Token Text=";" UId="93" />
  <NewLine Num="1" UId="94" />
  <Blank Num="4" UId="95" />
  <NewLine Num="1" UId="96" />
  <Token Text="END_IF" UId="97" />
  <Token Text=";" UId="98" />
  <NewLine Num="2" UId="99" />
  <Access Scope="LocalVariable" UId="100">
    <Symbol UId="101">
      <Component Name="S_HoldOnTimer" UId="102" />
    </Symbol>
  </Access>
  <Access Scope="Call" UId="103">
    <Instruction UId="104">
      <Token Text="(" UId="105" />
      <Parameter Name="IN" UId="106">
        <Blank Num="1" UId="107" />
        <Token Text=":=" UId="108" />
        <Blank Num="1" UId="109" />
        <Access Scope="LocalVariable" UId="110">
          <Symbol UId="111">
            <Component Name="T_Signal" UId="112" />
          </Symbol>
        </Access>
      </Parameter>
      <Token Text="," UId="113" />
      <NewLine Num="1" UId="114" />
      <Blank Num="13" UId="115" />
      <Parameter Name="PT" UId="116">
        <Blank Num="1" UId="117" />
        <Token Text=":=" UId="118" />
        <Blank Num="1" UId="119" />
        <Access Scope="LocalVariable" UId="120">
          <Symbol UId="121">
            <Component Name="HoldOnTIme" UId="122" />
          </Symbol>
        </Access>
      </Parameter>
      <Token Text="," UId="123" />
      <NewLine Num="1" UId="124" />
      <Blank Num="13" UId="125" />
      <Parameter Name="Q" UId="126">
        <Blank Num="1" UId="127" />
        <Token Text="=&gt;" UId="128" />
        <Blank Num="1" UId="129" />
        <Access Scope="LocalVariable" UId="130">
          <Symbol UId="131">
            <Component Name="S_HoldOn" UId="132" />
          </Symbol>
        </Access>
      </Parameter>
      <Token Text=")" UId="133" />
    </Instruction>
  </Access>
  <Token Text=";" UId="134" />
  <NewLine Num="2" UId="135" />
  <Access Scope="LocalVariable" UId="136">
    <Symbol UId="137">
      <Component Name="S_SensorState" UId="138" />
    </Symbol>
  </Access>
  <Blank Num="1" UId="139" />
  <Token Text=":=" UId="140" />
  <Blank Num="1" UId="141" />
  <Access Scope="LocalVariable" UId="142">
    <Symbol UId="143">
      <Component Name="S_HoldOn" UId="144" />
    </Symbol>
  </Access>
  <Token Text=";" UId="145" />
  <NewLine Num="2" UId="146" />
  <LineComment Inserted="false" NoClosingBracket="false" UId="147">
    <Text UId="148">Leading edge</Text>
  </LineComment>
  <NewLine Num="1" UId="149" />
  <Token Text="IF" UId="150" />
  <Blank Num="1" UId="151" />
  <Access Scope="LocalVariable" UId="152">
    <Symbol UId="153">
      <Component Name="S_SensorState" UId="154" />
    </Symbol>
  </Access>
  <Blank Num="1" UId="155" />
  <Token Text="AND" UId="156" />
  <Blank Num="1" UId="157" />
  <Token Text="NOT" UId="158" />
  <Blank Num="1" UId="159" />
  <Access Scope="LocalVariable" UId="160">
    <Symbol UId="161">
      <Component Name="S_Prev_Val" UId="162" />
    </Symbol>
  </Access>
  <Blank Num="1" UId="163" />
  <Token Text="THEN" UId="164" />
  <NewLine Num="1" UId="165" />
  <Blank Num="4" UId="166" />
  <Access Scope="LocalVariable" UId="167">
    <Symbol UId="168">
      <Component Name="S_LE" UId="169" />
    </Symbol>
  </Access>
  <Blank Num="1" UId="170" />
  <Token Text=":=" UId="171" />
  <Blank Num="1" UId="172" />
  <Access Scope="LiteralConstant" UId="173">
    <Constant UId="174">
      <ConstantValue UId="176">true</ConstantValue>
    </Constant>
  </Access>
  <Token Text=";" UId="177" />
  <NewLine Num="1" UId="178" />
  <Blank Num="4" UId="179" />
  <NewLine Num="1" UId="180" />
  <Token Text="ELSE" UId="181" />
  <NewLine Num="1" UId="182" />
  <Blank Num="4" UId="183" />
  <Access Scope="LocalVariable" UId="184">
    <Symbol UId="185">
      <Component Name="S_LE" UId="186" />
    </Symbol>
  </Access>
  <Blank Num="1" UId="187" />
  <Token Text=":=" UId="188" />
  <Blank Num="1" UId="189" />
  <Access Scope="LiteralConstant" UId="190">
    <Constant UId="191">
      <ConstantValue UId="193">FALSE</ConstantValue>
    </Constant>
  </Access>
  <Token Text=";" UId="194" />
  <NewLine Num="1" UId="195" />
  <Blank Num="4" UId="196" />
  <NewLine Num="1" UId="197" />
  <Token Text="END_IF" UId="198" />
  <Token Text=";" UId="199" />
  <NewLine Num="2" UId="200" />
  <LineComment Inserted="false" NoClosingBracket="false" UId="201">
    <Text UId="202">Falling edge</Text>
  </LineComment>
  <NewLine Num="1" UId="203" />
  <Token Text="IF" UId="204" />
  <Blank Num="1" UId="205" />
  <Token Text="NOT" UId="206" />
  <Blank Num="1" UId="207" />
  <Access Scope="LocalVariable" UId="208">
    <Symbol UId="209">
      <Component Name="S_SensorState" UId="210" />
    </Symbol>
  </Access>
  <Blank Num="1" UId="211" />
  <Token Text="AND" UId="212" />
  <Blank Num="1" UId="213" />
  <Access Scope="LocalVariable" UId="214">
    <Symbol UId="215">
      <Component Name="S_Prev_Val" UId="216" />
    </Symbol>
  </Access>
  <Blank Num="1" UId="217" />
  <Token Text="THEN" UId="218" />
  <NewLine Num="1" UId="219" />
  <Blank Num="4" UId="220" />
  <Access Scope="LocalVariable" UId="221">
    <Symbol UId="222">
      <Component Name="S_FE" UId="223" />
    </Symbol>
  </Access>
  <Blank Num="1" UId="224" />
  <Token Text=":=" UId="225" />
  <Blank Num="1" UId="226" />
  <Access Scope="LiteralConstant" UId="227">
    <Constant UId="228">
      <ConstantValue UId="230">true</ConstantValue>
    </Constant>
  </Access>
  <Token Text=";" UId="231" />
  <NewLine Num="1" UId="232" />
  <Token Text="ELSE" UId="233" />
  <NewLine Num="1" UId="234" />
  <Blank Num="4" UId="235" />
  <Access Scope="LocalVariable" UId="236">
    <Symbol UId="237">
      <Component Name="S_FE" UId="238" />
    </Symbol>
  </Access>
  <Blank Num="1" UId="239" />
  <Token Text=":=" UId="240" />
  <Blank Num="1" UId="241" />
  <Access Scope="LiteralConstant" UId="242">
    <Constant UId="243">
      <ConstantValue UId="245">false</ConstantValue>
    </Constant>
  </Access>
  <Token Text=";" UId="246" />
  <NewLine Num="1" UId="247" />
  <Token Text="END_IF" UId="248" />
  <Token Text=";" UId="249" />
  <NewLine Num="3" UId="250" />
  <Access Scope="LocalVariable" UId="251">
    <Symbol UId="252">
      <Component Name="S_Prev_Val" UId="253" />
    </Symbol>
  </Access>
  <Blank Num="1" UId="254" />
  <Token Text=":=" UId="255" />
  <Blank Num="1" UId="256" />
  <Access Scope="LocalVariable" UId="257">
    <Symbol UId="258">
      <Component Name="S_HoldOn" UId="259" />
    </Symbol>
  </Access>
  <Token Text=";" UId="260" />
  <NewLine Num="2" UId="261" />
  <LineComment Inserted="false" NoClosingBracket="false" UId="262">
    <Text UId="263">Transfer output</Text>
  </LineComment>
  <NewLine Num="1" UId="264" />
  <Access Scope="LocalVariable" UId="265">
    <Symbol UId="266">
      <Component Name="O_data" UId="267" />
      <Token Text="." UId="268" />
      <Component Name="State" UId="269" />
    </Symbol>
  </Access>
  <Blank Num="1" UId="270" />
  <Token Text=":=" UId="271" />
  <Blank Num="1" UId="272" />
  <Access Scope="LocalVariable" UId="273">
    <Symbol UId="274">
      <Component Name="S_SensorState" UId="275" />
    </Symbol>
  </Access>
  <Blank Num="1" UId="276" />
  <Token Text=";" UId="277" />
  <NewLine Num="1" UId="278" />
  <Access Scope="LocalVariable" UId="279">
    <Symbol UId="280">
      <Component Name="O_data" UId="281" />
      <Token Text="." UId="282" />
      <Component Name="FE" UId="283" />
    </Symbol>
  </Access>
  <Blank Num="1" UId="284" />
  <Token Text=":=" UId="285" />
  <Blank Num="1" UId="286" />
  <Access Scope="LocalVariable" UId="287">
    <Symbol UId="288">
      <Component Name="S_FE" UId="289" />
    </Symbol>
  </Access>
  <Token Text=";" UId="290" />
  <NewLine Num="1" UId="291" />
  <Access Scope="LocalVariable" UId="292">
    <Symbol UId="293">
      <Component Name="O_data" UId="294" />
      <Token Text="." UId="295" />
      <Component Name="LE" UId="296" />
    </Symbol>
  </Access>
  <Blank Num="1" UId="297" />
  <Token Text=":=" UId="298" />
  <Blank Num="1" UId="299" />
  <Access Scope="LocalVariable" UId="300">
    <Symbol UId="301">
      <Component Name="S_LE" UId="302" />
    </Symbol>
  </Access>
  <Token Text=";" UId="303" />
  <NewLine Num="2" UId="304" />
  <LineComment Inserted="false" NoClosingBracket="false" UId="305">
    <Text UId="306">Counter</Text>
  </LineComment>
  <NewLine Num="1" UId="307" />
  <LineComment Inserted="false" NoClosingBracket="false" UId="308">
    <Text UId="309" />
  </LineComment>
  <NewLine Num="1" UId="310" />
  <Token Text="IF" UId="311" />
  <Blank Num="1" UId="312" />
  <Access Scope="LocalVariable" UId="313">
    <Symbol UId="314">
      <Component Name="O_data" UId="315" />
      <Token Text="." UId="316" />
      <Component Name="LE" UId="317" />
    </Symbol>
  </Access>
  <Blank Num="1" UId="318" />
  <Token Text="THEN" UId="319" />
  <NewLine Num="1" UId="320" />
  <Blank Num="4" UId="321" />
  <Access Scope="LocalVariable" UId="322">
    <Symbol UId="323">
      <Component Name="O_data" UId="324" />
      <Token Text="." UId="325" />
      <Component Name="Counter" UId="326" />
    </Symbol>
  </Access>
  <Blank Num="1" UId="327" />
  <Token Text="+=" UId="328" />
  <Blank Num="1" UId="329" />
  <Access Scope="LiteralConstant" UId="330">
    <Constant UId="331">
      <ConstantValue UId="333">1</ConstantValue>
    </Constant>
  </Access>
  <Token Text=";" UId="334" />
  <NewLine Num="1" UId="335" />
  <Token Text="END_IF" UId="336" />
  <Token Text=";" UId="337" />
  <NewLine Num="2" UId="338" />
  <Token Text="IF" UId="339" />
  <Blank Num="1" UId="340" />
  <Access Scope="GlobalVariable" UId="341">
    <Symbol UId="342">
      <Component Name="HMI_DB" UId="343" />
      <Token Text="." UId="344" />
      <Component Name="ResetSensorCounters" UId="345" />
      <Token Text="." UId="346" />
      <Component Name="signal" UId="347" />
    </Symbol>
  </Access>
  <Blank Num="1" UId="348" />
  <Token Text="THEN" UId="349" />
  <NewLine Num="1" UId="350" />
  <Blank Num="4" UId="351" />
  <Access Scope="LocalVariable" UId="352">
    <Symbol UId="353">
      <Component Name="O_data" UId="354" />
      <Token Text="." UId="355" />
      <Component Name="Counter" UId="356" />
    </Symbol>
  </Access>
  <Blank Num="1" UId="357" />
  <Token Text=":=" UId="358" />
  <Blank Num="1" UId="359" />
  <Access Scope="LiteralConstant" UId="360">
    <Constant UId="361">
      <ConstantValue UId="363">0</ConstantValue>
    </Constant>
  </Access>
  <Token Text=";" UId="364" />
  <NewLine Num="1" UId="365" />
  <Token Text="END_IF" UId="366" />
  <Token Text=";" UId="367" />
</StructuredText></NetworkSource>
          <ProgrammingLanguage>SCL</ProgrammingLanguage>
        </AttributeList>
        <ObjectList>
          <MultilingualText ID="5" CompositionName="Comment">
            <ObjectList>
              <MultilingualTextItem ID="6" CompositionName="Items">
                <AttributeList>
                  <Culture>en-US</Culture>
                  <Text />
                </AttributeList>
              </MultilingualTextItem>
              <MultilingualTextItem ID="7" CompositionName="Items">
                <AttributeList>
                  <Culture>fr-BE</Culture>
                  <Text />
                </AttributeList>
              </MultilingualTextItem>
            </ObjectList>
          </MultilingualText>
          <MultilingualText ID="8" CompositionName="Title">
            <ObjectList>
              <MultilingualTextItem ID="9" CompositionName="Items">
                <AttributeList>
                  <Culture>en-US</Culture>
                  <Text />
                </AttributeList>
              </MultilingualTextItem>
              <MultilingualTextItem ID="A" CompositionName="Items">
                <AttributeList>
                  <Culture>fr-BE</Culture>
                  <Text />
                </AttributeList>
              </MultilingualTextItem>
            </ObjectList>
          </MultilingualText>
        </ObjectList>
      </SW.Blocks.CompileUnit>
      <MultilingualText ID="B" CompositionName="Title">
        <ObjectList>
          <MultilingualTextItem ID="C" CompositionName="Items">
            <AttributeList>
              <Culture>en-US</Culture>
              <Text />
            </AttributeList>
          </MultilingualTextItem>
          <MultilingualTextItem ID="D" CompositionName="Items">
            <AttributeList>
              <Culture>fr-BE</Culture>
              <Text />
            </AttributeList>
          </MultilingualTextItem>
        </ObjectList>
      </MultilingualText>
    </ObjectList>
  </SW.Blocks.FB>
</Document>