﻿<?xml version="1.0" encoding="utf-8"?>
<Document>
  <Engineering version="V16" />
  <DocumentInfo>
    <Created>2023-11-13T10:46:12.2586497Z</Created>
    <ExportSetting>WithDefaults</ExportSetting>
    <InstalledProducts>
      <Product>
        <DisplayName>Totally Integrated Automation Portal</DisplayName>
        <DisplayVersion>V16 Update 6</DisplayVersion>
      </Product>
      <OptionPackage>
        <DisplayName>TIA Portal Version Control Interface</DisplayName>
        <DisplayVersion>V16 Update 2</DisplayVersion>
      </OptionPackage>
      <OptionPackage>
        <DisplayName>TIA Portal Openness</DisplayName>
        <DisplayVersion>V16 Update 6</DisplayVersion>
      </OptionPackage>
      <OptionPackage>
        <DisplayName>TIA Portal Teamcenter Gateway</DisplayName>
        <DisplayVersion>V16</DisplayVersion>
      </OptionPackage>
      <Product>
        <DisplayName>SINAMICS Startdrive Advanced</DisplayName>
        <DisplayVersion>V16 Update 5</DisplayVersion>
      </Product>
      <OptionPackage>
        <DisplayName>SINAMICS Startdrive G130, G150, S120, S150, SINAMICS MV, S210</DisplayName>
        <DisplayVersion>V16 Update 5</DisplayVersion>
      </OptionPackage>
      <OptionPackage>
        <DisplayName>SINAMICS Startdrive G110M, G120, G120C, G120D, G120P, G115D</DisplayName>
        <DisplayVersion>V16 Update 5</DisplayVersion>
      </OptionPackage>
      <Product>
        <DisplayName>STEP 7 Professional</DisplayName>
        <DisplayVersion>V16 Update 6</DisplayVersion>
      </Product>
      <OptionPackage>
        <DisplayName>STEP 7 Safety</DisplayName>
        <DisplayVersion>V16</DisplayVersion>
      </OptionPackage>
      <Product>
        <DisplayName>WinCC Advanced / Unified PC</DisplayName>
        <DisplayVersion>V16 Update 6</DisplayVersion>
      </Product>
    </InstalledProducts>
  </DocumentInfo>
  <SW.Blocks.FB ID="0">
    <AttributeList>
      <AutoNumber>true</AutoNumber>
      <HeaderAuthor />
      <HeaderFamily />
      <HeaderName />
      <HeaderVersion>0.1</HeaderVersion>
      <Interface><Sections xmlns="http://www.siemens.com/automation/Openness/SW/Interface/v4">
  <Section Name="Input">
    <Member Name="I_StepNumber" Datatype="DInt" Remanence="SetInIDB" Accessibility="Public"><AttributeList><BooleanAttribute Name="ExternalAccessible" SystemDefined="true">true</BooleanAttribute><BooleanAttribute Name="ExternalVisible" SystemDefined="true">true</BooleanAttribute><BooleanAttribute Name="ExternalWritable" SystemDefined="true">true</BooleanAttribute></AttributeList></Member>
    <Member Name="I_NextStepNumber" Datatype="DInt" Remanence="SetInIDB" Accessibility="Public"><AttributeList><BooleanAttribute Name="ExternalAccessible" SystemDefined="true">true</BooleanAttribute><BooleanAttribute Name="ExternalVisible" SystemDefined="true">true</BooleanAttribute><BooleanAttribute Name="ExternalWritable" SystemDefined="true">true</BooleanAttribute></AttributeList></Member>
    <Member Name="I_ErrorStepNumber" Datatype="DInt" Remanence="SetInIDB" Accessibility="Public"><AttributeList><BooleanAttribute Name="ExternalAccessible" SystemDefined="true">true</BooleanAttribute><BooleanAttribute Name="ExternalVisible" SystemDefined="true">true</BooleanAttribute><BooleanAttribute Name="ExternalWritable" SystemDefined="true">true</BooleanAttribute></AttributeList></Member>
    <Member Name="I_TimeOutStepNumber" Datatype="DInt" Remanence="SetInIDB" Accessibility="Public"><AttributeList><BooleanAttribute Name="ExternalAccessible" SystemDefined="true">true</BooleanAttribute><BooleanAttribute Name="ExternalVisible" SystemDefined="true">true</BooleanAttribute><BooleanAttribute Name="ExternalWritable" SystemDefined="true">true</BooleanAttribute></AttributeList></Member>
    <Member Name="I_Condition" Datatype="Bool" Remanence="SetInIDB" Accessibility="Public"><AttributeList><BooleanAttribute Name="ExternalAccessible" SystemDefined="true">true</BooleanAttribute><BooleanAttribute Name="ExternalVisible" SystemDefined="true">true</BooleanAttribute><BooleanAttribute Name="ExternalWritable" SystemDefined="true">true</BooleanAttribute></AttributeList></Member>
    <Member Name="I_ErrorConditon" Datatype="Bool" Remanence="SetInIDB" Accessibility="Public"><AttributeList><BooleanAttribute Name="ExternalAccessible" SystemDefined="true">true</BooleanAttribute><BooleanAttribute Name="ExternalVisible" SystemDefined="true">true</BooleanAttribute><BooleanAttribute Name="ExternalWritable" SystemDefined="true">true</BooleanAttribute></AttributeList></Member>
    <Member Name="I_ConditionTIme" Datatype="Time" Remanence="SetInIDB" Accessibility="Public"><AttributeList><BooleanAttribute Name="ExternalAccessible" SystemDefined="true">true</BooleanAttribute><BooleanAttribute Name="ExternalVisible" SystemDefined="true">true</BooleanAttribute><BooleanAttribute Name="ExternalWritable" SystemDefined="true">true</BooleanAttribute></AttributeList></Member>
    <Member Name="I_TimeOutTime" Datatype="Time" Remanence="SetInIDB" Accessibility="Public"><AttributeList><BooleanAttribute Name="ExternalAccessible" SystemDefined="true">true</BooleanAttribute><BooleanAttribute Name="ExternalVisible" SystemDefined="true">true</BooleanAttribute><BooleanAttribute Name="ExternalWritable" SystemDefined="true">true</BooleanAttribute></AttributeList></Member>
    <Member Name="I_ErrorTime" Datatype="Time" Remanence="SetInIDB" Accessibility="Public"><AttributeList><BooleanAttribute Name="ExternalAccessible" SystemDefined="true">true</BooleanAttribute><BooleanAttribute Name="ExternalVisible" SystemDefined="true">true</BooleanAttribute><BooleanAttribute Name="ExternalWritable" SystemDefined="true">true</BooleanAttribute></AttributeList></Member>
    <Member Name="I_IgnoreTimeOut" Datatype="Bool" Remanence="SetInIDB" Accessibility="Public"><AttributeList><BooleanAttribute Name="ExternalAccessible" SystemDefined="true">true</BooleanAttribute><BooleanAttribute Name="ExternalVisible" SystemDefined="true">true</BooleanAttribute><BooleanAttribute Name="ExternalWritable" SystemDefined="true">true</BooleanAttribute></AttributeList></Member>
    <Member Name="I_AccumulateConditionTIme" Datatype="Bool" Remanence="SetInIDB" Accessibility="Public"><AttributeList><BooleanAttribute Name="ExternalAccessible" SystemDefined="true">true</BooleanAttribute><BooleanAttribute Name="ExternalVisible" SystemDefined="true">true</BooleanAttribute><BooleanAttribute Name="ExternalWritable" SystemDefined="true">true</BooleanAttribute></AttributeList></Member>
    <Member Name="I_PauseTimeOut" Datatype="Bool" Remanence="SetInIDB" Accessibility="Public"><AttributeList><BooleanAttribute Name="ExternalAccessible" SystemDefined="true">true</BooleanAttribute><BooleanAttribute Name="ExternalVisible" SystemDefined="true">true</BooleanAttribute><BooleanAttribute Name="ExternalWritable" SystemDefined="true">true</BooleanAttribute></AttributeList></Member>
  </Section>
  <Section Name="Output">
    <Member Name="O_ConditionTrans" Datatype="Bool" Remanence="SetInIDB" Accessibility="Public"><AttributeList><BooleanAttribute Name="ExternalAccessible" SystemDefined="true">true</BooleanAttribute><BooleanAttribute Name="ExternalVisible" SystemDefined="true">true</BooleanAttribute><BooleanAttribute Name="ExternalWritable" SystemDefined="true">true</BooleanAttribute></AttributeList></Member>
    <Member Name="O_ErrorTrans" Datatype="Bool" Remanence="SetInIDB" Accessibility="Public"><AttributeList><BooleanAttribute Name="ExternalAccessible" SystemDefined="true">true</BooleanAttribute><BooleanAttribute Name="ExternalVisible" SystemDefined="true">true</BooleanAttribute><BooleanAttribute Name="ExternalWritable" SystemDefined="true">true</BooleanAttribute></AttributeList></Member>
    <Member Name="O_TimeTrans" Datatype="Bool" Remanence="SetInIDB" Accessibility="Public"><AttributeList><BooleanAttribute Name="ExternalAccessible" SystemDefined="true">true</BooleanAttribute><BooleanAttribute Name="ExternalVisible" SystemDefined="true">true</BooleanAttribute><BooleanAttribute Name="ExternalWritable" SystemDefined="true">true</BooleanAttribute></AttributeList></Member>
  </Section>
  <Section Name="InOut">
    <Member Name="IO_StepNumber" Datatype="DInt" Remanence="SetInIDB" Accessibility="Public"><AttributeList><BooleanAttribute Name="ExternalAccessible" SystemDefined="true">true</BooleanAttribute><BooleanAttribute Name="ExternalVisible" SystemDefined="true">true</BooleanAttribute><BooleanAttribute Name="ExternalWritable" SystemDefined="true">true</BooleanAttribute></AttributeList></Member>
    <Member Name="IO_PrevStepNumber" Datatype="DInt" Remanence="SetInIDB" Accessibility="Public"><AttributeList><BooleanAttribute Name="ExternalAccessible" SystemDefined="true">true</BooleanAttribute><BooleanAttribute Name="ExternalVisible" SystemDefined="true">true</BooleanAttribute><BooleanAttribute Name="ExternalWritable" SystemDefined="true">true</BooleanAttribute></AttributeList></Member>
  </Section>
  <Section Name="Static">
    <Member Name="S_ConditionTime" Datatype="TON_TIME" Version="1.0" Remanence="SetInIDB" Accessibility="Public"><AttributeList><BooleanAttribute Name="ExternalAccessible" SystemDefined="true">true</BooleanAttribute><BooleanAttribute Name="ExternalVisible" SystemDefined="true">true</BooleanAttribute><BooleanAttribute Name="ExternalWritable" SystemDefined="true">true</BooleanAttribute><BooleanAttribute Name="SetPoint" SystemDefined="true">true</BooleanAttribute></AttributeList><Sections><Section Name="None"><Member Name="PT" Datatype="Time" /><Member Name="ET" Datatype="Time" /><Member Name="IN" Datatype="Bool" /><Member Name="Q" Datatype="Bool" /></Section></Sections></Member>
    <Member Name="S_TimeOutTime" Datatype="TONR_TIME" Version="1.0" Remanence="SetInIDB" Accessibility="Public"><AttributeList><BooleanAttribute Name="ExternalAccessible" SystemDefined="true">true</BooleanAttribute><BooleanAttribute Name="ExternalVisible" SystemDefined="true">true</BooleanAttribute><BooleanAttribute Name="ExternalWritable" SystemDefined="true">true</BooleanAttribute><BooleanAttribute Name="SetPoint" SystemDefined="true">true</BooleanAttribute></AttributeList><Sections><Section Name="None"><Member Name="PT" Datatype="Time" /><Member Name="ET" Datatype="Time" /><Member Name="IN" Datatype="Bool" /><Member Name="Q" Datatype="Bool" /></Section></Sections></Member>
    <Member Name="S_ErrorConditionTIme" Datatype="TON_TIME" Version="1.0" Remanence="SetInIDB" Accessibility="Public"><AttributeList><BooleanAttribute Name="ExternalAccessible" SystemDefined="true">true</BooleanAttribute><BooleanAttribute Name="ExternalVisible" SystemDefined="true">true</BooleanAttribute><BooleanAttribute Name="ExternalWritable" SystemDefined="true">true</BooleanAttribute><BooleanAttribute Name="SetPoint" SystemDefined="true">true</BooleanAttribute></AttributeList><Sections><Section Name="None"><Member Name="PT" Datatype="Time" /><Member Name="ET" Datatype="Time" /><Member Name="IN" Datatype="Bool" /><Member Name="Q" Datatype="Bool" /></Section></Sections></Member>
  </Section>
  <Section Name="Temp">
    <Member Name="T_SiemensBug" Datatype="Bool" />
  </Section>
  <Section Name="Constant" />
</Sections></Interface>
      <IsIECCheckEnabled>false</IsIECCheckEnabled>
      <MemoryLayout>Standard</MemoryLayout>
      <Name>StepperController</Name>
      <Number>20</Number>
      <ProgrammingLanguage>SCL</ProgrammingLanguage>
      <SetENOAutomatically>false</SetENOAutomatically>
      <UDABlockProperties />
      <UDAEnableTagReadback>false</UDAEnableTagReadback>
    </AttributeList>
    <ObjectList>
      <MultilingualText ID="1" CompositionName="Comment">
        <ObjectList>
          <MultilingualTextItem ID="2" CompositionName="Items">
            <AttributeList>
              <Culture>en-US</Culture>
              <Text />
            </AttributeList>
          </MultilingualTextItem>
          <MultilingualTextItem ID="3" CompositionName="Items">
            <AttributeList>
              <Culture>fr-BE</Culture>
              <Text />
            </AttributeList>
          </MultilingualTextItem>
        </ObjectList>
      </MultilingualText>
      <SW.Blocks.CompileUnit ID="4" CompositionName="CompileUnits">
        <AttributeList>
          <NetworkSource><StructuredText xmlns="http://www.siemens.com/automation/Openness/SW/NetworkSource/StructuredText/v3">
  <LineComment Inserted="false" NoClosingBracket="false" UId="21">
    <Text UId="22">Reset flags</Text>
  </LineComment>
  <NewLine Num="1" UId="23" />
  <Access Scope="LocalVariable" UId="24">
    <Symbol UId="25">
      <Component Name="O_ConditionTrans" UId="26" />
    </Symbol>
  </Access>
  <Blank Num="1" UId="27" />
  <Token Text=":=" UId="28" />
  <Blank Num="1" UId="29" />
  <Access Scope="LiteralConstant" UId="30">
    <Constant UId="31">
      <ConstantValue UId="33">false</ConstantValue>
    </Constant>
  </Access>
  <Token Text=";" UId="34" />
  <NewLine Num="1" UId="35" />
  <Access Scope="LocalVariable" UId="36">
    <Symbol UId="37">
      <Component Name="O_ErrorTrans" UId="38" />
    </Symbol>
  </Access>
  <Blank Num="1" UId="39" />
  <Token Text=":=" UId="40" />
  <Blank Num="1" UId="41" />
  <Access Scope="LiteralConstant" UId="42">
    <Constant UId="43">
      <ConstantValue UId="45">false</ConstantValue>
    </Constant>
  </Access>
  <Token Text=";" UId="46" />
  <NewLine Num="1" UId="47" />
  <Access Scope="LocalVariable" UId="48">
    <Symbol UId="49">
      <Component Name="O_TimeTrans" UId="50" />
    </Symbol>
  </Access>
  <Blank Num="1" UId="51" />
  <Token Text=":=" UId="52" />
  <Blank Num="1" UId="53" />
  <Access Scope="LiteralConstant" UId="54">
    <Constant UId="55">
      <ConstantValue UId="57">FALSE</ConstantValue>
    </Constant>
  </Access>
  <Token Text=";" UId="58" />
  <NewLine Num="2" UId="59" />
  <Token Text="IF" UId="60" />
  <Blank Num="1" UId="61" />
  <Access Scope="LocalVariable" UId="62">
    <Symbol UId="63">
      <Component Name="I_StepNumber" UId="64" />
    </Symbol>
  </Access>
  <Blank Num="1" UId="65" />
  <Token Text="=" UId="66" />
  <Blank Num="1" UId="67" />
  <Access Scope="LocalVariable" UId="68">
    <Symbol UId="69">
      <Component Name="IO_StepNumber" UId="70" />
    </Symbol>
  </Access>
  <Blank Num="1" UId="71" />
  <Token Text="THEN" UId="72" />
  <NewLine Num="1" UId="73" />
  <Blank Num="4" UId="74" />
  <NewLine Num="1" UId="75" />
  <Blank Num="4" UId="76" />
  <Token Text="REGION" UId="77" />
  <Blank Num="1" UId="78" />
  <Text UId="79">Check condition</Text>
  <NewLine Num="1" UId="80" />
  <Blank Num="8" UId="81" />
  <Token Text="IF" UId="82" />
  <Blank Num="1" UId="83" />
  <Access Scope="LocalVariable" UId="84">
    <Symbol UId="85">
      <Component Name="I_ConditionTIme" UId="86" />
    </Symbol>
  </Access>
  <Blank Num="1" UId="87" />
  <Token Text="=" UId="88" />
  <Blank Num="1" UId="89" />
  <Access Scope="TypedConstant" UId="90">
    <Constant UId="91">
      <ConstantValue UId="92">t#0ms</ConstantValue>
    </Constant>
  </Access>
  <Blank Num="1" UId="93" />
  <Token Text="THEN" UId="94" />
  <NewLine Num="1" UId="95" />
  <Blank Num="12" UId="96" />
  <Token Text="IF" UId="97" />
  <Blank Num="1" UId="98" />
  <Access Scope="LocalVariable" UId="99">
    <Symbol UId="100">
      <Component Name="I_Condition" UId="101" />
    </Symbol>
  </Access>
  <Blank Num="1" UId="102" />
  <Token Text="THEN" UId="103" />
  <NewLine Num="1" UId="104" />
  <Blank Num="16" UId="105" />
  <Access Scope="Call" UId="106">
    <CallInfo UId="107" BlockType="FC">
      <Instance Scope="GlobalVariable" UId="109">
        <Component Name="SetPrevStepNumber_FC" UId="108" />
      </Instance>
      <Token Text="(" UId="110" />
      <Parameter Name="I_Step" UId="111">
        <Token Text=":=" UId="112" />
        <Access Scope="LocalVariable" UId="113">
          <Symbol UId="114">
            <Component Name="IO_StepNumber" UId="115" />
          </Symbol>
        </Access>
      </Parameter>
      <Token Text="," UId="116" />
      <NewLine Num="1" UId="117" />
      <Blank Num="39" UId="118" />
      <Parameter Name="IO_PrevStep" UId="119">
        <Token Text=":=" UId="120" />
        <Access Scope="LocalVariable" UId="121">
          <Symbol UId="122">
            <Component Name="IO_PrevStepNumber" UId="123" />
          </Symbol>
        </Access>
      </Parameter>
      <Token Text=")" UId="124" />
    </CallInfo>
  </Access>
  <Token Text=";" UId="125" />
  <NewLine Num="1" UId="126" />
  <Blank Num="16" UId="127" />
  <Access Scope="LocalVariable" UId="128">
    <Symbol UId="129">
      <Component Name="IO_StepNumber" UId="130" />
    </Symbol>
  </Access>
  <Blank Num="1" UId="131" />
  <Token Text=":=" UId="132" />
  <Blank Num="1" UId="133" />
  <Access Scope="LocalVariable" UId="134">
    <Symbol UId="135">
      <Component Name="I_NextStepNumber" UId="136" />
    </Symbol>
  </Access>
  <Token Text=";" UId="137" />
  <NewLine Num="1" UId="138" />
  <Blank Num="16" UId="139" />
  <Access Scope="LocalVariable" UId="140">
    <Symbol UId="141">
      <Component Name="O_ConditionTrans" UId="142" />
    </Symbol>
  </Access>
  <Blank Num="1" UId="143" />
  <Token Text=":=" UId="144" />
  <Blank Num="1" UId="145" />
  <Access Scope="LiteralConstant" UId="146">
    <Constant UId="147">
      <ConstantValue UId="149">true</ConstantValue>
    </Constant>
  </Access>
  <Token Text=";" UId="150" />
  <NewLine Num="1" UId="151" />
  <Blank Num="16" UId="152" />
  <NewLine Num="1" UId="153" />
  <Blank Num="12" UId="154" />
  <Token Text="END_IF" UId="155" />
  <Token Text=";" UId="156" />
  <NewLine Num="1" UId="157" />
  <Blank Num="8" UId="158" />
  <Token Text="ELSE" UId="159" />
  <NewLine Num="1" UId="160" />
  <Blank Num="12" UId="161" />
  <Access Scope="LocalVariable" UId="162">
    <Symbol UId="163">
      <Component Name="S_ConditionTime" UId="164" />
    </Symbol>
  </Access>
  <Access Scope="Call" UId="165">
    <Instruction UId="166">
      <Token Text="(" UId="167" />
      <Parameter Name="IN" UId="168">
        <Blank Num="1" UId="169" />
        <Token Text=":=" UId="170" />
        <Blank Num="1" UId="171" />
        <Access Scope="LocalVariable" UId="172">
          <Symbol UId="173">
            <Component Name="I_Condition" UId="174" />
          </Symbol>
        </Access>
      </Parameter>
      <Token Text="," UId="175" />
      <NewLine Num="1" UId="176" />
      <Blank Num="29" UId="177" />
      <Parameter Name="PT" UId="178">
        <Blank Num="1" UId="179" />
        <Token Text=":=" UId="180" />
        <Blank Num="1" UId="181" />
        <Access Scope="LocalVariable" UId="182">
          <Symbol UId="183">
            <Component Name="I_ConditionTIme" UId="184" />
          </Symbol>
        </Access>
      </Parameter>
      <Token Text=")" UId="185" />
    </Instruction>
  </Access>
  <Token Text=";" UId="186" />
  <NewLine Num="1" UId="187" />
  <Blank Num="12" UId="188" />
  <Token Text="IF" UId="189" />
  <Blank Num="1" UId="190" />
  <Access Scope="LocalVariable" UId="191">
    <Symbol UId="192">
      <Component Name="S_ConditionTime" UId="193" />
      <Token Text="." UId="194" />
      <Component Name="Q" UId="195" />
    </Symbol>
  </Access>
  <Blank Num="1" UId="196" />
  <Token Text="THEN" UId="197" />
  <NewLine Num="1" UId="198" />
  <Blank Num="16" UId="199" />
  <Access Scope="Call" UId="200">
    <CallInfo UId="201" BlockType="FC">
      <Instance Scope="GlobalVariable" UId="203">
        <Component Name="SetPrevStepNumber_FC" UId="202" />
      </Instance>
      <Token Text="(" UId="204" />
      <Parameter Name="I_Step" UId="205">
        <Blank Num="1" UId="206" />
        <Token Text=":=" UId="207" />
        <Blank Num="1" UId="208" />
        <Access Scope="LocalVariable" UId="209">
          <Symbol UId="210">
            <Component Name="IO_StepNumber" UId="211" />
          </Symbol>
        </Access>
      </Parameter>
      <Token Text="," UId="212" />
      <NewLine Num="1" UId="213" />
      <Blank Num="39" UId="214" />
      <Parameter Name="IO_PrevStep" UId="215">
        <Blank Num="1" UId="216" />
        <Token Text=":=" UId="217" />
        <Blank Num="1" UId="218" />
        <Access Scope="LocalVariable" UId="219">
          <Symbol UId="220">
            <Component Name="IO_PrevStepNumber" UId="221" />
          </Symbol>
        </Access>
      </Parameter>
      <Token Text=")" UId="222" />
    </CallInfo>
  </Access>
  <Token Text=";" UId="223" />
  <NewLine Num="1" UId="224" />
  <Blank Num="16" UId="225" />
  <Access Scope="LocalVariable" UId="226">
    <Symbol UId="227">
      <Component Name="IO_StepNumber" UId="228" />
    </Symbol>
  </Access>
  <Blank Num="1" UId="229" />
  <Token Text=":=" UId="230" />
  <Blank Num="1" UId="231" />
  <Access Scope="LocalVariable" UId="232">
    <Symbol UId="233">
      <Component Name="I_NextStepNumber" UId="234" />
    </Symbol>
  </Access>
  <Token Text=";" UId="235" />
  <NewLine Num="1" UId="236" />
  <Blank Num="16" UId="237" />
  <Access Scope="LocalVariable" UId="238">
    <Symbol UId="239">
      <Component Name="O_ConditionTrans" UId="240" />
    </Symbol>
  </Access>
  <Blank Num="1" UId="241" />
  <Token Text=":=" UId="242" />
  <Blank Num="1" UId="243" />
  <Access Scope="LiteralConstant" UId="244">
    <Constant UId="245">
      <ConstantValue UId="247">true</ConstantValue>
    </Constant>
  </Access>
  <Token Text=";" UId="248" />
  <NewLine Num="1" UId="249" />
  <Blank Num="15" UId="250" />
  <NewLine Num="1" UId="251" />
  <Blank Num="12" UId="252" />
  <Token Text="END_IF" UId="253" />
  <Token Text=";" UId="254" />
  <NewLine Num="1" UId="255" />
  <Blank Num="8" UId="256" />
  <Token Text="END_IF" UId="257" />
  <Token Text=";" UId="258" />
  <NewLine Num="1" UId="259" />
  <Blank Num="8" UId="260" />
  <NewLine Num="1" UId="261" />
  <Blank Num="4" UId="262" />
  <Token Text="END_REGION" UId="263" />
  <NewLine Num="1" UId="264" />
  <Blank Num="4" UId="265" />
  <NewLine Num="1" UId="266" />
  <Blank Num="4" UId="267" />
  <Token Text="REGION" UId="268" />
  <Blank Num="1" UId="269" />
  <Text UId="270">Check Error conditon</Text>
  <NewLine Num="1" UId="271" />
  <Blank Num="8" UId="272" />
  <Token Text="IF" UId="273" />
  <Blank Num="1" UId="274" />
  <Access Scope="LocalVariable" UId="275">
    <Symbol UId="276">
      <Component Name="I_ErrorTime" UId="277" />
    </Symbol>
  </Access>
  <Blank Num="1" UId="278" />
  <Token Text="=" UId="279" />
  <Blank Num="1" UId="280" />
  <Access Scope="TypedConstant" UId="281">
    <Constant UId="282">
      <ConstantValue UId="283">t#0ms</ConstantValue>
    </Constant>
  </Access>
  <Blank Num="1" UId="284" />
  <Token Text="THEN" UId="285" />
  <NewLine Num="1" UId="286" />
  <Blank Num="12" UId="287" />
  <Token Text="IF" UId="288" />
  <Blank Num="1" UId="289" />
  <Access Scope="LocalVariable" UId="290">
    <Symbol UId="291">
      <Component Name="I_ErrorConditon" UId="292" />
    </Symbol>
  </Access>
  <Blank Num="1" UId="293" />
  <Token Text="THEN" UId="294" />
  <NewLine Num="1" UId="295" />
  <Blank Num="16" UId="296" />
  <Access Scope="Call" UId="297">
    <CallInfo UId="298" BlockType="FC">
      <Instance Scope="GlobalVariable" UId="300">
        <Component Name="SetPrevStepNumber_FC" UId="299" />
      </Instance>
      <Token Text="(" UId="301" />
      <Parameter Name="I_Step" UId="302">
        <Blank Num="1" UId="303" />
        <Token Text=":=" UId="304" />
        <Blank Num="1" UId="305" />
        <Access Scope="LocalVariable" UId="306">
          <Symbol UId="307">
            <Component Name="IO_StepNumber" UId="308" />
          </Symbol>
        </Access>
      </Parameter>
      <Token Text="," UId="309" />
      <NewLine Num="1" UId="310" />
      <Blank Num="39" UId="311" />
      <Parameter Name="IO_PrevStep" UId="312">
        <Blank Num="1" UId="313" />
        <Token Text=":=" UId="314" />
        <Blank Num="1" UId="315" />
        <Access Scope="LocalVariable" UId="316">
          <Symbol UId="317">
            <Component Name="IO_PrevStepNumber" UId="318" />
          </Symbol>
        </Access>
      </Parameter>
      <Token Text=")" UId="319" />
    </CallInfo>
  </Access>
  <Token Text=";" UId="320" />
  <NewLine Num="1" UId="321" />
  <Blank Num="16" UId="322" />
  <Access Scope="LocalVariable" UId="323">
    <Symbol UId="324">
      <Component Name="IO_StepNumber" UId="325" />
    </Symbol>
  </Access>
  <Blank Num="1" UId="326" />
  <Token Text=":=" UId="327" />
  <Blank Num="1" UId="328" />
  <Access Scope="LocalVariable" UId="329">
    <Symbol UId="330">
      <Component Name="I_ErrorStepNumber" UId="331" />
    </Symbol>
  </Access>
  <Token Text=";" UId="332" />
  <NewLine Num="1" UId="333" />
  <Blank Num="16" UId="334" />
  <Access Scope="LocalVariable" UId="335">
    <Symbol UId="336">
      <Component Name="O_ErrorTrans" UId="337" />
    </Symbol>
  </Access>
  <Blank Num="1" UId="338" />
  <Token Text=":=" UId="339" />
  <Blank Num="1" UId="340" />
  <Access Scope="LiteralConstant" UId="341">
    <Constant UId="342">
      <ConstantValue UId="344">true</ConstantValue>
    </Constant>
  </Access>
  <Token Text=";" UId="345" />
  <NewLine Num="1" UId="346" />
  <Blank Num="13" UId="347" />
  <NewLine Num="1" UId="348" />
  <Blank Num="12" UId="349" />
  <Token Text="END_IF" UId="350" />
  <Token Text=";" UId="351" />
  <NewLine Num="1" UId="352" />
  <Blank Num="8" UId="353" />
  <Token Text="ELSE" UId="354" />
  <NewLine Num="1" UId="355" />
  <Blank Num="12" UId="356" />
  <Access Scope="LocalVariable" UId="357">
    <Symbol UId="358">
      <Component Name="S_ErrorConditionTIme" UId="359" />
    </Symbol>
  </Access>
  <Access Scope="Call" UId="360">
    <Instruction UId="361">
      <Token Text="(" UId="362" />
      <Parameter Name="IN" UId="363">
        <Blank Num="1" UId="364" />
        <Token Text=":=" UId="365" />
        <Blank Num="1" UId="366" />
        <Access Scope="LocalVariable" UId="367">
          <Symbol UId="368">
            <Component Name="I_ErrorConditon" UId="369" />
          </Symbol>
        </Access>
      </Parameter>
      <Token Text="," UId="370" />
      <NewLine Num="1" UId="371" />
      <Blank Num="34" UId="372" />
      <Parameter Name="PT" UId="373">
        <Blank Num="1" UId="374" />
        <Token Text=":=" UId="375" />
        <Blank Num="1" UId="376" />
        <Access Scope="LocalVariable" UId="377">
          <Symbol UId="378">
            <Component Name="I_ErrorTime" UId="379" />
          </Symbol>
        </Access>
      </Parameter>
      <Token Text=")" UId="380" />
    </Instruction>
  </Access>
  <Token Text=";" UId="381" />
  <NewLine Num="1" UId="382" />
  <Blank Num="12" UId="383" />
  <Token Text="IF" UId="384" />
  <Blank Num="1" UId="385" />
  <Access Scope="LocalVariable" UId="386">
    <Symbol UId="387">
      <Component Name="S_ErrorConditionTIme" UId="388" />
      <Token Text="." UId="389" />
      <Component Name="Q" UId="390" />
    </Symbol>
  </Access>
  <Blank Num="1" UId="391" />
  <Token Text="THEN" UId="392" />
  <NewLine Num="1" UId="393" />
  <Blank Num="16" UId="394" />
  <Access Scope="Call" UId="395">
    <CallInfo UId="396" BlockType="FC">
      <Instance Scope="GlobalVariable" UId="398">
        <Component Name="SetPrevStepNumber_FC" UId="397" />
      </Instance>
      <Token Text="(" UId="399" />
      <Parameter Name="I_Step" UId="400">
        <Blank Num="1" UId="401" />
        <Token Text=":=" UId="402" />
        <Blank Num="1" UId="403" />
        <Access Scope="LocalVariable" UId="404">
          <Symbol UId="405">
            <Component Name="IO_StepNumber" UId="406" />
          </Symbol>
        </Access>
      </Parameter>
      <Token Text="," UId="407" />
      <NewLine Num="1" UId="408" />
      <Blank Num="39" UId="409" />
      <Parameter Name="IO_PrevStep" UId="410">
        <Blank Num="1" UId="411" />
        <Token Text=":=" UId="412" />
        <Blank Num="1" UId="413" />
        <Access Scope="LocalVariable" UId="414">
          <Symbol UId="415">
            <Component Name="IO_PrevStepNumber" UId="416" />
          </Symbol>
        </Access>
      </Parameter>
      <Token Text=")" UId="417" />
    </CallInfo>
  </Access>
  <Token Text=";" UId="418" />
  <NewLine Num="1" UId="419" />
  <Blank Num="16" UId="420" />
  <Access Scope="LocalVariable" UId="421">
    <Symbol UId="422">
      <Component Name="IO_StepNumber" UId="423" />
    </Symbol>
  </Access>
  <Blank Num="1" UId="424" />
  <Token Text=":=" UId="425" />
  <Blank Num="1" UId="426" />
  <Access Scope="LocalVariable" UId="427">
    <Symbol UId="428">
      <Component Name="I_ErrorStepNumber" UId="429" />
    </Symbol>
  </Access>
  <Token Text=";" UId="430" />
  <NewLine Num="1" UId="431" />
  <Blank Num="16" UId="432" />
  <Access Scope="LocalVariable" UId="433">
    <Symbol UId="434">
      <Component Name="O_ErrorTrans" UId="435" />
    </Symbol>
  </Access>
  <Blank Num="1" UId="436" />
  <Token Text=":=" UId="437" />
  <Blank Num="1" UId="438" />
  <Access Scope="LiteralConstant" UId="439">
    <Constant UId="440">
      <ConstantValue UId="442">true</ConstantValue>
    </Constant>
  </Access>
  <Token Text=";" UId="443" />
  <NewLine Num="1" UId="444" />
  <Blank Num="11" UId="445" />
  <NewLine Num="1" UId="446" />
  <Blank Num="12" UId="447" />
  <Token Text="END_IF" UId="448" />
  <Token Text=";" UId="449" />
  <NewLine Num="1" UId="450" />
  <Blank Num="8" UId="451" />
  <Token Text="END_IF" UId="452" />
  <Token Text=";" UId="453" />
  <NewLine Num="1" UId="454" />
  <Blank Num="4" UId="455" />
  <Token Text="END_REGION" UId="456" />
  <NewLine Num="1" UId="457" />
  <Blank Num="4" UId="458" />
  <NewLine Num="1" UId="459" />
  <Blank Num="4" UId="460" />
  <Token Text="REGION" UId="461" />
  <Blank Num="1" UId="462" />
  <Text UId="463">Check timeout</Text>
  <NewLine Num="1" UId="464" />
  <Blank Num="8" UId="465" />
  <NewLine Num="1" UId="466" />
  <Blank Num="8" UId="467" />
  <Access Scope="LocalVariable" UId="468">
    <Symbol UId="469">
      <Component Name="S_TimeOutTime" UId="470" />
    </Symbol>
  </Access>
  <Access Scope="Call" UId="471">
    <Instruction UId="472">
      <Token Text="(" UId="473" />
      <Parameter Name="IN" UId="474">
        <Blank Num="1" UId="475" />
        <Token Text=":=" UId="476" />
        <Blank Num="1" UId="477" />
        <Access Scope="LocalVariable" UId="478">
          <Symbol UId="479">
            <Component Name="I_StepNumber" UId="480" />
          </Symbol>
        </Access>
        <Blank Num="1" UId="481" />
        <Token Text="=" UId="482" />
        <Blank Num="1" UId="483" />
        <Access Scope="LocalVariable" UId="484">
          <Symbol UId="485">
            <Component Name="IO_StepNumber" UId="486" />
          </Symbol>
        </Access>
        <Blank Num="1" UId="487" />
        <Token Text="AND" UId="488" />
        <Blank Num="1" UId="489" />
        <Token Text="NOT" UId="490" />
        <Blank Num="1" UId="491" />
        <Access Scope="LocalVariable" UId="492">
          <Symbol UId="493">
            <Component Name="I_IgnoreTimeOut" UId="494" />
          </Symbol>
        </Access>
        <Blank Num="1" UId="495" />
        <Token Text="AND" UId="496" />
        <Blank Num="1" UId="497" />
        <Token Text="NOT" UId="498" />
        <Blank Num="1" UId="499" />
        <Access Scope="LocalVariable" UId="500">
          <Symbol UId="501">
            <Component Name="I_PauseTimeOut" UId="502" />
          </Symbol>
        </Access>
      </Parameter>
      <Blank Num="1" UId="503" />
      <Token Text="," UId="504" />
      <NewLine Num="1" UId="505" />
      <Blank Num="23" UId="506" />
      <Parameter Name="R" UId="507">
        <Token Text=":=" UId="508" />
        <Token Text="NOT" UId="509" />
        <Blank Num="1" UId="510" />
        <Access Scope="LocalVariable" UId="511">
          <Symbol UId="512">
            <Component Name="I_AccumulateConditionTIme" UId="513" />
          </Symbol>
        </Access>
        <Blank Num="1" UId="514" />
        <Token Text="AND" UId="515" />
        <Blank Num="1" UId="516" />
        <Token Text="NOT" UId="517" />
        <Blank Num="1" UId="518" />
        <Token Text="(" UId="519" />
        <Access Scope="LocalVariable" UId="520">
          <Symbol UId="521">
            <Component Name="I_StepNumber" UId="522" />
          </Symbol>
        </Access>
        <Blank Num="1" UId="523" />
        <Token Text="=" UId="524" />
        <Blank Num="1" UId="525" />
        <Access Scope="LocalVariable" UId="526">
          <Symbol UId="527">
            <Component Name="IO_StepNumber" UId="528" />
          </Symbol>
        </Access>
        <Token Text=")" UId="529" />
      </Parameter>
      <Token Text="," UId="530" />
      <NewLine Num="1" UId="531" />
      <Blank Num="23" UId="532" />
      <Parameter Name="PT" UId="533">
        <Blank Num="1" UId="534" />
        <Token Text=":=" UId="535" />
        <Blank Num="1" UId="536" />
        <Access Scope="LocalVariable" UId="537">
          <Symbol UId="538">
            <Component Name="I_TimeOutTime" UId="539" />
          </Symbol>
        </Access>
      </Parameter>
      <Token Text="," UId="540" />
      <NewLine Num="1" UId="541" />
      <Blank Num="23" UId="542" />
      <Parameter Name="Q" UId="543">
        <Token Text="=&gt;" UId="544" />
        <Access Scope="LocalVariable" UId="545">
          <Symbol UId="546">
            <Component Name="T_SiemensBug" UId="547" />
          </Symbol>
        </Access>
      </Parameter>
      <Token Text=")" UId="548" />
    </Instruction>
  </Access>
  <Token Text=";" UId="549" />
  <NewLine Num="1" UId="550" />
  <Blank Num="8" UId="551" />
  <NewLine Num="1" UId="552" />
  <Blank Num="8" UId="553" />
  <Token Text="IF" UId="554" />
  <Blank Num="1" UId="555" />
  <Access Scope="LocalVariable" UId="556">
    <Symbol UId="557">
      <Component Name="S_TimeOutTime" UId="558" />
      <Token Text="." UId="559" />
      <Component Name="Q" UId="560" />
    </Symbol>
  </Access>
  <Blank Num="1" UId="561" />
  <Token Text="AND" UId="562" />
  <Blank Num="1" UId="563" />
  <Token Text="NOT" UId="564" />
  <Blank Num="1" UId="565" />
  <Access Scope="LocalVariable" UId="566">
    <Symbol UId="567">
      <Component Name="I_IgnoreTimeOut" UId="568" />
    </Symbol>
  </Access>
  <Blank Num="1" UId="569" />
  <Token Text="THEN" UId="570" />
  <NewLine Num="1" UId="571" />
  <Blank Num="12" UId="572" />
  <Access Scope="Call" UId="573">
    <CallInfo UId="574" BlockType="FC">
      <Instance Scope="GlobalVariable" UId="576">
        <Component Name="SetPrevStepNumber_FC" UId="575" />
      </Instance>
      <Token Text="(" UId="577" />
      <Parameter Name="I_Step" UId="578">
        <Blank Num="1" UId="579" />
        <Token Text=":=" UId="580" />
        <Blank Num="1" UId="581" />
        <Access Scope="LocalVariable" UId="582">
          <Symbol UId="583">
            <Component Name="IO_StepNumber" UId="584" />
          </Symbol>
        </Access>
      </Parameter>
      <Token Text="," UId="585" />
      <NewLine Num="1" UId="586" />
      <Blank Num="35" UId="587" />
      <Parameter Name="IO_PrevStep" UId="588">
        <Blank Num="1" UId="589" />
        <Token Text=":=" UId="590" />
        <Blank Num="1" UId="591" />
        <Access Scope="LocalVariable" UId="592">
          <Symbol UId="593">
            <Component Name="IO_PrevStepNumber" UId="594" />
          </Symbol>
        </Access>
      </Parameter>
      <Token Text=")" UId="595" />
    </CallInfo>
  </Access>
  <Token Text=";" UId="596" />
  <NewLine Num="1" UId="597" />
  <Blank Num="12" UId="598" />
  <Access Scope="LocalVariable" UId="599">
    <Symbol UId="600">
      <Component Name="IO_StepNumber" UId="601" />
    </Symbol>
  </Access>
  <Blank Num="1" UId="602" />
  <Token Text=":=" UId="603" />
  <Blank Num="1" UId="604" />
  <Access Scope="LocalVariable" UId="605">
    <Symbol UId="606">
      <Component Name="I_TimeOutStepNumber" UId="607" />
    </Symbol>
  </Access>
  <Token Text=";" UId="608" />
  <NewLine Num="1" UId="609" />
  <Blank Num="12" UId="610" />
  <Access Scope="LocalVariable" UId="611">
    <Symbol UId="612">
      <Component Name="O_TimeTrans" UId="613" />
    </Symbol>
  </Access>
  <Blank Num="1" UId="614" />
  <Token Text=":=" UId="615" />
  <Blank Num="1" UId="616" />
  <Access Scope="LiteralConstant" UId="617">
    <Constant UId="618">
      <ConstantValue UId="620">true</ConstantValue>
    </Constant>
  </Access>
  <Token Text=";" UId="621" />
  <NewLine Num="1" UId="622" />
  <Blank Num="12" UId="623" />
  <Access Scope="Call" UId="624">
    <Instruction Name="RESET_TIMER" UId="625">
      <Token Text="(" UId="626" />
      <NamelessParameter UId="627">
        <Access Scope="LocalVariable" UId="628">
          <Symbol UId="629">
            <Component Name="S_TimeOutTime" UId="630" />
          </Symbol>
        </Access>
      </NamelessParameter>
      <Token Text=")" UId="631" />
    </Instruction>
  </Access>
  <Token Text=";" UId="632" />
  <NewLine Num="1" UId="633" />
  <Blank Num="12" UId="634" />
  <NewLine Num="1" UId="635" />
  <Blank Num="8" UId="636" />
  <Token Text="END_IF" UId="637" />
  <Token Text=";" UId="638" />
  <NewLine Num="1" UId="639" />
  <Blank Num="8" UId="640" />
  <NewLine Num="1" UId="641" />
  <Blank Num="4" UId="642" />
  <Token Text="END_REGION" UId="643" />
  <NewLine Num="1" UId="644" />
  <Token Text="ELSE" UId="645" />
  <NewLine Num="1" UId="646" />
  <Blank Num="4" UId="647" />
  <Access Scope="Call" UId="648">
    <Instruction Name="RESET_TIMER" UId="649">
      <Token Text="(" UId="650" />
      <NamelessParameter UId="651">
        <Access Scope="LocalVariable" UId="652">
          <Symbol UId="653">
            <Component Name="S_TimeOutTime" UId="654" />
          </Symbol>
        </Access>
      </NamelessParameter>
      <Token Text=")" UId="655" />
    </Instruction>
  </Access>
  <Token Text=";" UId="656" />
  <NewLine Num="1" UId="657" />
  <Blank Num="4" UId="658" />
  <Access Scope="Call" UId="659">
    <Instruction Name="RESET_TIMER" UId="660">
      <Token Text="(" UId="661" />
      <NamelessParameter UId="662">
        <Access Scope="LocalVariable" UId="663">
          <Symbol UId="664">
            <Component Name="S_ConditionTime" UId="665" />
          </Symbol>
        </Access>
      </NamelessParameter>
      <Token Text=")" UId="666" />
    </Instruction>
  </Access>
  <Token Text=";" UId="667" />
  <NewLine Num="1" UId="668" />
  <Blank Num="4" UId="669" />
  <Access Scope="Call" UId="670">
    <Instruction Name="RESET_TIMER" UId="671">
      <Token Text="(" UId="672" />
      <NamelessParameter UId="673">
        <Access Scope="LocalVariable" UId="674">
          <Symbol UId="675">
            <Component Name="S_ErrorConditionTIme" UId="676" />
          </Symbol>
        </Access>
      </NamelessParameter>
      <Token Text=")" UId="677" />
    </Instruction>
  </Access>
  <Token Text=";" UId="678" />
  <NewLine Num="1" UId="679" />
  <Blank Num="4" UId="680" />
  <Access Scope="LocalVariable" UId="681">
    <Symbol UId="682">
      <Component Name="O_ConditionTrans" UId="683" />
    </Symbol>
  </Access>
  <Blank Num="1" UId="684" />
  <Token Text=":=" UId="685" />
  <Blank Num="1" UId="686" />
  <Access Scope="LiteralConstant" UId="687">
    <Constant UId="688">
      <ConstantValue UId="690">FALSE</ConstantValue>
    </Constant>
  </Access>
  <Token Text=";" UId="691" />
  <NewLine Num="1" UId="692" />
  <Blank Num="4" UId="693" />
  <Access Scope="LocalVariable" UId="694">
    <Symbol UId="695">
      <Component Name="O_ErrorTrans" UId="696" />
    </Symbol>
  </Access>
  <Blank Num="1" UId="697" />
  <Token Text=":=" UId="698" />
  <Blank Num="1" UId="699" />
  <Access Scope="LiteralConstant" UId="700">
    <Constant UId="701">
      <ConstantValue UId="703">FALSE</ConstantValue>
    </Constant>
  </Access>
  <Token Text=";" UId="704" />
  <NewLine Num="1" UId="705" />
  <Blank Num="4" UId="706" />
  <Access Scope="LocalVariable" UId="707">
    <Symbol UId="708">
      <Component Name="O_TimeTrans" UId="709" />
    </Symbol>
  </Access>
  <Blank Num="1" UId="710" />
  <Token Text=":=" UId="711" />
  <Blank Num="1" UId="712" />
  <Access Scope="LiteralConstant" UId="713">
    <Constant UId="714">
      <ConstantValue UId="716">FALSE</ConstantValue>
    </Constant>
  </Access>
  <Token Text=";" UId="717" />
  <NewLine Num="1" UId="718" />
  <Token Text="END_IF" UId="719" />
  <Token Text=";" UId="720" />
  <NewLine Num="1" UId="721" />
</StructuredText></NetworkSource>
          <ProgrammingLanguage>SCL</ProgrammingLanguage>
        </AttributeList>
        <ObjectList>
          <MultilingualText ID="5" CompositionName="Comment">
            <ObjectList>
              <MultilingualTextItem ID="6" CompositionName="Items">
                <AttributeList>
                  <Culture>en-US</Culture>
                  <Text />
                </AttributeList>
              </MultilingualTextItem>
              <MultilingualTextItem ID="7" CompositionName="Items">
                <AttributeList>
                  <Culture>fr-BE</Culture>
                  <Text />
                </AttributeList>
              </MultilingualTextItem>
            </ObjectList>
          </MultilingualText>
          <MultilingualText ID="8" CompositionName="Title">
            <ObjectList>
              <MultilingualTextItem ID="9" CompositionName="Items">
                <AttributeList>
                  <Culture>en-US</Culture>
                  <Text />
                </AttributeList>
              </MultilingualTextItem>
              <MultilingualTextItem ID="A" CompositionName="Items">
                <AttributeList>
                  <Culture>fr-BE</Culture>
                  <Text />
                </AttributeList>
              </MultilingualTextItem>
            </ObjectList>
          </MultilingualText>
        </ObjectList>
      </SW.Blocks.CompileUnit>
      <MultilingualText ID="B" CompositionName="Title">
        <ObjectList>
          <MultilingualTextItem ID="C" CompositionName="Items">
            <AttributeList>
              <Culture>en-US</Culture>
              <Text />
            </AttributeList>
          </MultilingualTextItem>
          <MultilingualTextItem ID="D" CompositionName="Items">
            <AttributeList>
              <Culture>fr-BE</Culture>
              <Text />
            </AttributeList>
          </MultilingualTextItem>
        </ObjectList>
      </MultilingualText>
    </ObjectList>
  </SW.Blocks.FB>
</Document>