﻿<?xml version="1.0" encoding="utf-8"?>
<Document>
  <Engineering version="V16" />
  <DocumentInfo>
    <Created>2023-11-13T10:46:12.5628184Z</Created>
    <ExportSetting>WithDefaults</ExportSetting>
    <InstalledProducts>
      <Product>
        <DisplayName>Totally Integrated Automation Portal</DisplayName>
        <DisplayVersion>V16 Update 6</DisplayVersion>
      </Product>
      <OptionPackage>
        <DisplayName>TIA Portal Version Control Interface</DisplayName>
        <DisplayVersion>V16 Update 2</DisplayVersion>
      </OptionPackage>
      <OptionPackage>
        <DisplayName>TIA Portal Openness</DisplayName>
        <DisplayVersion>V16 Update 6</DisplayVersion>
      </OptionPackage>
      <OptionPackage>
        <DisplayName>TIA Portal Teamcenter Gateway</DisplayName>
        <DisplayVersion>V16</DisplayVersion>
      </OptionPackage>
      <Product>
        <DisplayName>SINAMICS Startdrive Advanced</DisplayName>
        <DisplayVersion>V16 Update 5</DisplayVersion>
      </Product>
      <OptionPackage>
        <DisplayName>SINAMICS Startdrive G130, G150, S120, S150, SINAMICS MV, S210</DisplayName>
        <DisplayVersion>V16 Update 5</DisplayVersion>
      </OptionPackage>
      <OptionPackage>
        <DisplayName>SINAMICS Startdrive G110M, G120, G120C, G120D, G120P, G115D</DisplayName>
        <DisplayVersion>V16 Update 5</DisplayVersion>
      </OptionPackage>
      <Product>
        <DisplayName>STEP 7 Professional</DisplayName>
        <DisplayVersion>V16 Update 6</DisplayVersion>
      </Product>
      <OptionPackage>
        <DisplayName>STEP 7 Safety</DisplayName>
        <DisplayVersion>V16</DisplayVersion>
      </OptionPackage>
      <Product>
        <DisplayName>WinCC Advanced / Unified PC</DisplayName>
        <DisplayVersion>V16 Update 6</DisplayVersion>
      </Product>
    </InstalledProducts>
  </DocumentInfo>
  <SW.Blocks.FB ID="0">
    <AttributeList>
      <AutoNumber>true</AutoNumber>
      <HeaderAuthor />
      <HeaderFamily />
      <HeaderName />
      <HeaderVersion>0.1</HeaderVersion>
      <Interface><Sections xmlns="http://www.siemens.com/automation/Openness/SW/Interface/v4">
  <Section Name="Input">
    <Member Name="I_StepNumber" Datatype="DInt" Remanence="SetInIDB" Accessibility="Public"><AttributeList><BooleanAttribute Name="ExternalAccessible" SystemDefined="true">true</BooleanAttribute><BooleanAttribute Name="ExternalVisible" SystemDefined="true">true</BooleanAttribute><BooleanAttribute Name="ExternalWritable" SystemDefined="true">true</BooleanAttribute></AttributeList></Member>
    <Member Name="I_NextStepNumber" Datatype="DInt" Remanence="SetInIDB" Accessibility="Public"><AttributeList><BooleanAttribute Name="ExternalAccessible" SystemDefined="true">true</BooleanAttribute><BooleanAttribute Name="ExternalVisible" SystemDefined="true">true</BooleanAttribute><BooleanAttribute Name="ExternalWritable" SystemDefined="true">true</BooleanAttribute></AttributeList></Member>
    <Member Name="I_Condition" Datatype="Bool" Remanence="SetInIDB" Accessibility="Public"><AttributeList><BooleanAttribute Name="ExternalAccessible" SystemDefined="true">true</BooleanAttribute><BooleanAttribute Name="ExternalVisible" SystemDefined="true">true</BooleanAttribute><BooleanAttribute Name="ExternalWritable" SystemDefined="true">true</BooleanAttribute></AttributeList></Member>
    <Member Name="I_ConditionTime" Datatype="Time" Remanence="SetInIDB" Accessibility="Public"><AttributeList><BooleanAttribute Name="ExternalAccessible" SystemDefined="true">true</BooleanAttribute><BooleanAttribute Name="ExternalVisible" SystemDefined="true">true</BooleanAttribute><BooleanAttribute Name="ExternalWritable" SystemDefined="true">true</BooleanAttribute></AttributeList></Member>
  </Section>
  <Section Name="Output">
    <Member Name="O_ConditionTrans" Datatype="Bool" Remanence="SetInIDB" Accessibility="Public"><AttributeList><BooleanAttribute Name="ExternalAccessible" SystemDefined="true">true</BooleanAttribute><BooleanAttribute Name="ExternalVisible" SystemDefined="true">true</BooleanAttribute><BooleanAttribute Name="ExternalWritable" SystemDefined="true">true</BooleanAttribute></AttributeList></Member>
  </Section>
  <Section Name="InOut">
    <Member Name="IO_StepNumber" Datatype="DInt" Remanence="SetInIDB" Accessibility="Public"><AttributeList><BooleanAttribute Name="ExternalAccessible" SystemDefined="true">true</BooleanAttribute><BooleanAttribute Name="ExternalVisible" SystemDefined="true">true</BooleanAttribute><BooleanAttribute Name="ExternalWritable" SystemDefined="true">true</BooleanAttribute></AttributeList></Member>
    <Member Name="IO_PrevStepNumber" Datatype="DInt" Remanence="SetInIDB" Accessibility="Public"><AttributeList><BooleanAttribute Name="ExternalAccessible" SystemDefined="true">true</BooleanAttribute><BooleanAttribute Name="ExternalVisible" SystemDefined="true">true</BooleanAttribute><BooleanAttribute Name="ExternalWritable" SystemDefined="true">true</BooleanAttribute></AttributeList></Member>
  </Section>
  <Section Name="Static">
    <Member Name="conditionTime" Datatype="TON_TIME" Version="1.0" Remanence="SetInIDB" Accessibility="Public"><AttributeList><BooleanAttribute Name="ExternalAccessible" SystemDefined="true">true</BooleanAttribute><BooleanAttribute Name="ExternalVisible" SystemDefined="true">true</BooleanAttribute><BooleanAttribute Name="ExternalWritable" SystemDefined="true">true</BooleanAttribute><BooleanAttribute Name="SetPoint" SystemDefined="true">false</BooleanAttribute></AttributeList><Sections><Section Name="None"><Member Name="PT" Datatype="Time" /><Member Name="ET" Datatype="Time" /><Member Name="IN" Datatype="Bool" /><Member Name="Q" Datatype="Bool" /></Section></Sections></Member>
  </Section>
  <Section Name="Temp">
    <Member Name="T_Bug" Datatype="Bool" />
  </Section>
  <Section Name="Constant" />
</Sections></Interface>
      <IsIECCheckEnabled>false</IsIECCheckEnabled>
      <MemoryLayout>Standard</MemoryLayout>
      <Name>StepperControllerSimple</Name>
      <Number>110</Number>
      <ProgrammingLanguage>SCL</ProgrammingLanguage>
      <SetENOAutomatically>false</SetENOAutomatically>
      <UDABlockProperties />
      <UDAEnableTagReadback>false</UDAEnableTagReadback>
    </AttributeList>
    <ObjectList>
      <MultilingualText ID="1" CompositionName="Comment">
        <ObjectList>
          <MultilingualTextItem ID="2" CompositionName="Items">
            <AttributeList>
              <Culture>en-US</Culture>
              <Text />
            </AttributeList>
          </MultilingualTextItem>
          <MultilingualTextItem ID="3" CompositionName="Items">
            <AttributeList>
              <Culture>fr-BE</Culture>
              <Text />
            </AttributeList>
          </MultilingualTextItem>
        </ObjectList>
      </MultilingualText>
      <SW.Blocks.CompileUnit ID="4" CompositionName="CompileUnits">
        <AttributeList>
          <NetworkSource><StructuredText xmlns="http://www.siemens.com/automation/Openness/SW/NetworkSource/StructuredText/v3">
  <LineComment Inserted="false" NoClosingBracket="false" UId="21">
    <Text UId="22">Reset flags</Text>
  </LineComment>
  <NewLine Num="1" UId="23" />
  <Access Scope="LocalVariable" UId="24">
    <Symbol UId="25">
      <Component Name="O_ConditionTrans" UId="26" />
    </Symbol>
  </Access>
  <Blank Num="1" UId="27" />
  <Token Text=":=" UId="28" />
  <Blank Num="1" UId="29" />
  <Access Scope="LiteralConstant" UId="30">
    <Constant UId="31">
      <ConstantValue UId="33">false</ConstantValue>
    </Constant>
  </Access>
  <Token Text=";" UId="34" />
  <NewLine Num="2" UId="35" />
  <Token Text="IF" UId="36" />
  <Blank Num="1" UId="37" />
  <Access Scope="LocalVariable" UId="38">
    <Symbol UId="39">
      <Component Name="I_StepNumber" UId="40" />
    </Symbol>
  </Access>
  <Blank Num="1" UId="41" />
  <Token Text="=" UId="42" />
  <Blank Num="1" UId="43" />
  <Access Scope="LocalVariable" UId="44">
    <Symbol UId="45">
      <Component Name="IO_StepNumber" UId="46" />
    </Symbol>
  </Access>
  <Blank Num="1" UId="47" />
  <Token Text="THEN" UId="48" />
  <NewLine Num="1" UId="49" />
  <Blank Num="4" UId="50" />
  <NewLine Num="1" UId="51" />
  <Blank Num="4" UId="52" />
  <Token Text="IF" UId="53" />
  <Blank Num="1" UId="54" />
  <Access Scope="LocalVariable" UId="55">
    <Symbol UId="56">
      <Component Name="I_Condition" UId="57" />
    </Symbol>
  </Access>
  <Blank Num="1" UId="58" />
  <Token Text="THEN" UId="59" />
  <NewLine Num="1" UId="60" />
  <Blank Num="8" UId="61" />
  <Token Text="IF" UId="62" />
  <Blank Num="1" UId="63" />
  <Access Scope="LocalVariable" UId="64">
    <Symbol UId="65">
      <Component Name="I_ConditionTime" UId="66" />
    </Symbol>
  </Access>
  <Blank Num="1" UId="67" />
  <Token Text="=" UId="68" />
  <Blank Num="1" UId="69" />
  <Access Scope="TypedConstant" UId="70">
    <Constant UId="71">
      <ConstantValue UId="72">t#0ms</ConstantValue>
    </Constant>
  </Access>
  <Blank Num="1" UId="73" />
  <Token Text="THEN" UId="74" />
  <NewLine Num="1" UId="75" />
  <Blank Num="12" UId="76" />
  <Access Scope="Call" UId="77">
    <CallInfo UId="78" BlockType="FC">
      <Instance Scope="GlobalVariable" UId="80">
        <Component Name="SetPrevStepNumber_FC" UId="79" />
      </Instance>
      <Token Text="(" UId="81" />
      <Parameter Name="I_Step" UId="82">
        <Blank Num="1" UId="83" />
        <Token Text=":=" UId="84" />
        <Blank Num="1" UId="85" />
        <Access Scope="LocalVariable" UId="86">
          <Symbol UId="87">
            <Component Name="IO_StepNumber" UId="88" />
          </Symbol>
        </Access>
      </Parameter>
      <Token Text="," UId="89" />
      <NewLine Num="1" UId="90" />
      <Blank Num="35" UId="91" />
      <Parameter Name="IO_PrevStep" UId="92">
        <Blank Num="1" UId="93" />
        <Token Text=":=" UId="94" />
        <Blank Num="1" UId="95" />
        <Access Scope="LocalVariable" UId="96">
          <Symbol UId="97">
            <Component Name="IO_PrevStepNumber" UId="98" />
          </Symbol>
        </Access>
      </Parameter>
      <Token Text=")" UId="99" />
    </CallInfo>
  </Access>
  <Token Text=";" UId="100" />
  <NewLine Num="1" UId="101" />
  <Blank Num="12" UId="102" />
  <Access Scope="LocalVariable" UId="103">
    <Symbol UId="104">
      <Component Name="IO_StepNumber" UId="105" />
    </Symbol>
  </Access>
  <Blank Num="1" UId="106" />
  <Token Text=":=" UId="107" />
  <Blank Num="1" UId="108" />
  <Access Scope="LocalVariable" UId="109">
    <Symbol UId="110">
      <Component Name="I_NextStepNumber" UId="111" />
    </Symbol>
  </Access>
  <Token Text=";" UId="112" />
  <NewLine Num="1" UId="113" />
  <Blank Num="12" UId="114" />
  <Access Scope="LocalVariable" UId="115">
    <Symbol UId="116">
      <Component Name="O_ConditionTrans" UId="117" />
    </Symbol>
  </Access>
  <Blank Num="1" UId="118" />
  <Token Text=":=" UId="119" />
  <Blank Num="1" UId="120" />
  <Access Scope="LiteralConstant" UId="121">
    <Constant UId="122">
      <ConstantValue UId="124">true</ConstantValue>
    </Constant>
  </Access>
  <Token Text=";" UId="125" />
  <NewLine Num="1" UId="126" />
  <Blank Num="8" UId="127" />
  <Token Text="ELSE" UId="128" />
  <NewLine Num="1" UId="129" />
  <Blank Num="12" UId="130" />
  <Access Scope="LocalVariable" UId="131">
    <Symbol UId="132">
      <Component Name="conditionTime" UId="133" />
    </Symbol>
  </Access>
  <Access Scope="Call" UId="134">
    <Instruction UId="135">
      <Token Text="(" UId="136" />
      <Parameter Name="IN" UId="137">
        <Blank Num="1" UId="138" />
        <Token Text=":=" UId="139" />
        <Blank Num="1" UId="140" />
        <Access Scope="LocalVariable" UId="141">
          <Symbol UId="142">
            <Component Name="I_Condition" UId="143" />
          </Symbol>
        </Access>
      </Parameter>
      <Token Text="," UId="144" />
      <NewLine Num="1" UId="145" />
      <Blank Num="27" UId="146" />
      <Parameter Name="Q" UId="147">
        <Blank Num="1" UId="148" />
        <Token Text="=&gt;" UId="149" />
        <Blank Num="1" UId="150" />
        <Access Scope="LocalVariable" UId="151">
          <Symbol UId="152">
            <Component Name="T_Bug" UId="153" />
          </Symbol>
        </Access>
      </Parameter>
      <Token Text="," UId="154" />
      <NewLine Num="1" UId="155" />
      <Blank Num="27" UId="156" />
      <Parameter Name="PT" UId="157">
        <Blank Num="1" UId="158" />
        <Token Text=":=" UId="159" />
        <Blank Num="1" UId="160" />
        <Access Scope="LocalVariable" UId="161">
          <Symbol UId="162">
            <Component Name="I_ConditionTime" UId="163" />
          </Symbol>
        </Access>
      </Parameter>
      <Token Text=")" UId="164" />
    </Instruction>
  </Access>
  <Token Text=";" UId="165" />
  <NewLine Num="1" UId="166" />
  <Blank Num="12" UId="167" />
  <NewLine Num="1" UId="168" />
  <Blank Num="12" UId="169" />
  <Token Text="IF" UId="170" />
  <Blank Num="1" UId="171" />
  <Access Scope="LocalVariable" UId="172">
    <Symbol UId="173">
      <Component Name="conditionTime" UId="174" />
      <Token Text="." UId="175" />
      <Component Name="Q" UId="176" />
    </Symbol>
  </Access>
  <Blank Num="1" UId="177" />
  <Token Text="THEN" UId="178" />
  <NewLine Num="1" UId="179" />
  <Blank Num="16" UId="180" />
  <Access Scope="Call" UId="181">
    <CallInfo UId="182" BlockType="FC">
      <Instance Scope="GlobalVariable" UId="184">
        <Component Name="SetPrevStepNumber_FC" UId="183" />
      </Instance>
      <Token Text="(" UId="185" />
      <Parameter Name="I_Step" UId="186">
        <Blank Num="1" UId="187" />
        <Token Text=":=" UId="188" />
        <Blank Num="1" UId="189" />
        <Access Scope="LocalVariable" UId="190">
          <Symbol UId="191">
            <Component Name="IO_StepNumber" UId="192" />
          </Symbol>
        </Access>
      </Parameter>
      <Token Text="," UId="193" />
      <NewLine Num="1" UId="194" />
      <Blank Num="39" UId="195" />
      <Parameter Name="IO_PrevStep" UId="196">
        <Blank Num="1" UId="197" />
        <Token Text=":=" UId="198" />
        <Blank Num="1" UId="199" />
        <Access Scope="LocalVariable" UId="200">
          <Symbol UId="201">
            <Component Name="IO_PrevStepNumber" UId="202" />
          </Symbol>
        </Access>
      </Parameter>
      <Token Text=")" UId="203" />
    </CallInfo>
  </Access>
  <Token Text=";" UId="204" />
  <NewLine Num="1" UId="205" />
  <Blank Num="16" UId="206" />
  <Access Scope="LocalVariable" UId="207">
    <Symbol UId="208">
      <Component Name="IO_StepNumber" UId="209" />
    </Symbol>
  </Access>
  <Blank Num="1" UId="210" />
  <Token Text=":=" UId="211" />
  <Blank Num="1" UId="212" />
  <Access Scope="LocalVariable" UId="213">
    <Symbol UId="214">
      <Component Name="I_NextStepNumber" UId="215" />
    </Symbol>
  </Access>
  <Token Text=";" UId="216" />
  <NewLine Num="1" UId="217" />
  <Blank Num="16" UId="218" />
  <Access Scope="LocalVariable" UId="219">
    <Symbol UId="220">
      <Component Name="O_ConditionTrans" UId="221" />
    </Symbol>
  </Access>
  <Blank Num="1" UId="222" />
  <Token Text=":=" UId="223" />
  <Blank Num="1" UId="224" />
  <Access Scope="LiteralConstant" UId="225">
    <Constant UId="226">
      <ConstantValue UId="228">true</ConstantValue>
    </Constant>
  </Access>
  <Token Text=";" UId="229" />
  <NewLine Num="1" UId="230" />
  <Blank Num="12" UId="231" />
  <Token Text="END_IF" UId="232" />
  <Token Text=";" UId="233" />
  <NewLine Num="1" UId="234" />
  <Blank Num="8" UId="235" />
  <Token Text="END_IF" UId="236" />
  <Token Text=";" UId="237" />
  <NewLine Num="1" UId="238" />
  <Blank Num="4" UId="239" />
  <Token Text="END_IF" UId="240" />
  <Token Text=";" UId="241" />
  <NewLine Num="1" UId="242" />
  <Token Text="ELSE" UId="243" />
  <NewLine Num="1" UId="244" />
  <Blank Num="4" UId="245" />
  <Access Scope="Call" UId="246">
    <Instruction Name="RESET_TIMER" UId="247">
      <Token Text="(" UId="248" />
      <NamelessParameter UId="249">
        <Access Scope="LocalVariable" UId="250">
          <Symbol UId="251">
            <Component Name="conditionTime" UId="252" />
          </Symbol>
        </Access>
      </NamelessParameter>
      <Token Text=")" UId="253" />
    </Instruction>
  </Access>
  <Token Text=";" UId="254" />
  <NewLine Num="1" UId="255" />
  <Blank Num="4" UId="256" />
  <Access Scope="LocalVariable" UId="257">
    <Symbol UId="258">
      <Component Name="O_ConditionTrans" UId="259" />
    </Symbol>
  </Access>
  <Blank Num="1" UId="260" />
  <Token Text=":=" UId="261" />
  <Blank Num="1" UId="262" />
  <Access Scope="LiteralConstant" UId="263">
    <Constant UId="264">
      <ConstantValue UId="266">FALSE</ConstantValue>
    </Constant>
  </Access>
  <Token Text=";" UId="267" />
  <NewLine Num="1" UId="268" />
  <Blank Num="4" UId="269" />
  <NewLine Num="1" UId="270" />
  <Token Text="END_IF" UId="271" />
  <Token Text=";" UId="272" />
  <NewLine Num="1" UId="273" />
</StructuredText></NetworkSource>
          <ProgrammingLanguage>SCL</ProgrammingLanguage>
        </AttributeList>
        <ObjectList>
          <MultilingualText ID="5" CompositionName="Comment">
            <ObjectList>
              <MultilingualTextItem ID="6" CompositionName="Items">
                <AttributeList>
                  <Culture>en-US</Culture>
                  <Text />
                </AttributeList>
              </MultilingualTextItem>
              <MultilingualTextItem ID="7" CompositionName="Items">
                <AttributeList>
                  <Culture>fr-BE</Culture>
                  <Text />
                </AttributeList>
              </MultilingualTextItem>
            </ObjectList>
          </MultilingualText>
          <MultilingualText ID="8" CompositionName="Title">
            <ObjectList>
              <MultilingualTextItem ID="9" CompositionName="Items">
                <AttributeList>
                  <Culture>en-US</Culture>
                  <Text />
                </AttributeList>
              </MultilingualTextItem>
              <MultilingualTextItem ID="A" CompositionName="Items">
                <AttributeList>
                  <Culture>fr-BE</Culture>
                  <Text />
                </AttributeList>
              </MultilingualTextItem>
            </ObjectList>
          </MultilingualText>
        </ObjectList>
      </SW.Blocks.CompileUnit>
      <MultilingualText ID="B" CompositionName="Title">
        <ObjectList>
          <MultilingualTextItem ID="C" CompositionName="Items">
            <AttributeList>
              <Culture>en-US</Culture>
              <Text />
            </AttributeList>
          </MultilingualTextItem>
          <MultilingualTextItem ID="D" CompositionName="Items">
            <AttributeList>
              <Culture>fr-BE</Culture>
              <Text />
            </AttributeList>
          </MultilingualTextItem>
        </ObjectList>
      </MultilingualText>
    </ObjectList>
  </SW.Blocks.FB>
</Document>