﻿<?xml version="1.0" encoding="utf-8"?>
<Document>
  <Engineering version="V16" />
  <DocumentInfo>
    <Created>2023-11-13T10:46:19.4193537Z</Created>
    <ExportSetting>WithReadOnly</ExportSetting>
    <InstalledProducts>
      <Product>
        <DisplayName>Totally Integrated Automation Portal</DisplayName>
        <DisplayVersion>V16 Update 6</DisplayVersion>
      </Product>
      <OptionPackage>
        <DisplayName>TIA Portal Version Control Interface</DisplayName>
        <DisplayVersion>V16 Update 2</DisplayVersion>
      </OptionPackage>
      <OptionPackage>
        <DisplayName>TIA Portal Openness</DisplayName>
        <DisplayVersion>V16 Update 6</DisplayVersion>
      </OptionPackage>
      <OptionPackage>
        <DisplayName>TIA Portal Teamcenter Gateway</DisplayName>
        <DisplayVersion>V16</DisplayVersion>
      </OptionPackage>
      <Product>
        <DisplayName>SINAMICS Startdrive Advanced</DisplayName>
        <DisplayVersion>V16 Update 5</DisplayVersion>
      </Product>
      <OptionPackage>
        <DisplayName>SINAMICS Startdrive G130, G150, S120, S150, SINAMICS MV, S210</DisplayName>
        <DisplayVersion>V16 Update 5</DisplayVersion>
      </OptionPackage>
      <OptionPackage>
        <DisplayName>SINAMICS Startdrive G110M, G120, G120C, G120D, G120P, G115D</DisplayName>
        <DisplayVersion>V16 Update 5</DisplayVersion>
      </OptionPackage>
      <Product>
        <DisplayName>STEP 7 Professional</DisplayName>
        <DisplayVersion>V16 Update 6</DisplayVersion>
      </Product>
      <OptionPackage>
        <DisplayName>STEP 7 Safety</DisplayName>
        <DisplayVersion>V16</DisplayVersion>
      </OptionPackage>
      <Product>
        <DisplayName>WinCC Advanced / Unified PC</DisplayName>
        <DisplayVersion>V16 Update 6</DisplayVersion>
      </Product>
    </InstalledProducts>
  </DocumentInfo>
  <SW.Types.PlcStruct ID="0">
    <AttributeList>
      <CreationDate ReadOnly="true">2023-07-16T09:59:55.4392138Z</CreationDate>
      <Interface><Sections xmlns="http://www.siemens.com/automation/Openness/SW/Interface/v4">
  <Section Name="None">
    <Member Name="REQ_STATUS" Datatype="&quot;PLC_IPC_STANDARD_REQ_RES_UDT&quot;" />
    <Member Name="REQ_DATA" Datatype="&quot;PLC_GETDATA_REQ_DATA_UDT&quot;" />
    <Member Name="PLC_DATA" Datatype="&quot;IPC_GETDATA_RES_DATA_UDT&quot;" />
    <Member Name="IPC_STATUS" Datatype="&quot;IPC_INTERFACE_STATUS_UDT&quot;" />
    <Member Name="id" Datatype="String[20]" />
  </Section>
</Sections></Interface>
      <InterfaceModifiedDate ReadOnly="true">2023-07-16T10:13:41.127045Z</InterfaceModifiedDate>
      <IsConsistent ReadOnly="true">true</IsConsistent>
      <LibraryConformanceStatus ReadOnly="true">The object is library-conformant.</LibraryConformanceStatus>
      <ModifiedDate ReadOnly="true">2023-07-16T10:13:41.127045Z</ModifiedDate>
      <Name>PLC_ROUTING_DATA_UDT</Name>
    </AttributeList>
    <ObjectList>
      <MultilingualText ID="1" CompositionName="Comment">
        <ObjectList>
          <MultilingualTextItem ID="2" CompositionName="Items">
            <AttributeList>
              <Culture>en-US</Culture>
              <Text />
            </AttributeList>
          </MultilingualTextItem>
          <MultilingualTextItem ID="3" CompositionName="Items">
            <AttributeList>
              <Culture>fr-BE</Culture>
              <Text />
            </AttributeList>
          </MultilingualTextItem>
        </ObjectList>
      </MultilingualText>
      <MultilingualText ID="4" CompositionName="Title">
        <ObjectList>
          <MultilingualTextItem ID="5" CompositionName="Items">
            <AttributeList>
              <Culture>en-US</Culture>
              <Text />
            </AttributeList>
          </MultilingualTextItem>
          <MultilingualTextItem ID="6" CompositionName="Items">
            <AttributeList>
              <Culture>fr-BE</Culture>
              <Text />
            </AttributeList>
          </MultilingualTextItem>
        </ObjectList>
      </MultilingualText>
    </ObjectList>
  </SW.Types.PlcStruct>
</Document>