﻿<?xml version="1.0" encoding="utf-8"?>
<Document>
  <Engineering version="V16" />
  <DocumentInfo>
    <Created>2023-11-13T10:46:18.3999085Z</Created>
    <ExportSetting>WithReadOnly</ExportSetting>
    <InstalledProducts>
      <Product>
        <DisplayName>Totally Integrated Automation Portal</DisplayName>
        <DisplayVersion>V16 Update 6</DisplayVersion>
      </Product>
      <OptionPackage>
        <DisplayName>TIA Portal Version Control Interface</DisplayName>
        <DisplayVersion>V16 Update 2</DisplayVersion>
      </OptionPackage>
      <OptionPackage>
        <DisplayName>TIA Portal Openness</DisplayName>
        <DisplayVersion>V16 Update 6</DisplayVersion>
      </OptionPackage>
      <OptionPackage>
        <DisplayName>TIA Portal Teamcenter Gateway</DisplayName>
        <DisplayVersion>V16</DisplayVersion>
      </OptionPackage>
      <Product>
        <DisplayName>SINAMICS Startdrive Advanced</DisplayName>
        <DisplayVersion>V16 Update 5</DisplayVersion>
      </Product>
      <OptionPackage>
        <DisplayName>SINAMICS Startdrive G130, G150, S120, S150, SINAMICS MV, S210</DisplayName>
        <DisplayVersion>V16 Update 5</DisplayVersion>
      </OptionPackage>
      <OptionPackage>
        <DisplayName>SINAMICS Startdrive G110M, G120, G120C, G120D, G120P, G115D</DisplayName>
        <DisplayVersion>V16 Update 5</DisplayVersion>
      </OptionPackage>
      <Product>
        <DisplayName>STEP 7 Professional</DisplayName>
        <DisplayVersion>V16 Update 6</DisplayVersion>
      </Product>
      <OptionPackage>
        <DisplayName>STEP 7 Safety</DisplayName>
        <DisplayVersion>V16</DisplayVersion>
      </OptionPackage>
      <Product>
        <DisplayName>WinCC Advanced / Unified PC</DisplayName>
        <DisplayVersion>V16 Update 6</DisplayVersion>
      </Product>
    </InstalledProducts>
  </DocumentInfo>
  <SW.Types.PlcStruct ID="0">
    <AttributeList>
      <CreationDate ReadOnly="true">2021-07-13T07:41:36.2278727Z</CreationDate>
      <Interface><Sections xmlns="http://www.siemens.com/automation/Openness/SW/Interface/v4">
  <Section Name="None">
    <Member Name="Inputs" Datatype="Struct">
      <Member Name="spare" Datatype="Byte" />
      <Member Name="spare_0" Datatype="Bool" />
      <Member Name="spare_1" Datatype="Bool" />
      <Member Name="spare_2" Datatype="Bool" />
      <Member Name="spare_3" Datatype="Bool" />
      <Member Name="spare_4" Datatype="Bool" />
      <Member Name="spare_5" Datatype="Bool" />
      <Member Name="Input_E0" Datatype="Bool" />
      <Member Name="Input_E1" Datatype="Bool" />
    </Member>
    <Member Name="Outputs" Datatype="Struct">
      <Member Name="spare" Datatype="Byte" />
      <Member Name="spare_0" Datatype="Bool" />
      <Member Name="spare_1" Datatype="Bool" />
      <Member Name="spare_2" Datatype="Bool" />
      <Member Name="spare_3" Datatype="Bool" />
      <Member Name="spare_4" Datatype="Bool" />
      <Member Name="spare_5" Datatype="Bool" />
      <Member Name="Output_A0" Datatype="Bool" />
      <Member Name="Output_A1" Datatype="Bool" />
    </Member>
    <Member Name="NetWeight" Datatype="Int" />
    <Member Name="GrossWeight" Datatype="Int" />
    <Member Name="Status" Datatype="Struct">
      <Member Name="Handshake" Datatype="Bool" />
      <Member Name="Status" Datatype="Bool">
        <Comment>
          <MultiLanguageText Lang="en-US">1 = command carried out</MultiLanguageText>
        </Comment>
      </Member>
      <Member Name="OutOfTolerance" Datatype="Bool" />
      <Member Name="FlowRateLow" Datatype="Bool" />
      <Member Name="spare_0" Datatype="Bool" />
      <Member Name="spare_1" Datatype="Bool" />
      <Member Name="spare_2" Datatype="Bool" />
      <Member Name="ReadyForStart" Datatype="Bool" />
      <Member Name="GrossUnderZero" Datatype="Bool" />
      <Member Name="OverLoad" Datatype="Bool" />
      <Member Name="ScaleInMotion" Datatype="Bool" />
      <Member Name="Error" Datatype="Bool" />
      <Member Name="TrailingDecimals0" Datatype="Bool" />
      <Member Name="TrailingDecimals1" Datatype="Bool" />
      <Member Name="TrailingDecimals2" Datatype="Bool" />
      <Member Name="WeightFactor10" Datatype="Bool" />
    </Member>
    <Member Name="FillingStepCounter" Datatype="Int" />
    <Member Name="NetWeight_1" Datatype="Real" />
    <Member Name="GrossWeight_1" Datatype="Real" />
    <Member Name="StepperCounter" Datatype="Int" />
  </Section>
</Sections></Interface>
      <InterfaceModifiedDate ReadOnly="true">2021-07-11T06:56:03.4750348Z</InterfaceModifiedDate>
      <IsConsistent ReadOnly="true">true</IsConsistent>
      <LibraryConformanceStatus ReadOnly="true">The object is library-conformant.</LibraryConformanceStatus>
      <ModifiedDate ReadOnly="true">2021-07-11T06:56:03.4750348Z</ModifiedDate>
      <Name>IT2000M_Scale_IN_UDT</Name>
    </AttributeList>
    <ObjectList>
      <MultilingualText ID="1" CompositionName="Comment">
        <ObjectList>
          <MultilingualTextItem ID="2" CompositionName="Items">
            <AttributeList>
              <Culture>en-US</Culture>
              <Text />
            </AttributeList>
          </MultilingualTextItem>
          <MultilingualTextItem ID="3" CompositionName="Items">
            <AttributeList>
              <Culture>fr-BE</Culture>
              <Text />
            </AttributeList>
          </MultilingualTextItem>
        </ObjectList>
      </MultilingualText>
      <MultilingualText ID="4" CompositionName="Title">
        <ObjectList>
          <MultilingualTextItem ID="5" CompositionName="Items">
            <AttributeList>
              <Culture>en-US</Culture>
              <Text />
            </AttributeList>
          </MultilingualTextItem>
          <MultilingualTextItem ID="6" CompositionName="Items">
            <AttributeList>
              <Culture>fr-BE</Culture>
              <Text />
            </AttributeList>
          </MultilingualTextItem>
        </ObjectList>
      </MultilingualText>
    </ObjectList>
  </SW.Types.PlcStruct>
</Document>