﻿<?xml version="1.0" encoding="utf-8"?>
<Document>
  <Engineering version="V16" />
  <DocumentInfo>
    <Created>2023-11-13T10:46:18.4129087Z</Created>
    <ExportSetting>WithReadOnly</ExportSetting>
    <InstalledProducts>
      <Product>
        <DisplayName>Totally Integrated Automation Portal</DisplayName>
        <DisplayVersion>V16 Update 6</DisplayVersion>
      </Product>
      <OptionPackage>
        <DisplayName>TIA Portal Version Control Interface</DisplayName>
        <DisplayVersion>V16 Update 2</DisplayVersion>
      </OptionPackage>
      <OptionPackage>
        <DisplayName>TIA Portal Openness</DisplayName>
        <DisplayVersion>V16 Update 6</DisplayVersion>
      </OptionPackage>
      <OptionPackage>
        <DisplayName>TIA Portal Teamcenter Gateway</DisplayName>
        <DisplayVersion>V16</DisplayVersion>
      </OptionPackage>
      <Product>
        <DisplayName>SINAMICS Startdrive Advanced</DisplayName>
        <DisplayVersion>V16 Update 5</DisplayVersion>
      </Product>
      <OptionPackage>
        <DisplayName>SINAMICS Startdrive G130, G150, S120, S150, SINAMICS MV, S210</DisplayName>
        <DisplayVersion>V16 Update 5</DisplayVersion>
      </OptionPackage>
      <OptionPackage>
        <DisplayName>SINAMICS Startdrive G110M, G120, G120C, G120D, G120P, G115D</DisplayName>
        <DisplayVersion>V16 Update 5</DisplayVersion>
      </OptionPackage>
      <Product>
        <DisplayName>STEP 7 Professional</DisplayName>
        <DisplayVersion>V16 Update 6</DisplayVersion>
      </Product>
      <OptionPackage>
        <DisplayName>STEP 7 Safety</DisplayName>
        <DisplayVersion>V16</DisplayVersion>
      </OptionPackage>
      <Product>
        <DisplayName>WinCC Advanced / Unified PC</DisplayName>
        <DisplayVersion>V16 Update 6</DisplayVersion>
      </Product>
    </InstalledProducts>
  </DocumentInfo>
  <SW.Types.PlcStruct ID="0">
    <AttributeList>
      <CreationDate ReadOnly="true">2021-07-13T07:41:36.2278727Z</CreationDate>
      <Interface><Sections xmlns="http://www.siemens.com/automation/Openness/SW/Interface/v4">
  <Section Name="None">
    <Member Name="Commands" Datatype="Struct">
      <Member Name="AbortFilling" Datatype="Bool" />
      <Member Name="AckOutOfTolerance" Datatype="Bool" />
      <Member Name="StopBeforeToleranceCheck" Datatype="Bool" />
      <Member Name="ShowText" Datatype="Bool" />
      <Member Name="SetDigitalOutputs" Datatype="Bool" />
      <Member Name="WeightStorage" Datatype="Bool" />
      <Member Name="spare_0" Datatype="Bool" />
      <Member Name="spare_1" Datatype="Bool" />
      <Member Name="SetZero" Datatype="Bool" />
      <Member Name="AutoTaring" Datatype="Bool" />
      <Member Name="SetToGross" Datatype="Bool" />
      <Member Name="ManualTaring" Datatype="Bool" />
      <Member Name="FillingWithoutTaring" Datatype="Bool" />
      <Member Name="StartFilling" Datatype="Bool" />
      <Member Name="StartDischarging" Datatype="Bool" />
      <Member Name="InterruptFilling" Datatype="Bool" />
    </Member>
    <Member Name="reserve" Datatype="Word" />
    <Member Name="TareValue" Datatype="Int" />
    <Member Name="TargetWeight" Datatype="Int" />
    <Member Name="PreactFast" Datatype="Int" />
    <Member Name="PreactSlow" Datatype="Int" />
    <Member Name="TolerancePos" Datatype="Int" />
    <Member Name="ToleranceNeg" Datatype="Int" />
    <Member Name="SettlingTimeMs" Datatype="Int" />
    <Member Name="JogPulseMs" Datatype="Int" />
    <Member Name="WeightDiffForFlowRateCheck" Datatype="Int" />
    <Member Name="TImeINtervalForFlowRateCheck" Datatype="Int" />
    <Member Name="ZeroRange" Datatype="Int" />
    <Member Name="ExtenedDischargingTimeMs" Datatype="Int" />
  </Section>
</Sections></Interface>
      <InterfaceModifiedDate ReadOnly="true">2021-07-11T06:56:03.4179476Z</InterfaceModifiedDate>
      <IsConsistent ReadOnly="true">true</IsConsistent>
      <LibraryConformanceStatus ReadOnly="true">The object is library-conformant.</LibraryConformanceStatus>
      <ModifiedDate ReadOnly="true">2021-07-11T06:56:03.4179476Z</ModifiedDate>
      <Name>IT2000M_Scale_OUT_UDT</Name>
    </AttributeList>
    <ObjectList>
      <MultilingualText ID="1" CompositionName="Comment">
        <ObjectList>
          <MultilingualTextItem ID="2" CompositionName="Items">
            <AttributeList>
              <Culture>en-US</Culture>
              <Text />
            </AttributeList>
          </MultilingualTextItem>
          <MultilingualTextItem ID="3" CompositionName="Items">
            <AttributeList>
              <Culture>fr-BE</Culture>
              <Text />
            </AttributeList>
          </MultilingualTextItem>
        </ObjectList>
      </MultilingualText>
      <MultilingualText ID="4" CompositionName="Title">
        <ObjectList>
          <MultilingualTextItem ID="5" CompositionName="Items">
            <AttributeList>
              <Culture>en-US</Culture>
              <Text />
            </AttributeList>
          </MultilingualTextItem>
          <MultilingualTextItem ID="6" CompositionName="Items">
            <AttributeList>
              <Culture>fr-BE</Culture>
              <Text />
            </AttributeList>
          </MultilingualTextItem>
        </ObjectList>
      </MultilingualText>
    </ObjectList>
  </SW.Types.PlcStruct>
</Document>