﻿<?xml version="1.0" encoding="utf-8"?>
<Document>
  <Engineering version="V16" />
  <DocumentInfo>
    <Created>2023-11-13T10:46:11.6457165Z</Created>
    <ExportSetting>WithDefaults</ExportSetting>
    <InstalledProducts>
      <Product>
        <DisplayName>Totally Integrated Automation Portal</DisplayName>
        <DisplayVersion>V16 Update 6</DisplayVersion>
      </Product>
      <OptionPackage>
        <DisplayName>TIA Portal Version Control Interface</DisplayName>
        <DisplayVersion>V16 Update 2</DisplayVersion>
      </OptionPackage>
      <OptionPackage>
        <DisplayName>TIA Portal Openness</DisplayName>
        <DisplayVersion>V16 Update 6</DisplayVersion>
      </OptionPackage>
      <OptionPackage>
        <DisplayName>TIA Portal Teamcenter Gateway</DisplayName>
        <DisplayVersion>V16</DisplayVersion>
      </OptionPackage>
      <Product>
        <DisplayName>SINAMICS Startdrive Advanced</DisplayName>
        <DisplayVersion>V16 Update 5</DisplayVersion>
      </Product>
      <OptionPackage>
        <DisplayName>SINAMICS Startdrive G130, G150, S120, S150, SINAMICS MV, S210</DisplayName>
        <DisplayVersion>V16 Update 5</DisplayVersion>
      </OptionPackage>
      <OptionPackage>
        <DisplayName>SINAMICS Startdrive G110M, G120, G120C, G120D, G120P, G115D</DisplayName>
        <DisplayVersion>V16 Update 5</DisplayVersion>
      </OptionPackage>
      <Product>
        <DisplayName>STEP 7 Professional</DisplayName>
        <DisplayVersion>V16 Update 6</DisplayVersion>
      </Product>
      <OptionPackage>
        <DisplayName>STEP 7 Safety</DisplayName>
        <DisplayVersion>V16</DisplayVersion>
      </OptionPackage>
      <Product>
        <DisplayName>WinCC Advanced / Unified PC</DisplayName>
        <DisplayVersion>V16 Update 6</DisplayVersion>
      </Product>
    </InstalledProducts>
  </DocumentInfo>
  <SW.Blocks.FB ID="0">
    <AttributeList>
      <AutoNumber>true</AutoNumber>
      <HeaderAuthor />
      <HeaderFamily />
      <HeaderName />
      <HeaderVersion>0.1</HeaderVersion>
      <Interface><Sections xmlns="http://www.siemens.com/automation/Openness/SW/Interface/v4">
  <Section Name="Input" />
  <Section Name="Output" />
  <Section Name="InOut" />
  <Section Name="Static" />
  <Section Name="Temp" />
  <Section Name="Constant" />
</Sections></Interface>
      <IsIECCheckEnabled>false</IsIECCheckEnabled>
      <IsRetainMemResEnabled>false</IsRetainMemResEnabled>
      <MemoryLayout>Optimized</MemoryLayout>
      <MemoryReserve>100</MemoryReserve>
      <Name>HMI_Main_FB</Name>
      <Number>55</Number>
      <ProgrammingLanguage>SCL</ProgrammingLanguage>
      <SetENOAutomatically>false</SetENOAutomatically>
      <UDABlockProperties />
      <UDAEnableTagReadback>false</UDAEnableTagReadback>
    </AttributeList>
    <ObjectList>
      <MultilingualText ID="1" CompositionName="Comment">
        <ObjectList>
          <MultilingualTextItem ID="2" CompositionName="Items">
            <AttributeList>
              <Culture>en-US</Culture>
              <Text />
            </AttributeList>
          </MultilingualTextItem>
          <MultilingualTextItem ID="3" CompositionName="Items">
            <AttributeList>
              <Culture>fr-BE</Culture>
              <Text />
            </AttributeList>
          </MultilingualTextItem>
        </ObjectList>
      </MultilingualText>
      <SW.Blocks.CompileUnit ID="4" CompositionName="CompileUnits">
        <AttributeList>
          <NetworkSource><StructuredText xmlns="http://www.siemens.com/automation/Openness/SW/NetworkSource/StructuredText/v3">
  <Token Text="REGION" UId="21" />
  <Blank Num="1" UId="22" />
  <Text UId="23">Reload settings</Text>
  <NewLine Num="1" UId="24" />
  <Blank Num="4" UId="25" />
  <NewLine Num="1" UId="26" />
  <Blank Num="4" UId="27" />
  <Token Text="IF" UId="28" />
  <Blank Num="1" UId="29" />
  <Access Scope="GlobalVariable" UId="30">
    <Symbol UId="31">
      <Component Name="FirstScan" UId="32" />
    </Symbol>
  </Access>
  <Blank Num="1" UId="33" />
  <Token Text="THEN" UId="34" />
  <NewLine Num="1" UId="35" />
  <Blank Num="8" UId="36" />
  <Access Scope="GlobalVariable" UId="37">
    <Symbol UId="38">
      <Component Name="HMI_DB" UId="39" />
      <Token Text="." UId="40" />
      <Component Name="ReloadSettings" UId="41" />
      <Token Text="." UId="42" />
      <Component Name="signal" UId="43" />
    </Symbol>
  </Access>
  <Blank Num="1" UId="44" />
  <Token Text=":=" UId="45" />
  <Blank Num="1" UId="46" />
  <Access Scope="LiteralConstant" UId="47">
    <Constant UId="48">
      <ConstantValue UId="50">1</ConstantValue>
    </Constant>
  </Access>
  <Token Text=";" UId="51" />
  <NewLine Num="1" UId="52" />
  <Blank Num="4" UId="53" />
  <Token Text="END_IF" UId="54" />
  <Token Text=";" UId="55" />
  <NewLine Num="1" UId="56" />
  <Blank Num="4" UId="57" />
  <NewLine Num="1" UId="58" />
  <Blank Num="4" UId="59" />
  <NewLine Num="1" UId="60" />
  <Blank Num="4" UId="61" />
  <NewLine Num="1" UId="62" />
  <Blank Num="4" UId="63" />
  <Access Scope="Call" UId="64">
    <CallInfo UId="65" BlockType="FC">
      <Instance Scope="GlobalVariable" UId="67">
        <Component Name="Util_HandShaked_FC" UId="66" />
      </Instance>
      <Token Text="(" UId="68" />
      <Parameter Name="IO_Shake" UId="69">
        <Blank Num="1" UId="70" />
        <Token Text=":=" UId="71" />
        <Blank Num="1" UId="72" />
        <Access Scope="GlobalVariable" UId="73">
          <Symbol UId="74">
            <Component Name="HMI_DB" UId="75" />
            <Token Text="." UId="76" />
            <Component Name="ReloadSettings" UId="77" />
          </Symbol>
        </Access>
      </Parameter>
      <Token Text=")" UId="78" />
    </CallInfo>
  </Access>
  <Token Text=";" UId="79" />
  <NewLine Num="1" UId="80" />
  <Blank Num="4" UId="81" />
  <Access Scope="Call" UId="82">
    <CallInfo UId="83" BlockType="FC">
      <Instance Scope="GlobalVariable" UId="85">
        <Component Name="Util_HandShaked_FC" UId="84" />
      </Instance>
      <Token Text="(" UId="86" />
      <Parameter Name="IO_Shake" UId="87">
        <Blank Num="1" UId="88" />
        <Token Text=":=" UId="89" />
        <Blank Num="1" UId="90" />
        <Access Scope="GlobalVariable" UId="91">
          <Symbol UId="92">
            <Component Name="HMI_DB" UId="93" />
            <Token Text="." UId="94" />
            <Component Name="RemoveManualOverride" UId="95" />
          </Symbol>
        </Access>
      </Parameter>
      <Token Text=")" UId="96" />
    </CallInfo>
  </Access>
  <Token Text=";" UId="97" />
  <NewLine Num="1" UId="98" />
  <Blank Num="4" UId="99" />
  <Access Scope="Call" UId="100">
    <CallInfo UId="101" BlockType="FC">
      <Instance Scope="GlobalVariable" UId="103">
        <Component Name="Util_HandShaked_FC" UId="102" />
      </Instance>
      <Token Text="(" UId="104" />
      <Parameter Name="IO_Shake" UId="105">
        <Blank Num="1" UId="106" />
        <Token Text=":=" UId="107" />
        <Blank Num="2" UId="108" />
        <Access Scope="GlobalVariable" UId="109">
          <Symbol UId="110">
            <Component Name="HMI_DB" UId="111" />
            <Token Text="." UId="112" />
            <Component Name="ResetCounters" UId="113" />
          </Symbol>
        </Access>
      </Parameter>
      <Token Text=")" UId="114" />
    </CallInfo>
  </Access>
  <Token Text=";" UId="115" />
  <NewLine Num="1" UId="116" />
  <Blank Num="4" UId="117" />
  <Access Scope="Call" UId="118">
    <CallInfo UId="119" BlockType="FC">
      <Instance Scope="GlobalVariable" UId="121">
        <Component Name="Util_HandShaked_FC" UId="120" />
      </Instance>
      <Token Text="(" UId="122" />
      <Parameter Name="IO_Shake" UId="123">
        <Blank Num="1" UId="124" />
        <Token Text=":=" UId="125" />
        <Blank Num="2" UId="126" />
        <Access Scope="GlobalVariable" UId="127">
          <Symbol UId="128">
            <Component Name="HMI_DB" UId="129" />
            <Token Text="." UId="130" />
            <Component Name="SetDefaultTrackings" UId="131" />
          </Symbol>
        </Access>
      </Parameter>
      <Token Text=")" UId="132" />
    </CallInfo>
  </Access>
  <Token Text=";" UId="133" />
  <NewLine Num="1" UId="134" />
  <Blank Num="4" UId="135" />
  <Access Scope="Call" UId="136">
    <CallInfo UId="137" BlockType="FC">
      <Instance Scope="GlobalVariable" UId="139">
        <Component Name="Util_HandShaked_FC" UId="138" />
      </Instance>
      <Token Text="(" UId="140" />
      <Parameter Name="IO_Shake" UId="141">
        <Blank Num="1" UId="142" />
        <Token Text=":=" UId="143" />
        <Blank Num="1" UId="144" />
        <Access Scope="GlobalVariable" UId="145">
          <Symbol UId="146">
            <Component Name="HMI_DB" UId="147" />
            <Token Text="." UId="148" />
            <Component Name="ResetSensorCounters" UId="149" />
          </Symbol>
        </Access>
      </Parameter>
      <Token Text=")" UId="150" />
    </CallInfo>
  </Access>
  <Token Text=";" UId="151" />
  <NewLine Num="1" UId="152" />
  <Blank Num="4" UId="153" />
  <NewLine Num="1" UId="154" />
  <Token Text="END_REGION" UId="155" />
</StructuredText></NetworkSource>
          <ProgrammingLanguage>SCL</ProgrammingLanguage>
        </AttributeList>
        <ObjectList>
          <MultilingualText ID="5" CompositionName="Comment">
            <ObjectList>
              <MultilingualTextItem ID="6" CompositionName="Items">
                <AttributeList>
                  <Culture>en-US</Culture>
                  <Text />
                </AttributeList>
              </MultilingualTextItem>
              <MultilingualTextItem ID="7" CompositionName="Items">
                <AttributeList>
                  <Culture>fr-BE</Culture>
                  <Text />
                </AttributeList>
              </MultilingualTextItem>
            </ObjectList>
          </MultilingualText>
          <MultilingualText ID="8" CompositionName="Title">
            <ObjectList>
              <MultilingualTextItem ID="9" CompositionName="Items">
                <AttributeList>
                  <Culture>en-US</Culture>
                  <Text />
                </AttributeList>
              </MultilingualTextItem>
              <MultilingualTextItem ID="A" CompositionName="Items">
                <AttributeList>
                  <Culture>fr-BE</Culture>
                  <Text />
                </AttributeList>
              </MultilingualTextItem>
            </ObjectList>
          </MultilingualText>
        </ObjectList>
      </SW.Blocks.CompileUnit>
      <MultilingualText ID="B" CompositionName="Title">
        <ObjectList>
          <MultilingualTextItem ID="C" CompositionName="Items">
            <AttributeList>
              <Culture>en-US</Culture>
              <Text />
            </AttributeList>
          </MultilingualTextItem>
          <MultilingualTextItem ID="D" CompositionName="Items">
            <AttributeList>
              <Culture>fr-BE</Culture>
              <Text />
            </AttributeList>
          </MultilingualTextItem>
        </ObjectList>
      </MultilingualText>
    </ObjectList>
  </SW.Blocks.FB>
</Document>