﻿<?xml version="1.0" encoding="utf-8"?>
<Document>
  <Engineering version="V16" />
  <DocumentInfo>
    <Created>2023-11-13T10:46:17.6483724Z</Created>
    <ExportSetting>WithDefaults</ExportSetting>
    <InstalledProducts>
      <Product>
        <DisplayName>Totally Integrated Automation Portal</DisplayName>
        <DisplayVersion>V16 Update 6</DisplayVersion>
      </Product>
      <OptionPackage>
        <DisplayName>TIA Portal Version Control Interface</DisplayName>
        <DisplayVersion>V16 Update 2</DisplayVersion>
      </OptionPackage>
      <OptionPackage>
        <DisplayName>TIA Portal Openness</DisplayName>
        <DisplayVersion>V16 Update 6</DisplayVersion>
      </OptionPackage>
      <OptionPackage>
        <DisplayName>TIA Portal Teamcenter Gateway</DisplayName>
        <DisplayVersion>V16</DisplayVersion>
      </OptionPackage>
      <Product>
        <DisplayName>SINAMICS Startdrive Advanced</DisplayName>
        <DisplayVersion>V16 Update 5</DisplayVersion>
      </Product>
      <OptionPackage>
        <DisplayName>SINAMICS Startdrive G130, G150, S120, S150, SINAMICS MV, S210</DisplayName>
        <DisplayVersion>V16 Update 5</DisplayVersion>
      </OptionPackage>
      <OptionPackage>
        <DisplayName>SINAMICS Startdrive G110M, G120, G120C, G120D, G120P, G115D</DisplayName>
        <DisplayVersion>V16 Update 5</DisplayVersion>
      </OptionPackage>
      <Product>
        <DisplayName>STEP 7 Professional</DisplayName>
        <DisplayVersion>V16 Update 6</DisplayVersion>
      </Product>
      <OptionPackage>
        <DisplayName>STEP 7 Safety</DisplayName>
        <DisplayVersion>V16</DisplayVersion>
      </OptionPackage>
      <Product>
        <DisplayName>WinCC Advanced / Unified PC</DisplayName>
        <DisplayVersion>V16 Update 6</DisplayVersion>
      </Product>
    </InstalledProducts>
  </DocumentInfo>
  <SW.Blocks.GlobalDB ID="0">
    <AttributeList>
      <AutoNumber>true</AutoNumber>
      <DBAccessibleFromOPCUA>true</DBAccessibleFromOPCUA>
      <HeaderAuthor />
      <HeaderFamily />
      <HeaderName />
      <HeaderVersion>0.1</HeaderVersion>
      <Interface><Sections xmlns="http://www.siemens.com/automation/Openness/SW/Interface/v4">
  <Section Name="Static">
    <Member Name="logStream1" Datatype="&quot;PLC_IPC_S7LOG_UDT&quot;" Remanence="NonRetain" Accessibility="Public"><AttributeList><BooleanAttribute Name="ExternalAccessible" SystemDefined="true">true</BooleanAttribute><BooleanAttribute Name="ExternalVisible" SystemDefined="true">true</BooleanAttribute><BooleanAttribute Name="ExternalWritable" SystemDefined="true">true</BooleanAttribute><BooleanAttribute Name="SetPoint" SystemDefined="true">false</BooleanAttribute></AttributeList><Sections><Section Name="None"><Member Name="REQ_STATUS" Datatype="&quot;PLC_IPC_STANDARD_REQ_RES_UDT&quot;"><Sections><Section Name="None"><Member Name="newData" Datatype="Bool" /><Member Name="messageId" Datatype="UInt" /></Section></Sections></Member><Member Name="REQ_STRING" Datatype="String" /><Member Name="RES_STATUS" Datatype="&quot;PLC_IPC_STANDARD_REQ_RES_UDT&quot;"><Sections><Section Name="None"><Member Name="newData" Datatype="Bool" /><Member Name="messageId" Datatype="UInt" /></Section></Sections></Member><Member Name="RES_DATA" Datatype="Bool" /><Member Name="PLC_DATA" Datatype="Bool" /><Member Name="IPC_STATUS" Datatype="&quot;IPC_INTERFACE_STATUS_UDT&quot;"><Sections><Section Name="None"><Member Name="Diagnostics" Datatype="Struct"><Member Name="TimeOuts" Datatype="DInt" /><Member Name="Successes" Datatype="DInt" /><Member Name="OutOfSync" Datatype="DInt" /><Member Name="CommunicationTime" Datatype="Time" /><Member Name="LastCommunicationTime" Datatype="Time" /></Member><Member Name="ResultStatus" Datatype="Struct"><Member Name="static" Datatype="&quot;IPC_RES_STATUS_UDT&quot;"><Sections><Section Name="None"><Member Name="NewResult" Datatype="Bool" /><Member Name="Success" Datatype="Bool" /><Member Name="OutOfSync" Datatype="Bool" /><Member Name="TimeOut" Datatype="Bool" /><Member Name="Fail" Datatype="Bool" /></Section></Sections></Member><Member Name="pulse" Datatype="&quot;IPC_RES_STATUS_UDT&quot;"><Sections><Section Name="None"><Member Name="NewResult" Datatype="Bool" /><Member Name="Success" Datatype="Bool" /><Member Name="OutOfSync" Datatype="Bool" /><Member Name="TimeOut" Datatype="Bool" /><Member Name="Fail" Datatype="Bool" /></Section></Sections></Member></Member><Member Name="Status" Datatype="Struct"><Member Name="online" Datatype="Bool" /><Member Name="ReadyForSendingData" Datatype="Bool" /><Member Name="ReceivingData" Datatype="Bool" /></Member><Member Name="Settings" Datatype="Struct"><Member Name="TimeOut" Datatype="Time" /><Member Name="RetrySending" Datatype="Bool" /><Member Name="RetryThreshold" Datatype="Int" /><Member Name="RetryCounter" Datatype="Int" /><Member Name="ResendMessage" Datatype="Time" /></Member><Member Name="Zone" Datatype="UInt" /><Member Name="name" Datatype="String[20]" /></Section></Sections></Member></Section></Sections></Member>
  </Section>
</Sections></Interface>
      <IsOnlyStoredInLoadMemory>false</IsOnlyStoredInLoadMemory>
      <IsWriteProtectedInAS>false</IsWriteProtectedInAS>
      <MemoryLayout>Standard</MemoryLayout>
      <Name>IPC_S7_LOG_DB</Name>
      <Number>123</Number>
      <ProgrammingLanguage>DB</ProgrammingLanguage>
    </AttributeList>
    <ObjectList>
      <MultilingualText ID="1" CompositionName="Comment">
        <ObjectList>
          <MultilingualTextItem ID="2" CompositionName="Items">
            <AttributeList>
              <Culture>en-US</Culture>
              <Text />
            </AttributeList>
          </MultilingualTextItem>
          <MultilingualTextItem ID="3" CompositionName="Items">
            <AttributeList>
              <Culture>fr-BE</Culture>
              <Text />
            </AttributeList>
          </MultilingualTextItem>
        </ObjectList>
      </MultilingualText>
      <MultilingualText ID="4" CompositionName="Title">
        <ObjectList>
          <MultilingualTextItem ID="5" CompositionName="Items">
            <AttributeList>
              <Culture>en-US</Culture>
              <Text />
            </AttributeList>
          </MultilingualTextItem>
          <MultilingualTextItem ID="6" CompositionName="Items">
            <AttributeList>
              <Culture>fr-BE</Culture>
              <Text />
            </AttributeList>
          </MultilingualTextItem>
        </ObjectList>
      </MultilingualText>
    </ObjectList>
  </SW.Blocks.GlobalDB>
</Document>