{
  "Name": "IPC_S7_LOG_DB",
  "Number": 123,
  "Id": [
    0,
    29
  ],
  "Tags": [
    {
      "Value": [
        {
          "Value": [
            {
              "Type": "Bool",
              "LengthBits": 1,
              "ParseMessage": "",
              "ParseFailed": false,
              "Value": null,
              "WriteValue": false,
              "TypeTypeScript": "BoolPlcTag",
              "ParentTag": false,
              "WriteMessage": null,
              "Name": "_newData",
              "Id": [
                0,
                29,
                0,
                0,
                0
              ],
              "Comment": "",
              "OpcNode": ";s=\"IPC_S7_LOG_DB\".\"_logStream1\".\"_REQ_STATUS\".\"_newData\"",
              "DbName": "IPC_S7_LOG_DB",
              "ByteAdress": 0,
              "BitAdress": 0,
              "DbNumber": 123,
              "PlcMemoryType": "DB",
              "Lengthytes": 1,
              "StartAdressBits": 0,
              "EndAdressBits": 1
            },
            {
              "Type": "UInt",
              "LengthBits": 16,
              "ParseMessage": "",
              "ParseFailed": false,
              "Value": null,
              "WriteValue": 0,
              "TypeTypeScript": "UInt16PlcTag",
              "ParentTag": false,
              "WriteMessage": null,
              "Name": "_messageId",
              "Id": [
                0,
                29,
                0,
                0,
                1
              ],
              "Comment": "",
              "OpcNode": ";s=\"IPC_S7_LOG_DB\".\"_logStream1\".\"_REQ_STATUS\".\"_messageId\"",
              "DbName": "IPC_S7_LOG_DB",
              "ByteAdress": 2,
              "BitAdress": 0,
              "DbNumber": 123,
              "PlcMemoryType": "DB",
              "Lengthytes": 2,
              "StartAdressBits": 16,
              "EndAdressBits": 32
            }
          ],
          "ParseMessage": "",
          "ParseFailed": false,
          "ParentTag": true,
          "TypeTypeScript": "PLC_IPC_STANDARD_REQ_RES_UDT",
          "EndAdressBits": 32,
          "LengthBits": 32,
          "WriteValue": null,
          "WriteMessage": null,
          "Name": "_REQ_STATUS",
          "Id": [
            0,
            29,
            0,
            0
          ],
          "Type": "PLC_IPC_STANDARD_REQ_RES_UDT",
          "Comment": "",
          "OpcNode": ";s=\"IPC_S7_LOG_DB\".\"_logStream1\".\"_REQ_STATUS\"",
          "DbName": "IPC_S7_LOG_DB",
          "ByteAdress": 0,
          "BitAdress": 0,
          "DbNumber": 123,
          "PlcMemoryType": "DB",
          "Lengthytes": 4,
          "StartAdressBits": 0
        },
        {
          "Length": 254,
          "Chars": [],
          "Type": "String",
          "ParseMessage": "",
          "ParseFailed": false,
          "Value": null,
          "TypeTypeScript": "StringPlcTag",
          "ParentTag": false,
          "WriteValue": null,
          "WriteMessage": null,
          "Name": "_REQ_STRING",
          "Id": [
            0,
            29,
            0,
            1
          ],
          "Comment": "",
          "OpcNode": ";s=\"IPC_S7_LOG_DB\".\"_logStream1\".\"_REQ_STRING\"",
          "DbName": "IPC_S7_LOG_DB",
          "ByteAdress": 4,
          "BitAdress": 0,
          "DbNumber": 123,
          "PlcMemoryType": "DB",
          "LengthBits": 2048,
          "Lengthytes": 256,
          "StartAdressBits": 32,
          "EndAdressBits": 2080
        },
        {
          "Value": [
            {
              "Type": "Bool",
              "LengthBits": 1,
              "ParseMessage": "",
              "ParseFailed": false,
              "Value": null,
              "WriteValue": false,
              "TypeTypeScript": "BoolPlcTag",
              "ParentTag": false,
              "WriteMessage": null,
              "Name": "_newData",
              "Id": [
                0,
                29,
                0,
                2,
                0
              ],
              "Comment": "",
              "OpcNode": ";s=\"IPC_S7_LOG_DB\".\"_logStream1\".\"_RES_STATUS\".\"_newData\"",
              "DbName": "IPC_S7_LOG_DB",
              "ByteAdress": 260,
              "BitAdress": 0,
              "DbNumber": 123,
              "PlcMemoryType": "DB",
              "Lengthytes": 1,
              "StartAdressBits": 2080,
              "EndAdressBits": 2081
            },
            {
              "Type": "UInt",
              "LengthBits": 16,
              "ParseMessage": "",
              "ParseFailed": false,
              "Value": null,
              "WriteValue": 0,
              "TypeTypeScript": "UInt16PlcTag",
              "ParentTag": false,
              "WriteMessage": null,
              "Name": "_messageId",
              "Id": [
                0,
                29,
                0,
                2,
                1
              ],
              "Comment": "",
              "OpcNode": ";s=\"IPC_S7_LOG_DB\".\"_logStream1\".\"_RES_STATUS\".\"_messageId\"",
              "DbName": "IPC_S7_LOG_DB",
              "ByteAdress": 262,
              "BitAdress": 0,
              "DbNumber": 123,
              "PlcMemoryType": "DB",
              "Lengthytes": 2,
              "StartAdressBits": 2096,
              "EndAdressBits": 2112
            }
          ],
          "ParseMessage": "",
          "ParseFailed": false,
          "ParentTag": true,
          "TypeTypeScript": "PLC_IPC_STANDARD_REQ_RES_UDT",
          "EndAdressBits": 2112,
          "LengthBits": 32,
          "WriteValue": null,
          "WriteMessage": null,
          "Name": "_RES_STATUS",
          "Id": [
            0,
            29,
            0,
            2
          ],
          "Type": "PLC_IPC_STANDARD_REQ_RES_UDT",
          "Comment": "",
          "OpcNode": ";s=\"IPC_S7_LOG_DB\".\"_logStream1\".\"_RES_STATUS\"",
          "DbName": "IPC_S7_LOG_DB",
          "ByteAdress": 260,
          "BitAdress": 0,
          "DbNumber": 123,
          "PlcMemoryType": "DB",
          "Lengthytes": 4,
          "StartAdressBits": 2080
        },
        {
          "Type": "Bool",
          "LengthBits": 1,
          "ParseMessage": "",
          "ParseFailed": false,
          "Value": null,
          "WriteValue": false,
          "TypeTypeScript": "BoolPlcTag",
          "ParentTag": false,
          "WriteMessage": null,
          "Name": "_RES_DATA",
          "Id": [
            0,
            29,
            0,
            3
          ],
          "Comment": "",
          "OpcNode": ";s=\"IPC_S7_LOG_DB\".\"_logStream1\".\"_RES_DATA\"",
          "DbName": "IPC_S7_LOG_DB",
          "ByteAdress": 264,
          "BitAdress": 0,
          "DbNumber": 123,
          "PlcMemoryType": "DB",
          "Lengthytes": 1,
          "StartAdressBits": 2112,
          "EndAdressBits": 2113
        },
        {
          "Type": "Bool",
          "LengthBits": 1,
          "ParseMessage": "",
          "ParseFailed": false,
          "Value": null,
          "WriteValue": false,
          "TypeTypeScript": "BoolPlcTag",
          "ParentTag": false,
          "WriteMessage": null,
          "Name": "_PLC_DATA",
          "Id": [
            0,
            29,
            0,
            4
          ],
          "Comment": "",
          "OpcNode": ";s=\"IPC_S7_LOG_DB\".\"_logStream1\".\"_PLC_DATA\"",
          "DbName": "IPC_S7_LOG_DB",
          "ByteAdress": 264,
          "BitAdress": 1,
          "DbNumber": 123,
          "PlcMemoryType": "DB",
          "Lengthytes": 1,
          "StartAdressBits": 2113,
          "EndAdressBits": 2114
        },
        {
          "Value": [
            {
              "Type": "Struct",
              "ParseMessage": "",
              "ParseFailed": false,
              "Value": [
                {
                  "Type": "DInt",
                  "LengthBits": 32,
                  "ParseMessage": "",
                  "ParseFailed": false,
                  "Value": 0,
                  "WriteValue": 0,
                  "TypeTypeScript": "DIntPlcTag",
                  "ParentTag": false,
                  "WriteMessage": null,
                  "Name": "_TimeOuts",
                  "Id": [
                    0,
                    29,
                    0,
                    5,
                    0,
                    0
                  ],
                  "Comment": "",
                  "OpcNode": ";s=\"IPC_S7_LOG_DB\".\"_logStream1\".\"_IPC_STATUS\".\"_Diagnostics\".\"_TimeOuts\"",
                  "DbName": "IPC_S7_LOG_DB",
                  "ByteAdress": 266,
                  "BitAdress": 0,
                  "DbNumber": 123,
                  "PlcMemoryType": "DB",
                  "Lengthytes": 4,
                  "StartAdressBits": 2128,
                  "EndAdressBits": 2160
                },
                {
                  "Type": "DInt",
                  "LengthBits": 32,
                  "ParseMessage": "",
                  "ParseFailed": false,
                  "Value": 0,
                  "WriteValue": 0,
                  "TypeTypeScript": "DIntPlcTag",
                  "ParentTag": false,
                  "WriteMessage": null,
                  "Name": "_Successes",
                  "Id": [
                    0,
                    29,
                    0,
                    5,
                    0,
                    1
                  ],
                  "Comment": "",
                  "OpcNode": ";s=\"IPC_S7_LOG_DB\".\"_logStream1\".\"_IPC_STATUS\".\"_Diagnostics\".\"_Successes\"",
                  "DbName": "IPC_S7_LOG_DB",
                  "ByteAdress": 270,
                  "BitAdress": 0,
                  "DbNumber": 123,
                  "PlcMemoryType": "DB",
                  "Lengthytes": 4,
                  "StartAdressBits": 2160,
                  "EndAdressBits": 2192
                },
                {
                  "Type": "DInt",
                  "LengthBits": 32,
                  "ParseMessage": "",
                  "ParseFailed": false,
                  "Value": 0,
                  "WriteValue": 0,
                  "TypeTypeScript": "DIntPlcTag",
                  "ParentTag": false,
                  "WriteMessage": null,
                  "Name": "_OutOfSync",
                  "Id": [
                    0,
                    29,
                    0,
                    5,
                    0,
                    2
                  ],
                  "Comment": "",
                  "OpcNode": ";s=\"IPC_S7_LOG_DB\".\"_logStream1\".\"_IPC_STATUS\".\"_Diagnostics\".\"_OutOfSync\"",
                  "DbName": "IPC_S7_LOG_DB",
                  "ByteAdress": 274,
                  "BitAdress": 0,
                  "DbNumber": 123,
                  "PlcMemoryType": "DB",
                  "Lengthytes": 4,
                  "StartAdressBits": 2192,
                  "EndAdressBits": 2224
                },
                {
                  "Type": "Time",
                  "LengthBits": 32,
                  "ParseMessage": "",
                  "ParseFailed": false,
                  "Value": 0,
                  "WriteValue": 0,
                  "TypeTypeScript": "TimeMsPlcTag",
                  "ParentTag": false,
                  "WriteMessage": null,
                  "Name": "_CommunicationTime",
                  "Id": [
                    0,
                    29,
                    0,
                    5,
                    0,
                    3
                  ],
                  "Comment": "",
                  "OpcNode": ";s=\"IPC_S7_LOG_DB\".\"_logStream1\".\"_IPC_STATUS\".\"_Diagnostics\".\"_CommunicationTime\"",
                  "DbName": "IPC_S7_LOG_DB",
                  "ByteAdress": 278,
                  "BitAdress": 0,
                  "DbNumber": 123,
                  "PlcMemoryType": "DB",
                  "Lengthytes": 4,
                  "StartAdressBits": 2224,
                  "EndAdressBits": 2256
                },
                {
                  "Type": "Time",
                  "LengthBits": 32,
                  "ParseMessage": "",
                  "ParseFailed": false,
                  "Value": 0,
                  "WriteValue": 0,
                  "TypeTypeScript": "TimeMsPlcTag",
                  "ParentTag": false,
                  "WriteMessage": null,
                  "Name": "_LastCommunicationTime",
                  "Id": [
                    0,
                    29,
                    0,
                    5,
                    0,
                    4
                  ],
                  "Comment": "",
                  "OpcNode": ";s=\"IPC_S7_LOG_DB\".\"_logStream1\".\"_IPC_STATUS\".\"_Diagnostics\".\"_LastCommunicationTime\"",
                  "DbName": "IPC_S7_LOG_DB",
                  "ByteAdress": 282,
                  "BitAdress": 0,
                  "DbNumber": 123,
                  "PlcMemoryType": "DB",
                  "Lengthytes": 4,
                  "StartAdressBits": 2256,
                  "EndAdressBits": 2288
                }
              ],
              "ParentTag": true,
              "LengthBits": 160,
              "EndAdressBits": 2288,
              "TypeTypeScript": "StructPlcTag",
              "WriteValue": null,
              "WriteMessage": null,
              "Name": "_Diagnostics",
              "Id": [
                0,
                29,
                0,
                5,
                0
              ],
              "Comment": "",
              "OpcNode": ";s=\"IPC_S7_LOG_DB\".\"_logStream1\".\"_IPC_STATUS\".\"_Diagnostics\"",
              "DbName": "IPC_S7_LOG_DB",
              "ByteAdress": 266,
              "BitAdress": 0,
              "DbNumber": 123,
              "PlcMemoryType": "DB",
              "Lengthytes": 20,
              "StartAdressBits": 2128
            },
            {
              "Type": "Struct",
              "ParseMessage": "",
              "ParseFailed": false,
              "Value": [
                {
                  "Value": [
                    {
                      "Type": "Bool",
                      "LengthBits": 1,
                      "ParseMessage": "",
                      "ParseFailed": false,
                      "Value": null,
                      "WriteValue": false,
                      "TypeTypeScript": "BoolPlcTag",
                      "ParentTag": false,
                      "WriteMessage": null,
                      "Name": "_NewResult",
                      "Id": [
                        0,
                        29,
                        0,
                        5,
                        1,
                        0,
                        0
                      ],
                      "Comment": "",
                      "OpcNode": ";s=\"IPC_S7_LOG_DB\".\"_logStream1\".\"_IPC_STATUS\".\"_ResultStatus\".\"_static\".\"_NewResult\"",
                      "DbName": "IPC_S7_LOG_DB",
                      "ByteAdress": 286,
                      "BitAdress": 0,
                      "DbNumber": 123,
                      "PlcMemoryType": "DB",
                      "Lengthytes": 1,
                      "StartAdressBits": 2288,
                      "EndAdressBits": 2289
                    },
                    {
                      "Type": "Bool",
                      "LengthBits": 1,
                      "ParseMessage": "",
                      "ParseFailed": false,
                      "Value": null,
                      "WriteValue": false,
                      "TypeTypeScript": "BoolPlcTag",
                      "ParentTag": false,
                      "WriteMessage": null,
                      "Name": "_Success",
                      "Id": [
                        0,
                        29,
                        0,
                        5,
                        1,
                        0,
                        1
                      ],
                      "Comment": "",
                      "OpcNode": ";s=\"IPC_S7_LOG_DB\".\"_logStream1\".\"_IPC_STATUS\".\"_ResultStatus\".\"_static\".\"_Success\"",
                      "DbName": "IPC_S7_LOG_DB",
                      "ByteAdress": 286,
                      "BitAdress": 1,
                      "DbNumber": 123,
                      "PlcMemoryType": "DB",
                      "Lengthytes": 1,
                      "StartAdressBits": 2289,
                      "EndAdressBits": 2290
                    },
                    {
                      "Type": "Bool",
                      "LengthBits": 1,
                      "ParseMessage": "",
                      "ParseFailed": false,
                      "Value": null,
                      "WriteValue": false,
                      "TypeTypeScript": "BoolPlcTag",
                      "ParentTag": false,
                      "WriteMessage": null,
                      "Name": "_OutOfSync",
                      "Id": [
                        0,
                        29,
                        0,
                        5,
                        1,
                        0,
                        2
                      ],
                      "Comment": "",
                      "OpcNode": ";s=\"IPC_S7_LOG_DB\".\"_logStream1\".\"_IPC_STATUS\".\"_ResultStatus\".\"_static\".\"_OutOfSync\"",
                      "DbName": "IPC_S7_LOG_DB",
                      "ByteAdress": 286,
                      "BitAdress": 2,
                      "DbNumber": 123,
                      "PlcMemoryType": "DB",
                      "Lengthytes": 1,
                      "StartAdressBits": 2290,
                      "EndAdressBits": 2291
                    },
                    {
                      "Type": "Bool",
                      "LengthBits": 1,
                      "ParseMessage": "",
                      "ParseFailed": false,
                      "Value": null,
                      "WriteValue": false,
                      "TypeTypeScript": "BoolPlcTag",
                      "ParentTag": false,
                      "WriteMessage": null,
                      "Name": "_TimeOut",
                      "Id": [
                        0,
                        29,
                        0,
                        5,
                        1,
                        0,
                        3
                      ],
                      "Comment": "",
                      "OpcNode": ";s=\"IPC_S7_LOG_DB\".\"_logStream1\".\"_IPC_STATUS\".\"_ResultStatus\".\"_static\".\"_TimeOut\"",
                      "DbName": "IPC_S7_LOG_DB",
                      "ByteAdress": 286,
                      "BitAdress": 3,
                      "DbNumber": 123,
                      "PlcMemoryType": "DB",
                      "Lengthytes": 1,
                      "StartAdressBits": 2291,
                      "EndAdressBits": 2292
                    },
                    {
                      "Type": "Bool",
                      "LengthBits": 1,
                      "ParseMessage": "",
                      "ParseFailed": false,
                      "Value": null,
                      "WriteValue": false,
                      "TypeTypeScript": "BoolPlcTag",
                      "ParentTag": false,
                      "WriteMessage": null,
                      "Name": "_Fail",
                      "Id": [
                        0,
                        29,
                        0,
                        5,
                        1,
                        0,
                        4
                      ],
                      "Comment": "",
                      "OpcNode": ";s=\"IPC_S7_LOG_DB\".\"_logStream1\".\"_IPC_STATUS\".\"_ResultStatus\".\"_static\".\"_Fail\"",
                      "DbName": "IPC_S7_LOG_DB",
                      "ByteAdress": 286,
                      "BitAdress": 4,
                      "DbNumber": 123,
                      "PlcMemoryType": "DB",
                      "Lengthytes": 1,
                      "StartAdressBits": 2292,
                      "EndAdressBits": 2293
                    }
                  ],
                  "ParseMessage": "",
                  "ParseFailed": false,
                  "ParentTag": true,
                  "TypeTypeScript": "IPC_RES_STATUS_UDT",
                  "EndAdressBits": 2304,
                  "LengthBits": 5,
                  "WriteValue": null,
                  "WriteMessage": null,
                  "Name": "_static",
                  "Id": [
                    0,
                    29,
                    0,
                    5,
                    1,
                    0
                  ],
                  "Type": "IPC_RES_STATUS_UDT",
                  "Comment": "",
                  "OpcNode": ";s=\"IPC_S7_LOG_DB\".\"_logStream1\".\"_IPC_STATUS\".\"_ResultStatus\".\"_static\"",
                  "DbName": "IPC_S7_LOG_DB",
                  "ByteAdress": 286,
                  "BitAdress": 0,
                  "DbNumber": 123,
                  "PlcMemoryType": "DB",
                  "Lengthytes": 1,
                  "StartAdressBits": 2288
                },
                {
                  "Value": [
                    {
                      "Type": "Bool",
                      "LengthBits": 1,
                      "ParseMessage": "",
                      "ParseFailed": false,
                      "Value": null,
                      "WriteValue": false,
                      "TypeTypeScript": "BoolPlcTag",
                      "ParentTag": false,
                      "WriteMessage": null,
                      "Name": "_NewResult",
                      "Id": [
                        0,
                        29,
                        0,
                        5,
                        1,
                        1,
                        0
                      ],
                      "Comment": "",
                      "OpcNode": ";s=\"IPC_S7_LOG_DB\".\"_logStream1\".\"_IPC_STATUS\".\"_ResultStatus\".\"_pulse\".\"_NewResult\"",
                      "DbName": "IPC_S7_LOG_DB",
                      "ByteAdress": 288,
                      "BitAdress": 0,
                      "DbNumber": 123,
                      "PlcMemoryType": "DB",
                      "Lengthytes": 1,
                      "StartAdressBits": 2304,
                      "EndAdressBits": 2305
                    },
                    {
                      "Type": "Bool",
                      "LengthBits": 1,
                      "ParseMessage": "",
                      "ParseFailed": false,
                      "Value": null,
                      "WriteValue": false,
                      "TypeTypeScript": "BoolPlcTag",
                      "ParentTag": false,
                      "WriteMessage": null,
                      "Name": "_Success",
                      "Id": [
                        0,
                        29,
                        0,
                        5,
                        1,
                        1,
                        1
                      ],
                      "Comment": "",
                      "OpcNode": ";s=\"IPC_S7_LOG_DB\".\"_logStream1\".\"_IPC_STATUS\".\"_ResultStatus\".\"_pulse\".\"_Success\"",
                      "DbName": "IPC_S7_LOG_DB",
                      "ByteAdress": 288,
                      "BitAdress": 1,
                      "DbNumber": 123,
                      "PlcMemoryType": "DB",
                      "Lengthytes": 1,
                      "StartAdressBits": 2305,
                      "EndAdressBits": 2306
                    },
                    {
                      "Type": "Bool",
                      "LengthBits": 1,
                      "ParseMessage": "",
                      "ParseFailed": false,
                      "Value": null,
                      "WriteValue": false,
                      "TypeTypeScript": "BoolPlcTag",
                      "ParentTag": false,
                      "WriteMessage": null,
                      "Name": "_OutOfSync",
                      "Id": [
                        0,
                        29,
                        0,
                        5,
                        1,
                        1,
                        2
                      ],
                      "Comment": "",
                      "OpcNode": ";s=\"IPC_S7_LOG_DB\".\"_logStream1\".\"_IPC_STATUS\".\"_ResultStatus\".\"_pulse\".\"_OutOfSync\"",
                      "DbName": "IPC_S7_LOG_DB",
                      "ByteAdress": 288,
                      "BitAdress": 2,
                      "DbNumber": 123,
                      "PlcMemoryType": "DB",
                      "Lengthytes": 1,
                      "StartAdressBits": 2306,
                      "EndAdressBits": 2307
                    },
                    {
                      "Type": "Bool",
                      "LengthBits": 1,
                      "ParseMessage": "",
                      "ParseFailed": false,
                      "Value": null,
                      "WriteValue": false,
                      "TypeTypeScript": "BoolPlcTag",
                      "ParentTag": false,
                      "WriteMessage": null,
                      "Name": "_TimeOut",
                      "Id": [
                        0,
                        29,
                        0,
                        5,
                        1,
                        1,
                        3
                      ],
                      "Comment": "",
                      "OpcNode": ";s=\"IPC_S7_LOG_DB\".\"_logStream1\".\"_IPC_STATUS\".\"_ResultStatus\".\"_pulse\".\"_TimeOut\"",
                      "DbName": "IPC_S7_LOG_DB",
                      "ByteAdress": 288,
                      "BitAdress": 3,
                      "DbNumber": 123,
                      "PlcMemoryType": "DB",
                      "Lengthytes": 1,
                      "StartAdressBits": 2307,
                      "EndAdressBits": 2308
                    },
                    {
                      "Type": "Bool",
                      "LengthBits": 1,
                      "ParseMessage": "",
                      "ParseFailed": false,
                      "Value": null,
                      "WriteValue": false,
                      "TypeTypeScript": "BoolPlcTag",
                      "ParentTag": false,
                      "WriteMessage": null,
                      "Name": "_Fail",
                      "Id": [
                        0,
                        29,
                        0,
                        5,
                        1,
                        1,
                        4
                      ],
                      "Comment": "",
                      "OpcNode": ";s=\"IPC_S7_LOG_DB\".\"_logStream1\".\"_IPC_STATUS\".\"_ResultStatus\".\"_pulse\".\"_Fail\"",
                      "DbName": "IPC_S7_LOG_DB",
                      "ByteAdress": 288,
                      "BitAdress": 4,
                      "DbNumber": 123,
                      "PlcMemoryType": "DB",
                      "Lengthytes": 1,
                      "StartAdressBits": 2308,
                      "EndAdressBits": 2309
                    }
                  ],
                  "ParseMessage": "",
                  "ParseFailed": false,
                  "ParentTag": true,
                  "TypeTypeScript": "IPC_RES_STATUS_UDT",
                  "EndAdressBits": 2320,
                  "LengthBits": 5,
                  "WriteValue": null,
                  "WriteMessage": null,
                  "Name": "_pulse",
                  "Id": [
                    0,
                    29,
                    0,
                    5,
                    1,
                    1
                  ],
                  "Type": "IPC_RES_STATUS_UDT",
                  "Comment": "",
                  "OpcNode": ";s=\"IPC_S7_LOG_DB\".\"_logStream1\".\"_IPC_STATUS\".\"_ResultStatus\".\"_pulse\"",
                  "DbName": "IPC_S7_LOG_DB",
                  "ByteAdress": 288,
                  "BitAdress": 0,
                  "DbNumber": 123,
                  "PlcMemoryType": "DB",
                  "Lengthytes": 1,
                  "StartAdressBits": 2304
                }
              ],
              "ParentTag": true,
              "LengthBits": 32,
              "EndAdressBits": 2320,
              "TypeTypeScript": "StructPlcTag",
              "WriteValue": null,
              "WriteMessage": null,
              "Name": "_ResultStatus",
              "Id": [
                0,
                29,
                0,
                5,
                1
              ],
              "Comment": "",
              "OpcNode": ";s=\"IPC_S7_LOG_DB\".\"_logStream1\".\"_IPC_STATUS\".\"_ResultStatus\"",
              "DbName": "IPC_S7_LOG_DB",
              "ByteAdress": 286,
              "BitAdress": 0,
              "DbNumber": 123,
              "PlcMemoryType": "DB",
              "Lengthytes": 4,
              "StartAdressBits": 2288
            },
            {
              "Type": "Struct",
              "ParseMessage": "",
              "ParseFailed": false,
              "Value": [
                {
                  "Type": "Bool",
                  "LengthBits": 1,
                  "ParseMessage": "",
                  "ParseFailed": false,
                  "Value": null,
                  "WriteValue": false,
                  "TypeTypeScript": "BoolPlcTag",
                  "ParentTag": false,
                  "WriteMessage": null,
                  "Name": "_online",
                  "Id": [
                    0,
                    29,
                    0,
                    5,
                    2,
                    0
                  ],
                  "Comment": "",
                  "OpcNode": ";s=\"IPC_S7_LOG_DB\".\"_logStream1\".\"_IPC_STATUS\".\"_Status\".\"_online\"",
                  "DbName": "IPC_S7_LOG_DB",
                  "ByteAdress": 290,
                  "BitAdress": 0,
                  "DbNumber": 123,
                  "PlcMemoryType": "DB",
                  "Lengthytes": 1,
                  "StartAdressBits": 2320,
                  "EndAdressBits": 2321
                },
                {
                  "Type": "Bool",
                  "LengthBits": 1,
                  "ParseMessage": "",
                  "ParseFailed": false,
                  "Value": null,
                  "WriteValue": false,
                  "TypeTypeScript": "BoolPlcTag",
                  "ParentTag": false,
                  "WriteMessage": null,
                  "Name": "_ReadyForSendingData",
                  "Id": [
                    0,
                    29,
                    0,
                    5,
                    2,
                    1
                  ],
                  "Comment": "",
                  "OpcNode": ";s=\"IPC_S7_LOG_DB\".\"_logStream1\".\"_IPC_STATUS\".\"_Status\".\"_ReadyForSendingData\"",
                  "DbName": "IPC_S7_LOG_DB",
                  "ByteAdress": 290,
                  "BitAdress": 1,
                  "DbNumber": 123,
                  "PlcMemoryType": "DB",
                  "Lengthytes": 1,
                  "StartAdressBits": 2321,
                  "EndAdressBits": 2322
                },
                {
                  "Type": "Bool",
                  "LengthBits": 1,
                  "ParseMessage": "",
                  "ParseFailed": false,
                  "Value": null,
                  "WriteValue": false,
                  "TypeTypeScript": "BoolPlcTag",
                  "ParentTag": false,
                  "WriteMessage": null,
                  "Name": "_ReceivingData",
                  "Id": [
                    0,
                    29,
                    0,
                    5,
                    2,
                    2
                  ],
                  "Comment": "",
                  "OpcNode": ";s=\"IPC_S7_LOG_DB\".\"_logStream1\".\"_IPC_STATUS\".\"_Status\".\"_ReceivingData\"",
                  "DbName": "IPC_S7_LOG_DB",
                  "ByteAdress": 290,
                  "BitAdress": 2,
                  "DbNumber": 123,
                  "PlcMemoryType": "DB",
                  "Lengthytes": 1,
                  "StartAdressBits": 2322,
                  "EndAdressBits": 2323
                }
              ],
              "ParentTag": true,
              "LengthBits": 3,
              "EndAdressBits": 2336,
              "TypeTypeScript": "StructPlcTag",
              "WriteValue": null,
              "WriteMessage": null,
              "Name": "_Status",
              "Id": [
                0,
                29,
                0,
                5,
                2
              ],
              "Comment": "",
              "OpcNode": ";s=\"IPC_S7_LOG_DB\".\"_logStream1\".\"_IPC_STATUS\".\"_Status\"",
              "DbName": "IPC_S7_LOG_DB",
              "ByteAdress": 290,
              "BitAdress": 0,
              "DbNumber": 123,
              "PlcMemoryType": "DB",
              "Lengthytes": 1,
              "StartAdressBits": 2320
            },
            {
              "Type": "Struct",
              "ParseMessage": "",
              "ParseFailed": false,
              "Value": [
                {
                  "Type": "Time",
                  "LengthBits": 32,
                  "ParseMessage": "",
                  "ParseFailed": false,
                  "Value": 0,
                  "WriteValue": 0,
                  "TypeTypeScript": "TimeMsPlcTag",
                  "ParentTag": false,
                  "WriteMessage": null,
                  "Name": "_TimeOut",
                  "Id": [
                    0,
                    29,
                    0,
                    5,
                    3,
                    0
                  ],
                  "Comment": "",
                  "OpcNode": ";s=\"IPC_S7_LOG_DB\".\"_logStream1\".\"_IPC_STATUS\".\"_Settings\".\"_TimeOut\"",
                  "DbName": "IPC_S7_LOG_DB",
                  "ByteAdress": 292,
                  "BitAdress": 0,
                  "DbNumber": 123,
                  "PlcMemoryType": "DB",
                  "Lengthytes": 4,
                  "StartAdressBits": 2336,
                  "EndAdressBits": 2368
                },
                {
                  "Type": "Bool",
                  "LengthBits": 1,
                  "ParseMessage": "",
                  "ParseFailed": false,
                  "Value": null,
                  "WriteValue": false,
                  "TypeTypeScript": "BoolPlcTag",
                  "ParentTag": false,
                  "WriteMessage": null,
                  "Name": "_RetrySending",
                  "Id": [
                    0,
                    29,
                    0,
                    5,
                    3,
                    1
                  ],
                  "Comment": "",
                  "OpcNode": ";s=\"IPC_S7_LOG_DB\".\"_logStream1\".\"_IPC_STATUS\".\"_Settings\".\"_RetrySending\"",
                  "DbName": "IPC_S7_LOG_DB",
                  "ByteAdress": 296,
                  "BitAdress": 0,
                  "DbNumber": 123,
                  "PlcMemoryType": "DB",
                  "Lengthytes": 1,
                  "StartAdressBits": 2368,
                  "EndAdressBits": 2369
                },
                {
                  "Type": "Int",
                  "LengthBits": 16,
                  "ParseMessage": "",
                  "ParseFailed": false,
                  "Value": null,
                  "WriteValue": 0,
                  "TypeTypeScript": "Int16PlcTag",
                  "ParentTag": false,
                  "WriteMessage": null,
                  "Name": "_RetryThreshold",
                  "Id": [
                    0,
                    29,
                    0,
                    5,
                    3,
                    2
                  ],
                  "Comment": "",
                  "OpcNode": ";s=\"IPC_S7_LOG_DB\".\"_logStream1\".\"_IPC_STATUS\".\"_Settings\".\"_RetryThreshold\"",
                  "DbName": "IPC_S7_LOG_DB",
                  "ByteAdress": 298,
                  "BitAdress": 0,
                  "DbNumber": 123,
                  "PlcMemoryType": "DB",
                  "Lengthytes": 2,
                  "StartAdressBits": 2384,
                  "EndAdressBits": 2400
                },
                {
                  "Type": "Int",
                  "LengthBits": 16,
                  "ParseMessage": "",
                  "ParseFailed": false,
                  "Value": null,
                  "WriteValue": 0,
                  "TypeTypeScript": "Int16PlcTag",
                  "ParentTag": false,
                  "WriteMessage": null,
                  "Name": "_RetryCounter",
                  "Id": [
                    0,
                    29,
                    0,
                    5,
                    3,
                    3
                  ],
                  "Comment": "",
                  "OpcNode": ";s=\"IPC_S7_LOG_DB\".\"_logStream1\".\"_IPC_STATUS\".\"_Settings\".\"_RetryCounter\"",
                  "DbName": "IPC_S7_LOG_DB",
                  "ByteAdress": 300,
                  "BitAdress": 0,
                  "DbNumber": 123,
                  "PlcMemoryType": "DB",
                  "Lengthytes": 2,
                  "StartAdressBits": 2400,
                  "EndAdressBits": 2416
                },
                {
                  "Type": "Time",
                  "LengthBits": 32,
                  "ParseMessage": "",
                  "ParseFailed": false,
                  "Value": 0,
                  "WriteValue": 0,
                  "TypeTypeScript": "TimeMsPlcTag",
                  "ParentTag": false,
                  "WriteMessage": null,
                  "Name": "_ResendMessage",
                  "Id": [
                    0,
                    29,
                    0,
                    5,
                    3,
                    4
                  ],
                  "Comment": "The time when the object will execute a retry",
                  "OpcNode": ";s=\"IPC_S7_LOG_DB\".\"_logStream1\".\"_IPC_STATUS\".\"_Settings\".\"_ResendMessage\"",
                  "DbName": "IPC_S7_LOG_DB",
                  "ByteAdress": 302,
                  "BitAdress": 0,
                  "DbNumber": 123,
                  "PlcMemoryType": "DB",
                  "Lengthytes": 4,
                  "StartAdressBits": 2416,
                  "EndAdressBits": 2448
                }
              ],
              "ParentTag": true,
              "LengthBits": 112,
              "EndAdressBits": 2448,
              "TypeTypeScript": "StructPlcTag",
              "WriteValue": null,
              "WriteMessage": null,
              "Name": "_Settings",
              "Id": [
                0,
                29,
                0,
                5,
                3
              ],
              "Comment": "",
              "OpcNode": ";s=\"IPC_S7_LOG_DB\".\"_logStream1\".\"_IPC_STATUS\".\"_Settings\"",
              "DbName": "IPC_S7_LOG_DB",
              "ByteAdress": 292,
              "BitAdress": 0,
              "DbNumber": 123,
              "PlcMemoryType": "DB",
              "Lengthytes": 14,
              "StartAdressBits": 2336
            },
            {
              "Type": "UInt",
              "LengthBits": 16,
              "ParseMessage": "",
              "ParseFailed": false,
              "Value": null,
              "WriteValue": 0,
              "TypeTypeScript": "UInt16PlcTag",
              "ParentTag": false,
              "WriteMessage": null,
              "Name": "_Zone",
              "Id": [
                0,
                29,
                0,
                5,
                4
              ],
              "Comment": "",
              "OpcNode": ";s=\"IPC_S7_LOG_DB\".\"_logStream1\".\"_IPC_STATUS\".\"_Zone\"",
              "DbName": "IPC_S7_LOG_DB",
              "ByteAdress": 306,
              "BitAdress": 0,
              "DbNumber": 123,
              "PlcMemoryType": "DB",
              "Lengthytes": 2,
              "StartAdressBits": 2448,
              "EndAdressBits": 2464
            },
            {
              "Length": 20,
              "Chars": [],
              "Type": "String",
              "ParseMessage": "",
              "ParseFailed": false,
              "Value": null,
              "TypeTypeScript": "StringPlcTag",
              "ParentTag": false,
              "WriteValue": null,
              "WriteMessage": null,
              "Name": "_name",
              "Id": [
                0,
                29,
                0,
                5,
                5
              ],
              "Comment": "",
              "OpcNode": ";s=\"IPC_S7_LOG_DB\".\"_logStream1\".\"_IPC_STATUS\".\"_name\"",
              "DbName": "IPC_S7_LOG_DB",
              "ByteAdress": 308,
              "BitAdress": 0,
              "DbNumber": 123,
              "PlcMemoryType": "DB",
              "LengthBits": 176,
              "Lengthytes": 22,
              "StartAdressBits": 2464,
              "EndAdressBits": 2640
            }
          ],
          "ParseMessage": "",
          "ParseFailed": false,
          "ParentTag": true,
          "TypeTypeScript": "IPC_INTERFACE_STATUS_UDT",
          "EndAdressBits": 2640,
          "LengthBits": 512,
          "WriteValue": null,
          "WriteMessage": null,
          "Name": "_IPC_STATUS",
          "Id": [
            0,
            29,
            0,
            5
          ],
          "Type": "IPC_INTERFACE_STATUS_UDT",
          "Comment": "",
          "OpcNode": ";s=\"IPC_S7_LOG_DB\".\"_logStream1\".\"_IPC_STATUS\"",
          "DbName": "IPC_S7_LOG_DB",
          "ByteAdress": 266,
          "BitAdress": 0,
          "DbNumber": 123,
          "PlcMemoryType": "DB",
          "Lengthytes": 64,
          "StartAdressBits": 2128
        }
      ],
      "ParseMessage": "",
      "ParseFailed": false,
      "ParentTag": true,
      "TypeTypeScript": "PLC_IPC_S7LOG_UDT",
      "EndAdressBits": 2640,
      "LengthBits": 2640,
      "WriteValue": null,
      "WriteMessage": null,
      "Name": "_logStream1",
      "Id": [
        0,
        29,
        0
      ],
      "Type": "PLC_IPC_S7LOG_UDT",
      "Comment": "",
      "OpcNode": ";s=\"IPC_S7_LOG_DB\".\"_logStream1\"",
      "DbName": "IPC_S7_LOG_DB",
      "ByteAdress": 0,
      "BitAdress": 0,
      "DbNumber": 123,
      "PlcMemoryType": "DB",
      "Lengthytes": 330,
      "StartAdressBits": 0
    }
  ],
  "KeyName": "IPC_S7_LOG_DB_DB123"
}