{
  "Name": "RunTime_DB",
  "Number": 88,
  "Id": [
    0,
    3
  ],
  "Tags": [
    {
      "Type": "Int",
      "LengthBits": 16,
      "ParseMessage": "",
      "ParseFailed": false,
      "Value": null,
      "WriteValue": 0,
      "TypeTypeScript": "Int16PlcTag",
      "ParentTag": false,
      "WriteMessage": null,
      "Name": "_CycleRun",
      "Id": [
        0,
        3,
        0
      ],
      "Comment": "",
      "OpcNode": ";s=\"RunTime_DB\".\"_CycleRun\"",
      "DbName": "RunTime_DB",
      "ByteAdress": 0,
      "BitAdress": 0,
      "DbNumber": 88,
      "PlcMemoryType": "DB",
      "Lengthytes": 2,
      "StartAdressBits": 0,
      "EndAdressBits": 16
    },
    {
      "Value": [
        {
          "Type": "LReal",
          "LengthBits": 64,
          "ParseMessage": "",
          "ParseFailed": false,
          "Value": 0.0,
          "WriteValue": 0.0,
          "TypeTypeScript": "LRealPlcTag",
          "ParentTag": false,
          "WriteMessage": null,
          "Name": "_result",
          "Id": [
            0,
            3,
            1,
            0
          ],
          "Comment": "",
          "OpcNode": ";s=\"RunTime_DB\".\"_InputRuntTime\".\"_result\"",
          "DbName": "RunTime_DB",
          "ByteAdress": 2,
          "BitAdress": 0,
          "DbNumber": 88,
          "PlcMemoryType": "DB",
          "Lengthytes": 8,
          "StartAdressBits": 16,
          "EndAdressBits": 80
        },
        {
          "Type": "LReal",
          "LengthBits": 64,
          "ParseMessage": "",
          "ParseFailed": false,
          "Value": 0.0,
          "WriteValue": 0.0,
          "TypeTypeScript": "LRealPlcTag",
          "ParentTag": false,
          "WriteMessage": null,
          "Name": "_memory",
          "Id": [
            0,
            3,
            1,
            1
          ],
          "Comment": "",
          "OpcNode": ";s=\"RunTime_DB\".\"_InputRuntTime\".\"_memory\"",
          "DbName": "RunTime_DB",
          "ByteAdress": 10,
          "BitAdress": 0,
          "DbNumber": 88,
          "PlcMemoryType": "DB",
          "Lengthytes": 8,
          "StartAdressBits": 80,
          "EndAdressBits": 144
        }
      ],
      "ParseMessage": "",
      "ParseFailed": false,
      "ParentTag": true,
      "TypeTypeScript": "RUNTIME_UDT",
      "EndAdressBits": 144,
      "LengthBits": 128,
      "WriteValue": null,
      "WriteMessage": null,
      "Name": "_InputRuntTime",
      "Id": [
        0,
        3,
        1
      ],
      "Type": "RUNTIME_UDT",
      "Comment": "ms",
      "OpcNode": ";s=\"RunTime_DB\".\"_InputRuntTime\"",
      "DbName": "RunTime_DB",
      "ByteAdress": 2,
      "BitAdress": 0,
      "DbNumber": 88,
      "PlcMemoryType": "DB",
      "Lengthytes": 16,
      "StartAdressBits": 16
    },
    {
      "Value": [
        {
          "Type": "LReal",
          "LengthBits": 64,
          "ParseMessage": "",
          "ParseFailed": false,
          "Value": 0.0,
          "WriteValue": 0.0,
          "TypeTypeScript": "LRealPlcTag",
          "ParentTag": false,
          "WriteMessage": null,
          "Name": "_result",
          "Id": [
            0,
            3,
            2,
            0
          ],
          "Comment": "",
          "OpcNode": ";s=\"RunTime_DB\".\"_InterfacingRunTime\".\"_result\"",
          "DbName": "RunTime_DB",
          "ByteAdress": 18,
          "BitAdress": 0,
          "DbNumber": 88,
          "PlcMemoryType": "DB",
          "Lengthytes": 8,
          "StartAdressBits": 144,
          "EndAdressBits": 208
        },
        {
          "Type": "LReal",
          "LengthBits": 64,
          "ParseMessage": "",
          "ParseFailed": false,
          "Value": 0.0,
          "WriteValue": 0.0,
          "TypeTypeScript": "LRealPlcTag",
          "ParentTag": false,
          "WriteMessage": null,
          "Name": "_memory",
          "Id": [
            0,
            3,
            2,
            1
          ],
          "Comment": "",
          "OpcNode": ";s=\"RunTime_DB\".\"_InterfacingRunTime\".\"_memory\"",
          "DbName": "RunTime_DB",
          "ByteAdress": 26,
          "BitAdress": 0,
          "DbNumber": 88,
          "PlcMemoryType": "DB",
          "Lengthytes": 8,
          "StartAdressBits": 208,
          "EndAdressBits": 272
        }
      ],
      "ParseMessage": "",
      "ParseFailed": false,
      "ParentTag": true,
      "TypeTypeScript": "RUNTIME_UDT",
      "EndAdressBits": 272,
      "LengthBits": 128,
      "WriteValue": null,
      "WriteMessage": null,
      "Name": "_InterfacingRunTime",
      "Id": [
        0,
        3,
        2
      ],
      "Type": "RUNTIME_UDT",
      "Comment": "",
      "OpcNode": ";s=\"RunTime_DB\".\"_InterfacingRunTime\"",
      "DbName": "RunTime_DB",
      "ByteAdress": 18,
      "BitAdress": 0,
      "DbNumber": 88,
      "PlcMemoryType": "DB",
      "Lengthytes": 16,
      "StartAdressBits": 144
    },
    {
      "Value": [
        {
          "Type": "LReal",
          "LengthBits": 64,
          "ParseMessage": "",
          "ParseFailed": false,
          "Value": 0.0,
          "WriteValue": 0.0,
          "TypeTypeScript": "LRealPlcTag",
          "ParentTag": false,
          "WriteMessage": null,
          "Name": "_result",
          "Id": [
            0,
            3,
            3,
            0
          ],
          "Comment": "",
          "OpcNode": ";s=\"RunTime_DB\".\"_UserControlRunTime\".\"_result\"",
          "DbName": "RunTime_DB",
          "ByteAdress": 34,
          "BitAdress": 0,
          "DbNumber": 88,
          "PlcMemoryType": "DB",
          "Lengthytes": 8,
          "StartAdressBits": 272,
          "EndAdressBits": 336
        },
        {
          "Type": "LReal",
          "LengthBits": 64,
          "ParseMessage": "",
          "ParseFailed": false,
          "Value": 0.0,
          "WriteValue": 0.0,
          "TypeTypeScript": "LRealPlcTag",
          "ParentTag": false,
          "WriteMessage": null,
          "Name": "_memory",
          "Id": [
            0,
            3,
            3,
            1
          ],
          "Comment": "",
          "OpcNode": ";s=\"RunTime_DB\".\"_UserControlRunTime\".\"_memory\"",
          "DbName": "RunTime_DB",
          "ByteAdress": 42,
          "BitAdress": 0,
          "DbNumber": 88,
          "PlcMemoryType": "DB",
          "Lengthytes": 8,
          "StartAdressBits": 336,
          "EndAdressBits": 400
        }
      ],
      "ParseMessage": "",
      "ParseFailed": false,
      "ParentTag": true,
      "TypeTypeScript": "RUNTIME_UDT",
      "EndAdressBits": 400,
      "LengthBits": 128,
      "WriteValue": null,
      "WriteMessage": null,
      "Name": "_UserControlRunTime",
      "Id": [
        0,
        3,
        3
      ],
      "Type": "RUNTIME_UDT",
      "Comment": "",
      "OpcNode": ";s=\"RunTime_DB\".\"_UserControlRunTime\"",
      "DbName": "RunTime_DB",
      "ByteAdress": 34,
      "BitAdress": 0,
      "DbNumber": 88,
      "PlcMemoryType": "DB",
      "Lengthytes": 16,
      "StartAdressBits": 272
    },
    {
      "Value": [
        {
          "Type": "LReal",
          "LengthBits": 64,
          "ParseMessage": "",
          "ParseFailed": false,
          "Value": 0.0,
          "WriteValue": 0.0,
          "TypeTypeScript": "LRealPlcTag",
          "ParentTag": false,
          "WriteMessage": null,
          "Name": "_result",
          "Id": [
            0,
            3,
            4,
            0
          ],
          "Comment": "",
          "OpcNode": ";s=\"RunTime_DB\".\"_LogicRunTime\".\"_result\"",
          "DbName": "RunTime_DB",
          "ByteAdress": 50,
          "BitAdress": 0,
          "DbNumber": 88,
          "PlcMemoryType": "DB",
          "Lengthytes": 8,
          "StartAdressBits": 400,
          "EndAdressBits": 464
        },
        {
          "Type": "LReal",
          "LengthBits": 64,
          "ParseMessage": "",
          "ParseFailed": false,
          "Value": 0.0,
          "WriteValue": 0.0,
          "TypeTypeScript": "LRealPlcTag",
          "ParentTag": false,
          "WriteMessage": null,
          "Name": "_memory",
          "Id": [
            0,
            3,
            4,
            1
          ],
          "Comment": "",
          "OpcNode": ";s=\"RunTime_DB\".\"_LogicRunTime\".\"_memory\"",
          "DbName": "RunTime_DB",
          "ByteAdress": 58,
          "BitAdress": 0,
          "DbNumber": 88,
          "PlcMemoryType": "DB",
          "Lengthytes": 8,
          "StartAdressBits": 464,
          "EndAdressBits": 528
        }
      ],
      "ParseMessage": "",
      "ParseFailed": false,
      "ParentTag": true,
      "TypeTypeScript": "RUNTIME_UDT",
      "EndAdressBits": 528,
      "LengthBits": 128,
      "WriteValue": null,
      "WriteMessage": null,
      "Name": "_LogicRunTime",
      "Id": [
        0,
        3,
        4
      ],
      "Type": "RUNTIME_UDT",
      "Comment": "ms",
      "OpcNode": ";s=\"RunTime_DB\".\"_LogicRunTime\"",
      "DbName": "RunTime_DB",
      "ByteAdress": 50,
      "BitAdress": 0,
      "DbNumber": 88,
      "PlcMemoryType": "DB",
      "Lengthytes": 16,
      "StartAdressBits": 400
    },
    {
      "Value": [
        {
          "Type": "LReal",
          "LengthBits": 64,
          "ParseMessage": "",
          "ParseFailed": false,
          "Value": 0.0,
          "WriteValue": 0.0,
          "TypeTypeScript": "LRealPlcTag",
          "ParentTag": false,
          "WriteMessage": null,
          "Name": "_result",
          "Id": [
            0,
            3,
            5,
            0
          ],
          "Comment": "",
          "OpcNode": ";s=\"RunTime_DB\".\"_OutputRunTime\".\"_result\"",
          "DbName": "RunTime_DB",
          "ByteAdress": 66,
          "BitAdress": 0,
          "DbNumber": 88,
          "PlcMemoryType": "DB",
          "Lengthytes": 8,
          "StartAdressBits": 528,
          "EndAdressBits": 592
        },
        {
          "Type": "LReal",
          "LengthBits": 64,
          "ParseMessage": "",
          "ParseFailed": false,
          "Value": 0.0,
          "WriteValue": 0.0,
          "TypeTypeScript": "LRealPlcTag",
          "ParentTag": false,
          "WriteMessage": null,
          "Name": "_memory",
          "Id": [
            0,
            3,
            5,
            1
          ],
          "Comment": "",
          "OpcNode": ";s=\"RunTime_DB\".\"_OutputRunTime\".\"_memory\"",
          "DbName": "RunTime_DB",
          "ByteAdress": 74,
          "BitAdress": 0,
          "DbNumber": 88,
          "PlcMemoryType": "DB",
          "Lengthytes": 8,
          "StartAdressBits": 592,
          "EndAdressBits": 656
        }
      ],
      "ParseMessage": "",
      "ParseFailed": false,
      "ParentTag": true,
      "TypeTypeScript": "RUNTIME_UDT",
      "EndAdressBits": 656,
      "LengthBits": 128,
      "WriteValue": null,
      "WriteMessage": null,
      "Name": "_OutputRunTime",
      "Id": [
        0,
        3,
        5
      ],
      "Type": "RUNTIME_UDT",
      "Comment": "ms",
      "OpcNode": ";s=\"RunTime_DB\".\"_OutputRunTime\"",
      "DbName": "RunTime_DB",
      "ByteAdress": 66,
      "BitAdress": 0,
      "DbNumber": 88,
      "PlcMemoryType": "DB",
      "Lengthytes": 16,
      "StartAdressBits": 528
    }
  ],
  "KeyName": "RunTime_DB_DB88"
}