{
  "Name": "Simulation_DB",
  "Number": 30,
  "Id": [
    0,
    5
  ],
  "Tags": [
    {
      "Type": "Bool",
      "LengthBits": 1,
      "ParseMessage": "",
      "ParseFailed": false,
      "Value": null,
      "WriteValue": false,
      "TypeTypeScript": "BoolPlcTag",
      "ParentTag": false,
      "WriteMessage": null,
      "Name": "_Simulation_On",
      "Id": [
        0,
        5,
        0
      ],
      "Comment": "",
      "OpcNode": ";s=\"Simulation_DB\".\"_Simulation_On\"",
      "DbName": "Simulation_DB",
      "ByteAdress": 0,
      "BitAdress": 0,
      "DbNumber": 30,
      "PlcMemoryType": "DB",
      "Lengthytes": 1,
      "StartAdressBits": 0,
      "EndAdressBits": 1
    },
    {
      "Type": "Bool",
      "LengthBits": 1,
      "ParseMessage": "",
      "ParseFailed": false,
      "Value": null,
      "WriteValue": false,
      "TypeTypeScript": "BoolPlcTag",
      "ParentTag": false,
      "WriteMessage": null,
      "Name": "_EMG_OK",
      "Id": [
        0,
        5,
        1
      ],
      "Comment": "",
      "OpcNode": ";s=\"Simulation_DB\".\"_EMG_OK\"",
      "DbName": "Simulation_DB",
      "ByteAdress": 0,
      "BitAdress": 1,
      "DbNumber": 30,
      "PlcMemoryType": "DB",
      "Lengthytes": 1,
      "StartAdressBits": 1,
      "EndAdressBits": 2
    },
    {
      "Type": "Bool",
      "LengthBits": 1,
      "ParseMessage": "",
      "ParseFailed": false,
      "Value": null,
      "WriteValue": false,
      "TypeTypeScript": "BoolPlcTag",
      "ParentTag": false,
      "WriteMessage": null,
      "Name": "_ScannerSimulation",
      "Id": [
        0,
        5,
        2
      ],
      "Comment": "",
      "OpcNode": ";s=\"Simulation_DB\".\"_ScannerSimulation\"",
      "DbName": "Simulation_DB",
      "ByteAdress": 0,
      "BitAdress": 2,
      "DbNumber": 30,
      "PlcMemoryType": "DB",
      "Lengthytes": 1,
      "StartAdressBits": 2,
      "EndAdressBits": 3
    },
    {
      "Type": "UInt",
      "LengthBits": 16,
      "ParseMessage": "",
      "ParseFailed": false,
      "Value": null,
      "WriteValue": 0,
      "TypeTypeScript": "UInt16PlcTag",
      "ParentTag": false,
      "WriteMessage": null,
      "Name": "_MesDestinationSimulation",
      "Id": [
        0,
        5,
        3
      ],
      "Comment": "",
      "OpcNode": ";s=\"Simulation_DB\".\"_MesDestinationSimulation\"",
      "DbName": "Simulation_DB",
      "ByteAdress": 2,
      "BitAdress": 0,
      "DbNumber": 30,
      "PlcMemoryType": "DB",
      "Lengthytes": 2,
      "StartAdressBits": 16,
      "EndAdressBits": 32
    },
    {
      "Type": "Bool",
      "LengthBits": 1,
      "ParseMessage": "",
      "ParseFailed": false,
      "Value": null,
      "WriteValue": false,
      "TypeTypeScript": "BoolPlcTag",
      "ParentTag": false,
      "WriteMessage": null,
      "Name": "_ByPassGravityConv",
      "Id": [
        0,
        5,
        4
      ],
      "Comment": "",
      "OpcNode": ";s=\"Simulation_DB\".\"_ByPassGravityConv\"",
      "DbName": "Simulation_DB",
      "ByteAdress": 4,
      "BitAdress": 0,
      "DbNumber": 30,
      "PlcMemoryType": "DB",
      "Lengthytes": 1,
      "StartAdressBits": 32,
      "EndAdressBits": 33
    },
    {
      "Type": "Bool",
      "LengthBits": 1,
      "ParseMessage": "",
      "ParseFailed": false,
      "Value": null,
      "WriteValue": false,
      "TypeTypeScript": "BoolPlcTag",
      "ParentTag": false,
      "WriteMessage": null,
      "Name": "_barcode_sim",
      "Id": [
        0,
        5,
        5
      ],
      "Comment": "",
      "OpcNode": ";s=\"Simulation_DB\".\"_barcode_sim\"",
      "DbName": "Simulation_DB",
      "ByteAdress": 4,
      "BitAdress": 1,
      "DbNumber": 30,
      "PlcMemoryType": "DB",
      "Lengthytes": 1,
      "StartAdressBits": 33,
      "EndAdressBits": 34
    },
    {
      "Type": "Bool",
      "LengthBits": 1,
      "ParseMessage": "",
      "ParseFailed": false,
      "Value": null,
      "WriteValue": false,
      "TypeTypeScript": "BoolPlcTag",
      "ParentTag": false,
      "WriteMessage": null,
      "Name": "_gateClosed",
      "Id": [
        0,
        5,
        6
      ],
      "Comment": "",
      "OpcNode": ";s=\"Simulation_DB\".\"_gateClosed\"",
      "DbName": "Simulation_DB",
      "ByteAdress": 4,
      "BitAdress": 2,
      "DbNumber": 30,
      "PlcMemoryType": "DB",
      "Lengthytes": 1,
      "StartAdressBits": 34,
      "EndAdressBits": 35
    },
    {
      "Type": "Int",
      "LengthBits": 16,
      "ParseMessage": "",
      "ParseFailed": false,
      "Value": null,
      "WriteValue": 0,
      "TypeTypeScript": "Int16PlcTag",
      "ParentTag": false,
      "WriteMessage": null,
      "Name": "_exitNumber",
      "Id": [
        0,
        5,
        7
      ],
      "Comment": "",
      "OpcNode": ";s=\"Simulation_DB\".\"_exitNumber\"",
      "DbName": "Simulation_DB",
      "ByteAdress": 6,
      "BitAdress": 0,
      "DbNumber": 30,
      "PlcMemoryType": "DB",
      "Lengthytes": 2,
      "StartAdressBits": 48,
      "EndAdressBits": 64
    },
    {
      "Type": "Bool",
      "LengthBits": 1,
      "ParseMessage": "",
      "ParseFailed": false,
      "Value": null,
      "WriteValue": false,
      "TypeTypeScript": "BoolPlcTag",
      "ParentTag": false,
      "WriteMessage": null,
      "Name": "_resetEmg",
      "Id": [
        0,
        5,
        8
      ],
      "Comment": "",
      "OpcNode": ";s=\"Simulation_DB\".\"_resetEmg\"",
      "DbName": "Simulation_DB",
      "ByteAdress": 8,
      "BitAdress": 0,
      "DbNumber": 30,
      "PlcMemoryType": "DB",
      "Lengthytes": 1,
      "StartAdressBits": 64,
      "EndAdressBits": 65
    }
  ],
  "KeyName": "Simulation_DB_DB30"
}