{
  "Name": "Tracking_DB",
  "Number": 19,
  "Id": [
    0,
    6
  ],
  "Tags": [
    {
      "Type": "UInt",
      "LengthBits": 16,
      "ParseMessage": "",
      "ParseFailed": false,
      "Value": null,
      "WriteValue": 0,
      "TypeTypeScript": "UInt16PlcTag",
      "ParentTag": false,
      "WriteMessage": null,
      "Name": "_TrackingId",
      "Id": [
        0,
        6,
        0
      ],
      "Comment": "",
      "OpcNode": ";s=\"Tracking_DB\".\"_TrackingId\"",
      "DbName": "Tracking_DB",
      "ByteAdress": 0,
      "BitAdress": 0,
      "DbNumber": 19,
      "PlcMemoryType": "DB",
      "Lengthytes": 2,
      "StartAdressBits": 0,
      "EndAdressBits": 16
    },
    {
      "Value": [
        {
          "Type": "UInt",
          "LengthBits": 16,
          "ParseMessage": "",
          "ParseFailed": false,
          "Value": null,
          "WriteValue": 0,
          "TypeTypeScript": "UInt16PlcTag",
          "ParentTag": false,
          "WriteMessage": null,
          "Name": "_ID",
          "Id": [
            0,
            6,
            1,
            0
          ],
          "Comment": "",
          "OpcNode": ";s=\"Tracking_DB\".\"_EmptyTrackingSimple\".\"_ID\"",
          "DbName": "Tracking_DB",
          "ByteAdress": 2,
          "BitAdress": 0,
          "DbNumber": 19,
          "PlcMemoryType": "DB",
          "Lengthytes": 2,
          "StartAdressBits": 16,
          "EndAdressBits": 32
        },
        {
          "Type": "Int",
          "LengthBits": 16,
          "ParseMessage": "",
          "ParseFailed": false,
          "Value": null,
          "WriteValue": 0,
          "TypeTypeScript": "Int16PlcTag",
          "ParentTag": false,
          "WriteMessage": null,
          "Name": "_PLC_Dest",
          "Id": [
            0,
            6,
            1,
            1
          ],
          "Comment": "",
          "OpcNode": ";s=\"Tracking_DB\".\"_EmptyTrackingSimple\".\"_PLC_Dest\"",
          "DbName": "Tracking_DB",
          "ByteAdress": 4,
          "BitAdress": 0,
          "DbNumber": 19,
          "PlcMemoryType": "DB",
          "Lengthytes": 2,
          "StartAdressBits": 32,
          "EndAdressBits": 48
        },
        {
          "Length": 20,
          "Chars": [],
          "Type": "String",
          "ParseMessage": "",
          "ParseFailed": false,
          "Value": null,
          "TypeTypeScript": "StringPlcTag",
          "ParentTag": false,
          "WriteValue": null,
          "WriteMessage": null,
          "Name": "_WMS_Dest",
          "Id": [
            0,
            6,
            1,
            2
          ],
          "Comment": "",
          "OpcNode": ";s=\"Tracking_DB\".\"_EmptyTrackingSimple\".\"_WMS_Dest\"",
          "DbName": "Tracking_DB",
          "ByteAdress": 6,
          "BitAdress": 0,
          "DbNumber": 19,
          "PlcMemoryType": "DB",
          "LengthBits": 176,
          "Lengthytes": 22,
          "StartAdressBits": 48,
          "EndAdressBits": 224
        },
        {
          "Length": 254,
          "Chars": [],
          "Type": "String",
          "ParseMessage": "",
          "ParseFailed": false,
          "Value": null,
          "TypeTypeScript": "StringPlcTag",
          "ParentTag": false,
          "WriteValue": null,
          "WriteMessage": null,
          "Name": "_Barcode",
          "Id": [
            0,
            6,
            1,
            3
          ],
          "Comment": "",
          "OpcNode": ";s=\"Tracking_DB\".\"_EmptyTrackingSimple\".\"_Barcode\"",
          "DbName": "Tracking_DB",
          "ByteAdress": 28,
          "BitAdress": 0,
          "DbNumber": 19,
          "PlcMemoryType": "DB",
          "LengthBits": 2048,
          "Lengthytes": 256,
          "StartAdressBits": 224,
          "EndAdressBits": 2272
        },
        {
          "Type": "Bool",
          "LengthBits": 1,
          "ParseMessage": "",
          "ParseFailed": false,
          "Value": null,
          "WriteValue": false,
          "TypeTypeScript": "BoolPlcTag",
          "ParentTag": false,
          "WriteMessage": null,
          "Name": "_GoodRead",
          "Id": [
            0,
            6,
            1,
            4
          ],
          "Comment": "",
          "OpcNode": ";s=\"Tracking_DB\".\"_EmptyTrackingSimple\".\"_GoodRead\"",
          "DbName": "Tracking_DB",
          "ByteAdress": 284,
          "BitAdress": 0,
          "DbNumber": 19,
          "PlcMemoryType": "DB",
          "Lengthytes": 1,
          "StartAdressBits": 2272,
          "EndAdressBits": 2273
        },
        {
          "Type": "Real",
          "LengthBits": 32,
          "ParseMessage": "",
          "ParseFailed": false,
          "Value": 0.0,
          "WriteValue": 0.0,
          "TypeTypeScript": "RealPlcTag",
          "ParentTag": false,
          "WriteMessage": null,
          "Name": "_weightGram",
          "Id": [
            0,
            6,
            1,
            5
          ],
          "Comment": "",
          "OpcNode": ";s=\"Tracking_DB\".\"_EmptyTrackingSimple\".\"_weightGram\"",
          "DbName": "Tracking_DB",
          "ByteAdress": 286,
          "BitAdress": 0,
          "DbNumber": 19,
          "PlcMemoryType": "DB",
          "Lengthytes": 4,
          "StartAdressBits": 2288,
          "EndAdressBits": 2320
        },
        {
          "Type": "Bool",
          "LengthBits": 1,
          "ParseMessage": "",
          "ParseFailed": false,
          "Value": null,
          "WriteValue": false,
          "TypeTypeScript": "BoolPlcTag",
          "ParentTag": false,
          "WriteMessage": null,
          "Name": "_prio",
          "Id": [
            0,
            6,
            1,
            6
          ],
          "Comment": "",
          "OpcNode": ";s=\"Tracking_DB\".\"_EmptyTrackingSimple\".\"_prio\"",
          "DbName": "Tracking_DB",
          "ByteAdress": 290,
          "BitAdress": 0,
          "DbNumber": 19,
          "PlcMemoryType": "DB",
          "Lengthytes": 1,
          "StartAdressBits": 2320,
          "EndAdressBits": 2321
        }
      ],
      "ParseMessage": "",
      "ParseFailed": false,
      "ParentTag": true,
      "TypeTypeScript": "Tracking_Simple_UDT_1",
      "EndAdressBits": 2336,
      "LengthBits": 2305,
      "WriteValue": null,
      "WriteMessage": null,
      "Name": "_EmptyTrackingSimple",
      "Id": [
        0,
        6,
        1
      ],
      "Type": "Tracking_Simple_UDT_1",
      "Comment": "",
      "OpcNode": ";s=\"Tracking_DB\".\"_EmptyTrackingSimple\"",
      "DbName": "Tracking_DB",
      "ByteAdress": 2,
      "BitAdress": 0,
      "DbNumber": 19,
      "PlcMemoryType": "DB",
      "Lengthytes": 289,
      "StartAdressBits": 16
    },
    {
      "Value": [
        {
          "Type": "UInt",
          "LengthBits": 16,
          "ParseMessage": "",
          "ParseFailed": false,
          "Value": null,
          "WriteValue": 0,
          "TypeTypeScript": "UInt16PlcTag",
          "ParentTag": false,
          "WriteMessage": null,
          "Name": "_ID",
          "Id": [
            0,
            6,
            2,
            0
          ],
          "Comment": "",
          "OpcNode": ";s=\"Tracking_DB\".\"_EmptyTracking\".\"_ID\"",
          "DbName": "Tracking_DB",
          "ByteAdress": 292,
          "BitAdress": 0,
          "DbNumber": 19,
          "PlcMemoryType": "DB",
          "Lengthytes": 2,
          "StartAdressBits": 2336,
          "EndAdressBits": 2352
        },
        {
          "Length": 254,
          "Chars": [],
          "Type": "String",
          "ParseMessage": "",
          "ParseFailed": false,
          "Value": null,
          "TypeTypeScript": "StringPlcTag",
          "ParentTag": false,
          "WriteValue": null,
          "WriteMessage": null,
          "Name": "_Barcode",
          "Id": [
            0,
            6,
            2,
            1
          ],
          "Comment": "",
          "OpcNode": ";s=\"Tracking_DB\".\"_EmptyTracking\".\"_Barcode\"",
          "DbName": "Tracking_DB",
          "ByteAdress": 294,
          "BitAdress": 0,
          "DbNumber": 19,
          "PlcMemoryType": "DB",
          "LengthBits": 2048,
          "Lengthytes": 256,
          "StartAdressBits": 2352,
          "EndAdressBits": 4400
        },
        {
          "Type": "Bool",
          "LengthBits": 1,
          "ParseMessage": "",
          "ParseFailed": false,
          "Value": null,
          "WriteValue": false,
          "TypeTypeScript": "BoolPlcTag",
          "ParentTag": false,
          "WriteMessage": null,
          "Name": "_GoodRead",
          "Id": [
            0,
            6,
            2,
            2
          ],
          "Comment": "",
          "OpcNode": ";s=\"Tracking_DB\".\"_EmptyTracking\".\"_GoodRead\"",
          "DbName": "Tracking_DB",
          "ByteAdress": 550,
          "BitAdress": 0,
          "DbNumber": 19,
          "PlcMemoryType": "DB",
          "Lengthytes": 1,
          "StartAdressBits": 4400,
          "EndAdressBits": 4401
        },
        {
          "Type": "Bool",
          "LengthBits": 1,
          "ParseMessage": "",
          "ParseFailed": false,
          "Value": null,
          "WriteValue": false,
          "TypeTypeScript": "BoolPlcTag",
          "ParentTag": false,
          "WriteMessage": null,
          "Name": "_DestinationReceived",
          "Id": [
            0,
            6,
            2,
            3
          ],
          "Comment": "",
          "OpcNode": ";s=\"Tracking_DB\".\"_EmptyTracking\".\"_DestinationReceived\"",
          "DbName": "Tracking_DB",
          "ByteAdress": 550,
          "BitAdress": 1,
          "DbNumber": 19,
          "PlcMemoryType": "DB",
          "Lengthytes": 1,
          "StartAdressBits": 4401,
          "EndAdressBits": 4402
        },
        {
          "Type": "Int",
          "LengthBits": 16,
          "ParseMessage": "",
          "ParseFailed": false,
          "Value": null,
          "WriteValue": 0,
          "TypeTypeScript": "Int16PlcTag",
          "ParentTag": false,
          "WriteMessage": null,
          "Name": "_TargetConveyor",
          "Id": [
            0,
            6,
            2,
            4
          ],
          "Comment": "",
          "OpcNode": ";s=\"Tracking_DB\".\"_EmptyTracking\".\"_TargetConveyor\"",
          "DbName": "Tracking_DB",
          "ByteAdress": 552,
          "BitAdress": 0,
          "DbNumber": 19,
          "PlcMemoryType": "DB",
          "Lengthytes": 2,
          "StartAdressBits": 4416,
          "EndAdressBits": 4432
        },
        {
          "Type": "Int",
          "LengthBits": 16,
          "ParseMessage": "",
          "ParseFailed": false,
          "Value": null,
          "WriteValue": 0,
          "TypeTypeScript": "Int16PlcTag",
          "ParentTag": false,
          "WriteMessage": null,
          "Name": "_MESDestination",
          "Id": [
            0,
            6,
            2,
            5
          ],
          "Comment": "",
          "OpcNode": ";s=\"Tracking_DB\".\"_EmptyTracking\".\"_MESDestination\"",
          "DbName": "Tracking_DB",
          "ByteAdress": 554,
          "BitAdress": 0,
          "DbNumber": 19,
          "PlcMemoryType": "DB",
          "Lengthytes": 2,
          "StartAdressBits": 4432,
          "EndAdressBits": 4448
        },
        {
          "Type": "Struct",
          "ParseMessage": "",
          "ParseFailed": false,
          "Value": [
            {
              "Type": "Real",
              "LengthBits": 32,
              "ParseMessage": "",
              "ParseFailed": false,
              "Value": 0.0,
              "WriteValue": 0.0,
              "TypeTypeScript": "RealPlcTag",
              "ParentTag": false,
              "WriteMessage": null,
              "Name": "_EncoderLocation",
              "Id": [
                0,
                6,
                2,
                6,
                0
              ],
              "Comment": "",
              "OpcNode": ";s=\"Tracking_DB\".\"_EmptyTracking\".\"_Position\".\"_EncoderLocation\"",
              "DbName": "Tracking_DB",
              "ByteAdress": 556,
              "BitAdress": 0,
              "DbNumber": 19,
              "PlcMemoryType": "DB",
              "Lengthytes": 4,
              "StartAdressBits": 4448,
              "EndAdressBits": 4480
            },
            {
              "Type": "UInt",
              "LengthBits": 16,
              "ParseMessage": "",
              "ParseFailed": false,
              "Value": null,
              "WriteValue": 0,
              "TypeTypeScript": "UInt16PlcTag",
              "ParentTag": false,
              "WriteMessage": null,
              "Name": "_ExitIndex",
              "Id": [
                0,
                6,
                2,
                6,
                1
              ],
              "Comment": "",
              "OpcNode": ";s=\"Tracking_DB\".\"_EmptyTracking\".\"_Position\".\"_ExitIndex\"",
              "DbName": "Tracking_DB",
              "ByteAdress": 560,
              "BitAdress": 0,
              "DbNumber": 19,
              "PlcMemoryType": "DB",
              "Lengthytes": 2,
              "StartAdressBits": 4480,
              "EndAdressBits": 4496
            }
          ],
          "ParentTag": true,
          "LengthBits": 48,
          "EndAdressBits": 4496,
          "TypeTypeScript": "StructPlcTag",
          "WriteValue": null,
          "WriteMessage": null,
          "Name": "_Position",
          "Id": [
            0,
            6,
            2,
            6
          ],
          "Comment": "",
          "OpcNode": ";s=\"Tracking_DB\".\"_EmptyTracking\".\"_Position\"",
          "DbName": "Tracking_DB",
          "ByteAdress": 556,
          "BitAdress": 0,
          "DbNumber": 19,
          "PlcMemoryType": "DB",
          "Lengthytes": 6,
          "StartAdressBits": 4448
        }
      ],
      "ParseMessage": "",
      "ParseFailed": false,
      "ParentTag": true,
      "TypeTypeScript": "Tracking_UDT",
      "EndAdressBits": 4496,
      "LengthBits": 2160,
      "WriteValue": null,
      "WriteMessage": null,
      "Name": "_EmptyTracking",
      "Id": [
        0,
        6,
        2
      ],
      "Type": "Tracking_UDT",
      "Comment": "",
      "OpcNode": ";s=\"Tracking_DB\".\"_EmptyTracking\"",
      "DbName": "Tracking_DB",
      "ByteAdress": 292,
      "BitAdress": 0,
      "DbNumber": 19,
      "PlcMemoryType": "DB",
      "Lengthytes": 270,
      "StartAdressBits": 2336
    },
    {
      "Type": "UInt",
      "LengthBits": 16,
      "ParseMessage": "",
      "ParseFailed": false,
      "Value": null,
      "WriteValue": 0,
      "TypeTypeScript": "UInt16PlcTag",
      "ParentTag": false,
      "WriteMessage": null,
      "Name": "_TrackingLostIndex",
      "Id": [
        0,
        6,
        3
      ],
      "Comment": "",
      "OpcNode": ";s=\"Tracking_DB\".\"_TrackingLostIndex\"",
      "DbName": "Tracking_DB",
      "ByteAdress": 562,
      "BitAdress": 0,
      "DbNumber": 19,
      "PlcMemoryType": "DB",
      "Lengthytes": 2,
      "StartAdressBits": 4496,
      "EndAdressBits": 4512
    },
    {
      "Type": "UInt",
      "LengthBits": 16,
      "ParseMessage": "",
      "ParseFailed": false,
      "Value": null,
      "WriteValue": 0,
      "TypeTypeScript": "UInt16PlcTag",
      "ParentTag": false,
      "WriteMessage": null,
      "Name": "_BadReadIndex",
      "Id": [
        0,
        6,
        4
      ],
      "Comment": "",
      "OpcNode": ";s=\"Tracking_DB\".\"_BadReadIndex\"",
      "DbName": "Tracking_DB",
      "ByteAdress": 564,
      "BitAdress": 0,
      "DbNumber": 19,
      "PlcMemoryType": "DB",
      "Lengthytes": 2,
      "StartAdressBits": 4512,
      "EndAdressBits": 4528
    }
  ],
  "KeyName": "Tracking_DB_DB19"
}