﻿<?xml version="1.0" encoding="utf-8"?>
<Document>
  <Engineering version="V16" />
  <DocumentInfo>
    <Created>2023-11-13T10:46:15.250266Z</Created>
    <ExportSetting>WithDefaults</ExportSetting>
    <InstalledProducts>
      <Product>
        <DisplayName>Totally Integrated Automation Portal</DisplayName>
        <DisplayVersion>V16 Update 6</DisplayVersion>
      </Product>
      <OptionPackage>
        <DisplayName>TIA Portal Version Control Interface</DisplayName>
        <DisplayVersion>V16 Update 2</DisplayVersion>
      </OptionPackage>
      <OptionPackage>
        <DisplayName>TIA Portal Openness</DisplayName>
        <DisplayVersion>V16 Update 6</DisplayVersion>
      </OptionPackage>
      <OptionPackage>
        <DisplayName>TIA Portal Teamcenter Gateway</DisplayName>
        <DisplayVersion>V16</DisplayVersion>
      </OptionPackage>
      <Product>
        <DisplayName>SINAMICS Startdrive Advanced</DisplayName>
        <DisplayVersion>V16 Update 5</DisplayVersion>
      </Product>
      <OptionPackage>
        <DisplayName>SINAMICS Startdrive G130, G150, S120, S150, SINAMICS MV, S210</DisplayName>
        <DisplayVersion>V16 Update 5</DisplayVersion>
      </OptionPackage>
      <OptionPackage>
        <DisplayName>SINAMICS Startdrive G110M, G120, G120C, G120D, G120P, G115D</DisplayName>
        <DisplayVersion>V16 Update 5</DisplayVersion>
      </OptionPackage>
      <Product>
        <DisplayName>STEP 7 Professional</DisplayName>
        <DisplayVersion>V16 Update 6</DisplayVersion>
      </Product>
      <OptionPackage>
        <DisplayName>STEP 7 Safety</DisplayName>
        <DisplayVersion>V16</DisplayVersion>
      </OptionPackage>
      <Product>
        <DisplayName>WinCC Advanced / Unified PC</DisplayName>
        <DisplayVersion>V16 Update 6</DisplayVersion>
      </Product>
    </InstalledProducts>
  </DocumentInfo>
  <SW.Blocks.FB ID="0">
    <AttributeList>
      <AutoNumber>true</AutoNumber>
      <HeaderAuthor />
      <HeaderFamily />
      <HeaderName />
      <HeaderVersion>0.1</HeaderVersion>
      <Interface><Sections xmlns="http://www.siemens.com/automation/Openness/SW/Interface/v4">
  <Section Name="Input">
    <Member Name="I_Measurement" Datatype="String" Remanence="NonRetain" Accessibility="Public"><AttributeList><BooleanAttribute Name="ExternalAccessible" SystemDefined="true">true</BooleanAttribute><BooleanAttribute Name="ExternalVisible" SystemDefined="true">true</BooleanAttribute><BooleanAttribute Name="ExternalWritable" SystemDefined="true">true</BooleanAttribute></AttributeList></Member>
    <Member Name="I_tags" Datatype="String" Remanence="NonRetain" Accessibility="Public"><AttributeList><BooleanAttribute Name="ExternalAccessible" SystemDefined="true">true</BooleanAttribute><BooleanAttribute Name="ExternalVisible" SystemDefined="true">true</BooleanAttribute><BooleanAttribute Name="ExternalWritable" SystemDefined="true">true</BooleanAttribute></AttributeList></Member>
    <Member Name="I_fields" Datatype="String" Remanence="NonRetain" Accessibility="Public"><AttributeList><BooleanAttribute Name="ExternalAccessible" SystemDefined="true">true</BooleanAttribute><BooleanAttribute Name="ExternalVisible" SystemDefined="true">true</BooleanAttribute><BooleanAttribute Name="ExternalWritable" SystemDefined="true">true</BooleanAttribute></AttributeList></Member>
    <Member Name="I_time" Datatype="String" Remanence="NonRetain" Accessibility="Public"><AttributeList><BooleanAttribute Name="ExternalAccessible" SystemDefined="true">true</BooleanAttribute><BooleanAttribute Name="ExternalVisible" SystemDefined="true">true</BooleanAttribute><BooleanAttribute Name="ExternalWritable" SystemDefined="true">true</BooleanAttribute></AttributeList></Member>
    <Member Name="I_MakeRequest" Datatype="Bool" Remanence="NonRetain" Accessibility="Public"><AttributeList><BooleanAttribute Name="ExternalAccessible" SystemDefined="true">true</BooleanAttribute><BooleanAttribute Name="ExternalVisible" SystemDefined="true">true</BooleanAttribute><BooleanAttribute Name="ExternalWritable" SystemDefined="true">true</BooleanAttribute></AttributeList></Member>
    <Member Name="I_reset" Datatype="Bool" Remanence="NonRetain" Accessibility="Public"><AttributeList><BooleanAttribute Name="ExternalAccessible" SystemDefined="true">true</BooleanAttribute><BooleanAttribute Name="ExternalVisible" SystemDefined="true">true</BooleanAttribute><BooleanAttribute Name="ExternalWritable" SystemDefined="true">true</BooleanAttribute></AttributeList></Member>
  </Section>
  <Section Name="Output">
    <Member Name="O_ReadyForNewRequest" Datatype="Bool" Remanence="NonRetain" Accessibility="Public"><AttributeList><BooleanAttribute Name="ExternalAccessible" SystemDefined="true">true</BooleanAttribute><BooleanAttribute Name="ExternalVisible" SystemDefined="true">true</BooleanAttribute><BooleanAttribute Name="ExternalWritable" SystemDefined="true">true</BooleanAttribute></AttributeList></Member>
  </Section>
  <Section Name="InOut" />
  <Section Name="Static">
    <Member Name="url" Datatype="String" Remanence="NonRetain" Accessibility="Public"><AttributeList><BooleanAttribute Name="ExternalAccessible" SystemDefined="true">true</BooleanAttribute><BooleanAttribute Name="ExternalVisible" SystemDefined="true">true</BooleanAttribute><BooleanAttribute Name="ExternalWritable" SystemDefined="true">true</BooleanAttribute><BooleanAttribute Name="SetPoint" SystemDefined="true">false</BooleanAttribute></AttributeList></Member>
    <Member Name="headers" Datatype="String" Remanence="NonRetain" Accessibility="Public"><AttributeList><BooleanAttribute Name="ExternalAccessible" SystemDefined="true">true</BooleanAttribute><BooleanAttribute Name="ExternalVisible" SystemDefined="true">true</BooleanAttribute><BooleanAttribute Name="ExternalWritable" SystemDefined="true">true</BooleanAttribute><BooleanAttribute Name="SetPoint" SystemDefined="true">false</BooleanAttribute></AttributeList></Member>
    <Member Name="charConversionCount" Datatype="UInt" Remanence="NonRetain" Accessibility="Public"><AttributeList><BooleanAttribute Name="ExternalAccessible" SystemDefined="true">true</BooleanAttribute><BooleanAttribute Name="ExternalVisible" SystemDefined="true">true</BooleanAttribute><BooleanAttribute Name="ExternalWritable" SystemDefined="true">true</BooleanAttribute><BooleanAttribute Name="SetPoint" SystemDefined="true">false</BooleanAttribute></AttributeList></Member>
    <Member Name="data" Datatype="String" Remanence="NonRetain" Accessibility="Public"><AttributeList><BooleanAttribute Name="ExternalAccessible" SystemDefined="true">true</BooleanAttribute><BooleanAttribute Name="ExternalVisible" SystemDefined="true">true</BooleanAttribute><BooleanAttribute Name="ExternalWritable" SystemDefined="true">true</BooleanAttribute><BooleanAttribute Name="SetPoint" SystemDefined="true">false</BooleanAttribute></AttributeList></Member>
    <Member Name="response" Datatype="Array[0..1000] of Char" Remanence="NonRetain" Accessibility="Public"><AttributeList><BooleanAttribute Name="ExternalAccessible" SystemDefined="true">true</BooleanAttribute><BooleanAttribute Name="ExternalVisible" SystemDefined="true">true</BooleanAttribute><BooleanAttribute Name="ExternalWritable" SystemDefined="true">true</BooleanAttribute><BooleanAttribute Name="SetPoint" SystemDefined="true">false</BooleanAttribute></AttributeList></Member>
    <Member Name="responseText" Datatype="String" Remanence="NonRetain" Accessibility="Public"><AttributeList><BooleanAttribute Name="ExternalAccessible" SystemDefined="true">true</BooleanAttribute><BooleanAttribute Name="ExternalVisible" SystemDefined="true">true</BooleanAttribute><BooleanAttribute Name="ExternalWritable" SystemDefined="true">true</BooleanAttribute><BooleanAttribute Name="SetPoint" SystemDefined="true">false</BooleanAttribute></AttributeList></Member>
    <Member Name="http" Datatype="&quot;LHTTP_PostPut&quot;" Accessibility="Public"><AttributeList><BooleanAttribute Name="ExternalAccessible" SystemDefined="true">true</BooleanAttribute><BooleanAttribute Name="ExternalVisible" SystemDefined="true">true</BooleanAttribute><BooleanAttribute Name="ExternalWritable" SystemDefined="true">true</BooleanAttribute><BooleanAttribute Name="SetPoint" SystemDefined="true">false</BooleanAttribute></AttributeList><Sections><Section Name="Input"><Member Name="execute" Datatype="Bool" /><Member Name="hwID" Datatype="HW_ANY" /><Member Name="connID" Datatype="CONN_OUC" /><Member Name="method" Datatype="USInt" /><Member Name="url" Datatype="String" /><Member Name="contentType" Datatype="String" /><Member Name="data" Datatype="Variant" /><Member Name="userFields" Datatype="Array[0..255] of Char" /><Member Name="tls" Datatype="&quot;LHTTP_typeTLS&quot;"><Sections><Section Name="None"><Member Name="validateServerIdentity" Datatype="Bool" /><Member Name="serverCert" Datatype="UDInt" /><Member Name="clientCert" Datatype="UDInt" /></Section></Sections></Member><Member Name="keepConnection" Datatype="Bool" /><Member Name="timeOut" Datatype="Time" /></Section><Section Name="Output"><Member Name="connected" Datatype="Bool" /><Member Name="done" Datatype="Bool" /><Member Name="busy" Datatype="Bool" /><Member Name="error" Datatype="Bool" /><Member Name="status" Datatype="Word" /><Member Name="diagnostics" Datatype="&quot;typeDiagnostics&quot;"><Sections><Section Name="None"><Member Name="status" Datatype="Word" /><Member Name="subfunctionStatus" Datatype="DWord" /><Member Name="stateNumber" Datatype="DInt" /></Section></Sections></Member><Member Name="responseCode" Datatype="UInt" /><Member Name="length" Datatype="UDInt" /></Section><Section Name="InOut"><Member Name="responseData" Datatype="Array[*] of Char" /></Section><Section Name="Static"><Member Name="instTSendC" Datatype="TSEND_C" Version="3.2"><Sections><Section Name="Input"><Member Name="REQ" Datatype="Bool" /><Member Name="CONT" Datatype="Bool" /><Member Name="LEN" Datatype="UDInt" /></Section><Section Name="Output"><Member Name="DONE" Datatype="Bool" /><Member Name="BUSY" Datatype="Bool" /><Member Name="ERROR" Datatype="Bool" /><Member Name="STATUS" Datatype="Word" /></Section><Section Name="InOut"><Member Name="CONNECT" Datatype="Variant" /><Member Name="DATA" Datatype="Variant" /><Member Name="ADDR" Datatype="Variant" /><Member Name="COM_RST" Datatype="Bool" /></Section><Section Name="Static"><Member Name="s_state" Datatype="Int" /><Member Name="s_locked" Datatype="Bool" /><Member Name="s_udp" Datatype="Bool" /><Member Name="s_configured" Datatype="Bool" /><Member Name="s_tcon_80A3" Datatype="Bool" /><Member Name="s_REQ" Datatype="Bool" /><Member Name="s_ConID" Datatype="CONN_OUC" /><Member Name="s_TCON" Datatype="TCON" Version="4.0"><Sections><Section Name="Input"><Member Name="REQ" Datatype="Bool" /><Member Name="ID" Datatype="CONN_OUC" /></Section><Section Name="Output"><Member Name="DONE" Datatype="Bool" /><Member Name="BUSY" Datatype="Bool" /><Member Name="ERROR" Datatype="Bool" /><Member Name="STATUS" Datatype="Word" /></Section><Section Name="InOut"><Member Name="CONNECT" Datatype="Variant" /></Section><Section Name="Static" /></Sections></Member><Member Name="s_TDIAG" Datatype="T_DIAG" Version="1.2"><Sections><Section Name="Input"><Member Name="REQ" Datatype="Bool" /><Member Name="ID" Datatype="CONN_OUC" /></Section><Section Name="Output"><Member Name="DONE" Datatype="Bool" /><Member Name="BUSY" Datatype="Bool" /><Member Name="ERROR" Datatype="Bool" /><Member Name="STATUS" Datatype="Word" /></Section><Section Name="InOut"><Member Name="RESULT" Datatype="Variant" /></Section><Section Name="Static" /></Sections></Member><Member Name="s_TDIAG_Status" Datatype="TDiag_Status" Version="1.0"><Sections><Section Name="None"><Member Name="InterfaceId" Datatype="HW_ANY" /><Member Name="ID" Datatype="CONN_OUC" /><Member Name="ConnectionType" Datatype="Byte" /><Member Name="ActiveEstablished" Datatype="Bool" /><Member Name="State" Datatype="Byte" /><Member Name="Kind" Datatype="Byte" /><Member Name="SentBytes" Datatype="UDInt" /><Member Name="ReceivedBytes" Datatype="UDInt" /></Section></Sections></Member><Member Name="s_TDISCON" Datatype="TDISCON" Version="2.1"><Sections><Section Name="Input"><Member Name="REQ" Datatype="Bool" /><Member Name="ID" Datatype="CONN_OUC" /></Section><Section Name="Output"><Member Name="DONE" Datatype="Bool" /><Member Name="BUSY" Datatype="Bool" /><Member Name="ERROR" Datatype="Bool" /><Member Name="STATUS" Datatype="Word" /></Section><Section Name="InOut" /><Section Name="Static" /></Sections></Member><Member Name="s_TSEND" Datatype="TSEND" Version="4.0"><Sections><Section Name="Input"><Member Name="REQ" Datatype="Bool" /><Member Name="ID" Datatype="CONN_OUC" /><Member Name="LEN" Datatype="UDInt" /></Section><Section Name="Output"><Member Name="DONE" Datatype="Bool" /><Member Name="BUSY" Datatype="Bool" /><Member Name="ERROR" Datatype="Bool" /><Member Name="STATUS" Datatype="Word" /></Section><Section Name="InOut"><Member Name="DATA" Datatype="Variant" /><Member Name="ADDR" Datatype="Variant" /></Section><Section Name="Static" /></Sections></Member><Member Name="s_TUSEND" Datatype="TUSEND" Version="4.0"><Sections><Section Name="Input"><Member Name="REQ" Datatype="Bool" /><Member Name="ID" Datatype="CONN_OUC" /><Member Name="LEN" Datatype="UDInt" /></Section><Section Name="Output"><Member Name="DONE" Datatype="Bool" /><Member Name="BUSY" Datatype="Bool" /><Member Name="ERROR" Datatype="Bool" /><Member Name="STATUS" Datatype="Word" /></Section><Section Name="InOut"><Member Name="DATA" Datatype="Variant" /><Member Name="ADDR" Datatype="Variant" /></Section><Section Name="Static" /></Sections></Member><Member Name="s_TRESET" Datatype="T_RESET" Version="1.2"><Sections><Section Name="Input"><Member Name="REQ" Datatype="Bool" /><Member Name="ID" Datatype="CONN_OUC" /></Section><Section Name="Output"><Member Name="DONE" Datatype="Bool" /><Member Name="BUSY" Datatype="Bool" /><Member Name="ERROR" Datatype="Bool" /><Member Name="STATUS" Datatype="Word" /></Section><Section Name="InOut" /><Section Name="Static" /></Sections></Member></Section></Sections></Member><Member Name="instTRcv" Datatype="TRCV" Version="4.0"><Sections><Section Name="Input"><Member Name="EN_R" Datatype="Bool" /><Member Name="ID" Datatype="CONN_OUC" /><Member Name="LEN" Datatype="UDInt" /><Member Name="ADHOC" Datatype="Bool" /></Section><Section Name="Output"><Member Name="NDR" Datatype="Bool" /><Member Name="BUSY" Datatype="Bool" /><Member Name="ERROR" Datatype="Bool" /><Member Name="STATUS" Datatype="Word" /><Member Name="RCVD_LEN" Datatype="UDInt" /></Section><Section Name="InOut"><Member Name="DATA" Datatype="Variant" /><Member Name="ADDR" Datatype="Variant" /></Section><Section Name="Static" /></Sections></Member><Member Name="instTimeout" Datatype="TON_TIME" Version="1.0"><Sections><Section Name="None"><Member Name="PT" Datatype="Time" /><Member Name="ET" Datatype="Time" /><Member Name="IN" Datatype="Bool" /><Member Name="Q" Datatype="Bool" /></Section></Sections></Member><Member Name="statConnected" Datatype="Bool" /><Member Name="statDone" Datatype="Bool" /><Member Name="statBusy" Datatype="Bool" /><Member Name="statError" Datatype="Bool" /><Member Name="statStatus" Datatype="Word" /><Member Name="statResponseCode" Datatype="UInt" /><Member Name="statLength" Datatype="UDInt" /><Member Name="statFBState" Datatype="USInt" /><Member Name="statSubfunctionStatus" Datatype="DWord" /><Member Name="statEmptyDiagnostics" Datatype="&quot;typeDiagnostics&quot;"><Sections><Section Name="None"><Member Name="status" Datatype="Word" /><Member Name="subfunctionStatus" Datatype="DWord" /><Member Name="stateNumber" Datatype="DInt" /></Section></Sections></Member><Member Name="statParam" Datatype="Struct"><Member Name="isQDN" Datatype="Bool" /><Member Name="paramQDN" Datatype="TCON_QDN_SEC" Version="1.0"><Sections><Section Name="None"><Member Name="ConnPara" Datatype="TCON_QDN" Version="1.0"><Sections><Section Name="None"><Member Name="InterfaceId" Datatype="HW_ANY" /><Member Name="ID" Datatype="CONN_OUC" /><Member Name="ConnectionType" Datatype="Byte" /><Member Name="ActiveEstablished" Datatype="Bool" /><Member Name="RemoteQDN" Datatype="String[254]" /><Member Name="RemotePort" Datatype="UInt" /><Member Name="LocalPort" Datatype="UInt" /></Section></Sections></Member><Member Name="ActivateSecureConn" Datatype="Bool" /><Member Name="TLSServerReqClientCert" Datatype="Bool" /><Member Name="ExtTLSCapabilities" Datatype="Word" /><Member Name="TLSServerCertRef" Datatype="UDInt" /><Member Name="TLSClientCertRef" Datatype="UDInt" /></Section></Sections></Member><Member Name="paramIP" Datatype="TCON_IP_V4_SEC" Version="1.0"><Sections><Section Name="None"><Member Name="ConnPara" Datatype="TCON_IP_v4" Version="1.0"><Sections><Section Name="None"><Member Name="InterfaceId" Datatype="HW_ANY" /><Member Name="ID" Datatype="CONN_OUC" /><Member Name="ConnectionType" Datatype="Byte" /><Member Name="ActiveEstablished" Datatype="Bool" /><Member Name="RemoteAddress" Datatype="IP_V4" Version="1.0"><Sections><Section Name="None"><Member Name="ADDR" Datatype="Array[1..4] of Byte" /></Section></Sections></Member><Member Name="RemotePort" Datatype="UInt" /><Member Name="LocalPort" Datatype="UInt" /></Section></Sections></Member><Member Name="ActivateSecureConn" Datatype="Bool" /><Member Name="TLSServerReqClientCert" Datatype="Bool" /><Member Name="ExtTLSCapabilities" Datatype="Word" /><Member Name="TLSServerCertRef" Datatype="UDInt" /><Member Name="TLSClientCertRef" Datatype="UDInt" /></Section></Sections></Member></Member><Member Name="statHost" Datatype="String" /><Member Name="statRequest" Datatype="Struct"><Member Name="chars" Datatype="Array[0..1459] of Char" /><Member Name="length" Datatype="UInt" /></Member><Member Name="statSend" Datatype="Struct"><Member Name="connect" Datatype="Bool" /><Member Name="req" Datatype="Bool" /></Member><Member Name="statEncoding" Datatype="String" /><Member Name="statContentLength" Datatype="UInt" /><Member Name="statChunkLen" Datatype="UDInt" /><Member Name="statRcvdLen" Datatype="UDInt" /><Member Name="statTimeoutIn" Datatype="Bool" /><Member Name="statRcvBuffer" Datatype="Array[0..1459] of Char" /><Member Name="statSizeRcvArray" Datatype="UDInt" /><Member Name="statExecuteOld" Datatype="Bool" /><Member Name="statDataIsString" Datatype="Bool" /></Section></Sections></Member>
    <Member Name="influxErrorActive" Datatype="Bool" Remanence="NonRetain" Accessibility="Public"><AttributeList><BooleanAttribute Name="ExternalAccessible" SystemDefined="true">true</BooleanAttribute><BooleanAttribute Name="ExternalVisible" SystemDefined="true">true</BooleanAttribute><BooleanAttribute Name="ExternalWritable" SystemDefined="true">true</BooleanAttribute><BooleanAttribute Name="SetPoint" SystemDefined="true">true</BooleanAttribute></AttributeList></Member>
    <Member Name="influxError" Datatype="Program_Alarm" Version="1.0" Accessibility="Public"><AttributeList><BooleanAttribute Name="ExternalAccessible" SystemDefined="true">true</BooleanAttribute><BooleanAttribute Name="ExternalVisible" SystemDefined="true">true</BooleanAttribute><BooleanAttribute Name="ExternalWritable" SystemDefined="true">true</BooleanAttribute><BooleanAttribute Name="SetPoint" SystemDefined="true">true</BooleanAttribute></AttributeList><Sections><Section Name="Base"><Sections Datatype="ALARM_BASE" Version="1.0"><Section Name="Input" /><Section Name="Output" /><Section Name="InOut" /><Section Name="Static"><Member Name="Alarm_ID" Datatype="Event_ID" Version="1.0"><Sections><Section Name="None"><Member Name="ALID" Datatype="Word" /><Member Name="ARID" Datatype="Word" /></Section></Sections></Member><Member Name="HANDLE" Datatype="DWord" /></Section></Sections></Section><Section Name="Input"><Member Name="SIG" Datatype="Bool" /><Member Name="TIMESTAMP" Datatype="LDT" /><Member Name="SD_1" Datatype="Variant" /><Member Name="SD_2" Datatype="Variant" /><Member Name="SD_3" Datatype="Variant" /><Member Name="SD_4" Datatype="Variant" /><Member Name="SD_5" Datatype="Variant" /><Member Name="SD_6" Datatype="Variant" /><Member Name="SD_7" Datatype="Variant" /><Member Name="SD_8" Datatype="Variant" /><Member Name="SD_9" Datatype="Variant" /><Member Name="SD_10" Datatype="Variant" /></Section><Section Name="Output"><Member Name="Error" Datatype="Bool" /><Member Name="Status" Datatype="Word" /></Section><Section Name="InOut" /><Section Name="Static"><Member Name="SD_0" Datatype="AssocValue_0" Version="1.0"><Sections><Section Name="None"><Member Name="Syntax" Datatype="UInt" /><Member Name="Aap" Datatype="Byte" /></Section></Sections></Member><Member Name="SIG_Edge_History" Datatype="Bool" /><Member Name="INIT_FB_State" Datatype="DWord" /></Section></Sections></Member>
  </Section>
  <Section Name="Temp" />
  <Section Name="Constant" />
</Sections></Interface>
      <IsIECCheckEnabled>false</IsIECCheckEnabled>
      <IsRetainMemResEnabled>false</IsRetainMemResEnabled>
      <MemoryLayout>Optimized</MemoryLayout>
      <MemoryReserve>100</MemoryReserve>
      <Name>Influx_write_api_fb</Name>
      <Number>72</Number>
      <ProgrammingLanguage>SCL</ProgrammingLanguage>
      <SetENOAutomatically>false</SetENOAutomatically>
      <UDABlockProperties />
      <UDAEnableTagReadback>false</UDAEnableTagReadback>
    </AttributeList>
    <ObjectList>
      <MultilingualText ID="1" CompositionName="Comment">
        <ObjectList>
          <MultilingualTextItem ID="2" CompositionName="Items">
            <AttributeList>
              <Culture>en-US</Culture>
              <Text />
            </AttributeList>
          </MultilingualTextItem>
          <MultilingualTextItem ID="3" CompositionName="Items">
            <AttributeList>
              <Culture>fr-BE</Culture>
              <Text />
            </AttributeList>
          </MultilingualTextItem>
        </ObjectList>
      </MultilingualText>
      <SW.Blocks.CompileUnit ID="4" CompositionName="CompileUnits">
        <AttributeList>
          <NetworkSource><StructuredText xmlns="http://www.siemens.com/automation/Openness/SW/NetworkSource/StructuredText/v3">
  <Token Text="REGION" UId="21" />
  <Blank Num="1" UId="22" />
  <Text UId="23">PREPARE DATA</Text>
  <NewLine Num="1" UId="24" />
  <Blank Num="4" UId="25" />
  <NewLine Num="1" UId="26" />
  <Blank Num="4" UId="27" />
  <LineComment Inserted="false" NoClosingBracket="false" UId="28">
    <Text UId="29">Build the url first</Text>
  </LineComment>
  <NewLine Num="1" UId="30" />
  <Blank Num="4" UId="31" />
  <Access Scope="LocalVariable" UId="32">
    <Symbol UId="33">
      <Component Name="url" UId="34" />
    </Symbol>
  </Access>
  <Blank Num="1" UId="35" />
  <Token Text=":=" UId="36" />
  <Blank Num="1" UId="37" />
  <Access Scope="Call" UId="38">
    <Instruction Name="CONCAT" UId="39">
      <TemplateValue Name="str_type" Type="Type" UId="40">String</TemplateValue>
      <Token Text="(" UId="41" />
      <Parameter Name="IN1" UId="42">
        <Blank Num="1" UId="43" />
        <Token Text=":=" UId="44" />
        <Blank Num="1" UId="45" />
        <Access Scope="LiteralConstant" UId="46">
          <Constant UId="47">
            <ConstantValue UId="49">'http://'</ConstantValue>
          </Constant>
        </Access>
      </Parameter>
      <Token Text="," UId="50" />
      <Blank Num="1" UId="51" />
      <Parameter Name="IN2" UId="52">
        <Blank Num="1" UId="53" />
        <Token Text=":=" UId="54" />
        <Blank Num="1" UId="55" />
        <Access Scope="GlobalVariable" UId="56">
          <Symbol UId="57">
            <Component Name="Influx_config_db" UId="58" />
            <Token Text="." UId="59" />
            <Component Name="host" UId="60" />
          </Symbol>
        </Access>
      </Parameter>
      <Token Text=")" UId="62" />
    </Instruction>
  </Access>
  <Token Text=";" UId="63" />
  <NewLine Num="1" UId="64" />
  <Blank Num="4" UId="65" />
  <Access Scope="LocalVariable" UId="66">
    <Symbol UId="67">
      <Component Name="url" UId="68" />
    </Symbol>
  </Access>
  <Blank Num="1" UId="69" />
  <Token Text=":=" UId="70" />
  <Blank Num="1" UId="71" />
  <Access Scope="Call" UId="72">
    <Instruction Name="CONCAT" UId="73">
      <TemplateValue Name="str_type" Type="Type" UId="74">String</TemplateValue>
      <Token Text="(" UId="75" />
      <Parameter Name="IN1" UId="76">
        <Blank Num="1" UId="77" />
        <Token Text=":=" UId="78" />
        <Blank Num="1" UId="79" />
        <Access Scope="LocalVariable" UId="80">
          <Symbol UId="81">
            <Component Name="url" UId="82" />
          </Symbol>
        </Access>
      </Parameter>
      <Token Text="," UId="83" />
      <Blank Num="1" UId="84" />
      <Parameter Name="IN2" UId="85">
        <Blank Num="1" UId="86" />
        <Token Text=":=" UId="87" />
        <Blank Num="1" UId="88" />
        <Access Scope="LiteralConstant" UId="89">
          <Constant UId="90">
            <ConstantValue UId="92">':'</ConstantValue>
          </Constant>
        </Access>
      </Parameter>
      <Token Text=")" UId="94" />
    </Instruction>
  </Access>
  <Token Text=";" UId="95" />
  <NewLine Num="1" UId="96" />
  <Blank Num="4" UId="97" />
  <Access Scope="LocalVariable" UId="98">
    <Symbol UId="99">
      <Component Name="url" UId="100" />
    </Symbol>
  </Access>
  <Blank Num="1" UId="101" />
  <Token Text=":=" UId="102" />
  <Blank Num="1" UId="103" />
  <Access Scope="Call" UId="104">
    <Instruction Name="CONCAT" UId="105">
      <TemplateValue Name="str_type" Type="Type" UId="106">String</TemplateValue>
      <Token Text="(" UId="107" />
      <Parameter Name="IN1" UId="108">
        <Blank Num="1" UId="109" />
        <Token Text=":=" UId="110" />
        <Blank Num="1" UId="111" />
        <Access Scope="LocalVariable" UId="112">
          <Symbol UId="113">
            <Component Name="url" UId="114" />
          </Symbol>
        </Access>
      </Parameter>
      <Token Text="," UId="115" />
      <Blank Num="1" UId="116" />
      <Parameter Name="IN2" UId="117">
        <Blank Num="1" UId="118" />
        <Token Text=":=" UId="119" />
        <Blank Num="1" UId="120" />
        <Access Scope="GlobalVariable" UId="121">
          <Symbol UId="122">
            <Component Name="Influx_config_db" UId="123" />
            <Token Text="." UId="124" />
            <Component Name="port" UId="125" />
          </Symbol>
        </Access>
      </Parameter>
      <Token Text=")" UId="127" />
    </Instruction>
  </Access>
  <Token Text=";" UId="128" />
  <NewLine Num="1" UId="129" />
  <Blank Num="4" UId="130" />
  <Access Scope="LocalVariable" UId="131">
    <Symbol UId="132">
      <Component Name="url" UId="133" />
    </Symbol>
  </Access>
  <Blank Num="1" UId="134" />
  <Token Text=":=" UId="135" />
  <Blank Num="1" UId="136" />
  <Access Scope="Call" UId="137">
    <Instruction Name="CONCAT" UId="138">
      <TemplateValue Name="str_type" Type="Type" UId="139">String</TemplateValue>
      <Token Text="(" UId="140" />
      <Parameter Name="IN1" UId="141">
        <Blank Num="1" UId="142" />
        <Token Text=":=" UId="143" />
        <Blank Num="1" UId="144" />
        <Access Scope="LocalVariable" UId="145">
          <Symbol UId="146">
            <Component Name="url" UId="147" />
          </Symbol>
        </Access>
      </Parameter>
      <Token Text="," UId="148" />
      <Blank Num="1" UId="149" />
      <Parameter Name="IN2" UId="150">
        <Blank Num="1" UId="151" />
        <Token Text=":=" UId="152" />
        <Blank Num="1" UId="153" />
        <Access Scope="LiteralConstant" UId="154">
          <Constant UId="155">
            <ConstantValue UId="157">'/api/v2/write?org='</ConstantValue>
          </Constant>
        </Access>
      </Parameter>
      <Token Text=")" UId="159" />
    </Instruction>
  </Access>
  <Token Text=";" UId="160" />
  <NewLine Num="1" UId="161" />
  <Blank Num="4" UId="162" />
  <Access Scope="LocalVariable" UId="163">
    <Symbol UId="164">
      <Component Name="url" UId="165" />
    </Symbol>
  </Access>
  <Blank Num="1" UId="166" />
  <Token Text=":=" UId="167" />
  <Blank Num="1" UId="168" />
  <Access Scope="Call" UId="169">
    <Instruction Name="CONCAT" UId="170">
      <TemplateValue Name="str_type" Type="Type" UId="171">String</TemplateValue>
      <Token Text="(" UId="172" />
      <Parameter Name="IN1" UId="173">
        <Blank Num="1" UId="174" />
        <Token Text=":=" UId="175" />
        <Blank Num="1" UId="176" />
        <Access Scope="LocalVariable" UId="177">
          <Symbol UId="178">
            <Component Name="url" UId="179" />
          </Symbol>
        </Access>
      </Parameter>
      <Token Text="," UId="180" />
      <Blank Num="1" UId="181" />
      <Parameter Name="IN2" UId="182">
        <Blank Num="1" UId="183" />
        <Token Text=":=" UId="184" />
        <Blank Num="1" UId="185" />
        <Access Scope="GlobalVariable" UId="186">
          <Symbol UId="187">
            <Component Name="Influx_config_db" UId="188" />
            <Token Text="." UId="189" />
            <Component Name="organization" UId="190" />
          </Symbol>
        </Access>
      </Parameter>
      <Token Text=")" UId="192" />
    </Instruction>
  </Access>
  <Token Text=";" UId="193" />
  <NewLine Num="1" UId="194" />
  <Blank Num="4" UId="195" />
  <Access Scope="LocalVariable" UId="196">
    <Symbol UId="197">
      <Component Name="url" UId="198" />
    </Symbol>
  </Access>
  <Blank Num="1" UId="199" />
  <Token Text=":=" UId="200" />
  <Blank Num="1" UId="201" />
  <Access Scope="Call" UId="202">
    <Instruction Name="CONCAT" UId="203">
      <TemplateValue Name="str_type" Type="Type" UId="204">String</TemplateValue>
      <Token Text="(" UId="205" />
      <Parameter Name="IN1" UId="206">
        <Blank Num="1" UId="207" />
        <Token Text=":=" UId="208" />
        <Blank Num="1" UId="209" />
        <Access Scope="LocalVariable" UId="210">
          <Symbol UId="211">
            <Component Name="url" UId="212" />
          </Symbol>
        </Access>
      </Parameter>
      <Token Text="," UId="213" />
      <Blank Num="1" UId="214" />
      <Parameter Name="IN2" UId="215">
        <Blank Num="1" UId="216" />
        <Token Text=":=" UId="217" />
        <Blank Num="1" UId="218" />
        <Access Scope="LiteralConstant" UId="219">
          <Constant UId="220">
            <ConstantValue UId="222">'&amp;bucket='</ConstantValue>
          </Constant>
        </Access>
      </Parameter>
      <Token Text=")" UId="224" />
    </Instruction>
  </Access>
  <Token Text=";" UId="225" />
  <NewLine Num="1" UId="226" />
  <Blank Num="4" UId="227" />
  <Access Scope="LocalVariable" UId="228">
    <Symbol UId="229">
      <Component Name="url" UId="230" />
    </Symbol>
  </Access>
  <Blank Num="1" UId="231" />
  <Token Text=":=" UId="232" />
  <Blank Num="1" UId="233" />
  <Access Scope="Call" UId="234">
    <Instruction Name="CONCAT" UId="235">
      <TemplateValue Name="str_type" Type="Type" UId="236">String</TemplateValue>
      <Token Text="(" UId="237" />
      <Parameter Name="IN1" UId="238">
        <Blank Num="1" UId="239" />
        <Token Text=":=" UId="240" />
        <Blank Num="1" UId="241" />
        <Access Scope="LocalVariable" UId="242">
          <Symbol UId="243">
            <Component Name="url" UId="244" />
          </Symbol>
        </Access>
      </Parameter>
      <Token Text="," UId="245" />
      <Blank Num="1" UId="246" />
      <Parameter Name="IN2" UId="247">
        <Blank Num="1" UId="248" />
        <Token Text=":=" UId="249" />
        <Blank Num="1" UId="250" />
        <Access Scope="GlobalVariable" UId="251">
          <Symbol UId="252">
            <Component Name="Influx_config_db" UId="253" />
            <Token Text="." UId="254" />
            <Component Name="bucket" UId="255" />
          </Symbol>
        </Access>
      </Parameter>
      <Token Text=")" UId="257" />
    </Instruction>
  </Access>
  <Token Text=";" UId="258" />
  <NewLine Num="1" UId="259" />
  <Blank Num="4" UId="260" />
  <Access Scope="LocalVariable" UId="261">
    <Symbol UId="262">
      <Component Name="url" UId="263" />
    </Symbol>
  </Access>
  <Blank Num="1" UId="264" />
  <Token Text=":=" UId="265" />
  <Blank Num="1" UId="266" />
  <Access Scope="Call" UId="267">
    <Instruction Name="CONCAT" UId="268">
      <TemplateValue Name="str_type" Type="Type" UId="269">String</TemplateValue>
      <Token Text="(" UId="270" />
      <Parameter Name="IN1" UId="271">
        <Blank Num="1" UId="272" />
        <Token Text=":=" UId="273" />
        <Blank Num="1" UId="274" />
        <Access Scope="LocalVariable" UId="275">
          <Symbol UId="276">
            <Component Name="url" UId="277" />
          </Symbol>
        </Access>
      </Parameter>
      <Token Text="," UId="278" />
      <Blank Num="1" UId="279" />
      <Parameter Name="IN2" UId="280">
        <Blank Num="1" UId="281" />
        <Token Text=":=" UId="282" />
        <Blank Num="1" UId="283" />
        <Access Scope="LiteralConstant" UId="284">
          <Constant UId="285">
            <ConstantValue UId="287">'&amp;precision=ms'</ConstantValue>
          </Constant>
        </Access>
      </Parameter>
      <Token Text=")" UId="289" />
    </Instruction>
  </Access>
  <Token Text=";" UId="290" />
  <NewLine Num="1" UId="291" />
  <Blank Num="4" UId="292" />
  <LineComment Inserted="false" NoClosingBracket="false" UId="293">
    <Text UId="294">url done :)</Text>
  </LineComment>
  <NewLine Num="1" UId="295" />
  <Blank Num="4" UId="296" />
  <NewLine Num="1" UId="297" />
  <Token Text="END_REGION" UId="298" />
  <NewLine Num="2" UId="299" />
  <Token Text="REGION" UId="300" />
  <Blank Num="1" UId="301" />
  <Text UId="302">LETS MAKE SOME HEADERS</Text>
  <NewLine Num="1" UId="303" />
  <Blank Num="4" UId="304" />
  <NewLine Num="1" UId="305" />
  <Blank Num="4" UId="306" />
  <LineComment Inserted="false" NoClosingBracket="false" UId="307">
    <Text UId="308">The only thing we need to set is the autorization token (easy)</Text>
  </LineComment>
  <NewLine Num="1" UId="309" />
  <Blank Num="4" UId="310" />
  <Access Scope="LocalVariable" UId="311">
    <Symbol UId="312">
      <Component Name="headers" UId="313" />
    </Symbol>
  </Access>
  <Blank Num="1" UId="314" />
  <Token Text=":=" UId="315" />
  <Blank Num="1" UId="316" />
  <Access Scope="Call" UId="317">
    <Instruction Name="CONCAT" UId="318">
      <TemplateValue Name="str_type" Type="Type" UId="319">String</TemplateValue>
      <Token Text="(" UId="320" />
      <Parameter Name="IN1" UId="321">
        <Blank Num="1" UId="322" />
        <Token Text=":=" UId="323" />
        <Blank Num="1" UId="324" />
        <Access Scope="LiteralConstant" UId="325">
          <Constant UId="326">
            <ConstantValue UId="328">'Authorization:Token '</ConstantValue>
          </Constant>
        </Access>
      </Parameter>
      <Token Text="," UId="329" />
      <Blank Num="1" UId="330" />
      <Parameter Name="IN2" UId="331">
        <Blank Num="1" UId="332" />
        <Token Text=":=" UId="333" />
        <Blank Num="1" UId="334" />
        <Access Scope="GlobalVariable" UId="335">
          <Symbol UId="336">
            <Component Name="Influx_config_db" UId="337" />
            <Token Text="." UId="338" />
            <Component Name="token" UId="339" />
          </Symbol>
        </Access>
      </Parameter>
      <Token Text=")" UId="341" />
    </Instruction>
  </Access>
  <Token Text=";" UId="342" />
  <NewLine Num="1" UId="343" />
  <Blank Num="4" UId="344" />
  <Access Scope="LocalVariable" UId="345">
    <Symbol UId="346">
      <Component Name="headers" UId="347" />
    </Symbol>
  </Access>
  <Blank Num="1" UId="348" />
  <Token Text=":=" UId="349" />
  <Blank Num="1" UId="350" />
  <Access Scope="Call" UId="351">
    <Instruction Name="CONCAT" UId="352">
      <TemplateValue Name="str_type" Type="Type" UId="353">String</TemplateValue>
      <Token Text="(" UId="354" />
      <Parameter Name="IN1" UId="355">
        <Blank Num="1" UId="356" />
        <Token Text=":=" UId="357" />
        <Blank Num="1" UId="358" />
        <Access Scope="LocalVariable" UId="359">
          <Symbol UId="360">
            <Component Name="headers" UId="361" />
          </Symbol>
        </Access>
      </Parameter>
      <Token Text="," UId="362" />
      <Blank Num="1" UId="363" />
      <Parameter Name="IN2" UId="364">
        <Blank Num="1" UId="365" />
        <Token Text=":=" UId="366" />
        <Blank Num="1" UId="367" />
        <Access Scope="LiteralConstant" UId="368">
          <Constant UId="369">
            <ConstantValue UId="371">'$00'</ConstantValue>
          </Constant>
        </Access>
      </Parameter>
      <Token Text=")" UId="373" />
    </Instruction>
  </Access>
  <Token Text=";" UId="374" />
  <NewLine Num="1" UId="375" />
  <Blank Num="4" UId="376" />
  <NewLine Num="1" UId="377" />
  <Blank Num="4" UId="378" />
  <LineComment Inserted="false" NoClosingBracket="false" UId="379">
    <Text UId="380">now we need to convert this to a array of chars :(</Text>
  </LineComment>
  <NewLine Num="1" UId="381" />
  <Blank Num="4" UId="382" />
  <Access Scope="Call" UId="383">
    <Instruction Name="Strg_TO_Chars" UId="384">
      <Token Text="(" UId="385" />
      <Parameter Name="Strg" UId="386">
        <Blank Num="1" UId="387" />
        <Token Text=":=" UId="388" />
        <Blank Num="1" UId="389" />
        <Access Scope="LocalVariable" UId="390">
          <Symbol UId="391">
            <Component Name="headers" UId="392" />
          </Symbol>
        </Access>
      </Parameter>
      <Token Text="," UId="393" />
      <NewLine Num="1" UId="394" />
      <Blank Num="18" UId="395" />
      <Parameter Name="pChars" UId="396">
        <Blank Num="1" UId="397" />
        <Token Text=":=" UId="398" />
        <Blank Num="1" UId="399" />
        <Access Scope="LiteralConstant" UId="400">
          <Constant UId="401">
            <ConstantValue UId="403">0</ConstantValue>
          </Constant>
        </Access>
      </Parameter>
      <Token Text="," UId="404" />
      <NewLine Num="1" UId="405" />
      <Blank Num="18" UId="406" />
      <Parameter Name="Cnt" UId="407">
        <Blank Num="1" UId="408" />
        <Token Text="=&gt;" UId="409" />
        <Blank Num="1" UId="410" />
        <Access Scope="LocalVariable" UId="411">
          <Symbol UId="412">
            <Component Name="charConversionCount" UId="413" />
          </Symbol>
        </Access>
      </Parameter>
      <Token Text="," UId="414" />
      <NewLine Num="1" UId="415" />
      <Blank Num="18" UId="416" />
      <Parameter Name="Chars" UId="417">
        <Blank Num="1" UId="418" />
        <Token Text=":=" UId="419" />
        <Blank Num="1" UId="420" />
        <Access Scope="LocalVariable" UId="421">
          <Symbol UId="422">
            <Component Name="http" UId="423" />
            <Token Text="." UId="424" />
            <Component Name="userFields" UId="425" />
          </Symbol>
        </Access>
      </Parameter>
      <Token Text=")" UId="426" />
    </Instruction>
  </Access>
  <Token Text=";" UId="427" />
  <NewLine Num="1" UId="428" />
  <Blank Num="4" UId="429" />
  <NewLine Num="1" UId="430" />
  <Token Text="END_REGION" UId="431" />
  <NewLine Num="2" UId="432" />
  <Token Text="REGION" UId="433" />
  <Blank Num="1" UId="434" />
  <Text UId="435">PREPARE THE DATA</Text>
  <NewLine Num="1" UId="436" />
  <Blank Num="4" UId="437" />
  <NewLine Num="1" UId="438" />
  <Blank Num="4" UId="439" />
  <LineComment Inserted="false" NoClosingBracket="false" UId="440">
    <Text UId="441">Structure</Text>
  </LineComment>
  <NewLine Num="1" UId="442" />
  <Blank Num="4" UId="443" />
  <LineComment Inserted="false" NoClosingBracket="false" UId="444">
    <Text UId="445">first the measurement</Text>
  </LineComment>
  <NewLine Num="1" UId="446" />
  <Blank Num="4" UId="447" />
  <LineComment Inserted="false" NoClosingBracket="false" UId="448">
    <Text UId="449">tags tagkey1=tagvalue1,tagkey2=tagvalue2</Text>
  </LineComment>
  <NewLine Num="1" UId="450" />
  <Blank Num="4" UId="451" />
  <LineComment Inserted="false" NoClosingBracket="false" UId="452">
    <Text UId="453">seperated with a space</Text>
  </LineComment>
  <NewLine Num="1" UId="454" />
  <Blank Num="4" UId="455" />
  <LineComment Inserted="false" NoClosingBracket="false" UId="456">
    <Text UId="457">fields fieldkey=fieldvalue1,....</Text>
  </LineComment>
  <NewLine Num="1" UId="458" />
  <Blank Num="4" UId="459" />
  <Access Scope="LocalVariable" UId="460">
    <Symbol UId="461">
      <Component Name="data" UId="462" />
    </Symbol>
  </Access>
  <Blank Num="1" UId="463" />
  <Token Text=":=" UId="464" />
  <Blank Num="1" UId="465" />
  <Access Scope="Call" UId="466">
    <Instruction Name="CONCAT" UId="467">
      <TemplateValue Name="str_type" Type="Type" UId="468">String</TemplateValue>
      <Token Text="(" UId="469" />
      <Parameter Name="IN1" UId="470">
        <Blank Num="1" UId="471" />
        <Token Text=":=" UId="472" />
        <Blank Num="1" UId="473" />
        <Access Scope="LocalVariable" UId="474">
          <Symbol UId="475">
            <Component Name="I_Measurement" UId="476" />
          </Symbol>
        </Access>
      </Parameter>
      <Token Text="," UId="477" />
      <Blank Num="1" UId="478" />
      <Parameter Name="IN2" UId="479">
        <Blank Num="1" UId="480" />
        <Token Text=":=" UId="481" />
        <Blank Num="1" UId="482" />
        <Access Scope="LiteralConstant" UId="483">
          <Constant UId="484">
            <ConstantValue UId="486">','</ConstantValue>
          </Constant>
        </Access>
      </Parameter>
      <Token Text=")" UId="488" />
    </Instruction>
  </Access>
  <Token Text=";" UId="489" />
  <NewLine Num="1" UId="490" />
  <Blank Num="4" UId="491" />
  <Access Scope="LocalVariable" UId="492">
    <Symbol UId="493">
      <Component Name="data" UId="494" />
    </Symbol>
  </Access>
  <Blank Num="1" UId="495" />
  <Token Text=":=" UId="496" />
  <Blank Num="1" UId="497" />
  <Access Scope="Call" UId="498">
    <Instruction Name="CONCAT" UId="499">
      <TemplateValue Name="str_type" Type="Type" UId="500">String</TemplateValue>
      <Token Text="(" UId="501" />
      <Parameter Name="IN1" UId="502">
        <Blank Num="1" UId="503" />
        <Token Text=":=" UId="504" />
        <Blank Num="1" UId="505" />
        <Access Scope="LocalVariable" UId="506">
          <Symbol UId="507">
            <Component Name="data" UId="508" />
          </Symbol>
        </Access>
      </Parameter>
      <Token Text="," UId="509" />
      <Blank Num="1" UId="510" />
      <Parameter Name="IN2" UId="511">
        <Blank Num="1" UId="512" />
        <Token Text=":=" UId="513" />
        <Blank Num="1" UId="514" />
        <Access Scope="LocalVariable" UId="515">
          <Symbol UId="516">
            <Component Name="I_tags" UId="517" />
          </Symbol>
        </Access>
      </Parameter>
      <Token Text=")" UId="519" />
    </Instruction>
  </Access>
  <Token Text=";" UId="520" />
  <NewLine Num="1" UId="521" />
  <Blank Num="4" UId="522" />
  <Access Scope="LocalVariable" UId="523">
    <Symbol UId="524">
      <Component Name="data" UId="525" />
    </Symbol>
  </Access>
  <Blank Num="1" UId="526" />
  <Token Text=":=" UId="527" />
  <Blank Num="1" UId="528" />
  <Access Scope="Call" UId="529">
    <Instruction Name="CONCAT" UId="530">
      <TemplateValue Name="str_type" Type="Type" UId="531">String</TemplateValue>
      <Token Text="(" UId="532" />
      <Parameter Name="IN1" UId="533">
        <Blank Num="1" UId="534" />
        <Token Text=":=" UId="535" />
        <Blank Num="1" UId="536" />
        <Access Scope="LocalVariable" UId="537">
          <Symbol UId="538">
            <Component Name="data" UId="539" />
          </Symbol>
        </Access>
      </Parameter>
      <Token Text="," UId="540" />
      <Blank Num="1" UId="541" />
      <Parameter Name="IN2" UId="542">
        <Blank Num="1" UId="543" />
        <Token Text=":=" UId="544" />
        <Blank Num="1" UId="545" />
        <Access Scope="LiteralConstant" UId="546">
          <Constant UId="547">
            <ConstantValue UId="549">' '</ConstantValue>
          </Constant>
        </Access>
      </Parameter>
      <Token Text=")" UId="551" />
    </Instruction>
  </Access>
  <Token Text=";" UId="552" />
  <NewLine Num="1" UId="553" />
  <Blank Num="4" UId="554" />
  <Access Scope="LocalVariable" UId="555">
    <Symbol UId="556">
      <Component Name="data" UId="557" />
    </Symbol>
  </Access>
  <Blank Num="1" UId="558" />
  <Token Text=":=" UId="559" />
  <Blank Num="1" UId="560" />
  <Access Scope="Call" UId="561">
    <Instruction Name="CONCAT" UId="562">
      <TemplateValue Name="str_type" Type="Type" UId="563">String</TemplateValue>
      <Token Text="(" UId="564" />
      <Parameter Name="IN1" UId="565">
        <Blank Num="1" UId="566" />
        <Token Text=":=" UId="567" />
        <Blank Num="1" UId="568" />
        <Access Scope="LocalVariable" UId="569">
          <Symbol UId="570">
            <Component Name="data" UId="571" />
          </Symbol>
        </Access>
      </Parameter>
      <Token Text="," UId="572" />
      <Blank Num="1" UId="573" />
      <Parameter Name="IN2" UId="574">
        <Blank Num="1" UId="575" />
        <Token Text=":=" UId="576" />
        <Blank Num="1" UId="577" />
        <Access Scope="LocalVariable" UId="578">
          <Symbol UId="579">
            <Component Name="I_fields" UId="580" />
          </Symbol>
        </Access>
      </Parameter>
      <Token Text=")" UId="582" />
    </Instruction>
  </Access>
  <Token Text=";" UId="583" />
  <NewLine Num="1" UId="584" />
  <Blank Num="4" UId="585" />
  <Access Scope="LocalVariable" UId="586">
    <Symbol UId="587">
      <Component Name="data" UId="588" />
    </Symbol>
  </Access>
  <Blank Num="1" UId="589" />
  <Token Text=":=" UId="590" />
  <Blank Num="1" UId="591" />
  <Access Scope="Call" UId="592">
    <Instruction Name="CONCAT" UId="593">
      <TemplateValue Name="str_type" Type="Type" UId="594">String</TemplateValue>
      <Token Text="(" UId="595" />
      <Parameter Name="IN1" UId="596">
        <Blank Num="1" UId="597" />
        <Token Text=":=" UId="598" />
        <Blank Num="1" UId="599" />
        <Access Scope="LocalVariable" UId="600">
          <Symbol UId="601">
            <Component Name="data" UId="602" />
          </Symbol>
        </Access>
      </Parameter>
      <Token Text="," UId="603" />
      <Blank Num="1" UId="604" />
      <Parameter Name="IN2" UId="605">
        <Blank Num="1" UId="606" />
        <Token Text=":=" UId="607" />
        <Blank Num="1" UId="608" />
        <Access Scope="LiteralConstant" UId="609">
          <Constant UId="610">
            <ConstantValue UId="612">' '</ConstantValue>
          </Constant>
        </Access>
      </Parameter>
      <Token Text=")" UId="614" />
    </Instruction>
  </Access>
  <Token Text=";" UId="615" />
  <NewLine Num="1" UId="616" />
  <Blank Num="4" UId="617" />
  <Access Scope="LocalVariable" UId="618">
    <Symbol UId="619">
      <Component Name="data" UId="620" />
    </Symbol>
  </Access>
  <Blank Num="1" UId="621" />
  <Token Text=":=" UId="622" />
  <Blank Num="1" UId="623" />
  <Access Scope="Call" UId="624">
    <Instruction Name="CONCAT" UId="625">
      <TemplateValue Name="str_type" Type="Type" UId="626">String</TemplateValue>
      <Token Text="(" UId="627" />
      <Parameter Name="IN1" UId="628">
        <Blank Num="1" UId="629" />
        <Token Text=":=" UId="630" />
        <Blank Num="1" UId="631" />
        <Access Scope="LocalVariable" UId="632">
          <Symbol UId="633">
            <Component Name="data" UId="634" />
          </Symbol>
        </Access>
      </Parameter>
      <Token Text="," UId="635" />
      <Blank Num="1" UId="636" />
      <Parameter Name="IN2" UId="637">
        <Blank Num="1" UId="638" />
        <Token Text=":=" UId="639" />
        <Blank Num="1" UId="640" />
        <Access Scope="LocalVariable" UId="641">
          <Symbol UId="642">
            <Component Name="I_time" UId="643" />
          </Symbol>
        </Access>
      </Parameter>
      <Token Text=")" UId="645" />
    </Instruction>
  </Access>
  <Token Text=";" UId="646" />
  <NewLine Num="1" UId="647" />
  <Blank Num="4" UId="648" />
  <NewLine Num="1" UId="649" />
  <Token Text="END_REGION" UId="650" />
  <NewLine Num="2" UId="651" />
  <Token Text="REGION" UId="652" />
  <Blank Num="1" UId="653" />
  <Text UId="654">MAKE REQUEST</Text>
  <NewLine Num="1" UId="655" />
  <Blank Num="4" UId="656" />
  <NewLine Num="1" UId="657" />
  <Blank Num="4" UId="658" />
  <Access Scope="Call" UId="659">
    <CallInfo UId="660" BlockType="FB" Name="LHTTP_PostPut">
      <Instance Scope="LocalVariable" UId="661">
        <Component Name="http" UId="662" />
      </Instance>
      <Token Text="(" UId="663" />
      <Parameter Name="execute" UId="664">
        <Blank Num="1" UId="665" />
        <Token Text=":=" UId="666" />
        <Blank Num="1" UId="667" />
        <Access Scope="LocalVariable" UId="668">
          <Symbol UId="669">
            <Component Name="I_MakeRequest" UId="670" />
          </Symbol>
        </Access>
      </Parameter>
      <Token Text="," UId="671" />
      <NewLine Num="1" UId="672" />
      <Blank Num="18" UId="673" />
      <Parameter Name="hwID" UId="674">
        <Blank Num="1" UId="675" />
        <Token Text=":=" UId="676" />
        <Blank Num="1" UId="677" />
        <Access Scope="GlobalVariable" UId="678">
          <Symbol UId="679">
            <Component Name="Influx_config_db" UId="680" />
            <Token Text="." UId="681" />
            <Component Name="hwId" UId="682" />
          </Symbol>
        </Access>
      </Parameter>
      <Token Text="," UId="683" />
      <NewLine Num="1" UId="684" />
      <Blank Num="18" UId="685" />
      <Parameter Name="connID" UId="686">
        <Blank Num="1" UId="687" />
        <Token Text=":=" UId="688" />
        <Blank Num="1" UId="689" />
        <Access Scope="GlobalVariable" UId="690">
          <Symbol UId="691">
            <Component Name="Influx_config_db" UId="692" />
            <Token Text="." UId="693" />
            <Component Name="connectionId" UId="694" />
          </Symbol>
        </Access>
      </Parameter>
      <Token Text="," UId="695" />
      <NewLine Num="1" UId="696" />
      <Blank Num="18" UId="697" />
      <Parameter Name="method" UId="698">
        <Blank Num="1" UId="699" />
        <Token Text=":=" UId="700" />
        <Blank Num="1" UId="701" />
        <Access Scope="LiteralConstant" UId="702">
          <Constant UId="703">
            <ConstantValue UId="705">0</ConstantValue>
          </Constant>
        </Access>
      </Parameter>
      <Token Text="," UId="706" />
      <NewLine Num="1" UId="707" />
      <Blank Num="18" UId="708" />
      <Parameter Name="url" UId="709">
        <Blank Num="1" UId="710" />
        <Token Text=":=" UId="711" />
        <Blank Num="1" UId="712" />
        <Access Scope="LocalVariable" UId="713">
          <Symbol UId="714">
            <Component Name="url" UId="715" />
          </Symbol>
        </Access>
      </Parameter>
      <Token Text="," UId="716" />
      <NewLine Num="1" UId="717" />
      <Blank Num="18" UId="718" />
      <Parameter Name="contentType" UId="719">
        <Token Text=":=" UId="720" />
        <Access Scope="LiteralConstant" UId="721">
          <Constant UId="722">
            <ConstantValue UId="724">'text/plain'</ConstantValue>
          </Constant>
        </Access>
      </Parameter>
      <Token Text="," UId="725" />
      <NewLine Num="1" UId="726" />
      <Blank Num="18" UId="727" />
      <Parameter Name="data" UId="728">
        <Blank Num="1" UId="729" />
        <Token Text=":=" UId="730" />
        <Blank Num="1" UId="731" />
        <Access Scope="LocalVariable" UId="732">
          <Symbol UId="733">
            <Component Name="data" UId="734" />
          </Symbol>
        </Access>
      </Parameter>
      <Token Text="," UId="735" />
      <NewLine Num="1" UId="736" />
      <Blank Num="18" UId="737" />
      <Parameter Name="keepConnection" UId="738">
        <Blank Num="1" UId="739" />
        <Token Text=":=" UId="740" />
        <Blank Num="1" UId="741" />
        <Access Scope="LiteralConstant" UId="742">
          <Constant UId="743">
            <ConstantValue UId="745">TRUE</ConstantValue>
          </Constant>
        </Access>
      </Parameter>
      <Token Text="," UId="746" />
      <NewLine Num="1" UId="747" />
      <Blank Num="18" UId="748" />
      <Parameter Name="timeOut" UId="749">
        <Token Text=":=" UId="750" />
        <Access Scope="TypedConstant" UId="751">
          <Constant UId="752">
            <ConstantValue UId="753">T#2s</ConstantValue>
          </Constant>
        </Access>
      </Parameter>
      <Token Text="," UId="754" />
      <NewLine Num="1" UId="755" />
      <Blank Num="18" UId="756" />
      <Parameter Name="responseData" UId="757">
        <Blank Num="1" UId="758" />
        <Token Text=":=" UId="759" />
        <Blank Num="1" UId="760" />
        <Access Scope="LocalVariable" UId="761">
          <Symbol UId="762">
            <Component Name="response" UId="763" />
          </Symbol>
        </Access>
      </Parameter>
      <Token Text=")" UId="774" />
    </CallInfo>
  </Access>
  <Token Text=";" UId="775" />
  <NewLine Num="1" UId="776" />
  <Blank Num="12" UId="777" />
  <NewLine Num="1" UId="778" />
  <Blank Num="11" UId="779" />
  <Access Scope="Call" UId="780">
    <Instruction Name="Chars_TO_Strg" UId="781">
      <Token Text="(" UId="782" />
      <Parameter Name="Chars" UId="783">
        <Token Text=":=" UId="784" />
        <Access Scope="LocalVariable" UId="785">
          <Symbol UId="786">
            <Component Name="response" UId="787" />
          </Symbol>
        </Access>
      </Parameter>
      <Token Text="," UId="788" />
      <NewLine Num="1" UId="789" />
      <Blank Num="25" UId="790" />
      <Parameter Name="pChars" UId="791">
        <Token Text=":=" UId="792" />
        <Access Scope="LiteralConstant" UId="793">
          <Constant UId="794">
            <ConstantValue UId="796">0</ConstantValue>
          </Constant>
        </Access>
      </Parameter>
      <Token Text="," UId="797" />
      <NewLine Num="1" UId="798" />
      <Blank Num="25" UId="799" />
      <Parameter Name="Cnt" UId="800">
        <Token Text=":=" UId="801" />
        <Access Scope="LocalVariable" UId="802">
          <Symbol UId="803">
            <Component Name="http" UId="804" />
            <Token Text="." UId="805" />
            <Component Name="length" UId="806" />
          </Symbol>
        </Access>
      </Parameter>
      <Token Text="," UId="807" />
      <NewLine Num="1" UId="808" />
      <Blank Num="25" UId="809" />
      <Parameter Name="Strg" UId="810">
        <Token Text="=&gt;" UId="811" />
        <Access Scope="LocalVariable" UId="812">
          <Symbol UId="813">
            <Component Name="responseText" UId="814" />
          </Symbol>
        </Access>
      </Parameter>
      <Token Text=")" UId="815" />
    </Instruction>
  </Access>
  <Token Text=";" UId="816" />
  <NewLine Num="1" UId="817" />
  <Blank Num="11" UId="818" />
  <NewLine Num="1" UId="819" />
  <Blank Num="4" UId="820" />
  <NewLine Num="1" UId="821" />
  <Token Text="END_REGION" UId="822" />
  <NewLine Num="2" UId="823" />
  <Token Text="REGION" UId="824" />
  <Blank Num="1" UId="825" />
  <Text UId="826">STATUS</Text>
  <NewLine Num="1" UId="827" />
  <Blank Num="4" UId="828" />
  <NewLine Num="1" UId="829" />
  <Blank Num="4" UId="830" />
  <Access Scope="LocalVariable" UId="831">
    <Symbol UId="832">
      <Component Name="O_ReadyForNewRequest" UId="833" />
    </Symbol>
  </Access>
  <Blank Num="1" UId="834" />
  <Token Text=":=" UId="835" />
  <Blank Num="1" UId="836" />
  <Token Text="NOT" UId="837" />
  <Blank Num="1" UId="838" />
  <Access Scope="LocalVariable" UId="839">
    <Symbol UId="840">
      <Component Name="http" UId="841" />
      <Token Text="." UId="842" />
      <Component Name="busy" UId="843" />
    </Symbol>
  </Access>
  <Token Text=";" UId="844" />
  <NewLine Num="1" UId="845" />
  <Blank Num="4" UId="846" />
  <NewLine Num="1" UId="847" />
  <Token Text="END_REGION" UId="848" />
  <NewLine Num="2" UId="849" />
  <Token Text="REGION" UId="850" />
  <Blank Num="1" UId="851" />
  <Text UId="852">ERROR</Text>
  <NewLine Num="1" UId="853" />
  <Blank Num="4" UId="854" />
  <NewLine Num="1" UId="855" />
  <Blank Num="4" UId="856" />
  <Token Text="IF" UId="857" />
  <Blank Num="1" UId="858" />
  <Token Text="(" UId="859" />
  <Access Scope="LocalVariable" UId="860">
    <Symbol UId="861">
      <Component Name="http" UId="862" />
      <Token Text="." UId="863" />
      <Component Name="done" UId="864" />
    </Symbol>
  </Access>
  <Blank Num="1" UId="865" />
  <Token Text="OR" UId="866" />
  <Blank Num="1" UId="867" />
  <Access Scope="LocalVariable" UId="868">
    <Symbol UId="869">
      <Component Name="http" UId="870" />
      <Token Text="." UId="871" />
      <Component Name="error" UId="872" />
    </Symbol>
  </Access>
  <Token Text=")" UId="873" />
  <Blank Num="1" UId="874" />
  <Token Text="AND" UId="875" />
  <Blank Num="1" UId="876" />
  <Access Scope="LocalVariable" UId="877">
    <Symbol UId="878">
      <Component Name="http" UId="879" />
      <Token Text="." UId="880" />
      <Component Name="responseCode" UId="881" />
    </Symbol>
  </Access>
  <Blank Num="1" UId="882" />
  <Token Text="&lt;&gt;" UId="883" />
  <Blank Num="1" UId="884" />
  <Access Scope="LiteralConstant" UId="885">
    <Constant UId="886">
      <ConstantValue UId="888">204</ConstantValue>
    </Constant>
  </Access>
  <Blank Num="1" UId="889" />
  <Token Text="THEN" UId="890" />
  <NewLine Num="1" UId="891" />
  <Blank Num="8" UId="892" />
  <Access Scope="LocalVariable" UId="893">
    <Symbol UId="894">
      <Component Name="influxErrorActive" UId="895" />
    </Symbol>
  </Access>
  <Blank Num="1" UId="896" />
  <Token Text=":=" UId="897" />
  <Blank Num="1" UId="898" />
  <Access Scope="LiteralConstant" UId="899">
    <Constant UId="900">
      <ConstantValue UId="902">1</ConstantValue>
    </Constant>
  </Access>
  <Token Text=";" UId="903" />
  <NewLine Num="1" UId="904" />
  <Blank Num="4" UId="905" />
  <Token Text="END_IF" UId="906" />
  <Token Text=";" UId="907" />
  <NewLine Num="1" UId="908" />
  <Blank Num="4" UId="909" />
  <NewLine Num="1" UId="910" />
  <Blank Num="4" UId="911" />
  <Token Text="IF" UId="912" />
  <Blank Num="1" UId="913" />
  <Access Scope="LocalVariable" UId="914">
    <Symbol UId="915">
      <Component Name="I_reset" UId="916" />
    </Symbol>
  </Access>
  <Blank Num="1" UId="917" />
  <Token Text="THEN" UId="918" />
  <NewLine Num="1" UId="919" />
  <Blank Num="8" UId="920" />
  <Access Scope="LocalVariable" UId="921">
    <Symbol UId="922">
      <Component Name="influxErrorActive" UId="923" />
    </Symbol>
  </Access>
  <Blank Num="1" UId="924" />
  <Token Text=":=" UId="925" />
  <Blank Num="1" UId="926" />
  <Access Scope="LiteralConstant" UId="927">
    <Constant UId="928">
      <ConstantValue UId="930">0</ConstantValue>
    </Constant>
  </Access>
  <Token Text=";" UId="931" />
  <NewLine Num="1" UId="932" />
  <Blank Num="4" UId="933" />
  <Token Text="END_IF" UId="934" />
  <Token Text=";" UId="935" />
  <NewLine Num="1" UId="936" />
  <Blank Num="4" UId="937" />
  <NewLine Num="1" UId="938" />
  <Blank Num="4" UId="939" />
  <Access Scope="LocalVariable" UId="940">
    <Symbol UId="941">
      <Component Name="influxError" UId="942" />
    </Symbol>
  </Access>
  <Access Scope="Call" UId="943">
    <Instruction UId="944">
      <Token Text="(" UId="945" />
      <Parameter Name="SIG" UId="946">
        <Blank Num="1" UId="947" />
        <Token Text=":=" UId="948" />
        <Blank Num="1" UId="949" />
        <Access Scope="LocalVariable" UId="950">
          <Symbol UId="951">
            <Component Name="influxErrorActive" UId="952" />
          </Symbol>
        </Access>
      </Parameter>
      <Token Text=")" UId="953" />
    </Instruction>
  </Access>
  <Token Text=";" UId="954" />
  <NewLine Num="1" UId="955" />
  <Blank Num="4" UId="956" />
  <NewLine Num="1" UId="957" />
  <Token Text="END_REGION" UId="958" />
</StructuredText></NetworkSource>
          <ProgrammingLanguage>SCL</ProgrammingLanguage>
        </AttributeList>
        <ObjectList>
          <MultilingualText ID="5" CompositionName="Comment">
            <ObjectList>
              <MultilingualTextItem ID="6" CompositionName="Items">
                <AttributeList>
                  <Culture>en-US</Culture>
                  <Text />
                </AttributeList>
              </MultilingualTextItem>
              <MultilingualTextItem ID="7" CompositionName="Items">
                <AttributeList>
                  <Culture>fr-BE</Culture>
                  <Text />
                </AttributeList>
              </MultilingualTextItem>
            </ObjectList>
          </MultilingualText>
          <MultilingualText ID="8" CompositionName="Title">
            <ObjectList>
              <MultilingualTextItem ID="9" CompositionName="Items">
                <AttributeList>
                  <Culture>en-US</Culture>
                  <Text />
                </AttributeList>
              </MultilingualTextItem>
              <MultilingualTextItem ID="A" CompositionName="Items">
                <AttributeList>
                  <Culture>fr-BE</Culture>
                  <Text />
                </AttributeList>
              </MultilingualTextItem>
            </ObjectList>
          </MultilingualText>
        </ObjectList>
      </SW.Blocks.CompileUnit>
      <MultilingualText ID="B" CompositionName="Title">
        <ObjectList>
          <MultilingualTextItem ID="C" CompositionName="Items">
            <AttributeList>
              <Culture>en-US</Culture>
              <Text />
            </AttributeList>
          </MultilingualTextItem>
          <MultilingualTextItem ID="D" CompositionName="Items">
            <AttributeList>
              <Culture>fr-BE</Culture>
              <Text />
            </AttributeList>
          </MultilingualTextItem>
        </ObjectList>
      </MultilingualText>
    </ObjectList>
  </SW.Blocks.FB>
</Document>