﻿<?xml version="1.0" encoding="utf-8"?>
<Document>
  <Engineering version="V16" />
  <DocumentInfo>
    <Created>2023-11-13T10:46:15.1328775Z</Created>
    <ExportSetting>WithDefaults</ExportSetting>
    <InstalledProducts>
      <Product>
        <DisplayName>Totally Integrated Automation Portal</DisplayName>
        <DisplayVersion>V16 Update 6</DisplayVersion>
      </Product>
      <OptionPackage>
        <DisplayName>TIA Portal Version Control Interface</DisplayName>
        <DisplayVersion>V16 Update 2</DisplayVersion>
      </OptionPackage>
      <OptionPackage>
        <DisplayName>TIA Portal Openness</DisplayName>
        <DisplayVersion>V16 Update 6</DisplayVersion>
      </OptionPackage>
      <OptionPackage>
        <DisplayName>TIA Portal Teamcenter Gateway</DisplayName>
        <DisplayVersion>V16</DisplayVersion>
      </OptionPackage>
      <Product>
        <DisplayName>SINAMICS Startdrive Advanced</DisplayName>
        <DisplayVersion>V16 Update 5</DisplayVersion>
      </Product>
      <OptionPackage>
        <DisplayName>SINAMICS Startdrive G130, G150, S120, S150, SINAMICS MV, S210</DisplayName>
        <DisplayVersion>V16 Update 5</DisplayVersion>
      </OptionPackage>
      <OptionPackage>
        <DisplayName>SINAMICS Startdrive G110M, G120, G120C, G120D, G120P, G115D</DisplayName>
        <DisplayVersion>V16 Update 5</DisplayVersion>
      </OptionPackage>
      <Product>
        <DisplayName>STEP 7 Professional</DisplayName>
        <DisplayVersion>V16 Update 6</DisplayVersion>
      </Product>
      <OptionPackage>
        <DisplayName>STEP 7 Safety</DisplayName>
        <DisplayVersion>V16</DisplayVersion>
      </OptionPackage>
      <Product>
        <DisplayName>WinCC Advanced / Unified PC</DisplayName>
        <DisplayVersion>V16 Update 6</DisplayVersion>
      </Product>
    </InstalledProducts>
  </DocumentInfo>
  <SW.Blocks.FB ID="0">
    <AttributeList>
      <AutoNumber>true</AutoNumber>
      <HeaderAuthor />
      <HeaderFamily />
      <HeaderName />
      <HeaderVersion>0.1</HeaderVersion>
      <Interface><Sections xmlns="http://www.siemens.com/automation/Openness/SW/Interface/v4">
  <Section Name="Input" />
  <Section Name="Output" />
  <Section Name="InOut" />
  <Section Name="Static">
    <Member Name="readyForRequest" Datatype="Bool" Remanence="NonRetain" Accessibility="Public"><AttributeList><BooleanAttribute Name="ExternalAccessible" SystemDefined="true">true</BooleanAttribute><BooleanAttribute Name="ExternalVisible" SystemDefined="true">true</BooleanAttribute><BooleanAttribute Name="ExternalWritable" SystemDefined="true">true</BooleanAttribute><BooleanAttribute Name="SetPoint" SystemDefined="true">false</BooleanAttribute></AttributeList></Member>
    <Member Name="influx_write" Datatype="&quot;Influx_write_api_fb&quot;" Accessibility="Public"><AttributeList><BooleanAttribute Name="ExternalAccessible" SystemDefined="true">true</BooleanAttribute><BooleanAttribute Name="ExternalVisible" SystemDefined="true">true</BooleanAttribute><BooleanAttribute Name="ExternalWritable" SystemDefined="true">true</BooleanAttribute><BooleanAttribute Name="SetPoint" SystemDefined="true">false</BooleanAttribute></AttributeList><Sections><Section Name="Input"><Member Name="I_Measurement" Datatype="String" /><Member Name="I_tags" Datatype="String" /><Member Name="I_fields" Datatype="String" /><Member Name="I_time" Datatype="String" /><Member Name="I_MakeRequest" Datatype="Bool" /><Member Name="I_reset" Datatype="Bool" /></Section><Section Name="Output"><Member Name="O_ReadyForNewRequest" Datatype="Bool" /></Section><Section Name="InOut" /><Section Name="Static"><Member Name="url" Datatype="String" /><Member Name="headers" Datatype="String" /><Member Name="charConversionCount" Datatype="UInt" /><Member Name="data" Datatype="String" /><Member Name="response" Datatype="Array[0..1000] of Char" /><Member Name="responseText" Datatype="String" /><Member Name="http" Datatype="&quot;LHTTP_PostPut&quot;"><Sections><Section Name="Input"><Member Name="execute" Datatype="Bool" /><Member Name="hwID" Datatype="HW_ANY" /><Member Name="connID" Datatype="CONN_OUC" /><Member Name="method" Datatype="USInt" /><Member Name="url" Datatype="String" /><Member Name="contentType" Datatype="String" /><Member Name="data" Datatype="Variant" /><Member Name="userFields" Datatype="Array[0..255] of Char" /><Member Name="tls" Datatype="&quot;LHTTP_typeTLS&quot;"><Sections><Section Name="None"><Member Name="validateServerIdentity" Datatype="Bool" /><Member Name="serverCert" Datatype="UDInt" /><Member Name="clientCert" Datatype="UDInt" /></Section></Sections></Member><Member Name="keepConnection" Datatype="Bool" /><Member Name="timeOut" Datatype="Time" /></Section><Section Name="Output"><Member Name="connected" Datatype="Bool" /><Member Name="done" Datatype="Bool" /><Member Name="busy" Datatype="Bool" /><Member Name="error" Datatype="Bool" /><Member Name="status" Datatype="Word" /><Member Name="diagnostics" Datatype="&quot;typeDiagnostics&quot;"><Sections><Section Name="None"><Member Name="status" Datatype="Word" /><Member Name="subfunctionStatus" Datatype="DWord" /><Member Name="stateNumber" Datatype="DInt" /></Section></Sections></Member><Member Name="responseCode" Datatype="UInt" /><Member Name="length" Datatype="UDInt" /></Section><Section Name="InOut"><Member Name="responseData" Datatype="Array[*] of Char" /></Section><Section Name="Static"><Member Name="instTSendC" Datatype="TSEND_C" Version="3.2"><Sections><Section Name="Input"><Member Name="REQ" Datatype="Bool" /><Member Name="CONT" Datatype="Bool" /><Member Name="LEN" Datatype="UDInt" /></Section><Section Name="Output"><Member Name="DONE" Datatype="Bool" /><Member Name="BUSY" Datatype="Bool" /><Member Name="ERROR" Datatype="Bool" /><Member Name="STATUS" Datatype="Word" /></Section><Section Name="InOut"><Member Name="CONNECT" Datatype="Variant" /><Member Name="DATA" Datatype="Variant" /><Member Name="ADDR" Datatype="Variant" /><Member Name="COM_RST" Datatype="Bool" /></Section><Section Name="Static"><Member Name="s_state" Datatype="Int" /><Member Name="s_locked" Datatype="Bool" /><Member Name="s_udp" Datatype="Bool" /><Member Name="s_configured" Datatype="Bool" /><Member Name="s_tcon_80A3" Datatype="Bool" /><Member Name="s_REQ" Datatype="Bool" /><Member Name="s_ConID" Datatype="CONN_OUC" /><Member Name="s_TCON" Datatype="TCON" Version="4.0"><Sections><Section Name="Input"><Member Name="REQ" Datatype="Bool" /><Member Name="ID" Datatype="CONN_OUC" /></Section><Section Name="Output"><Member Name="DONE" Datatype="Bool" /><Member Name="BUSY" Datatype="Bool" /><Member Name="ERROR" Datatype="Bool" /><Member Name="STATUS" Datatype="Word" /></Section><Section Name="InOut"><Member Name="CONNECT" Datatype="Variant" /></Section><Section Name="Static" /></Sections></Member><Member Name="s_TDIAG" Datatype="T_DIAG" Version="1.2"><Sections><Section Name="Input"><Member Name="REQ" Datatype="Bool" /><Member Name="ID" Datatype="CONN_OUC" /></Section><Section Name="Output"><Member Name="DONE" Datatype="Bool" /><Member Name="BUSY" Datatype="Bool" /><Member Name="ERROR" Datatype="Bool" /><Member Name="STATUS" Datatype="Word" /></Section><Section Name="InOut"><Member Name="RESULT" Datatype="Variant" /></Section><Section Name="Static" /></Sections></Member><Member Name="s_TDIAG_Status" Datatype="TDiag_Status" Version="1.0"><Sections><Section Name="None"><Member Name="InterfaceId" Datatype="HW_ANY" /><Member Name="ID" Datatype="CONN_OUC" /><Member Name="ConnectionType" Datatype="Byte" /><Member Name="ActiveEstablished" Datatype="Bool" /><Member Name="State" Datatype="Byte" /><Member Name="Kind" Datatype="Byte" /><Member Name="SentBytes" Datatype="UDInt" /><Member Name="ReceivedBytes" Datatype="UDInt" /></Section></Sections></Member><Member Name="s_TDISCON" Datatype="TDISCON" Version="2.1"><Sections><Section Name="Input"><Member Name="REQ" Datatype="Bool" /><Member Name="ID" Datatype="CONN_OUC" /></Section><Section Name="Output"><Member Name="DONE" Datatype="Bool" /><Member Name="BUSY" Datatype="Bool" /><Member Name="ERROR" Datatype="Bool" /><Member Name="STATUS" Datatype="Word" /></Section><Section Name="InOut" /><Section Name="Static" /></Sections></Member><Member Name="s_TSEND" Datatype="TSEND" Version="4.0"><Sections><Section Name="Input"><Member Name="REQ" Datatype="Bool" /><Member Name="ID" Datatype="CONN_OUC" /><Member Name="LEN" Datatype="UDInt" /></Section><Section Name="Output"><Member Name="DONE" Datatype="Bool" /><Member Name="BUSY" Datatype="Bool" /><Member Name="ERROR" Datatype="Bool" /><Member Name="STATUS" Datatype="Word" /></Section><Section Name="InOut"><Member Name="DATA" Datatype="Variant" /><Member Name="ADDR" Datatype="Variant" /></Section><Section Name="Static" /></Sections></Member><Member Name="s_TUSEND" Datatype="TUSEND" Version="4.0"><Sections><Section Name="Input"><Member Name="REQ" Datatype="Bool" /><Member Name="ID" Datatype="CONN_OUC" /><Member Name="LEN" Datatype="UDInt" /></Section><Section Name="Output"><Member Name="DONE" Datatype="Bool" /><Member Name="BUSY" Datatype="Bool" /><Member Name="ERROR" Datatype="Bool" /><Member Name="STATUS" Datatype="Word" /></Section><Section Name="InOut"><Member Name="DATA" Datatype="Variant" /><Member Name="ADDR" Datatype="Variant" /></Section><Section Name="Static" /></Sections></Member><Member Name="s_TRESET" Datatype="T_RESET" Version="1.2"><Sections><Section Name="Input"><Member Name="REQ" Datatype="Bool" /><Member Name="ID" Datatype="CONN_OUC" /></Section><Section Name="Output"><Member Name="DONE" Datatype="Bool" /><Member Name="BUSY" Datatype="Bool" /><Member Name="ERROR" Datatype="Bool" /><Member Name="STATUS" Datatype="Word" /></Section><Section Name="InOut" /><Section Name="Static" /></Sections></Member></Section></Sections></Member><Member Name="instTRcv" Datatype="TRCV" Version="4.0"><Sections><Section Name="Input"><Member Name="EN_R" Datatype="Bool" /><Member Name="ID" Datatype="CONN_OUC" /><Member Name="LEN" Datatype="UDInt" /><Member Name="ADHOC" Datatype="Bool" /></Section><Section Name="Output"><Member Name="NDR" Datatype="Bool" /><Member Name="BUSY" Datatype="Bool" /><Member Name="ERROR" Datatype="Bool" /><Member Name="STATUS" Datatype="Word" /><Member Name="RCVD_LEN" Datatype="UDInt" /></Section><Section Name="InOut"><Member Name="DATA" Datatype="Variant" /><Member Name="ADDR" Datatype="Variant" /></Section><Section Name="Static" /></Sections></Member><Member Name="instTimeout" Datatype="TON_TIME" Version="1.0"><Sections><Section Name="None"><Member Name="PT" Datatype="Time" /><Member Name="ET" Datatype="Time" /><Member Name="IN" Datatype="Bool" /><Member Name="Q" Datatype="Bool" /></Section></Sections></Member><Member Name="statConnected" Datatype="Bool" /><Member Name="statDone" Datatype="Bool" /><Member Name="statBusy" Datatype="Bool" /><Member Name="statError" Datatype="Bool" /><Member Name="statStatus" Datatype="Word" /><Member Name="statResponseCode" Datatype="UInt" /><Member Name="statLength" Datatype="UDInt" /><Member Name="statFBState" Datatype="USInt" /><Member Name="statSubfunctionStatus" Datatype="DWord" /><Member Name="statEmptyDiagnostics" Datatype="&quot;typeDiagnostics&quot;"><Sections><Section Name="None"><Member Name="status" Datatype="Word" /><Member Name="subfunctionStatus" Datatype="DWord" /><Member Name="stateNumber" Datatype="DInt" /></Section></Sections></Member><Member Name="statParam" Datatype="Struct"><Member Name="isQDN" Datatype="Bool" /><Member Name="paramQDN" Datatype="TCON_QDN_SEC" Version="1.0"><Sections><Section Name="None"><Member Name="ConnPara" Datatype="TCON_QDN" Version="1.0"><Sections><Section Name="None"><Member Name="InterfaceId" Datatype="HW_ANY" /><Member Name="ID" Datatype="CONN_OUC" /><Member Name="ConnectionType" Datatype="Byte" /><Member Name="ActiveEstablished" Datatype="Bool" /><Member Name="RemoteQDN" Datatype="String[254]" /><Member Name="RemotePort" Datatype="UInt" /><Member Name="LocalPort" Datatype="UInt" /></Section></Sections></Member><Member Name="ActivateSecureConn" Datatype="Bool" /><Member Name="TLSServerReqClientCert" Datatype="Bool" /><Member Name="ExtTLSCapabilities" Datatype="Word" /><Member Name="TLSServerCertRef" Datatype="UDInt" /><Member Name="TLSClientCertRef" Datatype="UDInt" /></Section></Sections></Member><Member Name="paramIP" Datatype="TCON_IP_V4_SEC" Version="1.0"><Sections><Section Name="None"><Member Name="ConnPara" Datatype="TCON_IP_v4" Version="1.0"><Sections><Section Name="None"><Member Name="InterfaceId" Datatype="HW_ANY" /><Member Name="ID" Datatype="CONN_OUC" /><Member Name="ConnectionType" Datatype="Byte" /><Member Name="ActiveEstablished" Datatype="Bool" /><Member Name="RemoteAddress" Datatype="IP_V4" Version="1.0"><Sections><Section Name="None"><Member Name="ADDR" Datatype="Array[1..4] of Byte" /></Section></Sections></Member><Member Name="RemotePort" Datatype="UInt" /><Member Name="LocalPort" Datatype="UInt" /></Section></Sections></Member><Member Name="ActivateSecureConn" Datatype="Bool" /><Member Name="TLSServerReqClientCert" Datatype="Bool" /><Member Name="ExtTLSCapabilities" Datatype="Word" /><Member Name="TLSServerCertRef" Datatype="UDInt" /><Member Name="TLSClientCertRef" Datatype="UDInt" /></Section></Sections></Member></Member><Member Name="statHost" Datatype="String" /><Member Name="statRequest" Datatype="Struct"><Member Name="chars" Datatype="Array[0..1459] of Char" /><Member Name="length" Datatype="UInt" /></Member><Member Name="statSend" Datatype="Struct"><Member Name="connect" Datatype="Bool" /><Member Name="req" Datatype="Bool" /></Member><Member Name="statEncoding" Datatype="String" /><Member Name="statContentLength" Datatype="UInt" /><Member Name="statChunkLen" Datatype="UDInt" /><Member Name="statRcvdLen" Datatype="UDInt" /><Member Name="statTimeoutIn" Datatype="Bool" /><Member Name="statRcvBuffer" Datatype="Array[0..1459] of Char" /><Member Name="statSizeRcvArray" Datatype="UDInt" /><Member Name="statExecuteOld" Datatype="Bool" /><Member Name="statDataIsString" Datatype="Bool" /></Section></Sections></Member><Member Name="influxErrorActive" Datatype="Bool" /><Member Name="influxError" Datatype="Program_Alarm" Version="1.0"><Sections><Section Name="Base"><Sections Datatype="ALARM_BASE" Version="1.0"><Section Name="Input" /><Section Name="Output" /><Section Name="InOut" /><Section Name="Static"><Member Name="Alarm_ID" Datatype="Event_ID" Version="1.0"><Sections><Section Name="None"><Member Name="ALID" Datatype="Word" /><Member Name="ARID" Datatype="Word" /></Section></Sections></Member><Member Name="HANDLE" Datatype="DWord" /></Section></Sections></Section><Section Name="Input"><Member Name="SIG" Datatype="Bool" /><Member Name="TIMESTAMP" Datatype="LDT" /><Member Name="SD_1" Datatype="Variant" /><Member Name="SD_2" Datatype="Variant" /><Member Name="SD_3" Datatype="Variant" /><Member Name="SD_4" Datatype="Variant" /><Member Name="SD_5" Datatype="Variant" /><Member Name="SD_6" Datatype="Variant" /><Member Name="SD_7" Datatype="Variant" /><Member Name="SD_8" Datatype="Variant" /><Member Name="SD_9" Datatype="Variant" /><Member Name="SD_10" Datatype="Variant" /></Section><Section Name="Output"><Member Name="Error" Datatype="Bool" /><Member Name="Status" Datatype="Word" /></Section><Section Name="InOut" /><Section Name="Static"><Member Name="SD_0" Datatype="AssocValue_0" Version="1.0"><Sections><Section Name="None"><Member Name="Syntax" Datatype="UInt" /><Member Name="Aap" Datatype="Byte" /></Section></Sections></Member><Member Name="SIG_Edge_History" Datatype="Bool" /><Member Name="INIT_FB_State" Datatype="DWord" /></Section></Sections></Member></Section></Sections></Member>
    <Member Name="delay" Datatype="TON_TIME" Version="1.0" Remanence="NonRetain" Accessibility="Public"><AttributeList><BooleanAttribute Name="ExternalAccessible" SystemDefined="true">true</BooleanAttribute><BooleanAttribute Name="ExternalVisible" SystemDefined="true">true</BooleanAttribute><BooleanAttribute Name="ExternalWritable" SystemDefined="true">true</BooleanAttribute><BooleanAttribute Name="SetPoint" SystemDefined="true">true</BooleanAttribute></AttributeList><Sections><Section Name="None"><Member Name="PT" Datatype="Time" /><Member Name="ET" Datatype="Time" /><Member Name="IN" Datatype="Bool" /><Member Name="Q" Datatype="Bool" /></Section></Sections></Member>
    <Member Name="request" Datatype="Bool" Remanence="NonRetain" Accessibility="Public"><AttributeList><BooleanAttribute Name="ExternalAccessible" SystemDefined="true">true</BooleanAttribute><BooleanAttribute Name="ExternalVisible" SystemDefined="true">true</BooleanAttribute><BooleanAttribute Name="ExternalWritable" SystemDefined="true">true</BooleanAttribute><BooleanAttribute Name="SetPoint" SystemDefined="true">true</BooleanAttribute></AttributeList></Member>
  </Section>
  <Section Name="Temp">
    <Member Name="T_TimeOk" Datatype="Bool" />
    <Member Name="T_Time" Datatype="String" />
    <Member Name="T_data" Datatype="&quot;WRITE_POINT_UDT&quot;">
      <Sections>
        <Section Name="None">
          <Member Name="I_Measurement" Datatype="String[50]" />
          <Member Name="I_tags" Datatype="String" />
          <Member Name="I_fields" Datatype="String" />
          <Member Name="I_time" Datatype="String[30]" />
        </Section>
      </Sections>
    </Member>
    <Member Name="T_Bucket" Datatype="String" />
    <Member Name="T_Measurement" Datatype="String" />
    <Member Name="T_Tags" Datatype="String" />
    <Member Name="T_fields" Datatype="String" />
  </Section>
  <Section Name="Constant" />
</Sections></Interface>
      <IsIECCheckEnabled>false</IsIECCheckEnabled>
      <IsRetainMemResEnabled>false</IsRetainMemResEnabled>
      <MemoryLayout>Optimized</MemoryLayout>
      <MemoryReserve>100</MemoryReserve>
      <Name>Influx_playground_fb</Name>
      <Number>81</Number>
      <ProgrammingLanguage>SCL</ProgrammingLanguage>
      <SetENOAutomatically>false</SetENOAutomatically>
      <UDABlockProperties />
      <UDAEnableTagReadback>false</UDAEnableTagReadback>
    </AttributeList>
    <ObjectList>
      <MultilingualText ID="1" CompositionName="Comment">
        <ObjectList>
          <MultilingualTextItem ID="2" CompositionName="Items">
            <AttributeList>
              <Culture>en-US</Culture>
              <Text />
            </AttributeList>
          </MultilingualTextItem>
          <MultilingualTextItem ID="3" CompositionName="Items">
            <AttributeList>
              <Culture>fr-BE</Culture>
              <Text />
            </AttributeList>
          </MultilingualTextItem>
        </ObjectList>
      </MultilingualText>
      <SW.Blocks.CompileUnit ID="4" CompositionName="CompileUnits">
        <AttributeList>
          <NetworkSource><StructuredText xmlns="http://www.siemens.com/automation/Openness/SW/NetworkSource/StructuredText/v3">
  <Token Text="REGION" UId="21" />
  <Blank Num="1" UId="22" />
  <Text UId="23">DUMMY DATA</Text>
  <NewLine Num="1" UId="24" />
  <Blank Num="4" UId="25" />
  <NewLine Num="1" UId="26" />
  <Blank Num="4" UId="27" />
  <Access Scope="LocalVariable" UId="28">
    <Symbol UId="29">
      <Component Name="delay" UId="30" />
    </Symbol>
  </Access>
  <Access Scope="Call" UId="31">
    <Instruction UId="32">
      <Token Text="(" UId="33" />
      <Parameter Name="IN" UId="34">
        <Blank Num="1" UId="35" />
        <Token Text=":=" UId="36" />
        <Blank Num="1" UId="37" />
        <Access Scope="LiteralConstant" UId="38">
          <Constant UId="39">
            <ConstantValue UId="41">TRUE</ConstantValue>
          </Constant>
        </Access>
      </Parameter>
      <Token Text="," UId="42" />
      <NewLine Num="1" UId="43" />
      <Blank Num="11" UId="44" />
      <Parameter Name="PT" UId="45">
        <Blank Num="1" UId="46" />
        <Token Text=":=" UId="47" />
        <Blank Num="1" UId="48" />
        <Access Scope="TypedConstant" UId="49">
          <Constant UId="50">
            <ConstantValue UId="51">t#10s</ConstantValue>
          </Constant>
        </Access>
      </Parameter>
      <Token Text=")" UId="52" />
    </Instruction>
  </Access>
  <Token Text=";" UId="53" />
  <NewLine Num="1" UId="54" />
  <Blank Num="4" UId="55" />
  <NewLine Num="1" UId="56" />
  <Blank Num="4" UId="57" />
  <NewLine Num="1" UId="58" />
  <Blank Num="4" UId="59" />
  <Token Text="IF" UId="60" />
  <Blank Num="1" UId="61" />
  <Access Scope="LocalVariable" UId="62">
    <Symbol UId="63">
      <Component Name="delay" UId="64" />
      <Token Text="." UId="65" />
      <Component Name="Q" UId="66" />
    </Symbol>
  </Access>
  <Blank Num="1" UId="67" />
  <Token Text="THEN" UId="68" />
  <NewLine Num="1" UId="69" />
  <Blank Num="8" UId="70" />
  <NewLine Num="1" UId="71" />
  <Blank Num="8" UId="72" />
  <Access Scope="Call" UId="73">
    <CallInfo UId="74" BlockType="FC">
      <Instance Scope="GlobalVariable" UId="76">
        <Component Name="log_scanner_result_fc" UId="75" />
      </Instance>
      <Token Text="(" UId="77" />
      <Parameter Name="I_barcode" UId="78">
        <Blank Num="1" UId="79" />
        <Token Text=":=" UId="80" />
        <Blank Num="1" UId="81" />
        <Access Scope="LiteralConstant" UId="82">
          <Constant UId="83">
            <ConstantValue UId="85">'testbarcode'</ConstantValue>
          </Constant>
        </Access>
      </Parameter>
      <Token Text="," UId="86" />
      <NewLine Num="1" UId="87" />
      <Blank Num="32" UId="88" />
      <Parameter Name="I_goodRead" UId="89">
        <Blank Num="1" UId="90" />
        <Token Text=":=" UId="91" />
        <Blank Num="1" UId="92" />
        <Access Scope="LiteralConstant" UId="93">
          <Constant UId="94">
            <ConstantValue UId="96">TRUE</ConstantValue>
          </Constant>
        </Access>
      </Parameter>
      <Token Text="," UId="97" />
      <NewLine Num="1" UId="98" />
      <Blank Num="32" UId="99" />
      <Parameter Name="I_Scanner" UId="100">
        <Blank Num="1" UId="101" />
        <Token Text=":=" UId="102" />
        <Blank Num="1" UId="103" />
        <Access Scope="LiteralConstant" UId="104">
          <Constant UId="105">
            <ConstantValue UId="107">'scan_01'</ConstantValue>
          </Constant>
        </Access>
      </Parameter>
      <Token Text=")" UId="108" />
    </CallInfo>
  </Access>
  <Token Text=";" UId="109" />
  <NewLine Num="1" UId="110" />
  <Blank Num="8" UId="111" />
  <NewLine Num="1" UId="112" />
  <Blank Num="8" UId="113" />
  <Access Scope="Call" UId="114">
    <CallInfo UId="115" BlockType="FC">
      <Instance Scope="GlobalVariable" UId="117">
        <Component Name="log_ipc_result_fc" UId="116" />
      </Instance>
      <Token Text="(" UId="118" />
      <Parameter Name="I_IPC" UId="119">
        <Token Text=":=" UId="120" />
        <Access Scope="LiteralConstant" UId="121">
          <Constant UId="122">
            <ConstantValue UId="124">'test-ipc'</ConstantValue>
          </Constant>
        </Access>
      </Parameter>
      <Token Text="," UId="125" />
      <NewLine Num="1" UId="126" />
      <Blank Num="28" UId="127" />
      <Parameter Name="I_barcode" UId="128">
        <Token Text=":=" UId="129" />
        <Access Scope="LiteralConstant" UId="130">
          <Constant UId="131">
            <ConstantValue UId="133">'testbarcode'</ConstantValue>
          </Constant>
        </Access>
      </Parameter>
      <Token Text="," UId="134" />
      <NewLine Num="1" UId="135" />
      <Blank Num="28" UId="136" />
      <Parameter Name="I_msg_type" UId="137">
        <Token Text=":=" UId="138" />
        <Access Scope="GlobalVariable" UId="139">
          <Symbol UId="140">
            <Component Name="InfluxValues_DB" UId="141" />
            <Token Text="." UId="142" />
            <Component Name="msgType" UId="143" />
            <Token Text="." UId="144" />
            <Component Name="REQ" UId="145" />
          </Symbol>
        </Access>
      </Parameter>
      <Token Text="," UId="146" />
      <NewLine Num="1" UId="147" />
      <Blank Num="28" UId="148" />
      <Parameter Name="I_res_type" UId="149">
        <Token Text=":=" UId="150" />
        <Access Scope="GlobalVariable" UId="151">
          <Symbol UId="152">
            <Component Name="InfluxValues_DB" UId="153" />
            <Token Text="." UId="154" />
            <Component Name="respType" UId="155" />
            <Token Text="." UId="156" />
            <Component Name="SUCCESS" UId="157" />
          </Symbol>
        </Access>
      </Parameter>
      <Token Text="," UId="158" />
      <NewLine Num="1" UId="159" />
      <Blank Num="28" UId="160" />
      <Parameter Name="I_messageId" UId="161">
        <Token Text=":=" UId="162" />
        <Access Scope="LiteralConstant" UId="163">
          <Constant UId="164">
            <ConstantValue UId="166">100</ConstantValue>
          </Constant>
        </Access>
      </Parameter>
      <Token Text="," UId="167" />
      <NewLine Num="1" UId="168" />
      <Blank Num="28" UId="169" />
      <Parameter Name="I_TargetDest" UId="170">
        <Token Text=":=" UId="171" />
        <Access Scope="LiteralConstant" UId="172">
          <Constant UId="173">
            <ConstantValue UId="175">1441</ConstantValue>
          </Constant>
        </Access>
      </Parameter>
      <Token Text="," UId="176" />
      <NewLine Num="1" UId="177" />
      <Blank Num="28" UId="178" />
      <Parameter Name="I_goodRead" UId="179">
        <Token Text=":=" UId="180" />
        <Access Scope="LiteralConstant" UId="181">
          <Constant UId="182">
            <ConstantValue UId="184">TRUE</ConstantValue>
          </Constant>
        </Access>
      </Parameter>
      <Token Text="," UId="185" />
      <NewLine Num="1" UId="186" />
      <Blank Num="28" UId="187" />
      <Parameter Name="I_weight" UId="188">
        <Token Text=":=" UId="189" />
        <Access Scope="LiteralConstant" UId="190">
          <Constant UId="191">
            <ConstantValue UId="193">500.89484</ConstantValue>
          </Constant>
        </Access>
      </Parameter>
      <Token Text=")" UId="194" />
    </CallInfo>
  </Access>
  <Token Text=";" UId="195" />
  <NewLine Num="1" UId="196" />
  <Blank Num="8" UId="197" />
  <NewLine Num="1" UId="198" />
  <Blank Num="8" UId="199" />
  <Access Scope="Call" UId="200">
    <CallInfo UId="201" BlockType="FC">
      <Instance Scope="GlobalVariable" UId="203">
        <Component Name="log_ipc_result_fc" UId="202" />
      </Instance>
      <Token Text="(" UId="204" />
      <Parameter Name="I_IPC" UId="205">
        <Blank Num="1" UId="206" />
        <Token Text=":=" UId="207" />
        <Blank Num="1" UId="208" />
        <Access Scope="LiteralConstant" UId="209">
          <Constant UId="210">
            <ConstantValue UId="212">'test-ipc'</ConstantValue>
          </Constant>
        </Access>
      </Parameter>
      <Token Text="," UId="213" />
      <NewLine Num="1" UId="214" />
      <Blank Num="28" UId="215" />
      <Parameter Name="I_barcode" UId="216">
        <Blank Num="1" UId="217" />
        <Token Text=":=" UId="218" />
        <Blank Num="1" UId="219" />
        <Access Scope="LiteralConstant" UId="220">
          <Constant UId="221">
            <ConstantValue UId="223">'test|barcode'</ConstantValue>
          </Constant>
        </Access>
      </Parameter>
      <Token Text="," UId="224" />
      <NewLine Num="1" UId="225" />
      <Blank Num="28" UId="226" />
      <Parameter Name="I_msg_type" UId="227">
        <Blank Num="1" UId="228" />
        <Token Text=":=" UId="229" />
        <Blank Num="1" UId="230" />
        <Access Scope="GlobalVariable" UId="231">
          <Symbol UId="232">
            <Component Name="InfluxValues_DB" UId="233" />
            <Token Text="." UId="234" />
            <Component Name="msgType" UId="235" />
            <Token Text="." UId="236" />
            <Component Name="RESP" UId="237" />
          </Symbol>
        </Access>
      </Parameter>
      <Token Text="," UId="238" />
      <NewLine Num="1" UId="239" />
      <Blank Num="28" UId="240" />
      <Parameter Name="I_res_type" UId="241">
        <Blank Num="1" UId="242" />
        <Token Text=":=" UId="243" />
        <Blank Num="1" UId="244" />
        <Access Scope="GlobalVariable" UId="245">
          <Symbol UId="246">
            <Component Name="InfluxValues_DB" UId="247" />
            <Token Text="." UId="248" />
            <Component Name="respType" UId="249" />
            <Token Text="." UId="250" />
            <Component Name="SUCCESS" UId="251" />
          </Symbol>
        </Access>
      </Parameter>
      <Token Text="," UId="252" />
      <NewLine Num="1" UId="253" />
      <Blank Num="28" UId="254" />
      <Parameter Name="I_messageId" UId="255">
        <Blank Num="1" UId="256" />
        <Token Text=":=" UId="257" />
        <Blank Num="1" UId="258" />
        <Access Scope="LiteralConstant" UId="259">
          <Constant UId="260">
            <ConstantValue UId="262">100</ConstantValue>
          </Constant>
        </Access>
      </Parameter>
      <Token Text="," UId="263" />
      <NewLine Num="1" UId="264" />
      <Blank Num="28" UId="265" />
      <Parameter Name="I_TargetDest" UId="266">
        <Blank Num="1" UId="267" />
        <Token Text=":=" UId="268" />
        <Blank Num="1" UId="269" />
        <Access Scope="LiteralConstant" UId="270">
          <Constant UId="271">
            <ConstantValue UId="273">1441</ConstantValue>
          </Constant>
        </Access>
      </Parameter>
      <Token Text="," UId="274" />
      <NewLine Num="1" UId="275" />
      <Blank Num="28" UId="276" />
      <Parameter Name="I_goodRead" UId="277">
        <Blank Num="1" UId="278" />
        <Token Text=":=" UId="279" />
        <Blank Num="1" UId="280" />
        <Access Scope="LiteralConstant" UId="281">
          <Constant UId="282">
            <ConstantValue UId="284">TRUE</ConstantValue>
          </Constant>
        </Access>
      </Parameter>
      <Token Text="," UId="285" />
      <NewLine Num="1" UId="286" />
      <Blank Num="28" UId="287" />
      <Parameter Name="I_weight" UId="288">
        <Blank Num="1" UId="289" />
        <Token Text=":=" UId="290" />
        <Blank Num="1" UId="291" />
        <Access Scope="LiteralConstant" UId="292">
          <Constant UId="293">
            <ConstantValue UId="295">500.89484</ConstantValue>
          </Constant>
        </Access>
      </Parameter>
      <Token Text=")" UId="296" />
    </CallInfo>
  </Access>
  <Token Text=";" UId="297" />
  <NewLine Num="1" UId="298" />
  <Blank Num="8" UId="299" />
  <NewLine Num="1" UId="300" />
  <Blank Num="8" UId="301" />
  <Access Scope="Call" UId="302">
    <CallInfo UId="303" BlockType="FC">
      <Instance Scope="GlobalVariable" UId="305">
        <Component Name="log_ipc_result_fc" UId="304" />
      </Instance>
      <Token Text="(" UId="306" />
      <Parameter Name="I_IPC" UId="307">
        <Blank Num="1" UId="308" />
        <Token Text=":=" UId="309" />
        <Blank Num="1" UId="310" />
        <Access Scope="LiteralConstant" UId="311">
          <Constant UId="312">
            <ConstantValue UId="314">'test-ipc2'</ConstantValue>
          </Constant>
        </Access>
      </Parameter>
      <Token Text="," UId="315" />
      <NewLine Num="1" UId="316" />
      <Blank Num="28" UId="317" />
      <Parameter Name="I_barcode" UId="318">
        <Blank Num="1" UId="319" />
        <Token Text=":=" UId="320" />
        <Blank Num="1" UId="321" />
        <Access Scope="LiteralConstant" UId="322">
          <Constant UId="323">
            <ConstantValue UId="325">'testbarcode'</ConstantValue>
          </Constant>
        </Access>
      </Parameter>
      <Token Text="," UId="326" />
      <NewLine Num="1" UId="327" />
      <Blank Num="28" UId="328" />
      <Parameter Name="I_msg_type" UId="329">
        <Blank Num="1" UId="330" />
        <Token Text=":=" UId="331" />
        <Blank Num="1" UId="332" />
        <Access Scope="GlobalVariable" UId="333">
          <Symbol UId="334">
            <Component Name="InfluxValues_DB" UId="335" />
            <Token Text="." UId="336" />
            <Component Name="msgType" UId="337" />
            <Token Text="." UId="338" />
            <Component Name="RESP" UId="339" />
          </Symbol>
        </Access>
      </Parameter>
      <Token Text="," UId="340" />
      <NewLine Num="1" UId="341" />
      <Blank Num="28" UId="342" />
      <Parameter Name="I_res_type" UId="343">
        <Blank Num="1" UId="344" />
        <Token Text=":=" UId="345" />
        <Blank Num="1" UId="346" />
        <Access Scope="GlobalVariable" UId="347">
          <Symbol UId="348">
            <Component Name="InfluxValues_DB" UId="349" />
            <Token Text="." UId="350" />
            <Component Name="respType" UId="351" />
            <Token Text="." UId="352" />
            <Component Name="SUCCESS" UId="353" />
          </Symbol>
        </Access>
      </Parameter>
      <Token Text="," UId="354" />
      <NewLine Num="1" UId="355" />
      <Blank Num="28" UId="356" />
      <Parameter Name="I_messageId" UId="357">
        <Blank Num="1" UId="358" />
        <Token Text=":=" UId="359" />
        <Blank Num="1" UId="360" />
        <Access Scope="LiteralConstant" UId="361">
          <Constant UId="362">
            <ConstantValue UId="364">100</ConstantValue>
          </Constant>
        </Access>
      </Parameter>
      <Token Text="," UId="365" />
      <NewLine Num="1" UId="366" />
      <Blank Num="28" UId="367" />
      <Parameter Name="I_TargetDest" UId="368">
        <Blank Num="1" UId="369" />
        <Token Text=":=" UId="370" />
        <Blank Num="1" UId="371" />
        <Access Scope="LiteralConstant" UId="372">
          <Constant UId="373">
            <ConstantValue UId="375">1441</ConstantValue>
          </Constant>
        </Access>
      </Parameter>
      <Token Text="," UId="376" />
      <NewLine Num="1" UId="377" />
      <Blank Num="28" UId="378" />
      <Parameter Name="I_goodRead" UId="379">
        <Blank Num="1" UId="380" />
        <Token Text=":=" UId="381" />
        <Blank Num="1" UId="382" />
        <Access Scope="LiteralConstant" UId="383">
          <Constant UId="384">
            <ConstantValue UId="386">TRUE</ConstantValue>
          </Constant>
        </Access>
      </Parameter>
      <Token Text="," UId="387" />
      <NewLine Num="1" UId="388" />
      <Blank Num="28" UId="389" />
      <Parameter Name="I_weight" UId="390">
        <Blank Num="1" UId="391" />
        <Token Text=":=" UId="392" />
        <Blank Num="1" UId="393" />
        <Access Scope="LiteralConstant" UId="394">
          <Constant UId="395">
            <ConstantValue UId="397">500.89484</ConstantValue>
          </Constant>
        </Access>
      </Parameter>
      <Token Text=")" UId="398" />
    </CallInfo>
  </Access>
  <Token Text=";" UId="399" />
  <NewLine Num="1" UId="400" />
  <Blank Num="8" UId="401" />
  <NewLine Num="1" UId="402" />
  <Blank Num="4" UId="403" />
  <Token Text="END_IF" UId="404" />
  <Token Text=";" UId="405" />
  <NewLine Num="1" UId="406" />
  <Blank Num="4" UId="407" />
  <NewLine Num="1" UId="408" />
  <Blank Num="4" UId="409" />
  <Token Text="IF" UId="410" />
  <Blank Num="1" UId="411" />
  <Access Scope="LocalVariable" UId="412">
    <Symbol UId="413">
      <Component Name="delay" UId="414" />
      <Token Text="." UId="415" />
      <Component Name="Q" UId="416" />
    </Symbol>
  </Access>
  <Blank Num="1" UId="417" />
  <Token Text="THEN" UId="418" />
  <NewLine Num="1" UId="419" />
  <Blank Num="8" UId="420" />
  <Access Scope="Call" UId="421">
    <Instruction Name="RESET_TIMER" UId="422">
      <Token Text="(" UId="423" />
      <NamelessParameter UId="424">
        <Access Scope="LocalVariable" UId="425">
          <Symbol UId="426">
            <Component Name="delay" UId="427" />
          </Symbol>
        </Access>
      </NamelessParameter>
      <Token Text=")" UId="428" />
    </Instruction>
  </Access>
  <Token Text=";" UId="429" />
  <NewLine Num="1" UId="430" />
  <Blank Num="4" UId="431" />
  <Token Text="END_IF" UId="432" />
  <Token Text=";" UId="433" />
  <NewLine Num="1" UId="434" />
  <Blank Num="8" UId="435" />
  <NewLine Num="1" UId="436" />
  <Blank Num="4" UId="437" />
  <NewLine Num="1" UId="438" />
  <Token Text="END_REGION" UId="439" />
  <NewLine Num="2" UId="440" />
  <Token Text="REGION" UId="441" />
  <Blank Num="1" UId="442" />
  <Text UId="443">QUEUE</Text>
  <NewLine Num="1" UId="444" />
  <Blank Num="4" UId="445" />
  <NewLine Num="1" UId="446" />
  <Blank Num="4" UId="447" />
  <Access Scope="Call" UId="448">
    <CallInfo UId="449" BlockType="FB" Name="HandleInfluxQueu_FB">
      <Instance Scope="GlobalVariable" UId="450">
        <Component Name="HandleInfluxQueu_FB_DB" UId="451" />
      </Instance>
      <Token Text="(" UId="452" />
      <Token Text=")" UId="453" />
    </CallInfo>
  </Access>
  <Token Text=";" UId="454" />
  <NewLine Num="1" UId="455" />
  <Blank Num="4" UId="456" />
  <NewLine Num="1" UId="457" />
  <Blank Num="4" UId="458" />
  <NewLine Num="1" UId="459" />
  <Token Text="END_REGION" UId="460" />
  <NewLine Num="1" UId="461" />
  <Blank Num="4" UId="462" />
</StructuredText></NetworkSource>
          <ProgrammingLanguage>SCL</ProgrammingLanguage>
        </AttributeList>
        <ObjectList>
          <MultilingualText ID="5" CompositionName="Comment">
            <ObjectList>
              <MultilingualTextItem ID="6" CompositionName="Items">
                <AttributeList>
                  <Culture>en-US</Culture>
                  <Text />
                </AttributeList>
              </MultilingualTextItem>
              <MultilingualTextItem ID="7" CompositionName="Items">
                <AttributeList>
                  <Culture>fr-BE</Culture>
                  <Text />
                </AttributeList>
              </MultilingualTextItem>
            </ObjectList>
          </MultilingualText>
          <MultilingualText ID="8" CompositionName="Title">
            <ObjectList>
              <MultilingualTextItem ID="9" CompositionName="Items">
                <AttributeList>
                  <Culture>en-US</Culture>
                  <Text />
                </AttributeList>
              </MultilingualTextItem>
              <MultilingualTextItem ID="A" CompositionName="Items">
                <AttributeList>
                  <Culture>fr-BE</Culture>
                  <Text />
                </AttributeList>
              </MultilingualTextItem>
            </ObjectList>
          </MultilingualText>
        </ObjectList>
      </SW.Blocks.CompileUnit>
      <MultilingualText ID="B" CompositionName="Title">
        <ObjectList>
          <MultilingualTextItem ID="C" CompositionName="Items">
            <AttributeList>
              <Culture>en-US</Culture>
              <Text />
            </AttributeList>
          </MultilingualTextItem>
          <MultilingualTextItem ID="D" CompositionName="Items">
            <AttributeList>
              <Culture>fr-BE</Culture>
              <Text />
            </AttributeList>
          </MultilingualTextItem>
        </ObjectList>
      </MultilingualText>
    </ObjectList>
  </SW.Blocks.FB>
</Document>