﻿<?xml version="1.0" encoding="utf-8"?>
<Document>
  <Engineering version="V16" />
  <DocumentInfo>
    <Created>2023-11-13T10:46:16.6826049Z</Created>
    <ExportSetting>WithDefaults</ExportSetting>
    <InstalledProducts>
      <Product>
        <DisplayName>Totally Integrated Automation Portal</DisplayName>
        <DisplayVersion>V16 Update 6</DisplayVersion>
      </Product>
      <OptionPackage>
        <DisplayName>TIA Portal Version Control Interface</DisplayName>
        <DisplayVersion>V16 Update 2</DisplayVersion>
      </OptionPackage>
      <OptionPackage>
        <DisplayName>TIA Portal Openness</DisplayName>
        <DisplayVersion>V16 Update 6</DisplayVersion>
      </OptionPackage>
      <OptionPackage>
        <DisplayName>TIA Portal Teamcenter Gateway</DisplayName>
        <DisplayVersion>V16</DisplayVersion>
      </OptionPackage>
      <Product>
        <DisplayName>SINAMICS Startdrive Advanced</DisplayName>
        <DisplayVersion>V16 Update 5</DisplayVersion>
      </Product>
      <OptionPackage>
        <DisplayName>SINAMICS Startdrive G130, G150, S120, S150, SINAMICS MV, S210</DisplayName>
        <DisplayVersion>V16 Update 5</DisplayVersion>
      </OptionPackage>
      <OptionPackage>
        <DisplayName>SINAMICS Startdrive G110M, G120, G120C, G120D, G120P, G115D</DisplayName>
        <DisplayVersion>V16 Update 5</DisplayVersion>
      </OptionPackage>
      <Product>
        <DisplayName>STEP 7 Professional</DisplayName>
        <DisplayVersion>V16 Update 6</DisplayVersion>
      </Product>
      <OptionPackage>
        <DisplayName>STEP 7 Safety</DisplayName>
        <DisplayVersion>V16</DisplayVersion>
      </OptionPackage>
      <Product>
        <DisplayName>WinCC Advanced / Unified PC</DisplayName>
        <DisplayVersion>V16 Update 6</DisplayVersion>
      </Product>
    </InstalledProducts>
  </DocumentInfo>
  <SW.Blocks.GlobalDB ID="0">
    <AttributeList>
      <AutoNumber>true</AutoNumber>
      <DBAccessibleFromOPCUA>true</DBAccessibleFromOPCUA>
      <HeaderAuthor />
      <HeaderFamily />
      <HeaderName />
      <HeaderVersion>0.1</HeaderVersion>
      <Interface><Sections xmlns="http://www.siemens.com/automation/Openness/SW/Interface/v4">
  <Section Name="Static">
    <Member Name="C313R_BELTS" Datatype="&quot;Conveyor_UDT&quot;" Remanence="NonRetain" Accessibility="Public"><AttributeList><BooleanAttribute Name="ExternalAccessible" SystemDefined="true">true</BooleanAttribute><BooleanAttribute Name="ExternalVisible" SystemDefined="true">true</BooleanAttribute><BooleanAttribute Name="ExternalWritable" SystemDefined="true">true</BooleanAttribute><BooleanAttribute Name="SetPoint" SystemDefined="true">true</BooleanAttribute></AttributeList><Sections><Section Name="None"><Member Name="Settings" Datatype="Struct"><Member Name="Mode" Datatype="Int" /><Member Name="AutomaticBuffering" Datatype="Bool" /><Member Name="Direction" Datatype="Bool" /><Member Name="EnergySave" Datatype="Bool" /><Member Name="RunIddle" Datatype="Bool" /><Member Name="AutoReset" Datatype="Bool" /><Member Name="SentHoldOnCheckReceive" Datatype="Bool" /><Member Name="Timings" Datatype="&quot;ConveyorTimes_UDT&quot;"><Sections><Section Name="None"><Member Name="DelayedStart" Datatype="Time" /><Member Name="ConveyorLength" Datatype="Real" /><Member Name="InitDistance" Datatype="Real" /><Member Name="ReceiveDistance" Datatype="Real" /><Member Name="SendDistance" Datatype="Real" /><Member Name="SleepDistance" Datatype="Real" /><Member Name="GapDistance" Datatype="Real" /><Member Name="StartupDelay" Datatype="Time" /></Section></Sections></Member><Member Name="Speed" Datatype="Struct"><Member Name="speed" Datatype="Real" /><Member Name="UpstreamGain" Datatype="Real" /><Member Name="speedController" Datatype="Bool" /></Member><Member Name="Alarms" Datatype="Struct"><Member Name="BlockDetectionOn" Datatype="Bool" /><Member Name="BlockedAtStartSensor" Datatype="Bool" /><Member Name="ParcelsToCloseDetectionOn" Datatype="Bool" /><Member Name="ParcelsToLongDetectionOn" Datatype="Bool" /><Member Name="ParcelToShortDetectionOn" Datatype="Bool" /><Member Name="BlockRetrys" Datatype="Int" /><Member Name="SentTimeError" Datatype="Real" /><Member Name="TimeBetweenParcels" Datatype="Real" /><Member Name="MinSizeParcel" Datatype="Real" /><Member Name="MaxSizeParcel" Datatype="Real" /></Member></Member><Member Name="Cmd" Datatype="Struct"><Member Name="Reset" Datatype="Bool" /><Member Name="ReInitialize" Datatype="Bool" /><Member Name="RunAuto" Datatype="Bool" /><Member Name="RunManual" Datatype="Bool" /><Member Name="SpeedAuto" Datatype="Real" /><Member Name="SpeedManual" Datatype="Real" /><Member Name="ReadyToReceive" Datatype="Bool" /><Member Name="ReadyToSent" Datatype="Bool" /><Member Name="InvertFlow" Datatype="Bool" /><Member Name="Direction" Datatype="Bool" /><Member Name="Accumulate" Datatype="Struct"><Member Name="Acc_ext_1" Datatype="Bool" /><Member Name="Acc_ext_2" Datatype="Bool" /><Member Name="Acc_ext_3" Datatype="Bool" /><Member Name="Acc_ext_4" Datatype="Bool" /><Member Name="Acc_ext_5" Datatype="Bool" /><Member Name="Acc_TC_1" Datatype="Bool" /><Member Name="Acc_TC_2" Datatype="Bool" /><Member Name="Acc_TC_3" Datatype="Bool" /><Member Name="Acc_Scan_1" Datatype="Bool" /><Member Name="Acc_Scan_2" Datatype="Bool" /><Member Name="Acc_Scan_3" Datatype="Bool" /><Member Name="Acc_Scale_1" Datatype="Bool" /><Member Name="Acc_Scale_2" Datatype="Bool" /><Member Name="Acc_Scale_3" Datatype="Bool" /></Member><Member Name="StartRequestObject" Datatype="Bool" /><Member Name="StopRequestObject" Datatype="Bool" /><Member Name="IgnoreStandby" Datatype="Bool" /><Member Name="ManualOverride" Datatype="Bool" /><Member Name="Interlock" Datatype="Bool" /></Member><Member Name="Input" Datatype="Struct"><Member Name="SensorStartHMI" Datatype="Bool" /><Member Name="SensorEndHMI" Datatype="Bool" /><Member Name="SensorAtStartLogic" Datatype="&quot;SmartBooldt&quot;"><Sections><Section Name="None"><Member Name="State" Datatype="Bool" /><Member Name="LE" Datatype="Bool" /><Member Name="FE" Datatype="Bool" /><Member Name="sensorTest" Datatype="Bool" /><Member Name="IddleSignal" Datatype="Bool" /><Member Name="testFailed" Datatype="Bool" /><Member Name="Counter" Datatype="UInt" /></Section></Sections></Member><Member Name="SensorAtEndLogic" Datatype="&quot;SmartBooldt&quot;"><Sections><Section Name="None"><Member Name="State" Datatype="Bool" /><Member Name="LE" Datatype="Bool" /><Member Name="FE" Datatype="Bool" /><Member Name="sensorTest" Datatype="Bool" /><Member Name="IddleSignal" Datatype="Bool" /><Member Name="testFailed" Datatype="Bool" /><Member Name="Counter" Datatype="UInt" /></Section></Sections></Member><Member Name="Running_FB" Datatype="Bool" /><Member Name="Interlock" Datatype="Bool" /></Member><Member Name="Alarms" Datatype="Struct"><Member Name="BlockedReceive" Datatype="&quot;HmiAlarm&quot;"><Sections><Section Name="None"><Member Name="Active" Datatype="Bool" /><Member Name="Acknowledge" Datatype="Bool" /><Member Name="type" Datatype="Int" /></Section></Sections></Member><Member Name="BlockedSending" Datatype="&quot;HmiAlarm&quot;"><Sections><Section Name="None"><Member Name="Active" Datatype="Bool" /><Member Name="Acknowledge" Datatype="Bool" /><Member Name="type" Datatype="Int" /></Section></Sections></Member><Member Name="ToClose" Datatype="&quot;HmiAlarm&quot;"><Sections><Section Name="None"><Member Name="Active" Datatype="Bool" /><Member Name="Acknowledge" Datatype="Bool" /><Member Name="type" Datatype="Int" /></Section></Sections></Member><Member Name="ToSmall" Datatype="&quot;HmiAlarm&quot;"><Sections><Section Name="None"><Member Name="Active" Datatype="Bool" /><Member Name="Acknowledge" Datatype="Bool" /><Member Name="type" Datatype="Int" /></Section></Sections></Member><Member Name="ToLong" Datatype="&quot;HmiAlarm&quot;"><Sections><Section Name="None"><Member Name="Active" Datatype="Bool" /><Member Name="Acknowledge" Datatype="Bool" /><Member Name="type" Datatype="Int" /></Section></Sections></Member><Member Name="MotorAlarm" Datatype="&quot;HmiAlarm&quot;"><Sections><Section Name="None"><Member Name="Active" Datatype="Bool" /><Member Name="Acknowledge" Datatype="Bool" /><Member Name="type" Datatype="Int" /></Section></Sections></Member><Member Name="AlarmActive" Datatype="&quot;HmiAlarm&quot;"><Sections><Section Name="None"><Member Name="Active" Datatype="Bool" /><Member Name="Acknowledge" Datatype="Bool" /><Member Name="type" Datatype="Int" /></Section></Sections></Member><Member Name="Status" Datatype="Word" /></Member><Member Name="Status" Datatype="Struct"><Member Name="AccumulationOn" Datatype="Bool" /><Member Name="StartedAutoMode" Datatype="Bool" /><Member Name="ReadyForStandby" Datatype="Bool" /><Member Name="RequestForSending" Datatype="Bool" /><Member Name="ExecutingReceiveSequence" Datatype="Bool" /><Member Name="ExecutingSendingSequence" Datatype="Bool" /><Member Name="ObjectSentPulse" Datatype="Bool" /><Member Name="ObjectReceivePulse" Datatype="Bool" /><Member Name="GapTimeOk" Datatype="Bool" /><Member Name="Empty" Datatype="Bool" /><Member Name="ObjectOnConveyor" Datatype="Bool" /><Member Name="Initialized" Datatype="Bool" /><Member Name="ManualMode" Datatype="Bool" /></Member><Member Name="TrackingCmd" Datatype="Struct"><Member Name="InductNewTracking" Datatype="Bool" /><Member Name="ClearTracking" Datatype="Bool" /><Member Name="NewTrackingId" Datatype="&quot;Tracking_Simple_UDT_1&quot;"><Sections><Section Name="None"><Member Name="ID" Datatype="UInt" /><Member Name="PLC_Dest" Datatype="Int" /><Member Name="WMS_Dest" Datatype="String[20]" /><Member Name="Barcode" Datatype="String" /><Member Name="GoodRead" Datatype="Bool" /><Member Name="weightGram" Datatype="Real" /><Member Name="prio" Datatype="Bool" /></Section></Sections></Member></Member><Member Name="TrackingStat" Datatype="Struct"><Member Name="Current" Datatype="&quot;Tracking_Simple_UDT_1&quot;"><Sections><Section Name="None"><Member Name="ID" Datatype="UInt" /><Member Name="PLC_Dest" Datatype="Int" /><Member Name="WMS_Dest" Datatype="String[20]" /><Member Name="Barcode" Datatype="String" /><Member Name="GoodRead" Datatype="Bool" /><Member Name="weightGram" Datatype="Real" /><Member Name="prio" Datatype="Bool" /></Section></Sections></Member><Member Name="InSending" Datatype="&quot;Tracking_Simple_UDT_1&quot;"><Sections><Section Name="None"><Member Name="ID" Datatype="UInt" /><Member Name="PLC_Dest" Datatype="Int" /><Member Name="WMS_Dest" Datatype="String[20]" /><Member Name="Barcode" Datatype="String" /><Member Name="GoodRead" Datatype="Bool" /><Member Name="weightGram" Datatype="Real" /><Member Name="prio" Datatype="Bool" /></Section></Sections></Member><Member Name="TrackingReceived" Datatype="Bool" /><Member Name="TrackingCleared" Datatype="Bool" /></Member><Member Name="Encoder" Datatype="&quot;VirtualEncoder_UDT&quot;"><Sections><Section Name="None"><Member Name="Distance_mm" Datatype="Real" /><Member Name="Speed_mm_ms" Datatype="Real" /><Member Name="Settings" Datatype="Struct"><Member Name="Base_M_min" Datatype="Real" /><Member Name="BaseRelative" Datatype="Real" /></Member></Section></Sections></Member><Member Name="DiagNostics" Datatype="Struct"><Member Name="ReceivedCounter" Datatype="UDInt" /><Member Name="SendingCounter" Datatype="UDInt" /></Member><Member Name="Index" Datatype="Int" /><Member Name="Name" Datatype="String[25]" /><Member Name="Zone" Datatype="Int" /></Section></Sections></Member>
    <Member Name="C314R_BELTS" Datatype="&quot;Conveyor_UDT&quot;" Remanence="NonRetain" Accessibility="Public"><AttributeList><BooleanAttribute Name="ExternalAccessible" SystemDefined="true">true</BooleanAttribute><BooleanAttribute Name="ExternalVisible" SystemDefined="true">true</BooleanAttribute><BooleanAttribute Name="ExternalWritable" SystemDefined="true">true</BooleanAttribute><BooleanAttribute Name="SetPoint" SystemDefined="true">true</BooleanAttribute></AttributeList><Sections><Section Name="None"><Member Name="Settings" Datatype="Struct"><Member Name="Mode" Datatype="Int" /><Member Name="AutomaticBuffering" Datatype="Bool" /><Member Name="Direction" Datatype="Bool" /><Member Name="EnergySave" Datatype="Bool" /><Member Name="RunIddle" Datatype="Bool" /><Member Name="AutoReset" Datatype="Bool" /><Member Name="SentHoldOnCheckReceive" Datatype="Bool" /><Member Name="Timings" Datatype="&quot;ConveyorTimes_UDT&quot;"><Sections><Section Name="None"><Member Name="DelayedStart" Datatype="Time" /><Member Name="ConveyorLength" Datatype="Real" /><Member Name="InitDistance" Datatype="Real" /><Member Name="ReceiveDistance" Datatype="Real" /><Member Name="SendDistance" Datatype="Real" /><Member Name="SleepDistance" Datatype="Real" /><Member Name="GapDistance" Datatype="Real" /><Member Name="StartupDelay" Datatype="Time" /></Section></Sections></Member><Member Name="Speed" Datatype="Struct"><Member Name="speed" Datatype="Real" /><Member Name="UpstreamGain" Datatype="Real" /><Member Name="speedController" Datatype="Bool" /></Member><Member Name="Alarms" Datatype="Struct"><Member Name="BlockDetectionOn" Datatype="Bool" /><Member Name="BlockedAtStartSensor" Datatype="Bool" /><Member Name="ParcelsToCloseDetectionOn" Datatype="Bool" /><Member Name="ParcelsToLongDetectionOn" Datatype="Bool" /><Member Name="ParcelToShortDetectionOn" Datatype="Bool" /><Member Name="BlockRetrys" Datatype="Int" /><Member Name="SentTimeError" Datatype="Real" /><Member Name="TimeBetweenParcels" Datatype="Real" /><Member Name="MinSizeParcel" Datatype="Real" /><Member Name="MaxSizeParcel" Datatype="Real" /></Member></Member><Member Name="Cmd" Datatype="Struct"><Member Name="Reset" Datatype="Bool" /><Member Name="ReInitialize" Datatype="Bool" /><Member Name="RunAuto" Datatype="Bool" /><Member Name="RunManual" Datatype="Bool" /><Member Name="SpeedAuto" Datatype="Real" /><Member Name="SpeedManual" Datatype="Real" /><Member Name="ReadyToReceive" Datatype="Bool" /><Member Name="ReadyToSent" Datatype="Bool" /><Member Name="InvertFlow" Datatype="Bool" /><Member Name="Direction" Datatype="Bool" /><Member Name="Accumulate" Datatype="Struct"><Member Name="Acc_ext_1" Datatype="Bool" /><Member Name="Acc_ext_2" Datatype="Bool" /><Member Name="Acc_ext_3" Datatype="Bool" /><Member Name="Acc_ext_4" Datatype="Bool" /><Member Name="Acc_ext_5" Datatype="Bool" /><Member Name="Acc_TC_1" Datatype="Bool" /><Member Name="Acc_TC_2" Datatype="Bool" /><Member Name="Acc_TC_3" Datatype="Bool" /><Member Name="Acc_Scan_1" Datatype="Bool" /><Member Name="Acc_Scan_2" Datatype="Bool" /><Member Name="Acc_Scan_3" Datatype="Bool" /><Member Name="Acc_Scale_1" Datatype="Bool" /><Member Name="Acc_Scale_2" Datatype="Bool" /><Member Name="Acc_Scale_3" Datatype="Bool" /></Member><Member Name="StartRequestObject" Datatype="Bool" /><Member Name="StopRequestObject" Datatype="Bool" /><Member Name="IgnoreStandby" Datatype="Bool" /><Member Name="ManualOverride" Datatype="Bool" /><Member Name="Interlock" Datatype="Bool" /></Member><Member Name="Input" Datatype="Struct"><Member Name="SensorStartHMI" Datatype="Bool" /><Member Name="SensorEndHMI" Datatype="Bool" /><Member Name="SensorAtStartLogic" Datatype="&quot;SmartBooldt&quot;"><Sections><Section Name="None"><Member Name="State" Datatype="Bool" /><Member Name="LE" Datatype="Bool" /><Member Name="FE" Datatype="Bool" /><Member Name="sensorTest" Datatype="Bool" /><Member Name="IddleSignal" Datatype="Bool" /><Member Name="testFailed" Datatype="Bool" /><Member Name="Counter" Datatype="UInt" /></Section></Sections></Member><Member Name="SensorAtEndLogic" Datatype="&quot;SmartBooldt&quot;"><Sections><Section Name="None"><Member Name="State" Datatype="Bool" /><Member Name="LE" Datatype="Bool" /><Member Name="FE" Datatype="Bool" /><Member Name="sensorTest" Datatype="Bool" /><Member Name="IddleSignal" Datatype="Bool" /><Member Name="testFailed" Datatype="Bool" /><Member Name="Counter" Datatype="UInt" /></Section></Sections></Member><Member Name="Running_FB" Datatype="Bool" /><Member Name="Interlock" Datatype="Bool" /></Member><Member Name="Alarms" Datatype="Struct"><Member Name="BlockedReceive" Datatype="&quot;HmiAlarm&quot;"><Sections><Section Name="None"><Member Name="Active" Datatype="Bool" /><Member Name="Acknowledge" Datatype="Bool" /><Member Name="type" Datatype="Int" /></Section></Sections></Member><Member Name="BlockedSending" Datatype="&quot;HmiAlarm&quot;"><Sections><Section Name="None"><Member Name="Active" Datatype="Bool" /><Member Name="Acknowledge" Datatype="Bool" /><Member Name="type" Datatype="Int" /></Section></Sections></Member><Member Name="ToClose" Datatype="&quot;HmiAlarm&quot;"><Sections><Section Name="None"><Member Name="Active" Datatype="Bool" /><Member Name="Acknowledge" Datatype="Bool" /><Member Name="type" Datatype="Int" /></Section></Sections></Member><Member Name="ToSmall" Datatype="&quot;HmiAlarm&quot;"><Sections><Section Name="None"><Member Name="Active" Datatype="Bool" /><Member Name="Acknowledge" Datatype="Bool" /><Member Name="type" Datatype="Int" /></Section></Sections></Member><Member Name="ToLong" Datatype="&quot;HmiAlarm&quot;"><Sections><Section Name="None"><Member Name="Active" Datatype="Bool" /><Member Name="Acknowledge" Datatype="Bool" /><Member Name="type" Datatype="Int" /></Section></Sections></Member><Member Name="MotorAlarm" Datatype="&quot;HmiAlarm&quot;"><Sections><Section Name="None"><Member Name="Active" Datatype="Bool" /><Member Name="Acknowledge" Datatype="Bool" /><Member Name="type" Datatype="Int" /></Section></Sections></Member><Member Name="AlarmActive" Datatype="&quot;HmiAlarm&quot;"><Sections><Section Name="None"><Member Name="Active" Datatype="Bool" /><Member Name="Acknowledge" Datatype="Bool" /><Member Name="type" Datatype="Int" /></Section></Sections></Member><Member Name="Status" Datatype="Word" /></Member><Member Name="Status" Datatype="Struct"><Member Name="AccumulationOn" Datatype="Bool" /><Member Name="StartedAutoMode" Datatype="Bool" /><Member Name="ReadyForStandby" Datatype="Bool" /><Member Name="RequestForSending" Datatype="Bool" /><Member Name="ExecutingReceiveSequence" Datatype="Bool" /><Member Name="ExecutingSendingSequence" Datatype="Bool" /><Member Name="ObjectSentPulse" Datatype="Bool" /><Member Name="ObjectReceivePulse" Datatype="Bool" /><Member Name="GapTimeOk" Datatype="Bool" /><Member Name="Empty" Datatype="Bool" /><Member Name="ObjectOnConveyor" Datatype="Bool" /><Member Name="Initialized" Datatype="Bool" /><Member Name="ManualMode" Datatype="Bool" /></Member><Member Name="TrackingCmd" Datatype="Struct"><Member Name="InductNewTracking" Datatype="Bool" /><Member Name="ClearTracking" Datatype="Bool" /><Member Name="NewTrackingId" Datatype="&quot;Tracking_Simple_UDT_1&quot;"><Sections><Section Name="None"><Member Name="ID" Datatype="UInt" /><Member Name="PLC_Dest" Datatype="Int" /><Member Name="WMS_Dest" Datatype="String[20]" /><Member Name="Barcode" Datatype="String" /><Member Name="GoodRead" Datatype="Bool" /><Member Name="weightGram" Datatype="Real" /><Member Name="prio" Datatype="Bool" /></Section></Sections></Member></Member><Member Name="TrackingStat" Datatype="Struct"><Member Name="Current" Datatype="&quot;Tracking_Simple_UDT_1&quot;"><Sections><Section Name="None"><Member Name="ID" Datatype="UInt" /><Member Name="PLC_Dest" Datatype="Int" /><Member Name="WMS_Dest" Datatype="String[20]" /><Member Name="Barcode" Datatype="String" /><Member Name="GoodRead" Datatype="Bool" /><Member Name="weightGram" Datatype="Real" /><Member Name="prio" Datatype="Bool" /></Section></Sections></Member><Member Name="InSending" Datatype="&quot;Tracking_Simple_UDT_1&quot;"><Sections><Section Name="None"><Member Name="ID" Datatype="UInt" /><Member Name="PLC_Dest" Datatype="Int" /><Member Name="WMS_Dest" Datatype="String[20]" /><Member Name="Barcode" Datatype="String" /><Member Name="GoodRead" Datatype="Bool" /><Member Name="weightGram" Datatype="Real" /><Member Name="prio" Datatype="Bool" /></Section></Sections></Member><Member Name="TrackingReceived" Datatype="Bool" /><Member Name="TrackingCleared" Datatype="Bool" /></Member><Member Name="Encoder" Datatype="&quot;VirtualEncoder_UDT&quot;"><Sections><Section Name="None"><Member Name="Distance_mm" Datatype="Real" /><Member Name="Speed_mm_ms" Datatype="Real" /><Member Name="Settings" Datatype="Struct"><Member Name="Base_M_min" Datatype="Real" /><Member Name="BaseRelative" Datatype="Real" /></Member></Section></Sections></Member><Member Name="DiagNostics" Datatype="Struct"><Member Name="ReceivedCounter" Datatype="UDInt" /><Member Name="SendingCounter" Datatype="UDInt" /></Member><Member Name="Index" Datatype="Int" /><Member Name="Name" Datatype="String[25]" /><Member Name="Zone" Datatype="Int" /></Section></Sections></Member>
    <Member Name="C323R_BELTS" Datatype="&quot;Conveyor_UDT&quot;" Remanence="NonRetain" Accessibility="Public"><AttributeList><BooleanAttribute Name="ExternalAccessible" SystemDefined="true">true</BooleanAttribute><BooleanAttribute Name="ExternalVisible" SystemDefined="true">true</BooleanAttribute><BooleanAttribute Name="ExternalWritable" SystemDefined="true">true</BooleanAttribute><BooleanAttribute Name="SetPoint" SystemDefined="true">true</BooleanAttribute></AttributeList><Sections><Section Name="None"><Member Name="Settings" Datatype="Struct"><Member Name="Mode" Datatype="Int" /><Member Name="AutomaticBuffering" Datatype="Bool" /><Member Name="Direction" Datatype="Bool" /><Member Name="EnergySave" Datatype="Bool" /><Member Name="RunIddle" Datatype="Bool" /><Member Name="AutoReset" Datatype="Bool" /><Member Name="SentHoldOnCheckReceive" Datatype="Bool" /><Member Name="Timings" Datatype="&quot;ConveyorTimes_UDT&quot;"><Sections><Section Name="None"><Member Name="DelayedStart" Datatype="Time" /><Member Name="ConveyorLength" Datatype="Real" /><Member Name="InitDistance" Datatype="Real" /><Member Name="ReceiveDistance" Datatype="Real" /><Member Name="SendDistance" Datatype="Real" /><Member Name="SleepDistance" Datatype="Real" /><Member Name="GapDistance" Datatype="Real" /><Member Name="StartupDelay" Datatype="Time" /></Section></Sections></Member><Member Name="Speed" Datatype="Struct"><Member Name="speed" Datatype="Real" /><Member Name="UpstreamGain" Datatype="Real" /><Member Name="speedController" Datatype="Bool" /></Member><Member Name="Alarms" Datatype="Struct"><Member Name="BlockDetectionOn" Datatype="Bool" /><Member Name="BlockedAtStartSensor" Datatype="Bool" /><Member Name="ParcelsToCloseDetectionOn" Datatype="Bool" /><Member Name="ParcelsToLongDetectionOn" Datatype="Bool" /><Member Name="ParcelToShortDetectionOn" Datatype="Bool" /><Member Name="BlockRetrys" Datatype="Int" /><Member Name="SentTimeError" Datatype="Real" /><Member Name="TimeBetweenParcels" Datatype="Real" /><Member Name="MinSizeParcel" Datatype="Real" /><Member Name="MaxSizeParcel" Datatype="Real" /></Member></Member><Member Name="Cmd" Datatype="Struct"><Member Name="Reset" Datatype="Bool" /><Member Name="ReInitialize" Datatype="Bool" /><Member Name="RunAuto" Datatype="Bool" /><Member Name="RunManual" Datatype="Bool" /><Member Name="SpeedAuto" Datatype="Real" /><Member Name="SpeedManual" Datatype="Real" /><Member Name="ReadyToReceive" Datatype="Bool" /><Member Name="ReadyToSent" Datatype="Bool" /><Member Name="InvertFlow" Datatype="Bool" /><Member Name="Direction" Datatype="Bool" /><Member Name="Accumulate" Datatype="Struct"><Member Name="Acc_ext_1" Datatype="Bool" /><Member Name="Acc_ext_2" Datatype="Bool" /><Member Name="Acc_ext_3" Datatype="Bool" /><Member Name="Acc_ext_4" Datatype="Bool" /><Member Name="Acc_ext_5" Datatype="Bool" /><Member Name="Acc_TC_1" Datatype="Bool" /><Member Name="Acc_TC_2" Datatype="Bool" /><Member Name="Acc_TC_3" Datatype="Bool" /><Member Name="Acc_Scan_1" Datatype="Bool" /><Member Name="Acc_Scan_2" Datatype="Bool" /><Member Name="Acc_Scan_3" Datatype="Bool" /><Member Name="Acc_Scale_1" Datatype="Bool" /><Member Name="Acc_Scale_2" Datatype="Bool" /><Member Name="Acc_Scale_3" Datatype="Bool" /></Member><Member Name="StartRequestObject" Datatype="Bool" /><Member Name="StopRequestObject" Datatype="Bool" /><Member Name="IgnoreStandby" Datatype="Bool" /><Member Name="ManualOverride" Datatype="Bool" /><Member Name="Interlock" Datatype="Bool" /></Member><Member Name="Input" Datatype="Struct"><Member Name="SensorStartHMI" Datatype="Bool" /><Member Name="SensorEndHMI" Datatype="Bool" /><Member Name="SensorAtStartLogic" Datatype="&quot;SmartBooldt&quot;"><Sections><Section Name="None"><Member Name="State" Datatype="Bool" /><Member Name="LE" Datatype="Bool" /><Member Name="FE" Datatype="Bool" /><Member Name="sensorTest" Datatype="Bool" /><Member Name="IddleSignal" Datatype="Bool" /><Member Name="testFailed" Datatype="Bool" /><Member Name="Counter" Datatype="UInt" /></Section></Sections></Member><Member Name="SensorAtEndLogic" Datatype="&quot;SmartBooldt&quot;"><Sections><Section Name="None"><Member Name="State" Datatype="Bool" /><Member Name="LE" Datatype="Bool" /><Member Name="FE" Datatype="Bool" /><Member Name="sensorTest" Datatype="Bool" /><Member Name="IddleSignal" Datatype="Bool" /><Member Name="testFailed" Datatype="Bool" /><Member Name="Counter" Datatype="UInt" /></Section></Sections></Member><Member Name="Running_FB" Datatype="Bool" /><Member Name="Interlock" Datatype="Bool" /></Member><Member Name="Alarms" Datatype="Struct"><Member Name="BlockedReceive" Datatype="&quot;HmiAlarm&quot;"><Sections><Section Name="None"><Member Name="Active" Datatype="Bool" /><Member Name="Acknowledge" Datatype="Bool" /><Member Name="type" Datatype="Int" /></Section></Sections></Member><Member Name="BlockedSending" Datatype="&quot;HmiAlarm&quot;"><Sections><Section Name="None"><Member Name="Active" Datatype="Bool" /><Member Name="Acknowledge" Datatype="Bool" /><Member Name="type" Datatype="Int" /></Section></Sections></Member><Member Name="ToClose" Datatype="&quot;HmiAlarm&quot;"><Sections><Section Name="None"><Member Name="Active" Datatype="Bool" /><Member Name="Acknowledge" Datatype="Bool" /><Member Name="type" Datatype="Int" /></Section></Sections></Member><Member Name="ToSmall" Datatype="&quot;HmiAlarm&quot;"><Sections><Section Name="None"><Member Name="Active" Datatype="Bool" /><Member Name="Acknowledge" Datatype="Bool" /><Member Name="type" Datatype="Int" /></Section></Sections></Member><Member Name="ToLong" Datatype="&quot;HmiAlarm&quot;"><Sections><Section Name="None"><Member Name="Active" Datatype="Bool" /><Member Name="Acknowledge" Datatype="Bool" /><Member Name="type" Datatype="Int" /></Section></Sections></Member><Member Name="MotorAlarm" Datatype="&quot;HmiAlarm&quot;"><Sections><Section Name="None"><Member Name="Active" Datatype="Bool" /><Member Name="Acknowledge" Datatype="Bool" /><Member Name="type" Datatype="Int" /></Section></Sections></Member><Member Name="AlarmActive" Datatype="&quot;HmiAlarm&quot;"><Sections><Section Name="None"><Member Name="Active" Datatype="Bool" /><Member Name="Acknowledge" Datatype="Bool" /><Member Name="type" Datatype="Int" /></Section></Sections></Member><Member Name="Status" Datatype="Word" /></Member><Member Name="Status" Datatype="Struct"><Member Name="AccumulationOn" Datatype="Bool" /><Member Name="StartedAutoMode" Datatype="Bool" /><Member Name="ReadyForStandby" Datatype="Bool" /><Member Name="RequestForSending" Datatype="Bool" /><Member Name="ExecutingReceiveSequence" Datatype="Bool" /><Member Name="ExecutingSendingSequence" Datatype="Bool" /><Member Name="ObjectSentPulse" Datatype="Bool" /><Member Name="ObjectReceivePulse" Datatype="Bool" /><Member Name="GapTimeOk" Datatype="Bool" /><Member Name="Empty" Datatype="Bool" /><Member Name="ObjectOnConveyor" Datatype="Bool" /><Member Name="Initialized" Datatype="Bool" /><Member Name="ManualMode" Datatype="Bool" /></Member><Member Name="TrackingCmd" Datatype="Struct"><Member Name="InductNewTracking" Datatype="Bool" /><Member Name="ClearTracking" Datatype="Bool" /><Member Name="NewTrackingId" Datatype="&quot;Tracking_Simple_UDT_1&quot;"><Sections><Section Name="None"><Member Name="ID" Datatype="UInt" /><Member Name="PLC_Dest" Datatype="Int" /><Member Name="WMS_Dest" Datatype="String[20]" /><Member Name="Barcode" Datatype="String" /><Member Name="GoodRead" Datatype="Bool" /><Member Name="weightGram" Datatype="Real" /><Member Name="prio" Datatype="Bool" /></Section></Sections></Member></Member><Member Name="TrackingStat" Datatype="Struct"><Member Name="Current" Datatype="&quot;Tracking_Simple_UDT_1&quot;"><Sections><Section Name="None"><Member Name="ID" Datatype="UInt" /><Member Name="PLC_Dest" Datatype="Int" /><Member Name="WMS_Dest" Datatype="String[20]" /><Member Name="Barcode" Datatype="String" /><Member Name="GoodRead" Datatype="Bool" /><Member Name="weightGram" Datatype="Real" /><Member Name="prio" Datatype="Bool" /></Section></Sections></Member><Member Name="InSending" Datatype="&quot;Tracking_Simple_UDT_1&quot;"><Sections><Section Name="None"><Member Name="ID" Datatype="UInt" /><Member Name="PLC_Dest" Datatype="Int" /><Member Name="WMS_Dest" Datatype="String[20]" /><Member Name="Barcode" Datatype="String" /><Member Name="GoodRead" Datatype="Bool" /><Member Name="weightGram" Datatype="Real" /><Member Name="prio" Datatype="Bool" /></Section></Sections></Member><Member Name="TrackingReceived" Datatype="Bool" /><Member Name="TrackingCleared" Datatype="Bool" /></Member><Member Name="Encoder" Datatype="&quot;VirtualEncoder_UDT&quot;"><Sections><Section Name="None"><Member Name="Distance_mm" Datatype="Real" /><Member Name="Speed_mm_ms" Datatype="Real" /><Member Name="Settings" Datatype="Struct"><Member Name="Base_M_min" Datatype="Real" /><Member Name="BaseRelative" Datatype="Real" /></Member></Section></Sections></Member><Member Name="DiagNostics" Datatype="Struct"><Member Name="ReceivedCounter" Datatype="UDInt" /><Member Name="SendingCounter" Datatype="UDInt" /></Member><Member Name="Index" Datatype="Int" /><Member Name="Name" Datatype="String[25]" /><Member Name="Zone" Datatype="Int" /></Section></Sections></Member>
    <Member Name="C324R_BELTS" Datatype="&quot;Conveyor_UDT&quot;" Remanence="NonRetain" Accessibility="Public"><AttributeList><BooleanAttribute Name="ExternalAccessible" SystemDefined="true">true</BooleanAttribute><BooleanAttribute Name="ExternalVisible" SystemDefined="true">true</BooleanAttribute><BooleanAttribute Name="ExternalWritable" SystemDefined="true">true</BooleanAttribute><BooleanAttribute Name="SetPoint" SystemDefined="true">true</BooleanAttribute></AttributeList><Sections><Section Name="None"><Member Name="Settings" Datatype="Struct"><Member Name="Mode" Datatype="Int" /><Member Name="AutomaticBuffering" Datatype="Bool" /><Member Name="Direction" Datatype="Bool" /><Member Name="EnergySave" Datatype="Bool" /><Member Name="RunIddle" Datatype="Bool" /><Member Name="AutoReset" Datatype="Bool" /><Member Name="SentHoldOnCheckReceive" Datatype="Bool" /><Member Name="Timings" Datatype="&quot;ConveyorTimes_UDT&quot;"><Sections><Section Name="None"><Member Name="DelayedStart" Datatype="Time" /><Member Name="ConveyorLength" Datatype="Real" /><Member Name="InitDistance" Datatype="Real" /><Member Name="ReceiveDistance" Datatype="Real" /><Member Name="SendDistance" Datatype="Real" /><Member Name="SleepDistance" Datatype="Real" /><Member Name="GapDistance" Datatype="Real" /><Member Name="StartupDelay" Datatype="Time" /></Section></Sections></Member><Member Name="Speed" Datatype="Struct"><Member Name="speed" Datatype="Real" /><Member Name="UpstreamGain" Datatype="Real" /><Member Name="speedController" Datatype="Bool" /></Member><Member Name="Alarms" Datatype="Struct"><Member Name="BlockDetectionOn" Datatype="Bool" /><Member Name="BlockedAtStartSensor" Datatype="Bool" /><Member Name="ParcelsToCloseDetectionOn" Datatype="Bool" /><Member Name="ParcelsToLongDetectionOn" Datatype="Bool" /><Member Name="ParcelToShortDetectionOn" Datatype="Bool" /><Member Name="BlockRetrys" Datatype="Int" /><Member Name="SentTimeError" Datatype="Real" /><Member Name="TimeBetweenParcels" Datatype="Real" /><Member Name="MinSizeParcel" Datatype="Real" /><Member Name="MaxSizeParcel" Datatype="Real" /></Member></Member><Member Name="Cmd" Datatype="Struct"><Member Name="Reset" Datatype="Bool" /><Member Name="ReInitialize" Datatype="Bool" /><Member Name="RunAuto" Datatype="Bool" /><Member Name="RunManual" Datatype="Bool" /><Member Name="SpeedAuto" Datatype="Real" /><Member Name="SpeedManual" Datatype="Real" /><Member Name="ReadyToReceive" Datatype="Bool" /><Member Name="ReadyToSent" Datatype="Bool" /><Member Name="InvertFlow" Datatype="Bool" /><Member Name="Direction" Datatype="Bool" /><Member Name="Accumulate" Datatype="Struct"><Member Name="Acc_ext_1" Datatype="Bool" /><Member Name="Acc_ext_2" Datatype="Bool" /><Member Name="Acc_ext_3" Datatype="Bool" /><Member Name="Acc_ext_4" Datatype="Bool" /><Member Name="Acc_ext_5" Datatype="Bool" /><Member Name="Acc_TC_1" Datatype="Bool" /><Member Name="Acc_TC_2" Datatype="Bool" /><Member Name="Acc_TC_3" Datatype="Bool" /><Member Name="Acc_Scan_1" Datatype="Bool" /><Member Name="Acc_Scan_2" Datatype="Bool" /><Member Name="Acc_Scan_3" Datatype="Bool" /><Member Name="Acc_Scale_1" Datatype="Bool" /><Member Name="Acc_Scale_2" Datatype="Bool" /><Member Name="Acc_Scale_3" Datatype="Bool" /></Member><Member Name="StartRequestObject" Datatype="Bool" /><Member Name="StopRequestObject" Datatype="Bool" /><Member Name="IgnoreStandby" Datatype="Bool" /><Member Name="ManualOverride" Datatype="Bool" /><Member Name="Interlock" Datatype="Bool" /></Member><Member Name="Input" Datatype="Struct"><Member Name="SensorStartHMI" Datatype="Bool" /><Member Name="SensorEndHMI" Datatype="Bool" /><Member Name="SensorAtStartLogic" Datatype="&quot;SmartBooldt&quot;"><Sections><Section Name="None"><Member Name="State" Datatype="Bool" /><Member Name="LE" Datatype="Bool" /><Member Name="FE" Datatype="Bool" /><Member Name="sensorTest" Datatype="Bool" /><Member Name="IddleSignal" Datatype="Bool" /><Member Name="testFailed" Datatype="Bool" /><Member Name="Counter" Datatype="UInt" /></Section></Sections></Member><Member Name="SensorAtEndLogic" Datatype="&quot;SmartBooldt&quot;"><Sections><Section Name="None"><Member Name="State" Datatype="Bool" /><Member Name="LE" Datatype="Bool" /><Member Name="FE" Datatype="Bool" /><Member Name="sensorTest" Datatype="Bool" /><Member Name="IddleSignal" Datatype="Bool" /><Member Name="testFailed" Datatype="Bool" /><Member Name="Counter" Datatype="UInt" /></Section></Sections></Member><Member Name="Running_FB" Datatype="Bool" /><Member Name="Interlock" Datatype="Bool" /></Member><Member Name="Alarms" Datatype="Struct"><Member Name="BlockedReceive" Datatype="&quot;HmiAlarm&quot;"><Sections><Section Name="None"><Member Name="Active" Datatype="Bool" /><Member Name="Acknowledge" Datatype="Bool" /><Member Name="type" Datatype="Int" /></Section></Sections></Member><Member Name="BlockedSending" Datatype="&quot;HmiAlarm&quot;"><Sections><Section Name="None"><Member Name="Active" Datatype="Bool" /><Member Name="Acknowledge" Datatype="Bool" /><Member Name="type" Datatype="Int" /></Section></Sections></Member><Member Name="ToClose" Datatype="&quot;HmiAlarm&quot;"><Sections><Section Name="None"><Member Name="Active" Datatype="Bool" /><Member Name="Acknowledge" Datatype="Bool" /><Member Name="type" Datatype="Int" /></Section></Sections></Member><Member Name="ToSmall" Datatype="&quot;HmiAlarm&quot;"><Sections><Section Name="None"><Member Name="Active" Datatype="Bool" /><Member Name="Acknowledge" Datatype="Bool" /><Member Name="type" Datatype="Int" /></Section></Sections></Member><Member Name="ToLong" Datatype="&quot;HmiAlarm&quot;"><Sections><Section Name="None"><Member Name="Active" Datatype="Bool" /><Member Name="Acknowledge" Datatype="Bool" /><Member Name="type" Datatype="Int" /></Section></Sections></Member><Member Name="MotorAlarm" Datatype="&quot;HmiAlarm&quot;"><Sections><Section Name="None"><Member Name="Active" Datatype="Bool" /><Member Name="Acknowledge" Datatype="Bool" /><Member Name="type" Datatype="Int" /></Section></Sections></Member><Member Name="AlarmActive" Datatype="&quot;HmiAlarm&quot;"><Sections><Section Name="None"><Member Name="Active" Datatype="Bool" /><Member Name="Acknowledge" Datatype="Bool" /><Member Name="type" Datatype="Int" /></Section></Sections></Member><Member Name="Status" Datatype="Word" /></Member><Member Name="Status" Datatype="Struct"><Member Name="AccumulationOn" Datatype="Bool" /><Member Name="StartedAutoMode" Datatype="Bool" /><Member Name="ReadyForStandby" Datatype="Bool" /><Member Name="RequestForSending" Datatype="Bool" /><Member Name="ExecutingReceiveSequence" Datatype="Bool" /><Member Name="ExecutingSendingSequence" Datatype="Bool" /><Member Name="ObjectSentPulse" Datatype="Bool" /><Member Name="ObjectReceivePulse" Datatype="Bool" /><Member Name="GapTimeOk" Datatype="Bool" /><Member Name="Empty" Datatype="Bool" /><Member Name="ObjectOnConveyor" Datatype="Bool" /><Member Name="Initialized" Datatype="Bool" /><Member Name="ManualMode" Datatype="Bool" /></Member><Member Name="TrackingCmd" Datatype="Struct"><Member Name="InductNewTracking" Datatype="Bool" /><Member Name="ClearTracking" Datatype="Bool" /><Member Name="NewTrackingId" Datatype="&quot;Tracking_Simple_UDT_1&quot;"><Sections><Section Name="None"><Member Name="ID" Datatype="UInt" /><Member Name="PLC_Dest" Datatype="Int" /><Member Name="WMS_Dest" Datatype="String[20]" /><Member Name="Barcode" Datatype="String" /><Member Name="GoodRead" Datatype="Bool" /><Member Name="weightGram" Datatype="Real" /><Member Name="prio" Datatype="Bool" /></Section></Sections></Member></Member><Member Name="TrackingStat" Datatype="Struct"><Member Name="Current" Datatype="&quot;Tracking_Simple_UDT_1&quot;"><Sections><Section Name="None"><Member Name="ID" Datatype="UInt" /><Member Name="PLC_Dest" Datatype="Int" /><Member Name="WMS_Dest" Datatype="String[20]" /><Member Name="Barcode" Datatype="String" /><Member Name="GoodRead" Datatype="Bool" /><Member Name="weightGram" Datatype="Real" /><Member Name="prio" Datatype="Bool" /></Section></Sections></Member><Member Name="InSending" Datatype="&quot;Tracking_Simple_UDT_1&quot;"><Sections><Section Name="None"><Member Name="ID" Datatype="UInt" /><Member Name="PLC_Dest" Datatype="Int" /><Member Name="WMS_Dest" Datatype="String[20]" /><Member Name="Barcode" Datatype="String" /><Member Name="GoodRead" Datatype="Bool" /><Member Name="weightGram" Datatype="Real" /><Member Name="prio" Datatype="Bool" /></Section></Sections></Member><Member Name="TrackingReceived" Datatype="Bool" /><Member Name="TrackingCleared" Datatype="Bool" /></Member><Member Name="Encoder" Datatype="&quot;VirtualEncoder_UDT&quot;"><Sections><Section Name="None"><Member Name="Distance_mm" Datatype="Real" /><Member Name="Speed_mm_ms" Datatype="Real" /><Member Name="Settings" Datatype="Struct"><Member Name="Base_M_min" Datatype="Real" /><Member Name="BaseRelative" Datatype="Real" /></Member></Section></Sections></Member><Member Name="DiagNostics" Datatype="Struct"><Member Name="ReceivedCounter" Datatype="UDInt" /><Member Name="SendingCounter" Datatype="UDInt" /></Member><Member Name="Index" Datatype="Int" /><Member Name="Name" Datatype="String[25]" /><Member Name="Zone" Datatype="Int" /></Section></Sections></Member>
    <Member Name="C333R_BELTS" Datatype="&quot;Conveyor_UDT&quot;" Remanence="NonRetain" Accessibility="Public"><AttributeList><BooleanAttribute Name="ExternalAccessible" SystemDefined="true">true</BooleanAttribute><BooleanAttribute Name="ExternalVisible" SystemDefined="true">true</BooleanAttribute><BooleanAttribute Name="ExternalWritable" SystemDefined="true">true</BooleanAttribute><BooleanAttribute Name="SetPoint" SystemDefined="true">true</BooleanAttribute></AttributeList><Sections><Section Name="None"><Member Name="Settings" Datatype="Struct"><Member Name="Mode" Datatype="Int" /><Member Name="AutomaticBuffering" Datatype="Bool" /><Member Name="Direction" Datatype="Bool" /><Member Name="EnergySave" Datatype="Bool" /><Member Name="RunIddle" Datatype="Bool" /><Member Name="AutoReset" Datatype="Bool" /><Member Name="SentHoldOnCheckReceive" Datatype="Bool" /><Member Name="Timings" Datatype="&quot;ConveyorTimes_UDT&quot;"><Sections><Section Name="None"><Member Name="DelayedStart" Datatype="Time" /><Member Name="ConveyorLength" Datatype="Real" /><Member Name="InitDistance" Datatype="Real" /><Member Name="ReceiveDistance" Datatype="Real" /><Member Name="SendDistance" Datatype="Real" /><Member Name="SleepDistance" Datatype="Real" /><Member Name="GapDistance" Datatype="Real" /><Member Name="StartupDelay" Datatype="Time" /></Section></Sections></Member><Member Name="Speed" Datatype="Struct"><Member Name="speed" Datatype="Real" /><Member Name="UpstreamGain" Datatype="Real" /><Member Name="speedController" Datatype="Bool" /></Member><Member Name="Alarms" Datatype="Struct"><Member Name="BlockDetectionOn" Datatype="Bool" /><Member Name="BlockedAtStartSensor" Datatype="Bool" /><Member Name="ParcelsToCloseDetectionOn" Datatype="Bool" /><Member Name="ParcelsToLongDetectionOn" Datatype="Bool" /><Member Name="ParcelToShortDetectionOn" Datatype="Bool" /><Member Name="BlockRetrys" Datatype="Int" /><Member Name="SentTimeError" Datatype="Real" /><Member Name="TimeBetweenParcels" Datatype="Real" /><Member Name="MinSizeParcel" Datatype="Real" /><Member Name="MaxSizeParcel" Datatype="Real" /></Member></Member><Member Name="Cmd" Datatype="Struct"><Member Name="Reset" Datatype="Bool" /><Member Name="ReInitialize" Datatype="Bool" /><Member Name="RunAuto" Datatype="Bool" /><Member Name="RunManual" Datatype="Bool" /><Member Name="SpeedAuto" Datatype="Real" /><Member Name="SpeedManual" Datatype="Real" /><Member Name="ReadyToReceive" Datatype="Bool" /><Member Name="ReadyToSent" Datatype="Bool" /><Member Name="InvertFlow" Datatype="Bool" /><Member Name="Direction" Datatype="Bool" /><Member Name="Accumulate" Datatype="Struct"><Member Name="Acc_ext_1" Datatype="Bool" /><Member Name="Acc_ext_2" Datatype="Bool" /><Member Name="Acc_ext_3" Datatype="Bool" /><Member Name="Acc_ext_4" Datatype="Bool" /><Member Name="Acc_ext_5" Datatype="Bool" /><Member Name="Acc_TC_1" Datatype="Bool" /><Member Name="Acc_TC_2" Datatype="Bool" /><Member Name="Acc_TC_3" Datatype="Bool" /><Member Name="Acc_Scan_1" Datatype="Bool" /><Member Name="Acc_Scan_2" Datatype="Bool" /><Member Name="Acc_Scan_3" Datatype="Bool" /><Member Name="Acc_Scale_1" Datatype="Bool" /><Member Name="Acc_Scale_2" Datatype="Bool" /><Member Name="Acc_Scale_3" Datatype="Bool" /></Member><Member Name="StartRequestObject" Datatype="Bool" /><Member Name="StopRequestObject" Datatype="Bool" /><Member Name="IgnoreStandby" Datatype="Bool" /><Member Name="ManualOverride" Datatype="Bool" /><Member Name="Interlock" Datatype="Bool" /></Member><Member Name="Input" Datatype="Struct"><Member Name="SensorStartHMI" Datatype="Bool" /><Member Name="SensorEndHMI" Datatype="Bool" /><Member Name="SensorAtStartLogic" Datatype="&quot;SmartBooldt&quot;"><Sections><Section Name="None"><Member Name="State" Datatype="Bool" /><Member Name="LE" Datatype="Bool" /><Member Name="FE" Datatype="Bool" /><Member Name="sensorTest" Datatype="Bool" /><Member Name="IddleSignal" Datatype="Bool" /><Member Name="testFailed" Datatype="Bool" /><Member Name="Counter" Datatype="UInt" /></Section></Sections></Member><Member Name="SensorAtEndLogic" Datatype="&quot;SmartBooldt&quot;"><Sections><Section Name="None"><Member Name="State" Datatype="Bool" /><Member Name="LE" Datatype="Bool" /><Member Name="FE" Datatype="Bool" /><Member Name="sensorTest" Datatype="Bool" /><Member Name="IddleSignal" Datatype="Bool" /><Member Name="testFailed" Datatype="Bool" /><Member Name="Counter" Datatype="UInt" /></Section></Sections></Member><Member Name="Running_FB" Datatype="Bool" /><Member Name="Interlock" Datatype="Bool" /></Member><Member Name="Alarms" Datatype="Struct"><Member Name="BlockedReceive" Datatype="&quot;HmiAlarm&quot;"><Sections><Section Name="None"><Member Name="Active" Datatype="Bool" /><Member Name="Acknowledge" Datatype="Bool" /><Member Name="type" Datatype="Int" /></Section></Sections></Member><Member Name="BlockedSending" Datatype="&quot;HmiAlarm&quot;"><Sections><Section Name="None"><Member Name="Active" Datatype="Bool" /><Member Name="Acknowledge" Datatype="Bool" /><Member Name="type" Datatype="Int" /></Section></Sections></Member><Member Name="ToClose" Datatype="&quot;HmiAlarm&quot;"><Sections><Section Name="None"><Member Name="Active" Datatype="Bool" /><Member Name="Acknowledge" Datatype="Bool" /><Member Name="type" Datatype="Int" /></Section></Sections></Member><Member Name="ToSmall" Datatype="&quot;HmiAlarm&quot;"><Sections><Section Name="None"><Member Name="Active" Datatype="Bool" /><Member Name="Acknowledge" Datatype="Bool" /><Member Name="type" Datatype="Int" /></Section></Sections></Member><Member Name="ToLong" Datatype="&quot;HmiAlarm&quot;"><Sections><Section Name="None"><Member Name="Active" Datatype="Bool" /><Member Name="Acknowledge" Datatype="Bool" /><Member Name="type" Datatype="Int" /></Section></Sections></Member><Member Name="MotorAlarm" Datatype="&quot;HmiAlarm&quot;"><Sections><Section Name="None"><Member Name="Active" Datatype="Bool" /><Member Name="Acknowledge" Datatype="Bool" /><Member Name="type" Datatype="Int" /></Section></Sections></Member><Member Name="AlarmActive" Datatype="&quot;HmiAlarm&quot;"><Sections><Section Name="None"><Member Name="Active" Datatype="Bool" /><Member Name="Acknowledge" Datatype="Bool" /><Member Name="type" Datatype="Int" /></Section></Sections></Member><Member Name="Status" Datatype="Word" /></Member><Member Name="Status" Datatype="Struct"><Member Name="AccumulationOn" Datatype="Bool" /><Member Name="StartedAutoMode" Datatype="Bool" /><Member Name="ReadyForStandby" Datatype="Bool" /><Member Name="RequestForSending" Datatype="Bool" /><Member Name="ExecutingReceiveSequence" Datatype="Bool" /><Member Name="ExecutingSendingSequence" Datatype="Bool" /><Member Name="ObjectSentPulse" Datatype="Bool" /><Member Name="ObjectReceivePulse" Datatype="Bool" /><Member Name="GapTimeOk" Datatype="Bool" /><Member Name="Empty" Datatype="Bool" /><Member Name="ObjectOnConveyor" Datatype="Bool" /><Member Name="Initialized" Datatype="Bool" /><Member Name="ManualMode" Datatype="Bool" /></Member><Member Name="TrackingCmd" Datatype="Struct"><Member Name="InductNewTracking" Datatype="Bool" /><Member Name="ClearTracking" Datatype="Bool" /><Member Name="NewTrackingId" Datatype="&quot;Tracking_Simple_UDT_1&quot;"><Sections><Section Name="None"><Member Name="ID" Datatype="UInt" /><Member Name="PLC_Dest" Datatype="Int" /><Member Name="WMS_Dest" Datatype="String[20]" /><Member Name="Barcode" Datatype="String" /><Member Name="GoodRead" Datatype="Bool" /><Member Name="weightGram" Datatype="Real" /><Member Name="prio" Datatype="Bool" /></Section></Sections></Member></Member><Member Name="TrackingStat" Datatype="Struct"><Member Name="Current" Datatype="&quot;Tracking_Simple_UDT_1&quot;"><Sections><Section Name="None"><Member Name="ID" Datatype="UInt" /><Member Name="PLC_Dest" Datatype="Int" /><Member Name="WMS_Dest" Datatype="String[20]" /><Member Name="Barcode" Datatype="String" /><Member Name="GoodRead" Datatype="Bool" /><Member Name="weightGram" Datatype="Real" /><Member Name="prio" Datatype="Bool" /></Section></Sections></Member><Member Name="InSending" Datatype="&quot;Tracking_Simple_UDT_1&quot;"><Sections><Section Name="None"><Member Name="ID" Datatype="UInt" /><Member Name="PLC_Dest" Datatype="Int" /><Member Name="WMS_Dest" Datatype="String[20]" /><Member Name="Barcode" Datatype="String" /><Member Name="GoodRead" Datatype="Bool" /><Member Name="weightGram" Datatype="Real" /><Member Name="prio" Datatype="Bool" /></Section></Sections></Member><Member Name="TrackingReceived" Datatype="Bool" /><Member Name="TrackingCleared" Datatype="Bool" /></Member><Member Name="Encoder" Datatype="&quot;VirtualEncoder_UDT&quot;"><Sections><Section Name="None"><Member Name="Distance_mm" Datatype="Real" /><Member Name="Speed_mm_ms" Datatype="Real" /><Member Name="Settings" Datatype="Struct"><Member Name="Base_M_min" Datatype="Real" /><Member Name="BaseRelative" Datatype="Real" /></Member></Section></Sections></Member><Member Name="DiagNostics" Datatype="Struct"><Member Name="ReceivedCounter" Datatype="UDInt" /><Member Name="SendingCounter" Datatype="UDInt" /></Member><Member Name="Index" Datatype="Int" /><Member Name="Name" Datatype="String[25]" /><Member Name="Zone" Datatype="Int" /></Section></Sections></Member>
    <Member Name="C334R_BELTS" Datatype="&quot;Conveyor_UDT&quot;" Remanence="NonRetain" Accessibility="Public"><AttributeList><BooleanAttribute Name="ExternalAccessible" SystemDefined="true">true</BooleanAttribute><BooleanAttribute Name="ExternalVisible" SystemDefined="true">true</BooleanAttribute><BooleanAttribute Name="ExternalWritable" SystemDefined="true">true</BooleanAttribute><BooleanAttribute Name="SetPoint" SystemDefined="true">true</BooleanAttribute></AttributeList><Sections><Section Name="None"><Member Name="Settings" Datatype="Struct"><Member Name="Mode" Datatype="Int" /><Member Name="AutomaticBuffering" Datatype="Bool" /><Member Name="Direction" Datatype="Bool" /><Member Name="EnergySave" Datatype="Bool" /><Member Name="RunIddle" Datatype="Bool" /><Member Name="AutoReset" Datatype="Bool" /><Member Name="SentHoldOnCheckReceive" Datatype="Bool" /><Member Name="Timings" Datatype="&quot;ConveyorTimes_UDT&quot;"><Sections><Section Name="None"><Member Name="DelayedStart" Datatype="Time" /><Member Name="ConveyorLength" Datatype="Real" /><Member Name="InitDistance" Datatype="Real" /><Member Name="ReceiveDistance" Datatype="Real" /><Member Name="SendDistance" Datatype="Real" /><Member Name="SleepDistance" Datatype="Real" /><Member Name="GapDistance" Datatype="Real" /><Member Name="StartupDelay" Datatype="Time" /></Section></Sections></Member><Member Name="Speed" Datatype="Struct"><Member Name="speed" Datatype="Real" /><Member Name="UpstreamGain" Datatype="Real" /><Member Name="speedController" Datatype="Bool" /></Member><Member Name="Alarms" Datatype="Struct"><Member Name="BlockDetectionOn" Datatype="Bool" /><Member Name="BlockedAtStartSensor" Datatype="Bool" /><Member Name="ParcelsToCloseDetectionOn" Datatype="Bool" /><Member Name="ParcelsToLongDetectionOn" Datatype="Bool" /><Member Name="ParcelToShortDetectionOn" Datatype="Bool" /><Member Name="BlockRetrys" Datatype="Int" /><Member Name="SentTimeError" Datatype="Real" /><Member Name="TimeBetweenParcels" Datatype="Real" /><Member Name="MinSizeParcel" Datatype="Real" /><Member Name="MaxSizeParcel" Datatype="Real" /></Member></Member><Member Name="Cmd" Datatype="Struct"><Member Name="Reset" Datatype="Bool" /><Member Name="ReInitialize" Datatype="Bool" /><Member Name="RunAuto" Datatype="Bool" /><Member Name="RunManual" Datatype="Bool" /><Member Name="SpeedAuto" Datatype="Real" /><Member Name="SpeedManual" Datatype="Real" /><Member Name="ReadyToReceive" Datatype="Bool" /><Member Name="ReadyToSent" Datatype="Bool" /><Member Name="InvertFlow" Datatype="Bool" /><Member Name="Direction" Datatype="Bool" /><Member Name="Accumulate" Datatype="Struct"><Member Name="Acc_ext_1" Datatype="Bool" /><Member Name="Acc_ext_2" Datatype="Bool" /><Member Name="Acc_ext_3" Datatype="Bool" /><Member Name="Acc_ext_4" Datatype="Bool" /><Member Name="Acc_ext_5" Datatype="Bool" /><Member Name="Acc_TC_1" Datatype="Bool" /><Member Name="Acc_TC_2" Datatype="Bool" /><Member Name="Acc_TC_3" Datatype="Bool" /><Member Name="Acc_Scan_1" Datatype="Bool" /><Member Name="Acc_Scan_2" Datatype="Bool" /><Member Name="Acc_Scan_3" Datatype="Bool" /><Member Name="Acc_Scale_1" Datatype="Bool" /><Member Name="Acc_Scale_2" Datatype="Bool" /><Member Name="Acc_Scale_3" Datatype="Bool" /></Member><Member Name="StartRequestObject" Datatype="Bool" /><Member Name="StopRequestObject" Datatype="Bool" /><Member Name="IgnoreStandby" Datatype="Bool" /><Member Name="ManualOverride" Datatype="Bool" /><Member Name="Interlock" Datatype="Bool" /></Member><Member Name="Input" Datatype="Struct"><Member Name="SensorStartHMI" Datatype="Bool" /><Member Name="SensorEndHMI" Datatype="Bool" /><Member Name="SensorAtStartLogic" Datatype="&quot;SmartBooldt&quot;"><Sections><Section Name="None"><Member Name="State" Datatype="Bool" /><Member Name="LE" Datatype="Bool" /><Member Name="FE" Datatype="Bool" /><Member Name="sensorTest" Datatype="Bool" /><Member Name="IddleSignal" Datatype="Bool" /><Member Name="testFailed" Datatype="Bool" /><Member Name="Counter" Datatype="UInt" /></Section></Sections></Member><Member Name="SensorAtEndLogic" Datatype="&quot;SmartBooldt&quot;"><Sections><Section Name="None"><Member Name="State" Datatype="Bool" /><Member Name="LE" Datatype="Bool" /><Member Name="FE" Datatype="Bool" /><Member Name="sensorTest" Datatype="Bool" /><Member Name="IddleSignal" Datatype="Bool" /><Member Name="testFailed" Datatype="Bool" /><Member Name="Counter" Datatype="UInt" /></Section></Sections></Member><Member Name="Running_FB" Datatype="Bool" /><Member Name="Interlock" Datatype="Bool" /></Member><Member Name="Alarms" Datatype="Struct"><Member Name="BlockedReceive" Datatype="&quot;HmiAlarm&quot;"><Sections><Section Name="None"><Member Name="Active" Datatype="Bool" /><Member Name="Acknowledge" Datatype="Bool" /><Member Name="type" Datatype="Int" /></Section></Sections></Member><Member Name="BlockedSending" Datatype="&quot;HmiAlarm&quot;"><Sections><Section Name="None"><Member Name="Active" Datatype="Bool" /><Member Name="Acknowledge" Datatype="Bool" /><Member Name="type" Datatype="Int" /></Section></Sections></Member><Member Name="ToClose" Datatype="&quot;HmiAlarm&quot;"><Sections><Section Name="None"><Member Name="Active" Datatype="Bool" /><Member Name="Acknowledge" Datatype="Bool" /><Member Name="type" Datatype="Int" /></Section></Sections></Member><Member Name="ToSmall" Datatype="&quot;HmiAlarm&quot;"><Sections><Section Name="None"><Member Name="Active" Datatype="Bool" /><Member Name="Acknowledge" Datatype="Bool" /><Member Name="type" Datatype="Int" /></Section></Sections></Member><Member Name="ToLong" Datatype="&quot;HmiAlarm&quot;"><Sections><Section Name="None"><Member Name="Active" Datatype="Bool" /><Member Name="Acknowledge" Datatype="Bool" /><Member Name="type" Datatype="Int" /></Section></Sections></Member><Member Name="MotorAlarm" Datatype="&quot;HmiAlarm&quot;"><Sections><Section Name="None"><Member Name="Active" Datatype="Bool" /><Member Name="Acknowledge" Datatype="Bool" /><Member Name="type" Datatype="Int" /></Section></Sections></Member><Member Name="AlarmActive" Datatype="&quot;HmiAlarm&quot;"><Sections><Section Name="None"><Member Name="Active" Datatype="Bool" /><Member Name="Acknowledge" Datatype="Bool" /><Member Name="type" Datatype="Int" /></Section></Sections></Member><Member Name="Status" Datatype="Word" /></Member><Member Name="Status" Datatype="Struct"><Member Name="AccumulationOn" Datatype="Bool" /><Member Name="StartedAutoMode" Datatype="Bool" /><Member Name="ReadyForStandby" Datatype="Bool" /><Member Name="RequestForSending" Datatype="Bool" /><Member Name="ExecutingReceiveSequence" Datatype="Bool" /><Member Name="ExecutingSendingSequence" Datatype="Bool" /><Member Name="ObjectSentPulse" Datatype="Bool" /><Member Name="ObjectReceivePulse" Datatype="Bool" /><Member Name="GapTimeOk" Datatype="Bool" /><Member Name="Empty" Datatype="Bool" /><Member Name="ObjectOnConveyor" Datatype="Bool" /><Member Name="Initialized" Datatype="Bool" /><Member Name="ManualMode" Datatype="Bool" /></Member><Member Name="TrackingCmd" Datatype="Struct"><Member Name="InductNewTracking" Datatype="Bool" /><Member Name="ClearTracking" Datatype="Bool" /><Member Name="NewTrackingId" Datatype="&quot;Tracking_Simple_UDT_1&quot;"><Sections><Section Name="None"><Member Name="ID" Datatype="UInt" /><Member Name="PLC_Dest" Datatype="Int" /><Member Name="WMS_Dest" Datatype="String[20]" /><Member Name="Barcode" Datatype="String" /><Member Name="GoodRead" Datatype="Bool" /><Member Name="weightGram" Datatype="Real" /><Member Name="prio" Datatype="Bool" /></Section></Sections></Member></Member><Member Name="TrackingStat" Datatype="Struct"><Member Name="Current" Datatype="&quot;Tracking_Simple_UDT_1&quot;"><Sections><Section Name="None"><Member Name="ID" Datatype="UInt" /><Member Name="PLC_Dest" Datatype="Int" /><Member Name="WMS_Dest" Datatype="String[20]" /><Member Name="Barcode" Datatype="String" /><Member Name="GoodRead" Datatype="Bool" /><Member Name="weightGram" Datatype="Real" /><Member Name="prio" Datatype="Bool" /></Section></Sections></Member><Member Name="InSending" Datatype="&quot;Tracking_Simple_UDT_1&quot;"><Sections><Section Name="None"><Member Name="ID" Datatype="UInt" /><Member Name="PLC_Dest" Datatype="Int" /><Member Name="WMS_Dest" Datatype="String[20]" /><Member Name="Barcode" Datatype="String" /><Member Name="GoodRead" Datatype="Bool" /><Member Name="weightGram" Datatype="Real" /><Member Name="prio" Datatype="Bool" /></Section></Sections></Member><Member Name="TrackingReceived" Datatype="Bool" /><Member Name="TrackingCleared" Datatype="Bool" /></Member><Member Name="Encoder" Datatype="&quot;VirtualEncoder_UDT&quot;"><Sections><Section Name="None"><Member Name="Distance_mm" Datatype="Real" /><Member Name="Speed_mm_ms" Datatype="Real" /><Member Name="Settings" Datatype="Struct"><Member Name="Base_M_min" Datatype="Real" /><Member Name="BaseRelative" Datatype="Real" /></Member></Section></Sections></Member><Member Name="DiagNostics" Datatype="Struct"><Member Name="ReceivedCounter" Datatype="UDInt" /><Member Name="SendingCounter" Datatype="UDInt" /></Member><Member Name="Index" Datatype="Int" /><Member Name="Name" Datatype="String[25]" /><Member Name="Zone" Datatype="Int" /></Section></Sections></Member>
  </Section>
</Sections></Interface>
      <IsOnlyStoredInLoadMemory>false</IsOnlyStoredInLoadMemory>
      <IsWriteProtectedInAS>false</IsWriteProtectedInAS>
      <MemoryLayout>Standard</MemoryLayout>
      <Name>CONV3_BELTS_DB</Name>
      <Number>102</Number>
      <ProgrammingLanguage>DB</ProgrammingLanguage>
    </AttributeList>
    <ObjectList>
      <MultilingualText ID="1" CompositionName="Comment">
        <ObjectList>
          <MultilingualTextItem ID="2" CompositionName="Items">
            <AttributeList>
              <Culture>en-US</Culture>
              <Text />
            </AttributeList>
          </MultilingualTextItem>
          <MultilingualTextItem ID="3" CompositionName="Items">
            <AttributeList>
              <Culture>fr-BE</Culture>
              <Text />
            </AttributeList>
          </MultilingualTextItem>
        </ObjectList>
      </MultilingualText>
      <MultilingualText ID="4" CompositionName="Title">
        <ObjectList>
          <MultilingualTextItem ID="5" CompositionName="Items">
            <AttributeList>
              <Culture>en-US</Culture>
              <Text />
            </AttributeList>
          </MultilingualTextItem>
          <MultilingualTextItem ID="6" CompositionName="Items">
            <AttributeList>
              <Culture>fr-BE</Culture>
              <Text />
            </AttributeList>
          </MultilingualTextItem>
        </ObjectList>
      </MultilingualText>
    </ObjectList>
  </SW.Blocks.GlobalDB>
</Document>