﻿<?xml version="1.0" encoding="utf-8"?>
<Document>
  <Engineering version="V16" />
  <DocumentInfo>
    <Created>2023-11-13T10:46:14.8301007Z</Created>
    <ExportSetting>WithDefaults</ExportSetting>
    <InstalledProducts>
      <Product>
        <DisplayName>Totally Integrated Automation Portal</DisplayName>
        <DisplayVersion>V16 Update 6</DisplayVersion>
      </Product>
      <OptionPackage>
        <DisplayName>TIA Portal Version Control Interface</DisplayName>
        <DisplayVersion>V16 Update 2</DisplayVersion>
      </OptionPackage>
      <OptionPackage>
        <DisplayName>TIA Portal Openness</DisplayName>
        <DisplayVersion>V16 Update 6</DisplayVersion>
      </OptionPackage>
      <OptionPackage>
        <DisplayName>TIA Portal Teamcenter Gateway</DisplayName>
        <DisplayVersion>V16</DisplayVersion>
      </OptionPackage>
      <Product>
        <DisplayName>SINAMICS Startdrive Advanced</DisplayName>
        <DisplayVersion>V16 Update 5</DisplayVersion>
      </Product>
      <OptionPackage>
        <DisplayName>SINAMICS Startdrive G130, G150, S120, S150, SINAMICS MV, S210</DisplayName>
        <DisplayVersion>V16 Update 5</DisplayVersion>
      </OptionPackage>
      <OptionPackage>
        <DisplayName>SINAMICS Startdrive G110M, G120, G120C, G120D, G120P, G115D</DisplayName>
        <DisplayVersion>V16 Update 5</DisplayVersion>
      </OptionPackage>
      <Product>
        <DisplayName>STEP 7 Professional</DisplayName>
        <DisplayVersion>V16 Update 6</DisplayVersion>
      </Product>
      <OptionPackage>
        <DisplayName>STEP 7 Safety</DisplayName>
        <DisplayVersion>V16</DisplayVersion>
      </OptionPackage>
      <Product>
        <DisplayName>WinCC Advanced / Unified PC</DisplayName>
        <DisplayVersion>V16 Update 6</DisplayVersion>
      </Product>
    </InstalledProducts>
  </DocumentInfo>
  <SW.Blocks.FB ID="0">
    <AttributeList>
      <AutoNumber>true</AutoNumber>
      <HeaderAuthor />
      <HeaderFamily />
      <HeaderName />
      <HeaderVersion>0.1</HeaderVersion>
      <Interface><Sections xmlns="http://www.siemens.com/automation/Openness/SW/Interface/v4">
  <Section Name="Input">
    <Member Name="I_Option" Datatype="Int" Remanence="NonRetain" Accessibility="Public"><AttributeList><BooleanAttribute Name="ExternalAccessible" SystemDefined="true">true</BooleanAttribute><BooleanAttribute Name="ExternalVisible" SystemDefined="true">true</BooleanAttribute><BooleanAttribute Name="ExternalWritable" SystemDefined="true">true</BooleanAttribute></AttributeList></Member>
    <Member Name="I_IntersectionConveyor" Datatype="&quot;Conveyor_UDT&quot;" Remanence="NonRetain" Accessibility="Public"><AttributeList><BooleanAttribute Name="ExternalAccessible" SystemDefined="true">true</BooleanAttribute><BooleanAttribute Name="ExternalVisible" SystemDefined="true">true</BooleanAttribute><BooleanAttribute Name="ExternalWritable" SystemDefined="true">true</BooleanAttribute></AttributeList><Sections><Section Name="None"><Member Name="Settings" Datatype="Struct"><Member Name="Mode" Datatype="Int" /><Member Name="AutomaticBuffering" Datatype="Bool" /><Member Name="Direction" Datatype="Bool" /><Member Name="EnergySave" Datatype="Bool" /><Member Name="RunIddle" Datatype="Bool" /><Member Name="AutoReset" Datatype="Bool" /><Member Name="SentHoldOnCheckReceive" Datatype="Bool" /><Member Name="Timings" Datatype="&quot;ConveyorTimes_UDT&quot;"><Sections><Section Name="None"><Member Name="DelayedStart" Datatype="Time" /><Member Name="ConveyorLength" Datatype="Real" /><Member Name="InitDistance" Datatype="Real" /><Member Name="ReceiveDistance" Datatype="Real" /><Member Name="SendDistance" Datatype="Real" /><Member Name="SleepDistance" Datatype="Real" /><Member Name="GapDistance" Datatype="Real" /><Member Name="StartupDelay" Datatype="Time" /></Section></Sections></Member><Member Name="Speed" Datatype="Struct"><Member Name="speed" Datatype="Real" /><Member Name="UpstreamGain" Datatype="Real" /><Member Name="speedController" Datatype="Bool" /></Member><Member Name="Alarms" Datatype="Struct"><Member Name="BlockDetectionOn" Datatype="Bool" /><Member Name="BlockedAtStartSensor" Datatype="Bool" /><Member Name="ParcelsToCloseDetectionOn" Datatype="Bool" /><Member Name="ParcelsToLongDetectionOn" Datatype="Bool" /><Member Name="ParcelToShortDetectionOn" Datatype="Bool" /><Member Name="BlockRetrys" Datatype="Int" /><Member Name="SentTimeError" Datatype="Real" /><Member Name="TimeBetweenParcels" Datatype="Real" /><Member Name="MinSizeParcel" Datatype="Real" /><Member Name="MaxSizeParcel" Datatype="Real" /></Member></Member><Member Name="Cmd" Datatype="Struct"><Member Name="Reset" Datatype="Bool" /><Member Name="ReInitialize" Datatype="Bool" /><Member Name="RunAuto" Datatype="Bool" /><Member Name="RunManual" Datatype="Bool" /><Member Name="SpeedAuto" Datatype="Real" /><Member Name="SpeedManual" Datatype="Real" /><Member Name="ReadyToReceive" Datatype="Bool" /><Member Name="ReadyToSent" Datatype="Bool" /><Member Name="InvertFlow" Datatype="Bool" /><Member Name="Direction" Datatype="Bool" /><Member Name="Accumulate" Datatype="Struct"><Member Name="Acc_ext_1" Datatype="Bool" /><Member Name="Acc_ext_2" Datatype="Bool" /><Member Name="Acc_ext_3" Datatype="Bool" /><Member Name="Acc_ext_4" Datatype="Bool" /><Member Name="Acc_ext_5" Datatype="Bool" /><Member Name="Acc_TC_1" Datatype="Bool" /><Member Name="Acc_TC_2" Datatype="Bool" /><Member Name="Acc_TC_3" Datatype="Bool" /><Member Name="Acc_Scan_1" Datatype="Bool" /><Member Name="Acc_Scan_2" Datatype="Bool" /><Member Name="Acc_Scan_3" Datatype="Bool" /><Member Name="Acc_Scale_1" Datatype="Bool" /><Member Name="Acc_Scale_2" Datatype="Bool" /><Member Name="Acc_Scale_3" Datatype="Bool" /></Member><Member Name="StartRequestObject" Datatype="Bool" /><Member Name="StopRequestObject" Datatype="Bool" /><Member Name="IgnoreStandby" Datatype="Bool" /><Member Name="ManualOverride" Datatype="Bool" /><Member Name="Interlock" Datatype="Bool" /></Member><Member Name="Input" Datatype="Struct"><Member Name="SensorStartHMI" Datatype="Bool" /><Member Name="SensorEndHMI" Datatype="Bool" /><Member Name="SensorAtStartLogic" Datatype="&quot;SmartBooldt&quot;"><Sections><Section Name="None"><Member Name="State" Datatype="Bool" /><Member Name="LE" Datatype="Bool" /><Member Name="FE" Datatype="Bool" /><Member Name="sensorTest" Datatype="Bool" /><Member Name="IddleSignal" Datatype="Bool" /><Member Name="testFailed" Datatype="Bool" /><Member Name="Counter" Datatype="UInt" /></Section></Sections></Member><Member Name="SensorAtEndLogic" Datatype="&quot;SmartBooldt&quot;"><Sections><Section Name="None"><Member Name="State" Datatype="Bool" /><Member Name="LE" Datatype="Bool" /><Member Name="FE" Datatype="Bool" /><Member Name="sensorTest" Datatype="Bool" /><Member Name="IddleSignal" Datatype="Bool" /><Member Name="testFailed" Datatype="Bool" /><Member Name="Counter" Datatype="UInt" /></Section></Sections></Member><Member Name="Running_FB" Datatype="Bool" /><Member Name="Interlock" Datatype="Bool" /></Member><Member Name="Alarms" Datatype="Struct"><Member Name="BlockedReceive" Datatype="&quot;HmiAlarm&quot;"><Sections><Section Name="None"><Member Name="Active" Datatype="Bool" /><Member Name="Acknowledge" Datatype="Bool" /><Member Name="type" Datatype="Int" /></Section></Sections></Member><Member Name="BlockedSending" Datatype="&quot;HmiAlarm&quot;"><Sections><Section Name="None"><Member Name="Active" Datatype="Bool" /><Member Name="Acknowledge" Datatype="Bool" /><Member Name="type" Datatype="Int" /></Section></Sections></Member><Member Name="ToClose" Datatype="&quot;HmiAlarm&quot;"><Sections><Section Name="None"><Member Name="Active" Datatype="Bool" /><Member Name="Acknowledge" Datatype="Bool" /><Member Name="type" Datatype="Int" /></Section></Sections></Member><Member Name="ToSmall" Datatype="&quot;HmiAlarm&quot;"><Sections><Section Name="None"><Member Name="Active" Datatype="Bool" /><Member Name="Acknowledge" Datatype="Bool" /><Member Name="type" Datatype="Int" /></Section></Sections></Member><Member Name="ToLong" Datatype="&quot;HmiAlarm&quot;"><Sections><Section Name="None"><Member Name="Active" Datatype="Bool" /><Member Name="Acknowledge" Datatype="Bool" /><Member Name="type" Datatype="Int" /></Section></Sections></Member><Member Name="MotorAlarm" Datatype="&quot;HmiAlarm&quot;"><Sections><Section Name="None"><Member Name="Active" Datatype="Bool" /><Member Name="Acknowledge" Datatype="Bool" /><Member Name="type" Datatype="Int" /></Section></Sections></Member><Member Name="AlarmActive" Datatype="&quot;HmiAlarm&quot;"><Sections><Section Name="None"><Member Name="Active" Datatype="Bool" /><Member Name="Acknowledge" Datatype="Bool" /><Member Name="type" Datatype="Int" /></Section></Sections></Member><Member Name="Status" Datatype="Word" /></Member><Member Name="Status" Datatype="Struct"><Member Name="AccumulationOn" Datatype="Bool" /><Member Name="StartedAutoMode" Datatype="Bool" /><Member Name="ReadyForStandby" Datatype="Bool" /><Member Name="RequestForSending" Datatype="Bool" /><Member Name="ExecutingReceiveSequence" Datatype="Bool" /><Member Name="ExecutingSendingSequence" Datatype="Bool" /><Member Name="ObjectSentPulse" Datatype="Bool" /><Member Name="ObjectReceivePulse" Datatype="Bool" /><Member Name="GapTimeOk" Datatype="Bool" /><Member Name="Empty" Datatype="Bool" /><Member Name="ObjectOnConveyor" Datatype="Bool" /><Member Name="Initialized" Datatype="Bool" /><Member Name="ManualMode" Datatype="Bool" /></Member><Member Name="TrackingCmd" Datatype="Struct"><Member Name="InductNewTracking" Datatype="Bool" /><Member Name="ClearTracking" Datatype="Bool" /><Member Name="NewTrackingId" Datatype="&quot;Tracking_Simple_UDT_1&quot;"><Sections><Section Name="None"><Member Name="ID" Datatype="UInt" /><Member Name="PLC_Dest" Datatype="Int" /><Member Name="WMS_Dest" Datatype="String[20]" /><Member Name="Barcode" Datatype="String" /><Member Name="GoodRead" Datatype="Bool" /><Member Name="weightGram" Datatype="Real" /><Member Name="prio" Datatype="Bool" /></Section></Sections></Member></Member><Member Name="TrackingStat" Datatype="Struct"><Member Name="Current" Datatype="&quot;Tracking_Simple_UDT_1&quot;"><Sections><Section Name="None"><Member Name="ID" Datatype="UInt" /><Member Name="PLC_Dest" Datatype="Int" /><Member Name="WMS_Dest" Datatype="String[20]" /><Member Name="Barcode" Datatype="String" /><Member Name="GoodRead" Datatype="Bool" /><Member Name="weightGram" Datatype="Real" /><Member Name="prio" Datatype="Bool" /></Section></Sections></Member><Member Name="InSending" Datatype="&quot;Tracking_Simple_UDT_1&quot;"><Sections><Section Name="None"><Member Name="ID" Datatype="UInt" /><Member Name="PLC_Dest" Datatype="Int" /><Member Name="WMS_Dest" Datatype="String[20]" /><Member Name="Barcode" Datatype="String" /><Member Name="GoodRead" Datatype="Bool" /><Member Name="weightGram" Datatype="Real" /><Member Name="prio" Datatype="Bool" /></Section></Sections></Member><Member Name="TrackingReceived" Datatype="Bool" /><Member Name="TrackingCleared" Datatype="Bool" /></Member><Member Name="Encoder" Datatype="&quot;VirtualEncoder_UDT&quot;"><Sections><Section Name="None"><Member Name="Distance_mm" Datatype="Real" /><Member Name="Speed_mm_ms" Datatype="Real" /><Member Name="Settings" Datatype="Struct"><Member Name="Base_M_min" Datatype="Real" /><Member Name="BaseRelative" Datatype="Real" /></Member></Section></Sections></Member><Member Name="DiagNostics" Datatype="Struct"><Member Name="ReceivedCounter" Datatype="UDInt" /><Member Name="SendingCounter" Datatype="UDInt" /></Member><Member Name="Index" Datatype="Int" /><Member Name="Name" Datatype="String[25]" /><Member Name="Zone" Datatype="Int" /></Section></Sections></Member>
    <Member Name="I_Option_1_Settings" Datatype="&quot;Intersection&quot;" Remanence="NonRetain" Accessibility="Public"><AttributeList><BooleanAttribute Name="ExternalAccessible" SystemDefined="true">false</BooleanAttribute><BooleanAttribute Name="ExternalVisible" SystemDefined="true">false</BooleanAttribute><BooleanAttribute Name="ExternalWritable" SystemDefined="true">false</BooleanAttribute></AttributeList><Comment><MultiLanguageText Lang="en-US">Intersection settings for option 1 (no split executed)</MultiLanguageText></Comment><Sections><Section Name="None"><Member Name="UpstreamIndex" Datatype="Int" /><Member Name="DownstreamIndex" Datatype="Int" /><Member Name="ReceivePosition" Datatype="Int" /><Member Name="SendingPosition" Datatype="Int" /><Member Name="ReceiveConveyorIndex" Datatype="Int" /><Member Name="SendingConveyorIndex" Datatype="Int" /><Member Name="InverseFlowReceiving" Datatype="Bool" /><Member Name="InverseFlowSending" Datatype="Bool" /><Member Name="ReceiveNoEndSensor" Datatype="Bool" /><Member Name="TargetConveyor" Datatype="Int" /><Member Name="RequestingConveyor" Datatype="Int" /><Member Name="Algin" Datatype="Struct"><Member Name="active" Datatype="Bool" /><Member Name="speed" Datatype="Real" /><Member Name="direction" Datatype="Bool" /><Member Name="AlginPosition" Datatype="Int" /><Member Name="conveyorIndex" Datatype="UInt" /><Member Name="distnace" Datatype="Real" /></Member></Section></Sections></Member>
    <Member Name="I_Option_2_Settings" Datatype="&quot;Intersection&quot;" Remanence="NonRetain" Accessibility="Public"><AttributeList><BooleanAttribute Name="ExternalAccessible" SystemDefined="true">false</BooleanAttribute><BooleanAttribute Name="ExternalVisible" SystemDefined="true">false</BooleanAttribute><BooleanAttribute Name="ExternalWritable" SystemDefined="true">false</BooleanAttribute></AttributeList><Comment><MultiLanguageText Lang="en-US">Intersection settings for option 2 (split executed)</MultiLanguageText></Comment><Sections><Section Name="None"><Member Name="UpstreamIndex" Datatype="Int" /><Member Name="DownstreamIndex" Datatype="Int" /><Member Name="ReceivePosition" Datatype="Int" /><Member Name="SendingPosition" Datatype="Int" /><Member Name="ReceiveConveyorIndex" Datatype="Int" /><Member Name="SendingConveyorIndex" Datatype="Int" /><Member Name="InverseFlowReceiving" Datatype="Bool" /><Member Name="InverseFlowSending" Datatype="Bool" /><Member Name="ReceiveNoEndSensor" Datatype="Bool" /><Member Name="TargetConveyor" Datatype="Int" /><Member Name="RequestingConveyor" Datatype="Int" /><Member Name="Algin" Datatype="Struct"><Member Name="active" Datatype="Bool" /><Member Name="speed" Datatype="Real" /><Member Name="direction" Datatype="Bool" /><Member Name="AlginPosition" Datatype="Int" /><Member Name="conveyorIndex" Datatype="UInt" /><Member Name="distnace" Datatype="Real" /></Member></Section></Sections></Member>
    <Member Name="I_Option_3_Settings" Datatype="&quot;Intersection&quot;" Remanence="NonRetain" Accessibility="Public"><AttributeList><BooleanAttribute Name="ExternalAccessible" SystemDefined="true">false</BooleanAttribute><BooleanAttribute Name="ExternalVisible" SystemDefined="true">false</BooleanAttribute><BooleanAttribute Name="ExternalWritable" SystemDefined="true">false</BooleanAttribute></AttributeList><Comment><MultiLanguageText Lang="en-US">Intersection settings for option 2 (split executed)</MultiLanguageText></Comment><Sections><Section Name="None"><Member Name="UpstreamIndex" Datatype="Int" /><Member Name="DownstreamIndex" Datatype="Int" /><Member Name="ReceivePosition" Datatype="Int" /><Member Name="SendingPosition" Datatype="Int" /><Member Name="ReceiveConveyorIndex" Datatype="Int" /><Member Name="SendingConveyorIndex" Datatype="Int" /><Member Name="InverseFlowReceiving" Datatype="Bool" /><Member Name="InverseFlowSending" Datatype="Bool" /><Member Name="ReceiveNoEndSensor" Datatype="Bool" /><Member Name="TargetConveyor" Datatype="Int" /><Member Name="RequestingConveyor" Datatype="Int" /><Member Name="Algin" Datatype="Struct"><Member Name="active" Datatype="Bool" /><Member Name="speed" Datatype="Real" /><Member Name="direction" Datatype="Bool" /><Member Name="AlginPosition" Datatype="Int" /><Member Name="conveyorIndex" Datatype="UInt" /><Member Name="distnace" Datatype="Real" /></Member></Section></Sections></Member>
    <Member Name="I_Option_4_Settings" Datatype="&quot;Intersection&quot;" Remanence="NonRetain" Accessibility="Public"><AttributeList><BooleanAttribute Name="ExternalAccessible" SystemDefined="true">false</BooleanAttribute><BooleanAttribute Name="ExternalVisible" SystemDefined="true">false</BooleanAttribute><BooleanAttribute Name="ExternalWritable" SystemDefined="true">false</BooleanAttribute></AttributeList><Comment><MultiLanguageText Lang="en-US">Intersection settings for option 2 (split executed)</MultiLanguageText></Comment><Sections><Section Name="None"><Member Name="UpstreamIndex" Datatype="Int" /><Member Name="DownstreamIndex" Datatype="Int" /><Member Name="ReceivePosition" Datatype="Int" /><Member Name="SendingPosition" Datatype="Int" /><Member Name="ReceiveConveyorIndex" Datatype="Int" /><Member Name="SendingConveyorIndex" Datatype="Int" /><Member Name="InverseFlowReceiving" Datatype="Bool" /><Member Name="InverseFlowSending" Datatype="Bool" /><Member Name="ReceiveNoEndSensor" Datatype="Bool" /><Member Name="TargetConveyor" Datatype="Int" /><Member Name="RequestingConveyor" Datatype="Int" /><Member Name="Algin" Datatype="Struct"><Member Name="active" Datatype="Bool" /><Member Name="speed" Datatype="Real" /><Member Name="direction" Datatype="Bool" /><Member Name="AlginPosition" Datatype="Int" /><Member Name="conveyorIndex" Datatype="UInt" /><Member Name="distnace" Datatype="Real" /></Member></Section></Sections></Member>
    <Member Name="I_Option_5_Settings" Datatype="&quot;Intersection&quot;" Remanence="NonRetain" Accessibility="Public"><AttributeList><BooleanAttribute Name="ExternalAccessible" SystemDefined="true">false</BooleanAttribute><BooleanAttribute Name="ExternalVisible" SystemDefined="true">false</BooleanAttribute><BooleanAttribute Name="ExternalWritable" SystemDefined="true">false</BooleanAttribute></AttributeList><Comment><MultiLanguageText Lang="en-US">Intersection settings for option 2 (split executed)</MultiLanguageText></Comment><Sections><Section Name="None"><Member Name="UpstreamIndex" Datatype="Int" /><Member Name="DownstreamIndex" Datatype="Int" /><Member Name="ReceivePosition" Datatype="Int" /><Member Name="SendingPosition" Datatype="Int" /><Member Name="ReceiveConveyorIndex" Datatype="Int" /><Member Name="SendingConveyorIndex" Datatype="Int" /><Member Name="InverseFlowReceiving" Datatype="Bool" /><Member Name="InverseFlowSending" Datatype="Bool" /><Member Name="ReceiveNoEndSensor" Datatype="Bool" /><Member Name="TargetConveyor" Datatype="Int" /><Member Name="RequestingConveyor" Datatype="Int" /><Member Name="Algin" Datatype="Struct"><Member Name="active" Datatype="Bool" /><Member Name="speed" Datatype="Real" /><Member Name="direction" Datatype="Bool" /><Member Name="AlginPosition" Datatype="Int" /><Member Name="conveyorIndex" Datatype="UInt" /><Member Name="distnace" Datatype="Real" /></Member></Section></Sections></Member>
    <Member Name="I_Option_6_Settings" Datatype="&quot;Intersection&quot;" Remanence="NonRetain" Accessibility="Public"><AttributeList><BooleanAttribute Name="ExternalAccessible" SystemDefined="true">false</BooleanAttribute><BooleanAttribute Name="ExternalVisible" SystemDefined="true">false</BooleanAttribute><BooleanAttribute Name="ExternalWritable" SystemDefined="true">false</BooleanAttribute></AttributeList><Comment><MultiLanguageText Lang="en-US">Intersection settings for option 2 (split executed)</MultiLanguageText></Comment><Sections><Section Name="None"><Member Name="UpstreamIndex" Datatype="Int" /><Member Name="DownstreamIndex" Datatype="Int" /><Member Name="ReceivePosition" Datatype="Int" /><Member Name="SendingPosition" Datatype="Int" /><Member Name="ReceiveConveyorIndex" Datatype="Int" /><Member Name="SendingConveyorIndex" Datatype="Int" /><Member Name="InverseFlowReceiving" Datatype="Bool" /><Member Name="InverseFlowSending" Datatype="Bool" /><Member Name="ReceiveNoEndSensor" Datatype="Bool" /><Member Name="TargetConveyor" Datatype="Int" /><Member Name="RequestingConveyor" Datatype="Int" /><Member Name="Algin" Datatype="Struct"><Member Name="active" Datatype="Bool" /><Member Name="speed" Datatype="Real" /><Member Name="direction" Datatype="Bool" /><Member Name="AlginPosition" Datatype="Int" /><Member Name="conveyorIndex" Datatype="UInt" /><Member Name="distnace" Datatype="Real" /></Member></Section></Sections></Member>
  </Section>
  <Section Name="Output" />
  <Section Name="InOut">
    <Member Name="IO_SendingConveyor" Datatype="&quot;Conveyor_UDT&quot;" Accessibility="Public">
      <Sections>
        <Section Name="None">
          <Member Name="Settings" Datatype="Struct">
            <Member Name="Mode" Datatype="Int" />
            <Member Name="AutomaticBuffering" Datatype="Bool" />
            <Member Name="Direction" Datatype="Bool" />
            <Member Name="EnergySave" Datatype="Bool" />
            <Member Name="RunIddle" Datatype="Bool" />
            <Member Name="AutoReset" Datatype="Bool" />
            <Member Name="SentHoldOnCheckReceive" Datatype="Bool" />
            <Member Name="Timings" Datatype="&quot;ConveyorTimes_UDT&quot;">
              <Sections>
                <Section Name="None">
                  <Member Name="DelayedStart" Datatype="Time" />
                  <Member Name="ConveyorLength" Datatype="Real" />
                  <Member Name="InitDistance" Datatype="Real" />
                  <Member Name="ReceiveDistance" Datatype="Real" />
                  <Member Name="SendDistance" Datatype="Real" />
                  <Member Name="SleepDistance" Datatype="Real" />
                  <Member Name="GapDistance" Datatype="Real" />
                  <Member Name="StartupDelay" Datatype="Time" />
                </Section>
              </Sections>
            </Member>
            <Member Name="Speed" Datatype="Struct">
              <Member Name="speed" Datatype="Real" />
              <Member Name="UpstreamGain" Datatype="Real" />
              <Member Name="speedController" Datatype="Bool" />
            </Member>
            <Member Name="Alarms" Datatype="Struct">
              <Member Name="BlockDetectionOn" Datatype="Bool" />
              <Member Name="BlockedAtStartSensor" Datatype="Bool" />
              <Member Name="ParcelsToCloseDetectionOn" Datatype="Bool" />
              <Member Name="ParcelsToLongDetectionOn" Datatype="Bool" />
              <Member Name="ParcelToShortDetectionOn" Datatype="Bool" />
              <Member Name="BlockRetrys" Datatype="Int" />
              <Member Name="SentTimeError" Datatype="Real" />
              <Member Name="TimeBetweenParcels" Datatype="Real" />
              <Member Name="MinSizeParcel" Datatype="Real" />
              <Member Name="MaxSizeParcel" Datatype="Real" />
            </Member>
          </Member>
          <Member Name="Cmd" Datatype="Struct">
            <Member Name="Reset" Datatype="Bool" />
            <Member Name="ReInitialize" Datatype="Bool" />
            <Member Name="RunAuto" Datatype="Bool" />
            <Member Name="RunManual" Datatype="Bool" />
            <Member Name="SpeedAuto" Datatype="Real" />
            <Member Name="SpeedManual" Datatype="Real" />
            <Member Name="ReadyToReceive" Datatype="Bool" />
            <Member Name="ReadyToSent" Datatype="Bool" />
            <Member Name="InvertFlow" Datatype="Bool" />
            <Member Name="Direction" Datatype="Bool" />
            <Member Name="Accumulate" Datatype="Struct">
              <Member Name="Acc_ext_1" Datatype="Bool" />
              <Member Name="Acc_ext_2" Datatype="Bool" />
              <Member Name="Acc_ext_3" Datatype="Bool" />
              <Member Name="Acc_ext_4" Datatype="Bool" />
              <Member Name="Acc_ext_5" Datatype="Bool" />
              <Member Name="Acc_TC_1" Datatype="Bool" />
              <Member Name="Acc_TC_2" Datatype="Bool" />
              <Member Name="Acc_TC_3" Datatype="Bool" />
              <Member Name="Acc_Scan_1" Datatype="Bool" />
              <Member Name="Acc_Scan_2" Datatype="Bool" />
              <Member Name="Acc_Scan_3" Datatype="Bool" />
              <Member Name="Acc_Scale_1" Datatype="Bool" />
              <Member Name="Acc_Scale_2" Datatype="Bool" />
              <Member Name="Acc_Scale_3" Datatype="Bool" />
            </Member>
            <Member Name="StartRequestObject" Datatype="Bool" />
            <Member Name="StopRequestObject" Datatype="Bool" />
            <Member Name="IgnoreStandby" Datatype="Bool" />
            <Member Name="ManualOverride" Datatype="Bool" />
            <Member Name="Interlock" Datatype="Bool" />
          </Member>
          <Member Name="Input" Datatype="Struct">
            <Member Name="SensorStartHMI" Datatype="Bool" />
            <Member Name="SensorEndHMI" Datatype="Bool" />
            <Member Name="SensorAtStartLogic" Datatype="&quot;SmartBooldt&quot;">
              <Sections>
                <Section Name="None">
                  <Member Name="State" Datatype="Bool" />
                  <Member Name="LE" Datatype="Bool" />
                  <Member Name="FE" Datatype="Bool" />
                  <Member Name="sensorTest" Datatype="Bool" />
                  <Member Name="IddleSignal" Datatype="Bool" />
                  <Member Name="testFailed" Datatype="Bool" />
                  <Member Name="Counter" Datatype="UInt" />
                </Section>
              </Sections>
            </Member>
            <Member Name="SensorAtEndLogic" Datatype="&quot;SmartBooldt&quot;">
              <Sections>
                <Section Name="None">
                  <Member Name="State" Datatype="Bool" />
                  <Member Name="LE" Datatype="Bool" />
                  <Member Name="FE" Datatype="Bool" />
                  <Member Name="sensorTest" Datatype="Bool" />
                  <Member Name="IddleSignal" Datatype="Bool" />
                  <Member Name="testFailed" Datatype="Bool" />
                  <Member Name="Counter" Datatype="UInt" />
                </Section>
              </Sections>
            </Member>
            <Member Name="Running_FB" Datatype="Bool" />
            <Member Name="Interlock" Datatype="Bool" />
          </Member>
          <Member Name="Alarms" Datatype="Struct">
            <Member Name="BlockedReceive" Datatype="&quot;HmiAlarm&quot;">
              <Sections>
                <Section Name="None">
                  <Member Name="Active" Datatype="Bool" />
                  <Member Name="Acknowledge" Datatype="Bool" />
                  <Member Name="type" Datatype="Int" />
                </Section>
              </Sections>
            </Member>
            <Member Name="BlockedSending" Datatype="&quot;HmiAlarm&quot;">
              <Sections>
                <Section Name="None">
                  <Member Name="Active" Datatype="Bool" />
                  <Member Name="Acknowledge" Datatype="Bool" />
                  <Member Name="type" Datatype="Int" />
                </Section>
              </Sections>
            </Member>
            <Member Name="ToClose" Datatype="&quot;HmiAlarm&quot;">
              <Sections>
                <Section Name="None">
                  <Member Name="Active" Datatype="Bool" />
                  <Member Name="Acknowledge" Datatype="Bool" />
                  <Member Name="type" Datatype="Int" />
                </Section>
              </Sections>
            </Member>
            <Member Name="ToSmall" Datatype="&quot;HmiAlarm&quot;">
              <Sections>
                <Section Name="None">
                  <Member Name="Active" Datatype="Bool" />
                  <Member Name="Acknowledge" Datatype="Bool" />
                  <Member Name="type" Datatype="Int" />
                </Section>
              </Sections>
            </Member>
            <Member Name="ToLong" Datatype="&quot;HmiAlarm&quot;">
              <Sections>
                <Section Name="None">
                  <Member Name="Active" Datatype="Bool" />
                  <Member Name="Acknowledge" Datatype="Bool" />
                  <Member Name="type" Datatype="Int" />
                </Section>
              </Sections>
            </Member>
            <Member Name="MotorAlarm" Datatype="&quot;HmiAlarm&quot;">
              <Sections>
                <Section Name="None">
                  <Member Name="Active" Datatype="Bool" />
                  <Member Name="Acknowledge" Datatype="Bool" />
                  <Member Name="type" Datatype="Int" />
                </Section>
              </Sections>
            </Member>
            <Member Name="AlarmActive" Datatype="&quot;HmiAlarm&quot;">
              <Sections>
                <Section Name="None">
                  <Member Name="Active" Datatype="Bool" />
                  <Member Name="Acknowledge" Datatype="Bool" />
                  <Member Name="type" Datatype="Int" />
                </Section>
              </Sections>
            </Member>
            <Member Name="Status" Datatype="Word" />
          </Member>
          <Member Name="Status" Datatype="Struct">
            <Member Name="AccumulationOn" Datatype="Bool" />
            <Member Name="StartedAutoMode" Datatype="Bool" />
            <Member Name="ReadyForStandby" Datatype="Bool" />
            <Member Name="RequestForSending" Datatype="Bool" />
            <Member Name="ExecutingReceiveSequence" Datatype="Bool" />
            <Member Name="ExecutingSendingSequence" Datatype="Bool" />
            <Member Name="ObjectSentPulse" Datatype="Bool" />
            <Member Name="ObjectReceivePulse" Datatype="Bool" />
            <Member Name="GapTimeOk" Datatype="Bool" />
            <Member Name="Empty" Datatype="Bool" />
            <Member Name="ObjectOnConveyor" Datatype="Bool" />
            <Member Name="Initialized" Datatype="Bool" />
            <Member Name="ManualMode" Datatype="Bool" />
          </Member>
          <Member Name="TrackingCmd" Datatype="Struct">
            <Member Name="InductNewTracking" Datatype="Bool" />
            <Member Name="ClearTracking" Datatype="Bool" />
            <Member Name="NewTrackingId" Datatype="&quot;Tracking_Simple_UDT_1&quot;">
              <Sections>
                <Section Name="None">
                  <Member Name="ID" Datatype="UInt" />
                  <Member Name="PLC_Dest" Datatype="Int" />
                  <Member Name="WMS_Dest" Datatype="String[20]" />
                  <Member Name="Barcode" Datatype="String" />
                  <Member Name="GoodRead" Datatype="Bool" />
                  <Member Name="weightGram" Datatype="Real" />
                  <Member Name="prio" Datatype="Bool" />
                </Section>
              </Sections>
            </Member>
          </Member>
          <Member Name="TrackingStat" Datatype="Struct">
            <Member Name="Current" Datatype="&quot;Tracking_Simple_UDT_1&quot;">
              <Sections>
                <Section Name="None">
                  <Member Name="ID" Datatype="UInt" />
                  <Member Name="PLC_Dest" Datatype="Int" />
                  <Member Name="WMS_Dest" Datatype="String[20]" />
                  <Member Name="Barcode" Datatype="String" />
                  <Member Name="GoodRead" Datatype="Bool" />
                  <Member Name="weightGram" Datatype="Real" />
                  <Member Name="prio" Datatype="Bool" />
                </Section>
              </Sections>
            </Member>
            <Member Name="InSending" Datatype="&quot;Tracking_Simple_UDT_1&quot;">
              <Sections>
                <Section Name="None">
                  <Member Name="ID" Datatype="UInt" />
                  <Member Name="PLC_Dest" Datatype="Int" />
                  <Member Name="WMS_Dest" Datatype="String[20]" />
                  <Member Name="Barcode" Datatype="String" />
                  <Member Name="GoodRead" Datatype="Bool" />
                  <Member Name="weightGram" Datatype="Real" />
                  <Member Name="prio" Datatype="Bool" />
                </Section>
              </Sections>
            </Member>
            <Member Name="TrackingReceived" Datatype="Bool" />
            <Member Name="TrackingCleared" Datatype="Bool" />
          </Member>
          <Member Name="Encoder" Datatype="&quot;VirtualEncoder_UDT&quot;">
            <Sections>
              <Section Name="None">
                <Member Name="Distance_mm" Datatype="Real" />
                <Member Name="Speed_mm_ms" Datatype="Real" />
                <Member Name="Settings" Datatype="Struct">
                  <Member Name="Base_M_min" Datatype="Real" />
                  <Member Name="BaseRelative" Datatype="Real" />
                </Member>
              </Section>
            </Sections>
          </Member>
          <Member Name="DiagNostics" Datatype="Struct">
            <Member Name="ReceivedCounter" Datatype="UDInt" />
            <Member Name="SendingCounter" Datatype="UDInt" />
          </Member>
          <Member Name="Index" Datatype="Int" />
          <Member Name="Name" Datatype="String[25]" />
          <Member Name="Zone" Datatype="Int" />
        </Section>
      </Sections>
    </Member>
    <Member Name="IO_IntersectionSettings" Datatype="&quot;Intersection&quot;" Accessibility="Public">
      <Sections>
        <Section Name="None">
          <Member Name="UpstreamIndex" Datatype="Int" />
          <Member Name="DownstreamIndex" Datatype="Int" />
          <Member Name="ReceivePosition" Datatype="Int" />
          <Member Name="SendingPosition" Datatype="Int" />
          <Member Name="ReceiveConveyorIndex" Datatype="Int" />
          <Member Name="SendingConveyorIndex" Datatype="Int" />
          <Member Name="InverseFlowReceiving" Datatype="Bool" />
          <Member Name="InverseFlowSending" Datatype="Bool" />
          <Member Name="ReceiveNoEndSensor" Datatype="Bool" />
          <Member Name="TargetConveyor" Datatype="Int" />
          <Member Name="RequestingConveyor" Datatype="Int" />
          <Member Name="Algin" Datatype="Struct">
            <Member Name="active" Datatype="Bool" />
            <Member Name="speed" Datatype="Real" />
            <Member Name="direction" Datatype="Bool" />
            <Member Name="AlginPosition" Datatype="Int" />
            <Member Name="conveyorIndex" Datatype="UInt" />
            <Member Name="distnace" Datatype="Real" />
          </Member>
        </Section>
      </Sections>
    </Member>
  </Section>
  <Section Name="Static">
    <Member Name="option" Datatype="Int" Remanence="NonRetain" Accessibility="Public"><AttributeList><BooleanAttribute Name="ExternalAccessible" SystemDefined="true">true</BooleanAttribute><BooleanAttribute Name="ExternalVisible" SystemDefined="true">true</BooleanAttribute><BooleanAttribute Name="ExternalWritable" SystemDefined="true">true</BooleanAttribute><BooleanAttribute Name="SetPoint" SystemDefined="true">false</BooleanAttribute></AttributeList></Member>
    <Member Name="OptionsSaved" Datatype="Bool" Remanence="NonRetain" Accessibility="Public"><AttributeList><BooleanAttribute Name="ExternalAccessible" SystemDefined="true">true</BooleanAttribute><BooleanAttribute Name="ExternalVisible" SystemDefined="true">true</BooleanAttribute><BooleanAttribute Name="ExternalWritable" SystemDefined="true">true</BooleanAttribute><BooleanAttribute Name="SetPoint" SystemDefined="true">false</BooleanAttribute></AttributeList></Member>
  </Section>
  <Section Name="Temp" />
  <Section Name="Constant" />
</Sections></Interface>
      <IsIECCheckEnabled>false</IsIECCheckEnabled>
      <IsRetainMemResEnabled>false</IsRetainMemResEnabled>
      <MemoryLayout>Optimized</MemoryLayout>
      <MemoryReserve>100</MemoryReserve>
      <Name>TrafficController_INTERSECT_SENDING_FB</Name>
      <Number>36</Number>
      <ProgrammingLanguage>SCL</ProgrammingLanguage>
      <SetENOAutomatically>false</SetENOAutomatically>
      <UDABlockProperties />
      <UDAEnableTagReadback>false</UDAEnableTagReadback>
    </AttributeList>
    <ObjectList>
      <MultilingualText ID="1" CompositionName="Comment">
        <ObjectList>
          <MultilingualTextItem ID="2" CompositionName="Items">
            <AttributeList>
              <Culture>en-US</Culture>
              <Text>intersection receives from one section and can sent to other 3 sections</Text>
            </AttributeList>
          </MultilingualTextItem>
          <MultilingualTextItem ID="3" CompositionName="Items">
            <AttributeList>
              <Culture>fr-BE</Culture>
              <Text />
            </AttributeList>
          </MultilingualTextItem>
        </ObjectList>
      </MultilingualText>
      <SW.Blocks.CompileUnit ID="4" CompositionName="CompileUnits">
        <AttributeList>
          <NetworkSource><StructuredText xmlns="http://www.siemens.com/automation/Openness/SW/NetworkSource/StructuredText/v3">
  <Access Scope="LocalVariable" UId="21">
    <Symbol UId="22">
      <Component Name="IO_SendingConveyor" UId="23" />
      <Token Text="." UId="24" />
      <Component Name="Cmd" UId="25" />
      <Token Text="." UId="26" />
      <Component Name="Accumulate" UId="27" />
      <Token Text="." UId="28" />
      <Component Name="Acc_TC_1" UId="29" />
    </Symbol>
  </Access>
  <Blank Num="1" UId="30" />
  <Token Text=":=" UId="31" />
  <Blank Num="1" UId="32" />
  <Access Scope="LiteralConstant" UId="33">
    <Constant UId="34">
      <ConstantValue UId="36">TRUE</ConstantValue>
    </Constant>
  </Access>
  <Token Text=";" UId="37" />
  <NewLine Num="2" UId="38" />
  <Token Text="REGION" UId="39" />
  <Blank Num="1" UId="40" />
  <Text UId="41">CHECK TO TRANSFER SETTINGS</Text>
  <NewLine Num="1" UId="42" />
  <Blank Num="4" UId="43" />
  <NewLine Num="1" UId="44" />
  <Blank Num="4" UId="45" />
  <Token Text="IF" UId="46" />
  <Blank Num="1" UId="47" />
  <Access Scope="LocalVariable" UId="48">
    <Symbol UId="49">
      <Component Name="IO_SendingConveyor" UId="50" />
      <Token Text="." UId="51" />
      <Component Name="Status" UId="52" />
      <Token Text="." UId="53" />
      <Component Name="RequestForSending" UId="54" />
    </Symbol>
  </Access>
  <NewLine Num="1" UId="55" />
  <Blank Num="8" UId="56" />
  <Token Text="AND" UId="57" />
  <Blank Num="1" UId="58" />
  <Access Scope="LocalVariable" UId="59">
    <Symbol UId="60">
      <Component Name="I_IntersectionConveyor" UId="61" />
      <Token Text="." UId="62" />
      <Component Name="Status" UId="63" />
      <Token Text="." UId="64" />
      <Component Name="Empty" UId="65" />
    </Symbol>
  </Access>
  <Blank Num="1" UId="66" />
  <Token Text="THEN" UId="67" />
  <NewLine Num="1" UId="68" />
  <Blank Num="8" UId="69" />
  <NewLine Num="1" UId="70" />
  <Blank Num="8" UId="71" />
  <Token Text="CASE" UId="72" />
  <Blank Num="1" UId="73" />
  <Access Scope="LocalVariable" UId="74">
    <Symbol UId="75">
      <Component Name="I_Option" UId="76" />
    </Symbol>
  </Access>
  <Blank Num="1" UId="77" />
  <Token Text="OF" UId="78" />
  <NewLine Num="1" UId="79" />
  <Blank Num="12" UId="80" />
  <Access Scope="LiteralConstant" UId="81">
    <Constant UId="82">
      <ConstantValue UId="84">1</ConstantValue>
    </Constant>
  </Access>
  <Token Text=":" UId="85" />
  <NewLine Num="1" UId="86" />
  <Blank Num="16" UId="87" />
  <Access Scope="LocalVariable" UId="88">
    <Symbol UId="89">
      <Component Name="IO_IntersectionSettings" UId="90" />
    </Symbol>
  </Access>
  <Blank Num="1" UId="91" />
  <Token Text=":=" UId="92" />
  <Blank Num="1" UId="93" />
  <Access Scope="LocalVariable" UId="94">
    <Symbol UId="95">
      <Component Name="I_Option_1_Settings" UId="96" />
    </Symbol>
  </Access>
  <Token Text=";" UId="97" />
  <NewLine Num="1" UId="98" />
  <Blank Num="12" UId="99" />
  <Access Scope="LiteralConstant" UId="100">
    <Constant UId="101">
      <ConstantValue UId="103">2</ConstantValue>
    </Constant>
  </Access>
  <Token Text=":" UId="104" />
  <NewLine Num="1" UId="105" />
  <Blank Num="16" UId="106" />
  <Access Scope="LocalVariable" UId="107">
    <Symbol UId="108">
      <Component Name="IO_IntersectionSettings" UId="109" />
    </Symbol>
  </Access>
  <Blank Num="1" UId="110" />
  <Token Text=":=" UId="111" />
  <Blank Num="1" UId="112" />
  <Access Scope="LocalVariable" UId="113">
    <Symbol UId="114">
      <Component Name="I_Option_2_Settings" UId="115" />
    </Symbol>
  </Access>
  <Token Text=";" UId="116" />
  <NewLine Num="1" UId="117" />
  <Blank Num="12" UId="118" />
  <Access Scope="LiteralConstant" UId="119">
    <Constant UId="120">
      <ConstantValue UId="122">3</ConstantValue>
    </Constant>
  </Access>
  <Token Text=":" UId="123" />
  <NewLine Num="1" UId="124" />
  <Blank Num="16" UId="125" />
  <Access Scope="LocalVariable" UId="126">
    <Symbol UId="127">
      <Component Name="IO_IntersectionSettings" UId="128" />
    </Symbol>
  </Access>
  <Blank Num="1" UId="129" />
  <Token Text=":=" UId="130" />
  <Blank Num="1" UId="131" />
  <Access Scope="LocalVariable" UId="132">
    <Symbol UId="133">
      <Component Name="I_Option_3_Settings" UId="134" />
    </Symbol>
  </Access>
  <Token Text=";" UId="135" />
  <NewLine Num="1" UId="136" />
  <Blank Num="12" UId="137" />
  <Access Scope="LiteralConstant" UId="138">
    <Constant UId="139">
      <ConstantValue UId="141">4</ConstantValue>
    </Constant>
  </Access>
  <Token Text=":" UId="142" />
  <NewLine Num="1" UId="143" />
  <Blank Num="16" UId="144" />
  <Access Scope="LocalVariable" UId="145">
    <Symbol UId="146">
      <Component Name="IO_IntersectionSettings" UId="147" />
    </Symbol>
  </Access>
  <Blank Num="1" UId="148" />
  <Token Text=":=" UId="149" />
  <Blank Num="1" UId="150" />
  <Access Scope="LocalVariable" UId="151">
    <Symbol UId="152">
      <Component Name="I_Option_4_Settings" UId="153" />
    </Symbol>
  </Access>
  <Token Text=";" UId="154" />
  <NewLine Num="1" UId="155" />
  <Blank Num="12" UId="156" />
  <Access Scope="LiteralConstant" UId="157">
    <Constant UId="158">
      <ConstantValue UId="160">5</ConstantValue>
    </Constant>
  </Access>
  <Token Text=":" UId="161" />
  <NewLine Num="1" UId="162" />
  <Blank Num="16" UId="163" />
  <Access Scope="LocalVariable" UId="164">
    <Symbol UId="165">
      <Component Name="IO_IntersectionSettings" UId="166" />
    </Symbol>
  </Access>
  <Blank Num="1" UId="167" />
  <Token Text=":=" UId="168" />
  <Blank Num="1" UId="169" />
  <Access Scope="LocalVariable" UId="170">
    <Symbol UId="171">
      <Component Name="I_Option_5_Settings" UId="172" />
    </Symbol>
  </Access>
  <Token Text=";" UId="173" />
  <NewLine Num="1" UId="174" />
  <Blank Num="12" UId="175" />
  <Access Scope="LiteralConstant" UId="176">
    <Constant UId="177">
      <ConstantValue UId="179">6</ConstantValue>
    </Constant>
  </Access>
  <Token Text=":" UId="180" />
  <NewLine Num="1" UId="181" />
  <Blank Num="16" UId="182" />
  <Access Scope="LocalVariable" UId="183">
    <Symbol UId="184">
      <Component Name="IO_IntersectionSettings" UId="185" />
    </Symbol>
  </Access>
  <Blank Num="1" UId="186" />
  <Token Text=":=" UId="187" />
  <Blank Num="1" UId="188" />
  <Access Scope="LocalVariable" UId="189">
    <Symbol UId="190">
      <Component Name="I_Option_6_Settings" UId="191" />
    </Symbol>
  </Access>
  <Token Text=";" UId="192" />
  <NewLine Num="1" UId="193" />
  <Blank Num="8" UId="194" />
  <Token Text="END_CASE" UId="195" />
  <Token Text=";" UId="196" />
  <NewLine Num="1" UId="197" />
  <Blank Num="8" UId="198" />
  <NewLine Num="1" UId="199" />
  <Blank Num="8" UId="200" />
  <NewLine Num="1" UId="201" />
  <Blank Num="4" UId="202" />
  <Token Text="END_IF" UId="203" />
  <Token Text=";" UId="204" />
  <NewLine Num="1" UId="205" />
  <Blank Num="4" UId="206" />
  <NewLine Num="1" UId="207" />
  <Token Text="END_REGION" UId="208" />
  <NewLine Num="2" UId="209" />
  <Token Text="REGION" UId="210" />
  <Blank Num="1" UId="211" />
  <Text UId="212">TURN OFF ACCUMULATION OF SENDING CONV</Text>
  <NewLine Num="1" UId="213" />
  <Blank Num="4" UId="214" />
  <NewLine Num="1" UId="215" />
  <Blank Num="4" UId="216" />
  <Token Text="IF" UId="217" />
  <Blank Num="1" UId="218" />
  <Access Scope="LocalVariable" UId="219">
    <Symbol UId="220">
      <Component Name="I_IntersectionConveyor" UId="221" />
      <Token Text="." UId="222" />
      <Component Name="Status" UId="223" />
      <Token Text="." UId="224" />
      <Component Name="Empty" UId="225" />
    </Symbol>
  </Access>
  <NewLine Num="1" UId="226" />
  <Blank Num="8" UId="227" />
  <Token Text="AND" UId="228" />
  <Blank Num="1" UId="229" />
  <Access Scope="LocalVariable" UId="230">
    <Symbol UId="231">
      <Component Name="IO_SendingConveyor" UId="232" />
      <Token Text="." UId="233" />
      <Component Name="Status" UId="234" />
      <Token Text="." UId="235" />
      <Component Name="RequestForSending" UId="236" />
    </Symbol>
  </Access>
  <Blank Num="1" UId="237" />
  <Token Text="THEN" UId="238" />
  <NewLine Num="1" UId="239" />
  <Blank Num="8" UId="240" />
  <LineComment Inserted="false" NoClosingBracket="false" UId="241">
    <Text UId="242">AND #I_SendingConveyor.TrackingStat.Current.PLC_Dest &gt;= 0 THEN</Text>
  </LineComment>
  <NewLine Num="1" UId="243" />
  <Blank Num="8" UId="244" />
  <Access Scope="LocalVariable" UId="245">
    <Symbol UId="246">
      <Component Name="IO_SendingConveyor" UId="247" />
      <Token Text="." UId="248" />
      <Component Name="Cmd" UId="249" />
      <Token Text="." UId="250" />
      <Component Name="Accumulate" UId="251" />
      <Token Text="." UId="252" />
      <Component Name="Acc_TC_1" UId="253" />
    </Symbol>
  </Access>
  <Blank Num="1" UId="254" />
  <Token Text=":=" UId="255" />
  <Blank Num="1" UId="256" />
  <Access Scope="LiteralConstant" UId="257">
    <Constant UId="258">
      <ConstantValue UId="260">FALSE</ConstantValue>
    </Constant>
  </Access>
  <Token Text=";" UId="261" />
  <NewLine Num="1" UId="262" />
  <Blank Num="4" UId="263" />
  <Token Text="END_IF" UId="264" />
  <Token Text=";" UId="265" />
  <NewLine Num="1" UId="266" />
  <Blank Num="4" UId="267" />
  <NewLine Num="1" UId="268" />
  <Token Text="END_REGION" UId="269" />
  <NewLine Num="1" UId="270" />
</StructuredText></NetworkSource>
          <ProgrammingLanguage>SCL</ProgrammingLanguage>
        </AttributeList>
        <ObjectList>
          <MultilingualText ID="5" CompositionName="Comment">
            <ObjectList>
              <MultilingualTextItem ID="6" CompositionName="Items">
                <AttributeList>
                  <Culture>en-US</Culture>
                  <Text />
                </AttributeList>
              </MultilingualTextItem>
              <MultilingualTextItem ID="7" CompositionName="Items">
                <AttributeList>
                  <Culture>fr-BE</Culture>
                  <Text />
                </AttributeList>
              </MultilingualTextItem>
            </ObjectList>
          </MultilingualText>
          <MultilingualText ID="8" CompositionName="Title">
            <ObjectList>
              <MultilingualTextItem ID="9" CompositionName="Items">
                <AttributeList>
                  <Culture>en-US</Culture>
                  <Text />
                </AttributeList>
              </MultilingualTextItem>
              <MultilingualTextItem ID="A" CompositionName="Items">
                <AttributeList>
                  <Culture>fr-BE</Culture>
                  <Text />
                </AttributeList>
              </MultilingualTextItem>
            </ObjectList>
          </MultilingualText>
        </ObjectList>
      </SW.Blocks.CompileUnit>
      <MultilingualText ID="B" CompositionName="Title">
        <ObjectList>
          <MultilingualTextItem ID="C" CompositionName="Items">
            <AttributeList>
              <Culture>en-US</Culture>
              <Text />
            </AttributeList>
          </MultilingualTextItem>
          <MultilingualTextItem ID="D" CompositionName="Items">
            <AttributeList>
              <Culture>fr-BE</Culture>
              <Text />
            </AttributeList>
          </MultilingualTextItem>
        </ObjectList>
      </MultilingualText>
    </ObjectList>
  </SW.Blocks.FB>
</Document>