﻿<?xml version="1.0" encoding="utf-8"?>
<Document>
  <Engineering version="V16" />
  <DocumentInfo>
    <Created>2023-11-13T10:46:14.8775657Z</Created>
    <ExportSetting>WithDefaults</ExportSetting>
    <InstalledProducts>
      <Product>
        <DisplayName>Totally Integrated Automation Portal</DisplayName>
        <DisplayVersion>V16 Update 6</DisplayVersion>
      </Product>
      <OptionPackage>
        <DisplayName>TIA Portal Version Control Interface</DisplayName>
        <DisplayVersion>V16 Update 2</DisplayVersion>
      </OptionPackage>
      <OptionPackage>
        <DisplayName>TIA Portal Openness</DisplayName>
        <DisplayVersion>V16 Update 6</DisplayVersion>
      </OptionPackage>
      <OptionPackage>
        <DisplayName>TIA Portal Teamcenter Gateway</DisplayName>
        <DisplayVersion>V16</DisplayVersion>
      </OptionPackage>
      <Product>
        <DisplayName>SINAMICS Startdrive Advanced</DisplayName>
        <DisplayVersion>V16 Update 5</DisplayVersion>
      </Product>
      <OptionPackage>
        <DisplayName>SINAMICS Startdrive G130, G150, S120, S150, SINAMICS MV, S210</DisplayName>
        <DisplayVersion>V16 Update 5</DisplayVersion>
      </OptionPackage>
      <OptionPackage>
        <DisplayName>SINAMICS Startdrive G110M, G120, G120C, G120D, G120P, G115D</DisplayName>
        <DisplayVersion>V16 Update 5</DisplayVersion>
      </OptionPackage>
      <Product>
        <DisplayName>STEP 7 Professional</DisplayName>
        <DisplayVersion>V16 Update 6</DisplayVersion>
      </Product>
      <OptionPackage>
        <DisplayName>STEP 7 Safety</DisplayName>
        <DisplayVersion>V16</DisplayVersion>
      </OptionPackage>
      <Product>
        <DisplayName>WinCC Advanced / Unified PC</DisplayName>
        <DisplayVersion>V16 Update 6</DisplayVersion>
      </Product>
    </InstalledProducts>
  </DocumentInfo>
  <SW.Blocks.FB ID="0">
    <AttributeList>
      <AutoNumber>true</AutoNumber>
      <HeaderAuthor />
      <HeaderFamily />
      <HeaderName />
      <HeaderVersion>0.1</HeaderVersion>
      <Interface><Sections xmlns="http://www.siemens.com/automation/Openness/SW/Interface/v4">
  <Section Name="Input">
    <Member Name="I_IntersectionConveyor" Datatype="&quot;Conveyor_UDT&quot;" Remanence="NonRetain" Accessibility="Public"><AttributeList><BooleanAttribute Name="ExternalAccessible" SystemDefined="true">true</BooleanAttribute><BooleanAttribute Name="ExternalVisible" SystemDefined="true">true</BooleanAttribute><BooleanAttribute Name="ExternalWritable" SystemDefined="true">true</BooleanAttribute></AttributeList><Sections><Section Name="None"><Member Name="Settings" Datatype="Struct"><Member Name="Mode" Datatype="Int" /><Member Name="AutomaticBuffering" Datatype="Bool" /><Member Name="Direction" Datatype="Bool" /><Member Name="EnergySave" Datatype="Bool" /><Member Name="RunIddle" Datatype="Bool" /><Member Name="AutoReset" Datatype="Bool" /><Member Name="SentHoldOnCheckReceive" Datatype="Bool" /><Member Name="Timings" Datatype="&quot;ConveyorTimes_UDT&quot;"><Sections><Section Name="None"><Member Name="DelayedStart" Datatype="Time" /><Member Name="ConveyorLength" Datatype="Real" /><Member Name="InitDistance" Datatype="Real" /><Member Name="ReceiveDistance" Datatype="Real" /><Member Name="SendDistance" Datatype="Real" /><Member Name="SleepDistance" Datatype="Real" /><Member Name="GapDistance" Datatype="Real" /><Member Name="StartupDelay" Datatype="Time" /></Section></Sections></Member><Member Name="Speed" Datatype="Struct"><Member Name="speed" Datatype="Real" /><Member Name="UpstreamGain" Datatype="Real" /><Member Name="speedController" Datatype="Bool" /></Member><Member Name="Alarms" Datatype="Struct"><Member Name="BlockDetectionOn" Datatype="Bool" /><Member Name="BlockedAtStartSensor" Datatype="Bool" /><Member Name="ParcelsToCloseDetectionOn" Datatype="Bool" /><Member Name="ParcelsToLongDetectionOn" Datatype="Bool" /><Member Name="ParcelToShortDetectionOn" Datatype="Bool" /><Member Name="BlockRetrys" Datatype="Int" /><Member Name="SentTimeError" Datatype="Real" /><Member Name="TimeBetweenParcels" Datatype="Real" /><Member Name="MinSizeParcel" Datatype="Real" /><Member Name="MaxSizeParcel" Datatype="Real" /></Member></Member><Member Name="Cmd" Datatype="Struct"><Member Name="Reset" Datatype="Bool" /><Member Name="ReInitialize" Datatype="Bool" /><Member Name="RunAuto" Datatype="Bool" /><Member Name="RunManual" Datatype="Bool" /><Member Name="SpeedAuto" Datatype="Real" /><Member Name="SpeedManual" Datatype="Real" /><Member Name="ReadyToReceive" Datatype="Bool" /><Member Name="ReadyToSent" Datatype="Bool" /><Member Name="InvertFlow" Datatype="Bool" /><Member Name="Direction" Datatype="Bool" /><Member Name="Accumulate" Datatype="Struct"><Member Name="Acc_ext_1" Datatype="Bool" /><Member Name="Acc_ext_2" Datatype="Bool" /><Member Name="Acc_ext_3" Datatype="Bool" /><Member Name="Acc_ext_4" Datatype="Bool" /><Member Name="Acc_ext_5" Datatype="Bool" /><Member Name="Acc_TC_1" Datatype="Bool" /><Member Name="Acc_TC_2" Datatype="Bool" /><Member Name="Acc_TC_3" Datatype="Bool" /><Member Name="Acc_Scan_1" Datatype="Bool" /><Member Name="Acc_Scan_2" Datatype="Bool" /><Member Name="Acc_Scan_3" Datatype="Bool" /><Member Name="Acc_Scale_1" Datatype="Bool" /><Member Name="Acc_Scale_2" Datatype="Bool" /><Member Name="Acc_Scale_3" Datatype="Bool" /></Member><Member Name="StartRequestObject" Datatype="Bool" /><Member Name="StopRequestObject" Datatype="Bool" /><Member Name="IgnoreStandby" Datatype="Bool" /><Member Name="ManualOverride" Datatype="Bool" /><Member Name="Interlock" Datatype="Bool" /></Member><Member Name="Input" Datatype="Struct"><Member Name="SensorStartHMI" Datatype="Bool" /><Member Name="SensorEndHMI" Datatype="Bool" /><Member Name="SensorAtStartLogic" Datatype="&quot;SmartBooldt&quot;"><Sections><Section Name="None"><Member Name="State" Datatype="Bool" /><Member Name="LE" Datatype="Bool" /><Member Name="FE" Datatype="Bool" /><Member Name="sensorTest" Datatype="Bool" /><Member Name="IddleSignal" Datatype="Bool" /><Member Name="testFailed" Datatype="Bool" /><Member Name="Counter" Datatype="UInt" /></Section></Sections></Member><Member Name="SensorAtEndLogic" Datatype="&quot;SmartBooldt&quot;"><Sections><Section Name="None"><Member Name="State" Datatype="Bool" /><Member Name="LE" Datatype="Bool" /><Member Name="FE" Datatype="Bool" /><Member Name="sensorTest" Datatype="Bool" /><Member Name="IddleSignal" Datatype="Bool" /><Member Name="testFailed" Datatype="Bool" /><Member Name="Counter" Datatype="UInt" /></Section></Sections></Member><Member Name="Running_FB" Datatype="Bool" /><Member Name="Interlock" Datatype="Bool" /></Member><Member Name="Alarms" Datatype="Struct"><Member Name="BlockedReceive" Datatype="&quot;HmiAlarm&quot;"><Sections><Section Name="None"><Member Name="Active" Datatype="Bool" /><Member Name="Acknowledge" Datatype="Bool" /><Member Name="type" Datatype="Int" /></Section></Sections></Member><Member Name="BlockedSending" Datatype="&quot;HmiAlarm&quot;"><Sections><Section Name="None"><Member Name="Active" Datatype="Bool" /><Member Name="Acknowledge" Datatype="Bool" /><Member Name="type" Datatype="Int" /></Section></Sections></Member><Member Name="ToClose" Datatype="&quot;HmiAlarm&quot;"><Sections><Section Name="None"><Member Name="Active" Datatype="Bool" /><Member Name="Acknowledge" Datatype="Bool" /><Member Name="type" Datatype="Int" /></Section></Sections></Member><Member Name="ToSmall" Datatype="&quot;HmiAlarm&quot;"><Sections><Section Name="None"><Member Name="Active" Datatype="Bool" /><Member Name="Acknowledge" Datatype="Bool" /><Member Name="type" Datatype="Int" /></Section></Sections></Member><Member Name="ToLong" Datatype="&quot;HmiAlarm&quot;"><Sections><Section Name="None"><Member Name="Active" Datatype="Bool" /><Member Name="Acknowledge" Datatype="Bool" /><Member Name="type" Datatype="Int" /></Section></Sections></Member><Member Name="MotorAlarm" Datatype="&quot;HmiAlarm&quot;"><Sections><Section Name="None"><Member Name="Active" Datatype="Bool" /><Member Name="Acknowledge" Datatype="Bool" /><Member Name="type" Datatype="Int" /></Section></Sections></Member><Member Name="AlarmActive" Datatype="&quot;HmiAlarm&quot;"><Sections><Section Name="None"><Member Name="Active" Datatype="Bool" /><Member Name="Acknowledge" Datatype="Bool" /><Member Name="type" Datatype="Int" /></Section></Sections></Member><Member Name="Status" Datatype="Word" /></Member><Member Name="Status" Datatype="Struct"><Member Name="AccumulationOn" Datatype="Bool" /><Member Name="StartedAutoMode" Datatype="Bool" /><Member Name="ReadyForStandby" Datatype="Bool" /><Member Name="RequestForSending" Datatype="Bool" /><Member Name="ExecutingReceiveSequence" Datatype="Bool" /><Member Name="ExecutingSendingSequence" Datatype="Bool" /><Member Name="ObjectSentPulse" Datatype="Bool" /><Member Name="ObjectReceivePulse" Datatype="Bool" /><Member Name="GapTimeOk" Datatype="Bool" /><Member Name="Empty" Datatype="Bool" /><Member Name="ObjectOnConveyor" Datatype="Bool" /><Member Name="Initialized" Datatype="Bool" /><Member Name="ManualMode" Datatype="Bool" /></Member><Member Name="TrackingCmd" Datatype="Struct"><Member Name="InductNewTracking" Datatype="Bool" /><Member Name="ClearTracking" Datatype="Bool" /><Member Name="NewTrackingId" Datatype="&quot;Tracking_Simple_UDT_1&quot;"><Sections><Section Name="None"><Member Name="ID" Datatype="UInt" /><Member Name="PLC_Dest" Datatype="Int" /><Member Name="WMS_Dest" Datatype="String[20]" /><Member Name="Barcode" Datatype="String" /><Member Name="GoodRead" Datatype="Bool" /><Member Name="weightGram" Datatype="Real" /><Member Name="prio" Datatype="Bool" /></Section></Sections></Member></Member><Member Name="TrackingStat" Datatype="Struct"><Member Name="Current" Datatype="&quot;Tracking_Simple_UDT_1&quot;"><Sections><Section Name="None"><Member Name="ID" Datatype="UInt" /><Member Name="PLC_Dest" Datatype="Int" /><Member Name="WMS_Dest" Datatype="String[20]" /><Member Name="Barcode" Datatype="String" /><Member Name="GoodRead" Datatype="Bool" /><Member Name="weightGram" Datatype="Real" /><Member Name="prio" Datatype="Bool" /></Section></Sections></Member><Member Name="InSending" Datatype="&quot;Tracking_Simple_UDT_1&quot;"><Sections><Section Name="None"><Member Name="ID" Datatype="UInt" /><Member Name="PLC_Dest" Datatype="Int" /><Member Name="WMS_Dest" Datatype="String[20]" /><Member Name="Barcode" Datatype="String" /><Member Name="GoodRead" Datatype="Bool" /><Member Name="weightGram" Datatype="Real" /><Member Name="prio" Datatype="Bool" /></Section></Sections></Member><Member Name="TrackingReceived" Datatype="Bool" /><Member Name="TrackingCleared" Datatype="Bool" /></Member><Member Name="Encoder" Datatype="&quot;VirtualEncoder_UDT&quot;"><Sections><Section Name="None"><Member Name="Distance_mm" Datatype="Real" /><Member Name="Speed_mm_ms" Datatype="Real" /><Member Name="Settings" Datatype="Struct"><Member Name="Base_M_min" Datatype="Real" /><Member Name="BaseRelative" Datatype="Real" /></Member></Section></Sections></Member><Member Name="DiagNostics" Datatype="Struct"><Member Name="ReceivedCounter" Datatype="UDInt" /><Member Name="SendingCounter" Datatype="UDInt" /></Member><Member Name="Index" Datatype="Int" /><Member Name="Name" Datatype="String[25]" /><Member Name="Zone" Datatype="Int" /></Section></Sections></Member>
    <Member Name="I_Option_1_Settings" Datatype="&quot;Intersection&quot;" Remanence="NonRetain" Accessibility="Public"><AttributeList><BooleanAttribute Name="ExternalAccessible" SystemDefined="true">false</BooleanAttribute><BooleanAttribute Name="ExternalVisible" SystemDefined="true">false</BooleanAttribute><BooleanAttribute Name="ExternalWritable" SystemDefined="true">false</BooleanAttribute></AttributeList><Comment><MultiLanguageText Lang="en-US">Intersection settings for option 1 (no split executed)</MultiLanguageText></Comment><Sections><Section Name="None"><Member Name="UpstreamIndex" Datatype="Int" /><Member Name="DownstreamIndex" Datatype="Int" /><Member Name="ReceivePosition" Datatype="Int" /><Member Name="SendingPosition" Datatype="Int" /><Member Name="ReceiveConveyorIndex" Datatype="Int" /><Member Name="SendingConveyorIndex" Datatype="Int" /><Member Name="InverseFlowReceiving" Datatype="Bool" /><Member Name="InverseFlowSending" Datatype="Bool" /><Member Name="ReceiveNoEndSensor" Datatype="Bool" /><Member Name="TargetConveyor" Datatype="Int" /><Member Name="RequestingConveyor" Datatype="Int" /><Member Name="Algin" Datatype="Struct"><Member Name="active" Datatype="Bool" /><Member Name="speed" Datatype="Real" /><Member Name="direction" Datatype="Bool" /><Member Name="AlginPosition" Datatype="Int" /><Member Name="conveyorIndex" Datatype="UInt" /><Member Name="distnace" Datatype="Real" /></Member></Section></Sections></Member>
    <Member Name="I_Option_2_Settings" Datatype="&quot;Intersection&quot;" Remanence="NonRetain" Accessibility="Public"><AttributeList><BooleanAttribute Name="ExternalAccessible" SystemDefined="true">false</BooleanAttribute><BooleanAttribute Name="ExternalVisible" SystemDefined="true">false</BooleanAttribute><BooleanAttribute Name="ExternalWritable" SystemDefined="true">false</BooleanAttribute></AttributeList><Comment><MultiLanguageText Lang="en-US">Intersection settings for option 2 (split executed)</MultiLanguageText></Comment><Sections><Section Name="None"><Member Name="UpstreamIndex" Datatype="Int" /><Member Name="DownstreamIndex" Datatype="Int" /><Member Name="ReceivePosition" Datatype="Int" /><Member Name="SendingPosition" Datatype="Int" /><Member Name="ReceiveConveyorIndex" Datatype="Int" /><Member Name="SendingConveyorIndex" Datatype="Int" /><Member Name="InverseFlowReceiving" Datatype="Bool" /><Member Name="InverseFlowSending" Datatype="Bool" /><Member Name="ReceiveNoEndSensor" Datatype="Bool" /><Member Name="TargetConveyor" Datatype="Int" /><Member Name="RequestingConveyor" Datatype="Int" /><Member Name="Algin" Datatype="Struct"><Member Name="active" Datatype="Bool" /><Member Name="speed" Datatype="Real" /><Member Name="direction" Datatype="Bool" /><Member Name="AlginPosition" Datatype="Int" /><Member Name="conveyorIndex" Datatype="UInt" /><Member Name="distnace" Datatype="Real" /></Member></Section></Sections></Member>
  </Section>
  <Section Name="Output" />
  <Section Name="InOut">
    <Member Name="IO_IntersectionSettings" Datatype="&quot;Intersection&quot;" Accessibility="Public">
      <Sections>
        <Section Name="None">
          <Member Name="UpstreamIndex" Datatype="Int" />
          <Member Name="DownstreamIndex" Datatype="Int" />
          <Member Name="ReceivePosition" Datatype="Int" />
          <Member Name="SendingPosition" Datatype="Int" />
          <Member Name="ReceiveConveyorIndex" Datatype="Int" />
          <Member Name="SendingConveyorIndex" Datatype="Int" />
          <Member Name="InverseFlowReceiving" Datatype="Bool" />
          <Member Name="InverseFlowSending" Datatype="Bool" />
          <Member Name="ReceiveNoEndSensor" Datatype="Bool" />
          <Member Name="TargetConveyor" Datatype="Int" />
          <Member Name="RequestingConveyor" Datatype="Int" />
          <Member Name="Algin" Datatype="Struct">
            <Member Name="active" Datatype="Bool" />
            <Member Name="speed" Datatype="Real" />
            <Member Name="direction" Datatype="Bool" />
            <Member Name="AlginPosition" Datatype="Int" />
            <Member Name="conveyorIndex" Datatype="UInt" />
            <Member Name="distnace" Datatype="Real" />
          </Member>
        </Section>
      </Sections>
    </Member>
    <Member Name="IO_SendingConveyor_1" Datatype="&quot;Conveyor_UDT&quot;" Accessibility="Public">
      <Comment>
        <MultiLanguageText Lang="en-US">The main conveyor on the intersection</MultiLanguageText>
      </Comment>
      <Sections>
        <Section Name="None">
          <Member Name="Settings" Datatype="Struct">
            <Member Name="Mode" Datatype="Int" />
            <Member Name="AutomaticBuffering" Datatype="Bool" />
            <Member Name="Direction" Datatype="Bool" />
            <Member Name="EnergySave" Datatype="Bool" />
            <Member Name="RunIddle" Datatype="Bool" />
            <Member Name="AutoReset" Datatype="Bool" />
            <Member Name="SentHoldOnCheckReceive" Datatype="Bool" />
            <Member Name="Timings" Datatype="&quot;ConveyorTimes_UDT&quot;">
              <Sections>
                <Section Name="None">
                  <Member Name="DelayedStart" Datatype="Time" />
                  <Member Name="ConveyorLength" Datatype="Real" />
                  <Member Name="InitDistance" Datatype="Real" />
                  <Member Name="ReceiveDistance" Datatype="Real" />
                  <Member Name="SendDistance" Datatype="Real" />
                  <Member Name="SleepDistance" Datatype="Real" />
                  <Member Name="GapDistance" Datatype="Real" />
                  <Member Name="StartupDelay" Datatype="Time" />
                </Section>
              </Sections>
            </Member>
            <Member Name="Speed" Datatype="Struct">
              <Member Name="speed" Datatype="Real" />
              <Member Name="UpstreamGain" Datatype="Real" />
              <Member Name="speedController" Datatype="Bool" />
            </Member>
            <Member Name="Alarms" Datatype="Struct">
              <Member Name="BlockDetectionOn" Datatype="Bool" />
              <Member Name="BlockedAtStartSensor" Datatype="Bool" />
              <Member Name="ParcelsToCloseDetectionOn" Datatype="Bool" />
              <Member Name="ParcelsToLongDetectionOn" Datatype="Bool" />
              <Member Name="ParcelToShortDetectionOn" Datatype="Bool" />
              <Member Name="BlockRetrys" Datatype="Int" />
              <Member Name="SentTimeError" Datatype="Real" />
              <Member Name="TimeBetweenParcels" Datatype="Real" />
              <Member Name="MinSizeParcel" Datatype="Real" />
              <Member Name="MaxSizeParcel" Datatype="Real" />
            </Member>
          </Member>
          <Member Name="Cmd" Datatype="Struct">
            <Member Name="Reset" Datatype="Bool" />
            <Member Name="ReInitialize" Datatype="Bool" />
            <Member Name="RunAuto" Datatype="Bool" />
            <Member Name="RunManual" Datatype="Bool" />
            <Member Name="SpeedAuto" Datatype="Real" />
            <Member Name="SpeedManual" Datatype="Real" />
            <Member Name="ReadyToReceive" Datatype="Bool" />
            <Member Name="ReadyToSent" Datatype="Bool" />
            <Member Name="InvertFlow" Datatype="Bool" />
            <Member Name="Direction" Datatype="Bool" />
            <Member Name="Accumulate" Datatype="Struct">
              <Member Name="Acc_ext_1" Datatype="Bool" />
              <Member Name="Acc_ext_2" Datatype="Bool" />
              <Member Name="Acc_ext_3" Datatype="Bool" />
              <Member Name="Acc_ext_4" Datatype="Bool" />
              <Member Name="Acc_ext_5" Datatype="Bool" />
              <Member Name="Acc_TC_1" Datatype="Bool" />
              <Member Name="Acc_TC_2" Datatype="Bool" />
              <Member Name="Acc_TC_3" Datatype="Bool" />
              <Member Name="Acc_Scan_1" Datatype="Bool" />
              <Member Name="Acc_Scan_2" Datatype="Bool" />
              <Member Name="Acc_Scan_3" Datatype="Bool" />
              <Member Name="Acc_Scale_1" Datatype="Bool" />
              <Member Name="Acc_Scale_2" Datatype="Bool" />
              <Member Name="Acc_Scale_3" Datatype="Bool" />
            </Member>
            <Member Name="StartRequestObject" Datatype="Bool" />
            <Member Name="StopRequestObject" Datatype="Bool" />
            <Member Name="IgnoreStandby" Datatype="Bool" />
            <Member Name="ManualOverride" Datatype="Bool" />
            <Member Name="Interlock" Datatype="Bool" />
          </Member>
          <Member Name="Input" Datatype="Struct">
            <Member Name="SensorStartHMI" Datatype="Bool" />
            <Member Name="SensorEndHMI" Datatype="Bool" />
            <Member Name="SensorAtStartLogic" Datatype="&quot;SmartBooldt&quot;">
              <Sections>
                <Section Name="None">
                  <Member Name="State" Datatype="Bool" />
                  <Member Name="LE" Datatype="Bool" />
                  <Member Name="FE" Datatype="Bool" />
                  <Member Name="sensorTest" Datatype="Bool" />
                  <Member Name="IddleSignal" Datatype="Bool" />
                  <Member Name="testFailed" Datatype="Bool" />
                  <Member Name="Counter" Datatype="UInt" />
                </Section>
              </Sections>
            </Member>
            <Member Name="SensorAtEndLogic" Datatype="&quot;SmartBooldt&quot;">
              <Sections>
                <Section Name="None">
                  <Member Name="State" Datatype="Bool" />
                  <Member Name="LE" Datatype="Bool" />
                  <Member Name="FE" Datatype="Bool" />
                  <Member Name="sensorTest" Datatype="Bool" />
                  <Member Name="IddleSignal" Datatype="Bool" />
                  <Member Name="testFailed" Datatype="Bool" />
                  <Member Name="Counter" Datatype="UInt" />
                </Section>
              </Sections>
            </Member>
            <Member Name="Running_FB" Datatype="Bool" />
            <Member Name="Interlock" Datatype="Bool" />
          </Member>
          <Member Name="Alarms" Datatype="Struct">
            <Member Name="BlockedReceive" Datatype="&quot;HmiAlarm&quot;">
              <Sections>
                <Section Name="None">
                  <Member Name="Active" Datatype="Bool" />
                  <Member Name="Acknowledge" Datatype="Bool" />
                  <Member Name="type" Datatype="Int" />
                </Section>
              </Sections>
            </Member>
            <Member Name="BlockedSending" Datatype="&quot;HmiAlarm&quot;">
              <Sections>
                <Section Name="None">
                  <Member Name="Active" Datatype="Bool" />
                  <Member Name="Acknowledge" Datatype="Bool" />
                  <Member Name="type" Datatype="Int" />
                </Section>
              </Sections>
            </Member>
            <Member Name="ToClose" Datatype="&quot;HmiAlarm&quot;">
              <Sections>
                <Section Name="None">
                  <Member Name="Active" Datatype="Bool" />
                  <Member Name="Acknowledge" Datatype="Bool" />
                  <Member Name="type" Datatype="Int" />
                </Section>
              </Sections>
            </Member>
            <Member Name="ToSmall" Datatype="&quot;HmiAlarm&quot;">
              <Sections>
                <Section Name="None">
                  <Member Name="Active" Datatype="Bool" />
                  <Member Name="Acknowledge" Datatype="Bool" />
                  <Member Name="type" Datatype="Int" />
                </Section>
              </Sections>
            </Member>
            <Member Name="ToLong" Datatype="&quot;HmiAlarm&quot;">
              <Sections>
                <Section Name="None">
                  <Member Name="Active" Datatype="Bool" />
                  <Member Name="Acknowledge" Datatype="Bool" />
                  <Member Name="type" Datatype="Int" />
                </Section>
              </Sections>
            </Member>
            <Member Name="MotorAlarm" Datatype="&quot;HmiAlarm&quot;">
              <Sections>
                <Section Name="None">
                  <Member Name="Active" Datatype="Bool" />
                  <Member Name="Acknowledge" Datatype="Bool" />
                  <Member Name="type" Datatype="Int" />
                </Section>
              </Sections>
            </Member>
            <Member Name="AlarmActive" Datatype="&quot;HmiAlarm&quot;">
              <Sections>
                <Section Name="None">
                  <Member Name="Active" Datatype="Bool" />
                  <Member Name="Acknowledge" Datatype="Bool" />
                  <Member Name="type" Datatype="Int" />
                </Section>
              </Sections>
            </Member>
            <Member Name="Status" Datatype="Word" />
          </Member>
          <Member Name="Status" Datatype="Struct">
            <Member Name="AccumulationOn" Datatype="Bool" />
            <Member Name="StartedAutoMode" Datatype="Bool" />
            <Member Name="ReadyForStandby" Datatype="Bool" />
            <Member Name="RequestForSending" Datatype="Bool" />
            <Member Name="ExecutingReceiveSequence" Datatype="Bool" />
            <Member Name="ExecutingSendingSequence" Datatype="Bool" />
            <Member Name="ObjectSentPulse" Datatype="Bool" />
            <Member Name="ObjectReceivePulse" Datatype="Bool" />
            <Member Name="GapTimeOk" Datatype="Bool" />
            <Member Name="Empty" Datatype="Bool" />
            <Member Name="ObjectOnConveyor" Datatype="Bool" />
            <Member Name="Initialized" Datatype="Bool" />
            <Member Name="ManualMode" Datatype="Bool" />
          </Member>
          <Member Name="TrackingCmd" Datatype="Struct">
            <Member Name="InductNewTracking" Datatype="Bool" />
            <Member Name="ClearTracking" Datatype="Bool" />
            <Member Name="NewTrackingId" Datatype="&quot;Tracking_Simple_UDT_1&quot;">
              <Sections>
                <Section Name="None">
                  <Member Name="ID" Datatype="UInt" />
                  <Member Name="PLC_Dest" Datatype="Int" />
                  <Member Name="WMS_Dest" Datatype="String[20]" />
                  <Member Name="Barcode" Datatype="String" />
                  <Member Name="GoodRead" Datatype="Bool" />
                  <Member Name="weightGram" Datatype="Real" />
                  <Member Name="prio" Datatype="Bool" />
                </Section>
              </Sections>
            </Member>
          </Member>
          <Member Name="TrackingStat" Datatype="Struct">
            <Member Name="Current" Datatype="&quot;Tracking_Simple_UDT_1&quot;">
              <Sections>
                <Section Name="None">
                  <Member Name="ID" Datatype="UInt" />
                  <Member Name="PLC_Dest" Datatype="Int" />
                  <Member Name="WMS_Dest" Datatype="String[20]" />
                  <Member Name="Barcode" Datatype="String" />
                  <Member Name="GoodRead" Datatype="Bool" />
                  <Member Name="weightGram" Datatype="Real" />
                  <Member Name="prio" Datatype="Bool" />
                </Section>
              </Sections>
            </Member>
            <Member Name="InSending" Datatype="&quot;Tracking_Simple_UDT_1&quot;">
              <Sections>
                <Section Name="None">
                  <Member Name="ID" Datatype="UInt" />
                  <Member Name="PLC_Dest" Datatype="Int" />
                  <Member Name="WMS_Dest" Datatype="String[20]" />
                  <Member Name="Barcode" Datatype="String" />
                  <Member Name="GoodRead" Datatype="Bool" />
                  <Member Name="weightGram" Datatype="Real" />
                  <Member Name="prio" Datatype="Bool" />
                </Section>
              </Sections>
            </Member>
            <Member Name="TrackingReceived" Datatype="Bool" />
            <Member Name="TrackingCleared" Datatype="Bool" />
          </Member>
          <Member Name="Encoder" Datatype="&quot;VirtualEncoder_UDT&quot;">
            <Sections>
              <Section Name="None">
                <Member Name="Distance_mm" Datatype="Real" />
                <Member Name="Speed_mm_ms" Datatype="Real" />
                <Member Name="Settings" Datatype="Struct">
                  <Member Name="Base_M_min" Datatype="Real" />
                  <Member Name="BaseRelative" Datatype="Real" />
                </Member>
              </Section>
            </Sections>
          </Member>
          <Member Name="DiagNostics" Datatype="Struct">
            <Member Name="ReceivedCounter" Datatype="UDInt" />
            <Member Name="SendingCounter" Datatype="UDInt" />
          </Member>
          <Member Name="Index" Datatype="Int" />
          <Member Name="Name" Datatype="String[25]" />
          <Member Name="Zone" Datatype="Int" />
        </Section>
      </Sections>
    </Member>
    <Member Name="IO_SendingConveyor_2" Datatype="&quot;Conveyor_UDT&quot;" Accessibility="Public">
      <Sections>
        <Section Name="None">
          <Member Name="Settings" Datatype="Struct">
            <Member Name="Mode" Datatype="Int" />
            <Member Name="AutomaticBuffering" Datatype="Bool" />
            <Member Name="Direction" Datatype="Bool" />
            <Member Name="EnergySave" Datatype="Bool" />
            <Member Name="RunIddle" Datatype="Bool" />
            <Member Name="AutoReset" Datatype="Bool" />
            <Member Name="SentHoldOnCheckReceive" Datatype="Bool" />
            <Member Name="Timings" Datatype="&quot;ConveyorTimes_UDT&quot;">
              <Sections>
                <Section Name="None">
                  <Member Name="DelayedStart" Datatype="Time" />
                  <Member Name="ConveyorLength" Datatype="Real" />
                  <Member Name="InitDistance" Datatype="Real" />
                  <Member Name="ReceiveDistance" Datatype="Real" />
                  <Member Name="SendDistance" Datatype="Real" />
                  <Member Name="SleepDistance" Datatype="Real" />
                  <Member Name="GapDistance" Datatype="Real" />
                  <Member Name="StartupDelay" Datatype="Time" />
                </Section>
              </Sections>
            </Member>
            <Member Name="Speed" Datatype="Struct">
              <Member Name="speed" Datatype="Real" />
              <Member Name="UpstreamGain" Datatype="Real" />
              <Member Name="speedController" Datatype="Bool" />
            </Member>
            <Member Name="Alarms" Datatype="Struct">
              <Member Name="BlockDetectionOn" Datatype="Bool" />
              <Member Name="BlockedAtStartSensor" Datatype="Bool" />
              <Member Name="ParcelsToCloseDetectionOn" Datatype="Bool" />
              <Member Name="ParcelsToLongDetectionOn" Datatype="Bool" />
              <Member Name="ParcelToShortDetectionOn" Datatype="Bool" />
              <Member Name="BlockRetrys" Datatype="Int" />
              <Member Name="SentTimeError" Datatype="Real" />
              <Member Name="TimeBetweenParcels" Datatype="Real" />
              <Member Name="MinSizeParcel" Datatype="Real" />
              <Member Name="MaxSizeParcel" Datatype="Real" />
            </Member>
          </Member>
          <Member Name="Cmd" Datatype="Struct">
            <Member Name="Reset" Datatype="Bool" />
            <Member Name="ReInitialize" Datatype="Bool" />
            <Member Name="RunAuto" Datatype="Bool" />
            <Member Name="RunManual" Datatype="Bool" />
            <Member Name="SpeedAuto" Datatype="Real" />
            <Member Name="SpeedManual" Datatype="Real" />
            <Member Name="ReadyToReceive" Datatype="Bool" />
            <Member Name="ReadyToSent" Datatype="Bool" />
            <Member Name="InvertFlow" Datatype="Bool" />
            <Member Name="Direction" Datatype="Bool" />
            <Member Name="Accumulate" Datatype="Struct">
              <Member Name="Acc_ext_1" Datatype="Bool" />
              <Member Name="Acc_ext_2" Datatype="Bool" />
              <Member Name="Acc_ext_3" Datatype="Bool" />
              <Member Name="Acc_ext_4" Datatype="Bool" />
              <Member Name="Acc_ext_5" Datatype="Bool" />
              <Member Name="Acc_TC_1" Datatype="Bool" />
              <Member Name="Acc_TC_2" Datatype="Bool" />
              <Member Name="Acc_TC_3" Datatype="Bool" />
              <Member Name="Acc_Scan_1" Datatype="Bool" />
              <Member Name="Acc_Scan_2" Datatype="Bool" />
              <Member Name="Acc_Scan_3" Datatype="Bool" />
              <Member Name="Acc_Scale_1" Datatype="Bool" />
              <Member Name="Acc_Scale_2" Datatype="Bool" />
              <Member Name="Acc_Scale_3" Datatype="Bool" />
            </Member>
            <Member Name="StartRequestObject" Datatype="Bool" />
            <Member Name="StopRequestObject" Datatype="Bool" />
            <Member Name="IgnoreStandby" Datatype="Bool" />
            <Member Name="ManualOverride" Datatype="Bool" />
            <Member Name="Interlock" Datatype="Bool" />
          </Member>
          <Member Name="Input" Datatype="Struct">
            <Member Name="SensorStartHMI" Datatype="Bool" />
            <Member Name="SensorEndHMI" Datatype="Bool" />
            <Member Name="SensorAtStartLogic" Datatype="&quot;SmartBooldt&quot;">
              <Sections>
                <Section Name="None">
                  <Member Name="State" Datatype="Bool" />
                  <Member Name="LE" Datatype="Bool" />
                  <Member Name="FE" Datatype="Bool" />
                  <Member Name="sensorTest" Datatype="Bool" />
                  <Member Name="IddleSignal" Datatype="Bool" />
                  <Member Name="testFailed" Datatype="Bool" />
                  <Member Name="Counter" Datatype="UInt" />
                </Section>
              </Sections>
            </Member>
            <Member Name="SensorAtEndLogic" Datatype="&quot;SmartBooldt&quot;">
              <Sections>
                <Section Name="None">
                  <Member Name="State" Datatype="Bool" />
                  <Member Name="LE" Datatype="Bool" />
                  <Member Name="FE" Datatype="Bool" />
                  <Member Name="sensorTest" Datatype="Bool" />
                  <Member Name="IddleSignal" Datatype="Bool" />
                  <Member Name="testFailed" Datatype="Bool" />
                  <Member Name="Counter" Datatype="UInt" />
                </Section>
              </Sections>
            </Member>
            <Member Name="Running_FB" Datatype="Bool" />
            <Member Name="Interlock" Datatype="Bool" />
          </Member>
          <Member Name="Alarms" Datatype="Struct">
            <Member Name="BlockedReceive" Datatype="&quot;HmiAlarm&quot;">
              <Sections>
                <Section Name="None">
                  <Member Name="Active" Datatype="Bool" />
                  <Member Name="Acknowledge" Datatype="Bool" />
                  <Member Name="type" Datatype="Int" />
                </Section>
              </Sections>
            </Member>
            <Member Name="BlockedSending" Datatype="&quot;HmiAlarm&quot;">
              <Sections>
                <Section Name="None">
                  <Member Name="Active" Datatype="Bool" />
                  <Member Name="Acknowledge" Datatype="Bool" />
                  <Member Name="type" Datatype="Int" />
                </Section>
              </Sections>
            </Member>
            <Member Name="ToClose" Datatype="&quot;HmiAlarm&quot;">
              <Sections>
                <Section Name="None">
                  <Member Name="Active" Datatype="Bool" />
                  <Member Name="Acknowledge" Datatype="Bool" />
                  <Member Name="type" Datatype="Int" />
                </Section>
              </Sections>
            </Member>
            <Member Name="ToSmall" Datatype="&quot;HmiAlarm&quot;">
              <Sections>
                <Section Name="None">
                  <Member Name="Active" Datatype="Bool" />
                  <Member Name="Acknowledge" Datatype="Bool" />
                  <Member Name="type" Datatype="Int" />
                </Section>
              </Sections>
            </Member>
            <Member Name="ToLong" Datatype="&quot;HmiAlarm&quot;">
              <Sections>
                <Section Name="None">
                  <Member Name="Active" Datatype="Bool" />
                  <Member Name="Acknowledge" Datatype="Bool" />
                  <Member Name="type" Datatype="Int" />
                </Section>
              </Sections>
            </Member>
            <Member Name="MotorAlarm" Datatype="&quot;HmiAlarm&quot;">
              <Sections>
                <Section Name="None">
                  <Member Name="Active" Datatype="Bool" />
                  <Member Name="Acknowledge" Datatype="Bool" />
                  <Member Name="type" Datatype="Int" />
                </Section>
              </Sections>
            </Member>
            <Member Name="AlarmActive" Datatype="&quot;HmiAlarm&quot;">
              <Sections>
                <Section Name="None">
                  <Member Name="Active" Datatype="Bool" />
                  <Member Name="Acknowledge" Datatype="Bool" />
                  <Member Name="type" Datatype="Int" />
                </Section>
              </Sections>
            </Member>
            <Member Name="Status" Datatype="Word" />
          </Member>
          <Member Name="Status" Datatype="Struct">
            <Member Name="AccumulationOn" Datatype="Bool" />
            <Member Name="StartedAutoMode" Datatype="Bool" />
            <Member Name="ReadyForStandby" Datatype="Bool" />
            <Member Name="RequestForSending" Datatype="Bool" />
            <Member Name="ExecutingReceiveSequence" Datatype="Bool" />
            <Member Name="ExecutingSendingSequence" Datatype="Bool" />
            <Member Name="ObjectSentPulse" Datatype="Bool" />
            <Member Name="ObjectReceivePulse" Datatype="Bool" />
            <Member Name="GapTimeOk" Datatype="Bool" />
            <Member Name="Empty" Datatype="Bool" />
            <Member Name="ObjectOnConveyor" Datatype="Bool" />
            <Member Name="Initialized" Datatype="Bool" />
            <Member Name="ManualMode" Datatype="Bool" />
          </Member>
          <Member Name="TrackingCmd" Datatype="Struct">
            <Member Name="InductNewTracking" Datatype="Bool" />
            <Member Name="ClearTracking" Datatype="Bool" />
            <Member Name="NewTrackingId" Datatype="&quot;Tracking_Simple_UDT_1&quot;">
              <Sections>
                <Section Name="None">
                  <Member Name="ID" Datatype="UInt" />
                  <Member Name="PLC_Dest" Datatype="Int" />
                  <Member Name="WMS_Dest" Datatype="String[20]" />
                  <Member Name="Barcode" Datatype="String" />
                  <Member Name="GoodRead" Datatype="Bool" />
                  <Member Name="weightGram" Datatype="Real" />
                  <Member Name="prio" Datatype="Bool" />
                </Section>
              </Sections>
            </Member>
          </Member>
          <Member Name="TrackingStat" Datatype="Struct">
            <Member Name="Current" Datatype="&quot;Tracking_Simple_UDT_1&quot;">
              <Sections>
                <Section Name="None">
                  <Member Name="ID" Datatype="UInt" />
                  <Member Name="PLC_Dest" Datatype="Int" />
                  <Member Name="WMS_Dest" Datatype="String[20]" />
                  <Member Name="Barcode" Datatype="String" />
                  <Member Name="GoodRead" Datatype="Bool" />
                  <Member Name="weightGram" Datatype="Real" />
                  <Member Name="prio" Datatype="Bool" />
                </Section>
              </Sections>
            </Member>
            <Member Name="InSending" Datatype="&quot;Tracking_Simple_UDT_1&quot;">
              <Sections>
                <Section Name="None">
                  <Member Name="ID" Datatype="UInt" />
                  <Member Name="PLC_Dest" Datatype="Int" />
                  <Member Name="WMS_Dest" Datatype="String[20]" />
                  <Member Name="Barcode" Datatype="String" />
                  <Member Name="GoodRead" Datatype="Bool" />
                  <Member Name="weightGram" Datatype="Real" />
                  <Member Name="prio" Datatype="Bool" />
                </Section>
              </Sections>
            </Member>
            <Member Name="TrackingReceived" Datatype="Bool" />
            <Member Name="TrackingCleared" Datatype="Bool" />
          </Member>
          <Member Name="Encoder" Datatype="&quot;VirtualEncoder_UDT&quot;">
            <Sections>
              <Section Name="None">
                <Member Name="Distance_mm" Datatype="Real" />
                <Member Name="Speed_mm_ms" Datatype="Real" />
                <Member Name="Settings" Datatype="Struct">
                  <Member Name="Base_M_min" Datatype="Real" />
                  <Member Name="BaseRelative" Datatype="Real" />
                </Member>
              </Section>
            </Sections>
          </Member>
          <Member Name="DiagNostics" Datatype="Struct">
            <Member Name="ReceivedCounter" Datatype="UDInt" />
            <Member Name="SendingCounter" Datatype="UDInt" />
          </Member>
          <Member Name="Index" Datatype="Int" />
          <Member Name="Name" Datatype="String[25]" />
          <Member Name="Zone" Datatype="Int" />
        </Section>
      </Sections>
    </Member>
  </Section>
  <Section Name="Static">
    <Member Name="unlockDelay" Datatype="TON_TIME" Version="1.0" Remanence="NonRetain" Accessibility="Public"><AttributeList><BooleanAttribute Name="ExternalAccessible" SystemDefined="true">true</BooleanAttribute><BooleanAttribute Name="ExternalVisible" SystemDefined="true">true</BooleanAttribute><BooleanAttribute Name="ExternalWritable" SystemDefined="true">true</BooleanAttribute><BooleanAttribute Name="SetPoint" SystemDefined="true">false</BooleanAttribute></AttributeList><Sections><Section Name="None"><Member Name="PT" Datatype="Time" /><Member Name="ET" Datatype="Time" /><Member Name="IN" Datatype="Bool" /><Member Name="Q" Datatype="Bool" /></Section></Sections></Member>
    <Member Name="empty" Datatype="&quot;SmartBool&quot;" Accessibility="Public"><AttributeList><BooleanAttribute Name="ExternalAccessible" SystemDefined="true">true</BooleanAttribute><BooleanAttribute Name="ExternalVisible" SystemDefined="true">true</BooleanAttribute><BooleanAttribute Name="ExternalWritable" SystemDefined="true">true</BooleanAttribute><BooleanAttribute Name="SetPoint" SystemDefined="true">true</BooleanAttribute></AttributeList><Sections><Section Name="Input"><Member Name="I_Sensor" Datatype="Bool" /><Member Name="I_Simulate" Datatype="Bool" /><Member Name="HoldOnTIme" Datatype="Time" /><Member Name="DelayOnTime" Datatype="Time" /></Section><Section Name="Output"><Member Name="O_data" Datatype="&quot;SmartBooldt&quot;"><Sections><Section Name="None"><Member Name="State" Datatype="Bool" /><Member Name="LE" Datatype="Bool" /><Member Name="FE" Datatype="Bool" /><Member Name="sensorTest" Datatype="Bool" /><Member Name="IddleSignal" Datatype="Bool" /><Member Name="testFailed" Datatype="Bool" /><Member Name="Counter" Datatype="UInt" /></Section></Sections></Member></Section><Section Name="InOut" /><Section Name="Static"><Member Name="S_Prev_Val" Datatype="Bool" /><Member Name="S_DelayOnTime" Datatype="TON_TIME" Version="1.0"><Sections><Section Name="None"><Member Name="PT" Datatype="Time" /><Member Name="ET" Datatype="Time" /><Member Name="IN" Datatype="Bool" /><Member Name="Q" Datatype="Bool" /></Section></Sections></Member><Member Name="S_HoldOnTimer" Datatype="TOF_TIME" Version="1.0"><Sections><Section Name="None"><Member Name="PT" Datatype="Time" /><Member Name="ET" Datatype="Time" /><Member Name="IN" Datatype="Bool" /><Member Name="Q" Datatype="Bool" /></Section></Sections></Member><Member Name="S_LE" Datatype="Bool" /><Member Name="S_FE" Datatype="Bool" /><Member Name="S_SensorState" Datatype="Bool" /><Member Name="S_HoldOn" Datatype="Bool" /></Section></Sections></Member>
    <Member Name="LOCK" Datatype="Bool" Remanence="NonRetain" Accessibility="Public"><AttributeList><BooleanAttribute Name="ExternalAccessible" SystemDefined="true">true</BooleanAttribute><BooleanAttribute Name="ExternalVisible" SystemDefined="true">true</BooleanAttribute><BooleanAttribute Name="ExternalWritable" SystemDefined="true">true</BooleanAttribute><BooleanAttribute Name="SetPoint" SystemDefined="true">false</BooleanAttribute></AttributeList></Member>
    <Member Name="option" Datatype="Int" Remanence="NonRetain" Accessibility="Public"><AttributeList><BooleanAttribute Name="ExternalAccessible" SystemDefined="true">true</BooleanAttribute><BooleanAttribute Name="ExternalVisible" SystemDefined="true">true</BooleanAttribute><BooleanAttribute Name="ExternalWritable" SystemDefined="true">true</BooleanAttribute><BooleanAttribute Name="SetPoint" SystemDefined="true">false</BooleanAttribute></AttributeList></Member>
    <Member Name="OptionsSaved" Datatype="Bool" Remanence="NonRetain" Accessibility="Public"><AttributeList><BooleanAttribute Name="ExternalAccessible" SystemDefined="true">true</BooleanAttribute><BooleanAttribute Name="ExternalVisible" SystemDefined="true">true</BooleanAttribute><BooleanAttribute Name="ExternalWritable" SystemDefined="true">true</BooleanAttribute><BooleanAttribute Name="SetPoint" SystemDefined="true">false</BooleanAttribute></AttributeList></Member>
    <Member Name="conv1_wait" Datatype="DInt" Remanence="NonRetain" Accessibility="Public"><AttributeList><BooleanAttribute Name="ExternalAccessible" SystemDefined="true">true</BooleanAttribute><BooleanAttribute Name="ExternalVisible" SystemDefined="true">true</BooleanAttribute><BooleanAttribute Name="ExternalWritable" SystemDefined="true">true</BooleanAttribute><BooleanAttribute Name="SetPoint" SystemDefined="true">false</BooleanAttribute></AttributeList></Member>
    <Member Name="conv2_wait" Datatype="DInt" Remanence="NonRetain" Accessibility="Public"><AttributeList><BooleanAttribute Name="ExternalAccessible" SystemDefined="true">true</BooleanAttribute><BooleanAttribute Name="ExternalVisible" SystemDefined="true">true</BooleanAttribute><BooleanAttribute Name="ExternalWritable" SystemDefined="true">true</BooleanAttribute><BooleanAttribute Name="SetPoint" SystemDefined="true">false</BooleanAttribute></AttributeList></Member>
    <Member Name="cycle" Datatype="&quot;ScanTimer_FB&quot;" Accessibility="Public"><AttributeList><BooleanAttribute Name="ExternalAccessible" SystemDefined="true">true</BooleanAttribute><BooleanAttribute Name="ExternalVisible" SystemDefined="true">true</BooleanAttribute><BooleanAttribute Name="ExternalWritable" SystemDefined="true">true</BooleanAttribute><BooleanAttribute Name="SetPoint" SystemDefined="true">true</BooleanAttribute></AttributeList><Sections><Section Name="Input" /><Section Name="Output"><Member Name="O_ScanTime" Datatype="DInt" /></Section><Section Name="InOut" /><Section Name="Static"><Member Name="PrevDate" Datatype="DInt" /></Section></Sections></Member>
  </Section>
  <Section Name="Temp">
    <Member Name="T_Condition" Datatype="Bool" />
  </Section>
  <Section Name="Constant" />
</Sections></Interface>
      <IsIECCheckEnabled>false</IsIECCheckEnabled>
      <IsRetainMemResEnabled>false</IsRetainMemResEnabled>
      <MemoryLayout>Optimized</MemoryLayout>
      <MemoryReserve>100</MemoryReserve>
      <Name>TrafficController_INTERSECT_RECEIVE_FB</Name>
      <Number>54</Number>
      <ProgrammingLanguage>SCL</ProgrammingLanguage>
      <SetENOAutomatically>false</SetENOAutomatically>
      <UDABlockProperties />
      <UDAEnableTagReadback>false</UDAEnableTagReadback>
    </AttributeList>
    <ObjectList>
      <MultilingualText ID="1" CompositionName="Comment">
        <ObjectList>
          <MultilingualTextItem ID="2" CompositionName="Items">
            <AttributeList>
              <Culture>en-US</Culture>
              <Text>intersection receives from one section and can sent to other 3 sections</Text>
            </AttributeList>
          </MultilingualTextItem>
          <MultilingualTextItem ID="3" CompositionName="Items">
            <AttributeList>
              <Culture>fr-BE</Culture>
              <Text />
            </AttributeList>
          </MultilingualTextItem>
        </ObjectList>
      </MultilingualText>
      <SW.Blocks.CompileUnit ID="4" CompositionName="CompileUnits">
        <AttributeList>
          <NetworkSource><StructuredText xmlns="http://www.siemens.com/automation/Openness/SW/NetworkSource/StructuredText/v3">
  <Access Scope="LocalVariable" UId="21">
    <Symbol UId="22">
      <Component Name="IO_SendingConveyor_1" UId="23" />
      <Token Text="." UId="24" />
      <Component Name="Cmd" UId="25" />
      <Token Text="." UId="26" />
      <Component Name="Accumulate" UId="27" />
      <Token Text="." UId="28" />
      <Component Name="Acc_TC_1" UId="29" />
    </Symbol>
  </Access>
  <Blank Num="1" UId="30" />
  <Token Text=":=" UId="31" />
  <Blank Num="1" UId="32" />
  <Access Scope="LiteralConstant" UId="33">
    <Constant UId="34">
      <ConstantValue UId="36">TRUE</ConstantValue>
    </Constant>
  </Access>
  <Token Text=";" UId="37" />
  <NewLine Num="1" UId="38" />
  <Access Scope="LocalVariable" UId="39">
    <Symbol UId="40">
      <Component Name="IO_SendingConveyor_2" UId="41" />
      <Token Text="." UId="42" />
      <Component Name="Cmd" UId="43" />
      <Token Text="." UId="44" />
      <Component Name="Accumulate" UId="45" />
      <Token Text="." UId="46" />
      <Component Name="Acc_TC_1" UId="47" />
    </Symbol>
  </Access>
  <Blank Num="1" UId="48" />
  <Token Text=":=" UId="49" />
  <Blank Num="1" UId="50" />
  <Access Scope="LiteralConstant" UId="51">
    <Constant UId="52">
      <ConstantValue UId="54">TRUE</ConstantValue>
    </Constant>
  </Access>
  <Token Text=";" UId="55" />
  <NewLine Num="2" UId="56" />
  <Token Text="REGION" UId="57" />
  <Blank Num="1" UId="58" />
  <Text UId="59">FLOW CONTROL</Text>
  <NewLine Num="1" UId="60" />
  <Blank Num="4" UId="61" />
  <NewLine Num="1" UId="62" />
  <Blank Num="4" UId="63" />
  <Token Text="REGION" UId="64" />
  <Blank Num="1" UId="65" />
  <Text UId="66">CALCULATE WAIT TIMES</Text>
  <NewLine Num="1" UId="67" />
  <Blank Num="8" UId="68" />
  <Access Scope="Call" UId="69">
    <CallInfo UId="70" BlockType="FB" Name="ScanTimer_FB">
      <Instance Scope="LocalVariable" UId="71">
        <Component Name="cycle" UId="72" />
      </Instance>
      <Token Text="(" UId="73" />
      <Token Text=")" UId="75" />
    </CallInfo>
  </Access>
  <Token Text=";" UId="76" />
  <NewLine Num="1" UId="77" />
  <Blank Num="8" UId="78" />
  <NewLine Num="1" UId="79" />
  <Blank Num="8" UId="80" />
  <Token Text="IF" UId="81" />
  <Blank Num="1" UId="82" />
  <Access Scope="LocalVariable" UId="83">
    <Symbol UId="84">
      <Component Name="IO_SendingConveyor_1" UId="85" />
      <Token Text="." UId="86" />
      <Component Name="Status" UId="87" />
      <Token Text="." UId="88" />
      <Component Name="RequestForSending" UId="89" />
    </Symbol>
  </Access>
  <Blank Num="1" UId="90" />
  <Token Text="THEN" UId="91" />
  <NewLine Num="1" UId="92" />
  <Blank Num="12" UId="93" />
  <Access Scope="LocalVariable" UId="94">
    <Symbol UId="95">
      <Component Name="conv1_wait" UId="96" />
    </Symbol>
  </Access>
  <Blank Num="1" UId="97" />
  <Token Text="+=" UId="98" />
  <Blank Num="1" UId="99" />
  <Access Scope="LocalVariable" UId="100">
    <Symbol UId="101">
      <Component Name="cycle" UId="102" />
      <Token Text="." UId="103" />
      <Component Name="O_ScanTime" UId="104" />
    </Symbol>
  </Access>
  <Token Text=";" UId="105" />
  <NewLine Num="1" UId="106" />
  <Blank Num="8" UId="107" />
  <Token Text="ELSE" UId="108" />
  <NewLine Num="1" UId="109" />
  <Blank Num="12" UId="110" />
  <Access Scope="LocalVariable" UId="111">
    <Symbol UId="112">
      <Component Name="conv1_wait" UId="113" />
    </Symbol>
  </Access>
  <Blank Num="1" UId="114" />
  <Token Text=":=" UId="115" />
  <Blank Num="1" UId="116" />
  <Access Scope="LiteralConstant" UId="117">
    <Constant UId="118">
      <ConstantValue UId="120">0</ConstantValue>
    </Constant>
  </Access>
  <Token Text=";" UId="121" />
  <NewLine Num="1" UId="122" />
  <Blank Num="8" UId="123" />
  <Token Text="END_IF" UId="124" />
  <Token Text=";" UId="125" />
  <NewLine Num="1" UId="126" />
  <Blank Num="8" UId="127" />
  <NewLine Num="1" UId="128" />
  <Blank Num="8" UId="129" />
  <Token Text="IF" UId="130" />
  <Blank Num="1" UId="131" />
  <Access Scope="LocalVariable" UId="132">
    <Symbol UId="133">
      <Component Name="IO_SendingConveyor_2" UId="134" />
      <Token Text="." UId="135" />
      <Component Name="Status" UId="136" />
      <Token Text="." UId="137" />
      <Component Name="RequestForSending" UId="138" />
    </Symbol>
  </Access>
  <Blank Num="1" UId="139" />
  <Token Text="THEN" UId="140" />
  <NewLine Num="1" UId="141" />
  <Blank Num="12" UId="142" />
  <Access Scope="LocalVariable" UId="143">
    <Symbol UId="144">
      <Component Name="conv2_wait" UId="145" />
    </Symbol>
  </Access>
  <Blank Num="1" UId="146" />
  <Token Text="+=" UId="147" />
  <Blank Num="1" UId="148" />
  <Access Scope="LocalVariable" UId="149">
    <Symbol UId="150">
      <Component Name="cycle" UId="151" />
      <Token Text="." UId="152" />
      <Component Name="O_ScanTime" UId="153" />
    </Symbol>
  </Access>
  <Token Text=";" UId="154" />
  <NewLine Num="1" UId="155" />
  <Blank Num="8" UId="156" />
  <Token Text="ELSE" UId="157" />
  <NewLine Num="1" UId="158" />
  <Blank Num="12" UId="159" />
  <Access Scope="LocalVariable" UId="160">
    <Symbol UId="161">
      <Component Name="conv2_wait" UId="162" />
    </Symbol>
  </Access>
  <Blank Num="1" UId="163" />
  <Token Text=":=" UId="164" />
  <Blank Num="1" UId="165" />
  <Access Scope="LiteralConstant" UId="166">
    <Constant UId="167">
      <ConstantValue UId="169">0</ConstantValue>
    </Constant>
  </Access>
  <Token Text=";" UId="170" />
  <NewLine Num="1" UId="171" />
  <Blank Num="8" UId="172" />
  <Token Text="END_IF" UId="173" />
  <Token Text=";" UId="174" />
  <NewLine Num="1" UId="175" />
  <Blank Num="8" UId="176" />
  <NewLine Num="1" UId="177" />
  <Blank Num="4" UId="178" />
  <Token Text="END_REGION" UId="179" />
  <NewLine Num="1" UId="180" />
  <Blank Num="4" UId="181" />
  <NewLine Num="1" UId="182" />
  <Blank Num="4" UId="183" />
  <LineComment Inserted="false" NoClosingBracket="false" UId="184">
    <Text UId="185">#option := 0;</Text>
  </LineComment>
  <NewLine Num="1" UId="186" />
  <Blank Num="4" UId="187" />
  <NewLine Num="1" UId="188" />
  <Blank Num="4" UId="189" />
  <Token Text="IF" UId="190" />
  <Blank Num="1" UId="191" />
  <Access Scope="LocalVariable" UId="192">
    <Symbol UId="193">
      <Component Name="conv1_wait" UId="194" />
    </Symbol>
  </Access>
  <Blank Num="1" UId="195" />
  <Token Text="&gt;" UId="196" />
  <Blank Num="1" UId="197" />
  <Access Scope="LiteralConstant" UId="198">
    <Constant UId="199">
      <ConstantValue UId="201">0</ConstantValue>
    </Constant>
  </Access>
  <Blank Num="1" UId="202" />
  <Token Text="AND" UId="203" />
  <Blank Num="1" UId="204" />
  <Access Scope="LocalVariable" UId="205">
    <Symbol UId="206">
      <Component Name="conv1_wait" UId="207" />
    </Symbol>
  </Access>
  <Blank Num="1" UId="208" />
  <Token Text="&gt;=" UId="209" />
  <Blank Num="1" UId="210" />
  <Access Scope="LocalVariable" UId="211">
    <Symbol UId="212">
      <Component Name="conv2_wait" UId="213" />
    </Symbol>
  </Access>
  <Blank Num="1" UId="214" />
  <Token Text="AND" UId="215" />
  <Blank Num="1" UId="216" />
  <Token Text="NOT" UId="217" />
  <Blank Num="1" UId="218" />
  <Access Scope="LocalVariable" UId="219">
    <Symbol UId="220">
      <Component Name="LOCK" UId="221" />
    </Symbol>
  </Access>
  <Blank Num="1" UId="222" />
  <Token Text="THEN" UId="223" />
  <NewLine Num="1" UId="224" />
  <Blank Num="8" UId="225" />
  <Access Scope="LocalVariable" UId="226">
    <Symbol UId="227">
      <Component Name="option" UId="228" />
    </Symbol>
  </Access>
  <Blank Num="1" UId="229" />
  <Token Text=":=" UId="230" />
  <Blank Num="1" UId="231" />
  <Access Scope="LiteralConstant" UId="232">
    <Constant UId="233">
      <ConstantValue UId="235">1</ConstantValue>
    </Constant>
  </Access>
  <Token Text=";" UId="236" />
  <NewLine Num="1" UId="237" />
  <Blank Num="8" UId="238" />
  <Access Scope="LocalVariable" UId="239">
    <Symbol UId="240">
      <Component Name="LOCK" UId="241" />
    </Symbol>
  </Access>
  <Blank Num="1" UId="242" />
  <Token Text=":=" UId="243" />
  <Blank Num="1" UId="244" />
  <Access Scope="LiteralConstant" UId="245">
    <Constant UId="246">
      <ConstantValue UId="248">1</ConstantValue>
    </Constant>
  </Access>
  <Token Text=";" UId="249" />
  <NewLine Num="1" UId="250" />
  <Blank Num="4" UId="251" />
  <Token Text="END_IF" UId="252" />
  <Token Text=";" UId="253" />
  <NewLine Num="1" UId="254" />
  <Blank Num="4" UId="255" />
  <NewLine Num="1" UId="256" />
  <Blank Num="4" UId="257" />
  <Token Text="IF" UId="258" />
  <Blank Num="1" UId="259" />
  <Access Scope="LocalVariable" UId="260">
    <Symbol UId="261">
      <Component Name="conv2_wait" UId="262" />
    </Symbol>
  </Access>
  <Blank Num="1" UId="263" />
  <Token Text="&gt;" UId="264" />
  <Blank Num="1" UId="265" />
  <Access Scope="LiteralConstant" UId="266">
    <Constant UId="267">
      <ConstantValue UId="269">0</ConstantValue>
    </Constant>
  </Access>
  <Blank Num="1" UId="270" />
  <Token Text="AND" UId="271" />
  <Blank Num="1" UId="272" />
  <Access Scope="LocalVariable" UId="273">
    <Symbol UId="274">
      <Component Name="conv2_wait" UId="275" />
    </Symbol>
  </Access>
  <Blank Num="1" UId="276" />
  <Token Text="&gt;" UId="277" />
  <Blank Num="1" UId="278" />
  <Access Scope="LocalVariable" UId="279">
    <Symbol UId="280">
      <Component Name="conv1_wait" UId="281" />
    </Symbol>
  </Access>
  <Blank Num="1" UId="282" />
  <Token Text="AND" UId="283" />
  <Blank Num="1" UId="284" />
  <Token Text="NOT" UId="285" />
  <Blank Num="1" UId="286" />
  <Access Scope="LocalVariable" UId="287">
    <Symbol UId="288">
      <Component Name="LOCK" UId="289" />
    </Symbol>
  </Access>
  <Blank Num="1" UId="290" />
  <Token Text="THEN" UId="291" />
  <NewLine Num="1" UId="292" />
  <Blank Num="8" UId="293" />
  <Access Scope="LocalVariable" UId="294">
    <Symbol UId="295">
      <Component Name="option" UId="296" />
    </Symbol>
  </Access>
  <Blank Num="1" UId="297" />
  <Token Text=":=" UId="298" />
  <Blank Num="1" UId="299" />
  <Access Scope="LiteralConstant" UId="300">
    <Constant UId="301">
      <ConstantValue UId="303">2</ConstantValue>
    </Constant>
  </Access>
  <Token Text=";" UId="304" />
  <NewLine Num="1" UId="305" />
  <Blank Num="8" UId="306" />
  <Access Scope="LocalVariable" UId="307">
    <Symbol UId="308">
      <Component Name="LOCK" UId="309" />
    </Symbol>
  </Access>
  <Blank Num="1" UId="310" />
  <Token Text=":=" UId="311" />
  <Blank Num="1" UId="312" />
  <Access Scope="LiteralConstant" UId="313">
    <Constant UId="314">
      <ConstantValue UId="316">1</ConstantValue>
    </Constant>
  </Access>
  <Token Text=";" UId="317" />
  <NewLine Num="1" UId="318" />
  <Blank Num="4" UId="319" />
  <Token Text="END_IF" UId="320" />
  <Token Text=";" UId="321" />
  <NewLine Num="1" UId="322" />
  <Blank Num="4" UId="323" />
  <NewLine Num="1" UId="324" />
  <Token Text="END_REGION" UId="325" />
  <NewLine Num="2" UId="326" />
  <Token Text="REGION" UId="327" />
  <Blank Num="1" UId="328" />
  <Text UId="329">CHECK TO TRANSFER SETTINGS</Text>
  <NewLine Num="1" UId="330" />
  <Blank Num="4" UId="331" />
  <NewLine Num="1" UId="332" />
  <Blank Num="4" UId="333" />
  <Token Text="IF" UId="334" />
  <Blank Num="1" UId="335" />
  <Token Text="(" UId="336" />
  <Access Scope="LocalVariable" UId="337">
    <Symbol UId="338">
      <Component Name="IO_SendingConveyor_1" UId="339" />
      <Token Text="." UId="340" />
      <Component Name="Status" UId="341" />
      <Token Text="." UId="342" />
      <Component Name="RequestForSending" UId="343" />
    </Symbol>
  </Access>
  <Blank Num="1" UId="344" />
  <Token Text="OR" UId="345" />
  <Blank Num="1" UId="346" />
  <Access Scope="LocalVariable" UId="347">
    <Symbol UId="348">
      <Component Name="IO_SendingConveyor_2" UId="349" />
      <Token Text="." UId="350" />
      <Component Name="Status" UId="351" />
      <Token Text="." UId="352" />
      <Component Name="RequestForSending" UId="353" />
    </Symbol>
  </Access>
  <Token Text=")" UId="354" />
  <NewLine Num="1" UId="355" />
  <Blank Num="8" UId="356" />
  <Token Text="AND" UId="357" />
  <Blank Num="1" UId="358" />
  <Access Scope="LocalVariable" UId="359">
    <Symbol UId="360">
      <Component Name="I_IntersectionConveyor" UId="361" />
      <Token Text="." UId="362" />
      <Component Name="Status" UId="363" />
      <Token Text="." UId="364" />
      <Component Name="Empty" UId="365" />
    </Symbol>
  </Access>
  <Blank Num="1" UId="366" />
  <Token Text="THEN" UId="367" />
  <NewLine Num="1" UId="368" />
  <Blank Num="8" UId="369" />
  <NewLine Num="1" UId="370" />
  <Blank Num="8" UId="371" />
  <Token Text="CASE" UId="372" />
  <Blank Num="1" UId="373" />
  <Access Scope="LocalVariable" UId="374">
    <Symbol UId="375">
      <Component Name="option" UId="376" />
    </Symbol>
  </Access>
  <Blank Num="1" UId="377" />
  <Token Text="OF" UId="378" />
  <NewLine Num="1" UId="379" />
  <Blank Num="12" UId="380" />
  <Access Scope="LiteralConstant" UId="381">
    <Constant UId="382">
      <ConstantValue UId="384">1</ConstantValue>
    </Constant>
  </Access>
  <Token Text=":" UId="385" />
  <NewLine Num="1" UId="386" />
  <Blank Num="16" UId="387" />
  <Access Scope="LocalVariable" UId="388">
    <Symbol UId="389">
      <Component Name="IO_IntersectionSettings" UId="390" />
    </Symbol>
  </Access>
  <Blank Num="1" UId="391" />
  <Token Text=":=" UId="392" />
  <Blank Num="1" UId="393" />
  <Access Scope="LocalVariable" UId="394">
    <Symbol UId="395">
      <Component Name="I_Option_1_Settings" UId="396" />
    </Symbol>
  </Access>
  <Token Text=";" UId="397" />
  <NewLine Num="1" UId="398" />
  <Blank Num="12" UId="399" />
  <Access Scope="LiteralConstant" UId="400">
    <Constant UId="401">
      <ConstantValue UId="403">2</ConstantValue>
    </Constant>
  </Access>
  <Token Text=":" UId="404" />
  <NewLine Num="1" UId="405" />
  <Blank Num="16" UId="406" />
  <Access Scope="LocalVariable" UId="407">
    <Symbol UId="408">
      <Component Name="IO_IntersectionSettings" UId="409" />
    </Symbol>
  </Access>
  <Blank Num="1" UId="410" />
  <Token Text=":=" UId="411" />
  <Blank Num="1" UId="412" />
  <Access Scope="LocalVariable" UId="413">
    <Symbol UId="414">
      <Component Name="I_Option_2_Settings" UId="415" />
    </Symbol>
  </Access>
  <Token Text=";" UId="416" />
  <NewLine Num="1" UId="417" />
  <Blank Num="8" UId="418" />
  <Token Text="END_CASE" UId="419" />
  <Token Text=";" UId="420" />
  <NewLine Num="1" UId="421" />
  <Blank Num="8" UId="422" />
  <NewLine Num="1" UId="423" />
  <Blank Num="8" UId="424" />
  <NewLine Num="1" UId="425" />
  <Blank Num="4" UId="426" />
  <Token Text="END_IF" UId="427" />
  <Token Text=";" UId="428" />
  <NewLine Num="1" UId="429" />
  <Blank Num="4" UId="430" />
  <NewLine Num="1" UId="431" />
  <Token Text="END_REGION" UId="432" />
  <NewLine Num="2" UId="433" />
  <Token Text="REGION" UId="434" />
  <Blank Num="1" UId="435" />
  <Text UId="436">TURN OFF ACCUMULATION OF SENDING CONV</Text>
  <NewLine Num="1" UId="437" />
  <Blank Num="4" UId="438" />
  <NewLine Num="1" UId="439" />
  <Blank Num="4" UId="440" />
  <Token Text="IF" UId="441" />
  <Blank Num="1" UId="442" />
  <Token Text="(" UId="443" />
  <Access Scope="LocalVariable" UId="444">
    <Symbol UId="445">
      <Component Name="IO_SendingConveyor_1" UId="446" />
      <Token Text="." UId="447" />
      <Component Name="Status" UId="448" />
      <Token Text="." UId="449" />
      <Component Name="RequestForSending" UId="450" />
    </Symbol>
  </Access>
  <Blank Num="1" UId="451" />
  <Token Text="OR" UId="452" />
  <Blank Num="1" UId="453" />
  <Access Scope="LocalVariable" UId="454">
    <Symbol UId="455">
      <Component Name="IO_SendingConveyor_2" UId="456" />
      <Token Text="." UId="457" />
      <Component Name="Status" UId="458" />
      <Token Text="." UId="459" />
      <Component Name="RequestForSending" UId="460" />
    </Symbol>
  </Access>
  <Token Text=")" UId="461" />
  <NewLine Num="1" UId="462" />
  <Blank Num="8" UId="463" />
  <Token Text="AND" UId="464" />
  <Blank Num="1" UId="465" />
  <Access Scope="LocalVariable" UId="466">
    <Symbol UId="467">
      <Component Name="I_IntersectionConveyor" UId="468" />
      <Token Text="." UId="469" />
      <Component Name="Status" UId="470" />
      <Token Text="." UId="471" />
      <Component Name="Empty" UId="472" />
    </Symbol>
  </Access>
  <Blank Num="1" UId="473" />
  <Token Text="THEN" UId="474" />
  <NewLine Num="1" UId="475" />
  <Blank Num="8" UId="476" />
  <NewLine Num="1" UId="477" />
  <Blank Num="8" UId="478" />
  <Token Text="IF" UId="479" />
  <Blank Num="1" UId="480" />
  <Access Scope="LocalVariable" UId="481">
    <Symbol UId="482">
      <Component Name="option" UId="483" />
    </Symbol>
  </Access>
  <Blank Num="1" UId="484" />
  <Token Text="=" UId="485" />
  <Blank Num="1" UId="486" />
  <Access Scope="LiteralConstant" UId="487">
    <Constant UId="488">
      <ConstantValue UId="490">1</ConstantValue>
    </Constant>
  </Access>
  <Blank Num="1" UId="491" />
  <Token Text="THEN" UId="492" />
  <NewLine Num="1" UId="493" />
  <Blank Num="12" UId="494" />
  <Access Scope="LocalVariable" UId="495">
    <Symbol UId="496">
      <Component Name="IO_SendingConveyor_1" UId="497" />
      <Token Text="." UId="498" />
      <Component Name="Cmd" UId="499" />
      <Token Text="." UId="500" />
      <Component Name="Accumulate" UId="501" />
      <Token Text="." UId="502" />
      <Component Name="Acc_TC_1" UId="503" />
    </Symbol>
  </Access>
  <Blank Num="1" UId="504" />
  <Token Text=":=" UId="505" />
  <Blank Num="1" UId="506" />
  <Access Scope="LiteralConstant" UId="507">
    <Constant UId="508">
      <ConstantValue UId="510">FALSE</ConstantValue>
    </Constant>
  </Access>
  <Token Text=";" UId="511" />
  <NewLine Num="1" UId="512" />
  <Blank Num="8" UId="513" />
  <Token Text="END_IF" UId="514" />
  <Token Text=";" UId="515" />
  <NewLine Num="1" UId="516" />
  <Blank Num="8" UId="517" />
  <NewLine Num="1" UId="518" />
  <Blank Num="8" UId="519" />
  <Token Text="IF" UId="520" />
  <Blank Num="1" UId="521" />
  <Access Scope="LocalVariable" UId="522">
    <Symbol UId="523">
      <Component Name="option" UId="524" />
    </Symbol>
  </Access>
  <Blank Num="1" UId="525" />
  <Token Text="=" UId="526" />
  <Blank Num="1" UId="527" />
  <Access Scope="LiteralConstant" UId="528">
    <Constant UId="529">
      <ConstantValue UId="531">2</ConstantValue>
    </Constant>
  </Access>
  <Blank Num="1" UId="532" />
  <Token Text="THEN" UId="533" />
  <NewLine Num="1" UId="534" />
  <Blank Num="12" UId="535" />
  <Access Scope="LocalVariable" UId="536">
    <Symbol UId="537">
      <Component Name="IO_SendingConveyor_2" UId="538" />
      <Token Text="." UId="539" />
      <Component Name="Cmd" UId="540" />
      <Token Text="." UId="541" />
      <Component Name="Accumulate" UId="542" />
      <Token Text="." UId="543" />
      <Component Name="Acc_TC_1" UId="544" />
    </Symbol>
  </Access>
  <Blank Num="1" UId="545" />
  <Token Text=":=" UId="546" />
  <Blank Num="1" UId="547" />
  <Access Scope="LiteralConstant" UId="548">
    <Constant UId="549">
      <ConstantValue UId="551">FALSE</ConstantValue>
    </Constant>
  </Access>
  <Token Text=";" UId="552" />
  <NewLine Num="1" UId="553" />
  <Blank Num="8" UId="554" />
  <Token Text="END_IF" UId="555" />
  <Token Text=";" UId="556" />
  <NewLine Num="1" UId="557" />
  <Blank Num="8" UId="558" />
  <NewLine Num="1" UId="559" />
  <Blank Num="4" UId="560" />
  <Token Text="END_IF" UId="561" />
  <Token Text=";" UId="562" />
  <NewLine Num="1" UId="563" />
  <Blank Num="4" UId="564" />
  <NewLine Num="1" UId="565" />
  <Token Text="END_REGION" UId="566" />
  <NewLine Num="2" UId="567" />
  <Token Text="REGION" UId="568" />
  <Blank Num="1" UId="569" />
  <Text UId="570">UNLOCK</Text>
  <NewLine Num="1" UId="571" />
  <Blank Num="4" UId="572" />
  <NewLine Num="1" UId="573" />
  <Blank Num="4" UId="574" />
  <Access Scope="Call" UId="575">
    <CallInfo UId="576" BlockType="FB" Name="SmartBool">
      <Instance Scope="LocalVariable" UId="577">
        <Component Name="empty" UId="578" />
      </Instance>
      <Token Text="(" UId="579" />
      <Parameter Name="I_Sensor" UId="580">
        <Blank Num="1" UId="581" />
        <Token Text=":=" UId="582" />
        <Blank Num="1" UId="583" />
        <Access Scope="LocalVariable" UId="584">
          <Symbol UId="585">
            <Component Name="I_IntersectionConveyor" UId="586" />
            <Token Text="." UId="587" />
            <Component Name="Status" UId="588" />
            <Token Text="." UId="589" />
            <Component Name="Empty" UId="590" />
          </Symbol>
        </Access>
      </Parameter>
      <Token Text=")" UId="595" />
    </CallInfo>
  </Access>
  <Token Text=";" UId="596" />
  <NewLine Num="1" UId="597" />
  <Blank Num="4" UId="598" />
  <NewLine Num="1" UId="599" />
  <Blank Num="4" UId="600" />
  <Access Scope="LocalVariable" UId="601">
    <Symbol UId="602">
      <Component Name="T_Condition" UId="603" />
    </Symbol>
  </Access>
  <Blank Num="1" UId="604" />
  <Token Text=":=" UId="605" />
  <NewLine Num="1" UId="606" />
  <Blank Num="4" UId="607" />
  <Access Scope="LocalVariable" UId="608">
    <Symbol UId="609">
      <Component Name="I_IntersectionConveyor" UId="610" />
      <Token Text="." UId="611" />
      <Component Name="Status" UId="612" />
      <Token Text="." UId="613" />
      <Component Name="Empty" UId="614" />
    </Symbol>
  </Access>
  <Blank Num="1" UId="615" />
  <Token Text="AND" UId="616" />
  <NewLine Num="1" UId="617" />
  <Blank Num="4" UId="618" />
  <Token Text="NOT" UId="619" />
  <Blank Num="1" UId="620" />
  <Access Scope="LocalVariable" UId="621">
    <Symbol UId="622">
      <Component Name="IO_SendingConveyor_1" UId="623" />
      <Token Text="." UId="624" />
      <Component Name="Cmd" UId="625" />
      <Token Text="." UId="626" />
      <Component Name="RunAuto" UId="627" />
    </Symbol>
  </Access>
  <Blank Num="1" UId="628" />
  <Token Text="AND" UId="629" />
  <NewLine Num="1" UId="630" />
  <Blank Num="4" UId="631" />
  <Token Text="NOT" UId="632" />
  <Blank Num="1" UId="633" />
  <Access Scope="LocalVariable" UId="634">
    <Symbol UId="635">
      <Component Name="IO_SendingConveyor_2" UId="636" />
      <Token Text="." UId="637" />
      <Component Name="Cmd" UId="638" />
      <Token Text="." UId="639" />
      <Component Name="RunAuto" UId="640" />
    </Symbol>
  </Access>
  <Blank Num="1" UId="641" />
  <Token Text="AND" UId="642" />
  <NewLine Num="1" UId="643" />
  <Blank Num="4" UId="644" />
  <Access Scope="LocalVariable" UId="645">
    <Symbol UId="646">
      <Component Name="LOCK" UId="647" />
    </Symbol>
  </Access>
  <Token Text=";" UId="648" />
  <NewLine Num="1" UId="649" />
  <Blank Num="4" UId="650" />
  <NewLine Num="1" UId="651" />
  <Blank Num="4" UId="652" />
  <Access Scope="LocalVariable" UId="653">
    <Symbol UId="654">
      <Component Name="unlockDelay" UId="655" />
    </Symbol>
  </Access>
  <Access Scope="Call" UId="656">
    <Instruction UId="657">
      <Token Text="(" UId="658" />
      <Parameter Name="IN" UId="659">
        <Blank Num="1" UId="660" />
        <Token Text=":=" UId="661" />
        <Blank Num="1" UId="662" />
        <Access Scope="LocalVariable" UId="663">
          <Symbol UId="664">
            <Component Name="T_Condition" UId="665" />
          </Symbol>
        </Access>
      </Parameter>
      <Token Text="," UId="666" />
      <NewLine Num="1" UId="667" />
      <Blank Num="17" UId="668" />
      <Parameter Name="PT" UId="669">
        <Blank Num="1" UId="670" />
        <Token Text=":=" UId="671" />
        <Blank Num="1" UId="672" />
        <Access Scope="TypedConstant" UId="673">
          <Constant UId="674">
            <ConstantValue UId="675">t#3s</ConstantValue>
          </Constant>
        </Access>
      </Parameter>
      <Token Text=")" UId="676" />
    </Instruction>
  </Access>
  <Token Text=";" UId="677" />
  <NewLine Num="1" UId="678" />
  <Blank Num="4" UId="679" />
  <NewLine Num="1" UId="680" />
  <Blank Num="4" UId="681" />
  <NewLine Num="1" UId="682" />
  <Blank Num="4" UId="683" />
  <Token Text="IF" UId="684" />
  <Blank Num="1" UId="685" />
  <Access Scope="LocalVariable" UId="686">
    <Symbol UId="687">
      <Component Name="empty" UId="688" />
      <Token Text="." UId="689" />
      <Component Name="O_data" UId="690" />
      <Token Text="." UId="691" />
      <Component Name="LE" UId="692" />
    </Symbol>
  </Access>
  <Blank Num="1" UId="693" />
  <Token Text="OR" UId="694" />
  <Blank Num="1" UId="695" />
  <Access Scope="LocalVariable" UId="696">
    <Symbol UId="697">
      <Component Name="unlockDelay" UId="698" />
      <Token Text="." UId="699" />
      <Component Name="Q" UId="700" />
    </Symbol>
  </Access>
  <Blank Num="1" UId="701" />
  <Token Text="THEN" UId="702" />
  <NewLine Num="1" UId="703" />
  <Blank Num="8" UId="704" />
  <Access Scope="LocalVariable" UId="705">
    <Symbol UId="706">
      <Component Name="LOCK" UId="707" />
    </Symbol>
  </Access>
  <Blank Num="1" UId="708" />
  <Token Text=":=" UId="709" />
  <Blank Num="1" UId="710" />
  <Access Scope="LiteralConstant" UId="711">
    <Constant UId="712">
      <ConstantValue UId="714">0</ConstantValue>
    </Constant>
  </Access>
  <Token Text=";" UId="715" />
  <NewLine Num="1" UId="716" />
  <Blank Num="4" UId="717" />
  <Token Text="END_IF" UId="718" />
  <Token Text=";" UId="719" />
  <NewLine Num="1" UId="720" />
  <Blank Num="4" UId="721" />
  <NewLine Num="1" UId="722" />
  <Token Text="END_REGION" UId="723" />
</StructuredText></NetworkSource>
          <ProgrammingLanguage>SCL</ProgrammingLanguage>
        </AttributeList>
        <ObjectList>
          <MultilingualText ID="5" CompositionName="Comment">
            <ObjectList>
              <MultilingualTextItem ID="6" CompositionName="Items">
                <AttributeList>
                  <Culture>en-US</Culture>
                  <Text />
                </AttributeList>
              </MultilingualTextItem>
              <MultilingualTextItem ID="7" CompositionName="Items">
                <AttributeList>
                  <Culture>fr-BE</Culture>
                  <Text />
                </AttributeList>
              </MultilingualTextItem>
            </ObjectList>
          </MultilingualText>
          <MultilingualText ID="8" CompositionName="Title">
            <ObjectList>
              <MultilingualTextItem ID="9" CompositionName="Items">
                <AttributeList>
                  <Culture>en-US</Culture>
                  <Text />
                </AttributeList>
              </MultilingualTextItem>
              <MultilingualTextItem ID="A" CompositionName="Items">
                <AttributeList>
                  <Culture>fr-BE</Culture>
                  <Text />
                </AttributeList>
              </MultilingualTextItem>
            </ObjectList>
          </MultilingualText>
        </ObjectList>
      </SW.Blocks.CompileUnit>
      <MultilingualText ID="B" CompositionName="Title">
        <ObjectList>
          <MultilingualTextItem ID="C" CompositionName="Items">
            <AttributeList>
              <Culture>en-US</Culture>
              <Text />
            </AttributeList>
          </MultilingualTextItem>
          <MultilingualTextItem ID="D" CompositionName="Items">
            <AttributeList>
              <Culture>fr-BE</Culture>
              <Text />
            </AttributeList>
          </MultilingualTextItem>
        </ObjectList>
      </MultilingualText>
    </ObjectList>
  </SW.Blocks.FB>
</Document>