﻿<?xml version="1.0" encoding="utf-8"?>
<Document>
  <Engineering version="V16" />
  <DocumentInfo>
    <Created>2023-11-13T10:46:14.9187656Z</Created>
    <ExportSetting>WithDefaults</ExportSetting>
    <InstalledProducts>
      <Product>
        <DisplayName>Totally Integrated Automation Portal</DisplayName>
        <DisplayVersion>V16 Update 6</DisplayVersion>
      </Product>
      <OptionPackage>
        <DisplayName>TIA Portal Version Control Interface</DisplayName>
        <DisplayVersion>V16 Update 2</DisplayVersion>
      </OptionPackage>
      <OptionPackage>
        <DisplayName>TIA Portal Openness</DisplayName>
        <DisplayVersion>V16 Update 6</DisplayVersion>
      </OptionPackage>
      <OptionPackage>
        <DisplayName>TIA Portal Teamcenter Gateway</DisplayName>
        <DisplayVersion>V16</DisplayVersion>
      </OptionPackage>
      <Product>
        <DisplayName>SINAMICS Startdrive Advanced</DisplayName>
        <DisplayVersion>V16 Update 5</DisplayVersion>
      </Product>
      <OptionPackage>
        <DisplayName>SINAMICS Startdrive G130, G150, S120, S150, SINAMICS MV, S210</DisplayName>
        <DisplayVersion>V16 Update 5</DisplayVersion>
      </OptionPackage>
      <OptionPackage>
        <DisplayName>SINAMICS Startdrive G110M, G120, G120C, G120D, G120P, G115D</DisplayName>
        <DisplayVersion>V16 Update 5</DisplayVersion>
      </OptionPackage>
      <Product>
        <DisplayName>STEP 7 Professional</DisplayName>
        <DisplayVersion>V16 Update 6</DisplayVersion>
      </Product>
      <OptionPackage>
        <DisplayName>STEP 7 Safety</DisplayName>
        <DisplayVersion>V16</DisplayVersion>
      </OptionPackage>
      <Product>
        <DisplayName>WinCC Advanced / Unified PC</DisplayName>
        <DisplayVersion>V16 Update 6</DisplayVersion>
      </Product>
    </InstalledProducts>
  </DocumentInfo>
  <SW.Blocks.FB ID="0">
    <AttributeList>
      <AutoNumber>true</AutoNumber>
      <HeaderAuthor />
      <HeaderFamily />
      <HeaderName />
      <HeaderVersion>0.1</HeaderVersion>
      <Interface><Sections xmlns="http://www.siemens.com/automation/Openness/SW/Interface/v4">
  <Section Name="Input">
    <Member Name="I_SendingConveyor_1" Datatype="&quot;Conveyor_UDT&quot;" Remanence="NonRetain" Accessibility="Public"><AttributeList><BooleanAttribute Name="ExternalAccessible" SystemDefined="true">false</BooleanAttribute><BooleanAttribute Name="ExternalVisible" SystemDefined="true">false</BooleanAttribute><BooleanAttribute Name="ExternalWritable" SystemDefined="true">false</BooleanAttribute></AttributeList><Comment><MultiLanguageText Lang="en-US">The main conveyor on the intersection</MultiLanguageText></Comment><Sections><Section Name="None"><Member Name="Settings" Datatype="Struct"><Member Name="Mode" Datatype="Int" /><Member Name="AutomaticBuffering" Datatype="Bool" /><Member Name="Direction" Datatype="Bool" /><Member Name="EnergySave" Datatype="Bool" /><Member Name="RunIddle" Datatype="Bool" /><Member Name="AutoReset" Datatype="Bool" /><Member Name="SentHoldOnCheckReceive" Datatype="Bool" /><Member Name="Timings" Datatype="&quot;ConveyorTimes_UDT&quot;"><Sections><Section Name="None"><Member Name="DelayedStart" Datatype="Time" /><Member Name="ConveyorLength" Datatype="Real" /><Member Name="InitDistance" Datatype="Real" /><Member Name="ReceiveDistance" Datatype="Real" /><Member Name="SendDistance" Datatype="Real" /><Member Name="SleepDistance" Datatype="Real" /><Member Name="GapDistance" Datatype="Real" /><Member Name="StartupDelay" Datatype="Time" /></Section></Sections></Member><Member Name="Speed" Datatype="Struct"><Member Name="speed" Datatype="Real" /><Member Name="UpstreamGain" Datatype="Real" /><Member Name="speedController" Datatype="Bool" /></Member><Member Name="Alarms" Datatype="Struct"><Member Name="BlockDetectionOn" Datatype="Bool" /><Member Name="BlockedAtStartSensor" Datatype="Bool" /><Member Name="ParcelsToCloseDetectionOn" Datatype="Bool" /><Member Name="ParcelsToLongDetectionOn" Datatype="Bool" /><Member Name="ParcelToShortDetectionOn" Datatype="Bool" /><Member Name="BlockRetrys" Datatype="Int" /><Member Name="SentTimeError" Datatype="Real" /><Member Name="TimeBetweenParcels" Datatype="Real" /><Member Name="MinSizeParcel" Datatype="Real" /><Member Name="MaxSizeParcel" Datatype="Real" /></Member></Member><Member Name="Cmd" Datatype="Struct"><Member Name="Reset" Datatype="Bool" /><Member Name="ReInitialize" Datatype="Bool" /><Member Name="RunAuto" Datatype="Bool" /><Member Name="RunManual" Datatype="Bool" /><Member Name="SpeedAuto" Datatype="Real" /><Member Name="SpeedManual" Datatype="Real" /><Member Name="ReadyToReceive" Datatype="Bool" /><Member Name="ReadyToSent" Datatype="Bool" /><Member Name="InvertFlow" Datatype="Bool" /><Member Name="Direction" Datatype="Bool" /><Member Name="Accumulate" Datatype="Struct"><Member Name="Acc_ext_1" Datatype="Bool" /><Member Name="Acc_ext_2" Datatype="Bool" /><Member Name="Acc_ext_3" Datatype="Bool" /><Member Name="Acc_ext_4" Datatype="Bool" /><Member Name="Acc_ext_5" Datatype="Bool" /><Member Name="Acc_TC_1" Datatype="Bool" /><Member Name="Acc_TC_2" Datatype="Bool" /><Member Name="Acc_TC_3" Datatype="Bool" /><Member Name="Acc_Scan_1" Datatype="Bool" /><Member Name="Acc_Scan_2" Datatype="Bool" /><Member Name="Acc_Scan_3" Datatype="Bool" /><Member Name="Acc_Scale_1" Datatype="Bool" /><Member Name="Acc_Scale_2" Datatype="Bool" /><Member Name="Acc_Scale_3" Datatype="Bool" /></Member><Member Name="StartRequestObject" Datatype="Bool" /><Member Name="StopRequestObject" Datatype="Bool" /><Member Name="IgnoreStandby" Datatype="Bool" /><Member Name="ManualOverride" Datatype="Bool" /><Member Name="Interlock" Datatype="Bool" /></Member><Member Name="Input" Datatype="Struct"><Member Name="SensorStartHMI" Datatype="Bool" /><Member Name="SensorEndHMI" Datatype="Bool" /><Member Name="SensorAtStartLogic" Datatype="&quot;SmartBooldt&quot;"><Sections><Section Name="None"><Member Name="State" Datatype="Bool" /><Member Name="LE" Datatype="Bool" /><Member Name="FE" Datatype="Bool" /><Member Name="sensorTest" Datatype="Bool" /><Member Name="IddleSignal" Datatype="Bool" /><Member Name="testFailed" Datatype="Bool" /><Member Name="Counter" Datatype="UInt" /></Section></Sections></Member><Member Name="SensorAtEndLogic" Datatype="&quot;SmartBooldt&quot;"><Sections><Section Name="None"><Member Name="State" Datatype="Bool" /><Member Name="LE" Datatype="Bool" /><Member Name="FE" Datatype="Bool" /><Member Name="sensorTest" Datatype="Bool" /><Member Name="IddleSignal" Datatype="Bool" /><Member Name="testFailed" Datatype="Bool" /><Member Name="Counter" Datatype="UInt" /></Section></Sections></Member><Member Name="Running_FB" Datatype="Bool" /><Member Name="Interlock" Datatype="Bool" /></Member><Member Name="Alarms" Datatype="Struct"><Member Name="BlockedReceive" Datatype="&quot;HmiAlarm&quot;"><Sections><Section Name="None"><Member Name="Active" Datatype="Bool" /><Member Name="Acknowledge" Datatype="Bool" /><Member Name="type" Datatype="Int" /></Section></Sections></Member><Member Name="BlockedSending" Datatype="&quot;HmiAlarm&quot;"><Sections><Section Name="None"><Member Name="Active" Datatype="Bool" /><Member Name="Acknowledge" Datatype="Bool" /><Member Name="type" Datatype="Int" /></Section></Sections></Member><Member Name="ToClose" Datatype="&quot;HmiAlarm&quot;"><Sections><Section Name="None"><Member Name="Active" Datatype="Bool" /><Member Name="Acknowledge" Datatype="Bool" /><Member Name="type" Datatype="Int" /></Section></Sections></Member><Member Name="ToSmall" Datatype="&quot;HmiAlarm&quot;"><Sections><Section Name="None"><Member Name="Active" Datatype="Bool" /><Member Name="Acknowledge" Datatype="Bool" /><Member Name="type" Datatype="Int" /></Section></Sections></Member><Member Name="ToLong" Datatype="&quot;HmiAlarm&quot;"><Sections><Section Name="None"><Member Name="Active" Datatype="Bool" /><Member Name="Acknowledge" Datatype="Bool" /><Member Name="type" Datatype="Int" /></Section></Sections></Member><Member Name="MotorAlarm" Datatype="&quot;HmiAlarm&quot;"><Sections><Section Name="None"><Member Name="Active" Datatype="Bool" /><Member Name="Acknowledge" Datatype="Bool" /><Member Name="type" Datatype="Int" /></Section></Sections></Member><Member Name="AlarmActive" Datatype="&quot;HmiAlarm&quot;"><Sections><Section Name="None"><Member Name="Active" Datatype="Bool" /><Member Name="Acknowledge" Datatype="Bool" /><Member Name="type" Datatype="Int" /></Section></Sections></Member><Member Name="Status" Datatype="Word" /></Member><Member Name="Status" Datatype="Struct"><Member Name="AccumulationOn" Datatype="Bool" /><Member Name="StartedAutoMode" Datatype="Bool" /><Member Name="ReadyForStandby" Datatype="Bool" /><Member Name="RequestForSending" Datatype="Bool" /><Member Name="ExecutingReceiveSequence" Datatype="Bool" /><Member Name="ExecutingSendingSequence" Datatype="Bool" /><Member Name="ObjectSentPulse" Datatype="Bool" /><Member Name="ObjectReceivePulse" Datatype="Bool" /><Member Name="GapTimeOk" Datatype="Bool" /><Member Name="Empty" Datatype="Bool" /><Member Name="ObjectOnConveyor" Datatype="Bool" /><Member Name="Initialized" Datatype="Bool" /><Member Name="ManualMode" Datatype="Bool" /></Member><Member Name="TrackingCmd" Datatype="Struct"><Member Name="InductNewTracking" Datatype="Bool" /><Member Name="ClearTracking" Datatype="Bool" /><Member Name="NewTrackingId" Datatype="&quot;Tracking_Simple_UDT_1&quot;"><Sections><Section Name="None"><Member Name="ID" Datatype="UInt" /><Member Name="PLC_Dest" Datatype="Int" /><Member Name="WMS_Dest" Datatype="String[20]" /><Member Name="Barcode" Datatype="String" /><Member Name="GoodRead" Datatype="Bool" /><Member Name="weightGram" Datatype="Real" /><Member Name="prio" Datatype="Bool" /></Section></Sections></Member></Member><Member Name="TrackingStat" Datatype="Struct"><Member Name="Current" Datatype="&quot;Tracking_Simple_UDT_1&quot;"><Sections><Section Name="None"><Member Name="ID" Datatype="UInt" /><Member Name="PLC_Dest" Datatype="Int" /><Member Name="WMS_Dest" Datatype="String[20]" /><Member Name="Barcode" Datatype="String" /><Member Name="GoodRead" Datatype="Bool" /><Member Name="weightGram" Datatype="Real" /><Member Name="prio" Datatype="Bool" /></Section></Sections></Member><Member Name="InSending" Datatype="&quot;Tracking_Simple_UDT_1&quot;"><Sections><Section Name="None"><Member Name="ID" Datatype="UInt" /><Member Name="PLC_Dest" Datatype="Int" /><Member Name="WMS_Dest" Datatype="String[20]" /><Member Name="Barcode" Datatype="String" /><Member Name="GoodRead" Datatype="Bool" /><Member Name="weightGram" Datatype="Real" /><Member Name="prio" Datatype="Bool" /></Section></Sections></Member><Member Name="TrackingReceived" Datatype="Bool" /><Member Name="TrackingCleared" Datatype="Bool" /></Member><Member Name="Encoder" Datatype="&quot;VirtualEncoder_UDT&quot;"><Sections><Section Name="None"><Member Name="Distance_mm" Datatype="Real" /><Member Name="Speed_mm_ms" Datatype="Real" /><Member Name="Settings" Datatype="Struct"><Member Name="Base_M_min" Datatype="Real" /><Member Name="BaseRelative" Datatype="Real" /></Member></Section></Sections></Member><Member Name="DiagNostics" Datatype="Struct"><Member Name="ReceivedCounter" Datatype="UDInt" /><Member Name="SendingCounter" Datatype="UDInt" /></Member><Member Name="Index" Datatype="Int" /><Member Name="Name" Datatype="String[25]" /><Member Name="Zone" Datatype="Int" /></Section></Sections></Member>
    <Member Name="I_SendingConveyor_2" Datatype="&quot;Conveyor_UDT&quot;" Remanence="NonRetain" Accessibility="Public"><AttributeList><BooleanAttribute Name="ExternalAccessible" SystemDefined="true">true</BooleanAttribute><BooleanAttribute Name="ExternalVisible" SystemDefined="true">true</BooleanAttribute><BooleanAttribute Name="ExternalWritable" SystemDefined="true">true</BooleanAttribute></AttributeList><Sections><Section Name="None"><Member Name="Settings" Datatype="Struct"><Member Name="Mode" Datatype="Int" /><Member Name="AutomaticBuffering" Datatype="Bool" /><Member Name="Direction" Datatype="Bool" /><Member Name="EnergySave" Datatype="Bool" /><Member Name="RunIddle" Datatype="Bool" /><Member Name="AutoReset" Datatype="Bool" /><Member Name="SentHoldOnCheckReceive" Datatype="Bool" /><Member Name="Timings" Datatype="&quot;ConveyorTimes_UDT&quot;"><Sections><Section Name="None"><Member Name="DelayedStart" Datatype="Time" /><Member Name="ConveyorLength" Datatype="Real" /><Member Name="InitDistance" Datatype="Real" /><Member Name="ReceiveDistance" Datatype="Real" /><Member Name="SendDistance" Datatype="Real" /><Member Name="SleepDistance" Datatype="Real" /><Member Name="GapDistance" Datatype="Real" /><Member Name="StartupDelay" Datatype="Time" /></Section></Sections></Member><Member Name="Speed" Datatype="Struct"><Member Name="speed" Datatype="Real" /><Member Name="UpstreamGain" Datatype="Real" /><Member Name="speedController" Datatype="Bool" /></Member><Member Name="Alarms" Datatype="Struct"><Member Name="BlockDetectionOn" Datatype="Bool" /><Member Name="BlockedAtStartSensor" Datatype="Bool" /><Member Name="ParcelsToCloseDetectionOn" Datatype="Bool" /><Member Name="ParcelsToLongDetectionOn" Datatype="Bool" /><Member Name="ParcelToShortDetectionOn" Datatype="Bool" /><Member Name="BlockRetrys" Datatype="Int" /><Member Name="SentTimeError" Datatype="Real" /><Member Name="TimeBetweenParcels" Datatype="Real" /><Member Name="MinSizeParcel" Datatype="Real" /><Member Name="MaxSizeParcel" Datatype="Real" /></Member></Member><Member Name="Cmd" Datatype="Struct"><Member Name="Reset" Datatype="Bool" /><Member Name="ReInitialize" Datatype="Bool" /><Member Name="RunAuto" Datatype="Bool" /><Member Name="RunManual" Datatype="Bool" /><Member Name="SpeedAuto" Datatype="Real" /><Member Name="SpeedManual" Datatype="Real" /><Member Name="ReadyToReceive" Datatype="Bool" /><Member Name="ReadyToSent" Datatype="Bool" /><Member Name="InvertFlow" Datatype="Bool" /><Member Name="Direction" Datatype="Bool" /><Member Name="Accumulate" Datatype="Struct"><Member Name="Acc_ext_1" Datatype="Bool" /><Member Name="Acc_ext_2" Datatype="Bool" /><Member Name="Acc_ext_3" Datatype="Bool" /><Member Name="Acc_ext_4" Datatype="Bool" /><Member Name="Acc_ext_5" Datatype="Bool" /><Member Name="Acc_TC_1" Datatype="Bool" /><Member Name="Acc_TC_2" Datatype="Bool" /><Member Name="Acc_TC_3" Datatype="Bool" /><Member Name="Acc_Scan_1" Datatype="Bool" /><Member Name="Acc_Scan_2" Datatype="Bool" /><Member Name="Acc_Scan_3" Datatype="Bool" /><Member Name="Acc_Scale_1" Datatype="Bool" /><Member Name="Acc_Scale_2" Datatype="Bool" /><Member Name="Acc_Scale_3" Datatype="Bool" /></Member><Member Name="StartRequestObject" Datatype="Bool" /><Member Name="StopRequestObject" Datatype="Bool" /><Member Name="IgnoreStandby" Datatype="Bool" /><Member Name="ManualOverride" Datatype="Bool" /><Member Name="Interlock" Datatype="Bool" /></Member><Member Name="Input" Datatype="Struct"><Member Name="SensorStartHMI" Datatype="Bool" /><Member Name="SensorEndHMI" Datatype="Bool" /><Member Name="SensorAtStartLogic" Datatype="&quot;SmartBooldt&quot;"><Sections><Section Name="None"><Member Name="State" Datatype="Bool" /><Member Name="LE" Datatype="Bool" /><Member Name="FE" Datatype="Bool" /><Member Name="sensorTest" Datatype="Bool" /><Member Name="IddleSignal" Datatype="Bool" /><Member Name="testFailed" Datatype="Bool" /><Member Name="Counter" Datatype="UInt" /></Section></Sections></Member><Member Name="SensorAtEndLogic" Datatype="&quot;SmartBooldt&quot;"><Sections><Section Name="None"><Member Name="State" Datatype="Bool" /><Member Name="LE" Datatype="Bool" /><Member Name="FE" Datatype="Bool" /><Member Name="sensorTest" Datatype="Bool" /><Member Name="IddleSignal" Datatype="Bool" /><Member Name="testFailed" Datatype="Bool" /><Member Name="Counter" Datatype="UInt" /></Section></Sections></Member><Member Name="Running_FB" Datatype="Bool" /><Member Name="Interlock" Datatype="Bool" /></Member><Member Name="Alarms" Datatype="Struct"><Member Name="BlockedReceive" Datatype="&quot;HmiAlarm&quot;"><Sections><Section Name="None"><Member Name="Active" Datatype="Bool" /><Member Name="Acknowledge" Datatype="Bool" /><Member Name="type" Datatype="Int" /></Section></Sections></Member><Member Name="BlockedSending" Datatype="&quot;HmiAlarm&quot;"><Sections><Section Name="None"><Member Name="Active" Datatype="Bool" /><Member Name="Acknowledge" Datatype="Bool" /><Member Name="type" Datatype="Int" /></Section></Sections></Member><Member Name="ToClose" Datatype="&quot;HmiAlarm&quot;"><Sections><Section Name="None"><Member Name="Active" Datatype="Bool" /><Member Name="Acknowledge" Datatype="Bool" /><Member Name="type" Datatype="Int" /></Section></Sections></Member><Member Name="ToSmall" Datatype="&quot;HmiAlarm&quot;"><Sections><Section Name="None"><Member Name="Active" Datatype="Bool" /><Member Name="Acknowledge" Datatype="Bool" /><Member Name="type" Datatype="Int" /></Section></Sections></Member><Member Name="ToLong" Datatype="&quot;HmiAlarm&quot;"><Sections><Section Name="None"><Member Name="Active" Datatype="Bool" /><Member Name="Acknowledge" Datatype="Bool" /><Member Name="type" Datatype="Int" /></Section></Sections></Member><Member Name="MotorAlarm" Datatype="&quot;HmiAlarm&quot;"><Sections><Section Name="None"><Member Name="Active" Datatype="Bool" /><Member Name="Acknowledge" Datatype="Bool" /><Member Name="type" Datatype="Int" /></Section></Sections></Member><Member Name="AlarmActive" Datatype="&quot;HmiAlarm&quot;"><Sections><Section Name="None"><Member Name="Active" Datatype="Bool" /><Member Name="Acknowledge" Datatype="Bool" /><Member Name="type" Datatype="Int" /></Section></Sections></Member><Member Name="Status" Datatype="Word" /></Member><Member Name="Status" Datatype="Struct"><Member Name="AccumulationOn" Datatype="Bool" /><Member Name="StartedAutoMode" Datatype="Bool" /><Member Name="ReadyForStandby" Datatype="Bool" /><Member Name="RequestForSending" Datatype="Bool" /><Member Name="ExecutingReceiveSequence" Datatype="Bool" /><Member Name="ExecutingSendingSequence" Datatype="Bool" /><Member Name="ObjectSentPulse" Datatype="Bool" /><Member Name="ObjectReceivePulse" Datatype="Bool" /><Member Name="GapTimeOk" Datatype="Bool" /><Member Name="Empty" Datatype="Bool" /><Member Name="ObjectOnConveyor" Datatype="Bool" /><Member Name="Initialized" Datatype="Bool" /><Member Name="ManualMode" Datatype="Bool" /></Member><Member Name="TrackingCmd" Datatype="Struct"><Member Name="InductNewTracking" Datatype="Bool" /><Member Name="ClearTracking" Datatype="Bool" /><Member Name="NewTrackingId" Datatype="&quot;Tracking_Simple_UDT_1&quot;"><Sections><Section Name="None"><Member Name="ID" Datatype="UInt" /><Member Name="PLC_Dest" Datatype="Int" /><Member Name="WMS_Dest" Datatype="String[20]" /><Member Name="Barcode" Datatype="String" /><Member Name="GoodRead" Datatype="Bool" /><Member Name="weightGram" Datatype="Real" /><Member Name="prio" Datatype="Bool" /></Section></Sections></Member></Member><Member Name="TrackingStat" Datatype="Struct"><Member Name="Current" Datatype="&quot;Tracking_Simple_UDT_1&quot;"><Sections><Section Name="None"><Member Name="ID" Datatype="UInt" /><Member Name="PLC_Dest" Datatype="Int" /><Member Name="WMS_Dest" Datatype="String[20]" /><Member Name="Barcode" Datatype="String" /><Member Name="GoodRead" Datatype="Bool" /><Member Name="weightGram" Datatype="Real" /><Member Name="prio" Datatype="Bool" /></Section></Sections></Member><Member Name="InSending" Datatype="&quot;Tracking_Simple_UDT_1&quot;"><Sections><Section Name="None"><Member Name="ID" Datatype="UInt" /><Member Name="PLC_Dest" Datatype="Int" /><Member Name="WMS_Dest" Datatype="String[20]" /><Member Name="Barcode" Datatype="String" /><Member Name="GoodRead" Datatype="Bool" /><Member Name="weightGram" Datatype="Real" /><Member Name="prio" Datatype="Bool" /></Section></Sections></Member><Member Name="TrackingReceived" Datatype="Bool" /><Member Name="TrackingCleared" Datatype="Bool" /></Member><Member Name="Encoder" Datatype="&quot;VirtualEncoder_UDT&quot;"><Sections><Section Name="None"><Member Name="Distance_mm" Datatype="Real" /><Member Name="Speed_mm_ms" Datatype="Real" /><Member Name="Settings" Datatype="Struct"><Member Name="Base_M_min" Datatype="Real" /><Member Name="BaseRelative" Datatype="Real" /></Member></Section></Sections></Member><Member Name="DiagNostics" Datatype="Struct"><Member Name="ReceivedCounter" Datatype="UDInt" /><Member Name="SendingCounter" Datatype="UDInt" /></Member><Member Name="Index" Datatype="Int" /><Member Name="Name" Datatype="String[25]" /><Member Name="Zone" Datatype="Int" /></Section></Sections></Member>
    <Member Name="I_IntersectionConveyor" Datatype="&quot;Conveyor_UDT&quot;" Remanence="NonRetain" Accessibility="Public"><AttributeList><BooleanAttribute Name="ExternalAccessible" SystemDefined="true">true</BooleanAttribute><BooleanAttribute Name="ExternalVisible" SystemDefined="true">true</BooleanAttribute><BooleanAttribute Name="ExternalWritable" SystemDefined="true">true</BooleanAttribute></AttributeList><Sections><Section Name="None"><Member Name="Settings" Datatype="Struct"><Member Name="Mode" Datatype="Int" /><Member Name="AutomaticBuffering" Datatype="Bool" /><Member Name="Direction" Datatype="Bool" /><Member Name="EnergySave" Datatype="Bool" /><Member Name="RunIddle" Datatype="Bool" /><Member Name="AutoReset" Datatype="Bool" /><Member Name="SentHoldOnCheckReceive" Datatype="Bool" /><Member Name="Timings" Datatype="&quot;ConveyorTimes_UDT&quot;"><Sections><Section Name="None"><Member Name="DelayedStart" Datatype="Time" /><Member Name="ConveyorLength" Datatype="Real" /><Member Name="InitDistance" Datatype="Real" /><Member Name="ReceiveDistance" Datatype="Real" /><Member Name="SendDistance" Datatype="Real" /><Member Name="SleepDistance" Datatype="Real" /><Member Name="GapDistance" Datatype="Real" /><Member Name="StartupDelay" Datatype="Time" /></Section></Sections></Member><Member Name="Speed" Datatype="Struct"><Member Name="speed" Datatype="Real" /><Member Name="UpstreamGain" Datatype="Real" /><Member Name="speedController" Datatype="Bool" /></Member><Member Name="Alarms" Datatype="Struct"><Member Name="BlockDetectionOn" Datatype="Bool" /><Member Name="BlockedAtStartSensor" Datatype="Bool" /><Member Name="ParcelsToCloseDetectionOn" Datatype="Bool" /><Member Name="ParcelsToLongDetectionOn" Datatype="Bool" /><Member Name="ParcelToShortDetectionOn" Datatype="Bool" /><Member Name="BlockRetrys" Datatype="Int" /><Member Name="SentTimeError" Datatype="Real" /><Member Name="TimeBetweenParcels" Datatype="Real" /><Member Name="MinSizeParcel" Datatype="Real" /><Member Name="MaxSizeParcel" Datatype="Real" /></Member></Member><Member Name="Cmd" Datatype="Struct"><Member Name="Reset" Datatype="Bool" /><Member Name="ReInitialize" Datatype="Bool" /><Member Name="RunAuto" Datatype="Bool" /><Member Name="RunManual" Datatype="Bool" /><Member Name="SpeedAuto" Datatype="Real" /><Member Name="SpeedManual" Datatype="Real" /><Member Name="ReadyToReceive" Datatype="Bool" /><Member Name="ReadyToSent" Datatype="Bool" /><Member Name="InvertFlow" Datatype="Bool" /><Member Name="Direction" Datatype="Bool" /><Member Name="Accumulate" Datatype="Struct"><Member Name="Acc_ext_1" Datatype="Bool" /><Member Name="Acc_ext_2" Datatype="Bool" /><Member Name="Acc_ext_3" Datatype="Bool" /><Member Name="Acc_ext_4" Datatype="Bool" /><Member Name="Acc_ext_5" Datatype="Bool" /><Member Name="Acc_TC_1" Datatype="Bool" /><Member Name="Acc_TC_2" Datatype="Bool" /><Member Name="Acc_TC_3" Datatype="Bool" /><Member Name="Acc_Scan_1" Datatype="Bool" /><Member Name="Acc_Scan_2" Datatype="Bool" /><Member Name="Acc_Scan_3" Datatype="Bool" /><Member Name="Acc_Scale_1" Datatype="Bool" /><Member Name="Acc_Scale_2" Datatype="Bool" /><Member Name="Acc_Scale_3" Datatype="Bool" /></Member><Member Name="StartRequestObject" Datatype="Bool" /><Member Name="StopRequestObject" Datatype="Bool" /><Member Name="IgnoreStandby" Datatype="Bool" /><Member Name="ManualOverride" Datatype="Bool" /><Member Name="Interlock" Datatype="Bool" /></Member><Member Name="Input" Datatype="Struct"><Member Name="SensorStartHMI" Datatype="Bool" /><Member Name="SensorEndHMI" Datatype="Bool" /><Member Name="SensorAtStartLogic" Datatype="&quot;SmartBooldt&quot;"><Sections><Section Name="None"><Member Name="State" Datatype="Bool" /><Member Name="LE" Datatype="Bool" /><Member Name="FE" Datatype="Bool" /><Member Name="sensorTest" Datatype="Bool" /><Member Name="IddleSignal" Datatype="Bool" /><Member Name="testFailed" Datatype="Bool" /><Member Name="Counter" Datatype="UInt" /></Section></Sections></Member><Member Name="SensorAtEndLogic" Datatype="&quot;SmartBooldt&quot;"><Sections><Section Name="None"><Member Name="State" Datatype="Bool" /><Member Name="LE" Datatype="Bool" /><Member Name="FE" Datatype="Bool" /><Member Name="sensorTest" Datatype="Bool" /><Member Name="IddleSignal" Datatype="Bool" /><Member Name="testFailed" Datatype="Bool" /><Member Name="Counter" Datatype="UInt" /></Section></Sections></Member><Member Name="Running_FB" Datatype="Bool" /><Member Name="Interlock" Datatype="Bool" /></Member><Member Name="Alarms" Datatype="Struct"><Member Name="BlockedReceive" Datatype="&quot;HmiAlarm&quot;"><Sections><Section Name="None"><Member Name="Active" Datatype="Bool" /><Member Name="Acknowledge" Datatype="Bool" /><Member Name="type" Datatype="Int" /></Section></Sections></Member><Member Name="BlockedSending" Datatype="&quot;HmiAlarm&quot;"><Sections><Section Name="None"><Member Name="Active" Datatype="Bool" /><Member Name="Acknowledge" Datatype="Bool" /><Member Name="type" Datatype="Int" /></Section></Sections></Member><Member Name="ToClose" Datatype="&quot;HmiAlarm&quot;"><Sections><Section Name="None"><Member Name="Active" Datatype="Bool" /><Member Name="Acknowledge" Datatype="Bool" /><Member Name="type" Datatype="Int" /></Section></Sections></Member><Member Name="ToSmall" Datatype="&quot;HmiAlarm&quot;"><Sections><Section Name="None"><Member Name="Active" Datatype="Bool" /><Member Name="Acknowledge" Datatype="Bool" /><Member Name="type" Datatype="Int" /></Section></Sections></Member><Member Name="ToLong" Datatype="&quot;HmiAlarm&quot;"><Sections><Section Name="None"><Member Name="Active" Datatype="Bool" /><Member Name="Acknowledge" Datatype="Bool" /><Member Name="type" Datatype="Int" /></Section></Sections></Member><Member Name="MotorAlarm" Datatype="&quot;HmiAlarm&quot;"><Sections><Section Name="None"><Member Name="Active" Datatype="Bool" /><Member Name="Acknowledge" Datatype="Bool" /><Member Name="type" Datatype="Int" /></Section></Sections></Member><Member Name="AlarmActive" Datatype="&quot;HmiAlarm&quot;"><Sections><Section Name="None"><Member Name="Active" Datatype="Bool" /><Member Name="Acknowledge" Datatype="Bool" /><Member Name="type" Datatype="Int" /></Section></Sections></Member><Member Name="Status" Datatype="Word" /></Member><Member Name="Status" Datatype="Struct"><Member Name="AccumulationOn" Datatype="Bool" /><Member Name="StartedAutoMode" Datatype="Bool" /><Member Name="ReadyForStandby" Datatype="Bool" /><Member Name="RequestForSending" Datatype="Bool" /><Member Name="ExecutingReceiveSequence" Datatype="Bool" /><Member Name="ExecutingSendingSequence" Datatype="Bool" /><Member Name="ObjectSentPulse" Datatype="Bool" /><Member Name="ObjectReceivePulse" Datatype="Bool" /><Member Name="GapTimeOk" Datatype="Bool" /><Member Name="Empty" Datatype="Bool" /><Member Name="ObjectOnConveyor" Datatype="Bool" /><Member Name="Initialized" Datatype="Bool" /><Member Name="ManualMode" Datatype="Bool" /></Member><Member Name="TrackingCmd" Datatype="Struct"><Member Name="InductNewTracking" Datatype="Bool" /><Member Name="ClearTracking" Datatype="Bool" /><Member Name="NewTrackingId" Datatype="&quot;Tracking_Simple_UDT_1&quot;"><Sections><Section Name="None"><Member Name="ID" Datatype="UInt" /><Member Name="PLC_Dest" Datatype="Int" /><Member Name="WMS_Dest" Datatype="String[20]" /><Member Name="Barcode" Datatype="String" /><Member Name="GoodRead" Datatype="Bool" /><Member Name="weightGram" Datatype="Real" /><Member Name="prio" Datatype="Bool" /></Section></Sections></Member></Member><Member Name="TrackingStat" Datatype="Struct"><Member Name="Current" Datatype="&quot;Tracking_Simple_UDT_1&quot;"><Sections><Section Name="None"><Member Name="ID" Datatype="UInt" /><Member Name="PLC_Dest" Datatype="Int" /><Member Name="WMS_Dest" Datatype="String[20]" /><Member Name="Barcode" Datatype="String" /><Member Name="GoodRead" Datatype="Bool" /><Member Name="weightGram" Datatype="Real" /><Member Name="prio" Datatype="Bool" /></Section></Sections></Member><Member Name="InSending" Datatype="&quot;Tracking_Simple_UDT_1&quot;"><Sections><Section Name="None"><Member Name="ID" Datatype="UInt" /><Member Name="PLC_Dest" Datatype="Int" /><Member Name="WMS_Dest" Datatype="String[20]" /><Member Name="Barcode" Datatype="String" /><Member Name="GoodRead" Datatype="Bool" /><Member Name="weightGram" Datatype="Real" /><Member Name="prio" Datatype="Bool" /></Section></Sections></Member><Member Name="TrackingReceived" Datatype="Bool" /><Member Name="TrackingCleared" Datatype="Bool" /></Member><Member Name="Encoder" Datatype="&quot;VirtualEncoder_UDT&quot;"><Sections><Section Name="None"><Member Name="Distance_mm" Datatype="Real" /><Member Name="Speed_mm_ms" Datatype="Real" /><Member Name="Settings" Datatype="Struct"><Member Name="Base_M_min" Datatype="Real" /><Member Name="BaseRelative" Datatype="Real" /></Member></Section></Sections></Member><Member Name="DiagNostics" Datatype="Struct"><Member Name="ReceivedCounter" Datatype="UDInt" /><Member Name="SendingCounter" Datatype="UDInt" /></Member><Member Name="Index" Datatype="Int" /><Member Name="Name" Datatype="String[25]" /><Member Name="Zone" Datatype="Int" /></Section></Sections></Member>
    <Member Name="I_Option_1_Settings" Datatype="&quot;Intersection&quot;" Remanence="NonRetain" Accessibility="Public"><AttributeList><BooleanAttribute Name="ExternalAccessible" SystemDefined="true">false</BooleanAttribute><BooleanAttribute Name="ExternalVisible" SystemDefined="true">false</BooleanAttribute><BooleanAttribute Name="ExternalWritable" SystemDefined="true">false</BooleanAttribute></AttributeList><Comment><MultiLanguageText Lang="en-US">Intersection settings for option 1 (no split executed)</MultiLanguageText></Comment><Sections><Section Name="None"><Member Name="UpstreamIndex" Datatype="Int" /><Member Name="DownstreamIndex" Datatype="Int" /><Member Name="ReceivePosition" Datatype="Int" /><Member Name="SendingPosition" Datatype="Int" /><Member Name="ReceiveConveyorIndex" Datatype="Int" /><Member Name="SendingConveyorIndex" Datatype="Int" /><Member Name="InverseFlowReceiving" Datatype="Bool" /><Member Name="InverseFlowSending" Datatype="Bool" /><Member Name="ReceiveNoEndSensor" Datatype="Bool" /><Member Name="TargetConveyor" Datatype="Int" /><Member Name="RequestingConveyor" Datatype="Int" /><Member Name="Algin" Datatype="Struct"><Member Name="active" Datatype="Bool" /><Member Name="speed" Datatype="Real" /><Member Name="direction" Datatype="Bool" /><Member Name="AlginPosition" Datatype="Int" /><Member Name="conveyorIndex" Datatype="UInt" /><Member Name="distnace" Datatype="Real" /></Member></Section></Sections></Member>
    <Member Name="I_Option_2_Settings" Datatype="&quot;Intersection&quot;" Remanence="NonRetain" Accessibility="Public"><AttributeList><BooleanAttribute Name="ExternalAccessible" SystemDefined="true">false</BooleanAttribute><BooleanAttribute Name="ExternalVisible" SystemDefined="true">false</BooleanAttribute><BooleanAttribute Name="ExternalWritable" SystemDefined="true">false</BooleanAttribute></AttributeList><Comment><MultiLanguageText Lang="en-US">Intersection settings for option 2 (split executed)</MultiLanguageText></Comment><Sections><Section Name="None"><Member Name="UpstreamIndex" Datatype="Int" /><Member Name="DownstreamIndex" Datatype="Int" /><Member Name="ReceivePosition" Datatype="Int" /><Member Name="SendingPosition" Datatype="Int" /><Member Name="ReceiveConveyorIndex" Datatype="Int" /><Member Name="SendingConveyorIndex" Datatype="Int" /><Member Name="InverseFlowReceiving" Datatype="Bool" /><Member Name="InverseFlowSending" Datatype="Bool" /><Member Name="ReceiveNoEndSensor" Datatype="Bool" /><Member Name="TargetConveyor" Datatype="Int" /><Member Name="RequestingConveyor" Datatype="Int" /><Member Name="Algin" Datatype="Struct"><Member Name="active" Datatype="Bool" /><Member Name="speed" Datatype="Real" /><Member Name="direction" Datatype="Bool" /><Member Name="AlginPosition" Datatype="Int" /><Member Name="conveyorIndex" Datatype="UInt" /><Member Name="distnace" Datatype="Real" /></Member></Section></Sections></Member>
  </Section>
  <Section Name="Output">
    <Member Name="O_AccumulateConv_1" Datatype="Bool" Remanence="NonRetain" Accessibility="Public"><AttributeList><BooleanAttribute Name="ExternalAccessible" SystemDefined="true">true</BooleanAttribute><BooleanAttribute Name="ExternalVisible" SystemDefined="true">true</BooleanAttribute><BooleanAttribute Name="ExternalWritable" SystemDefined="true">true</BooleanAttribute></AttributeList></Member>
    <Member Name="O_AccumulateConv_2" Datatype="Bool" Remanence="NonRetain" Accessibility="Public"><AttributeList><BooleanAttribute Name="ExternalAccessible" SystemDefined="true">true</BooleanAttribute><BooleanAttribute Name="ExternalVisible" SystemDefined="true">true</BooleanAttribute><BooleanAttribute Name="ExternalWritable" SystemDefined="true">true</BooleanAttribute></AttributeList></Member>
  </Section>
  <Section Name="InOut">
    <Member Name="IO_IntersectionSettings" Datatype="&quot;Intersection&quot;" Accessibility="Public">
      <Sections>
        <Section Name="None">
          <Member Name="UpstreamIndex" Datatype="Int" />
          <Member Name="DownstreamIndex" Datatype="Int" />
          <Member Name="ReceivePosition" Datatype="Int" />
          <Member Name="SendingPosition" Datatype="Int" />
          <Member Name="ReceiveConveyorIndex" Datatype="Int" />
          <Member Name="SendingConveyorIndex" Datatype="Int" />
          <Member Name="InverseFlowReceiving" Datatype="Bool" />
          <Member Name="InverseFlowSending" Datatype="Bool" />
          <Member Name="ReceiveNoEndSensor" Datatype="Bool" />
          <Member Name="TargetConveyor" Datatype="Int" />
          <Member Name="RequestingConveyor" Datatype="Int" />
          <Member Name="Algin" Datatype="Struct">
            <Member Name="active" Datatype="Bool" />
            <Member Name="speed" Datatype="Real" />
            <Member Name="direction" Datatype="Bool" />
            <Member Name="AlginPosition" Datatype="Int" />
            <Member Name="conveyorIndex" Datatype="UInt" />
            <Member Name="distnace" Datatype="Real" />
          </Member>
        </Section>
      </Sections>
    </Member>
  </Section>
  <Section Name="Static">
    <Member Name="option" Datatype="Int" Remanence="NonRetain" Accessibility="Public"><AttributeList><BooleanAttribute Name="ExternalAccessible" SystemDefined="true">true</BooleanAttribute><BooleanAttribute Name="ExternalVisible" SystemDefined="true">true</BooleanAttribute><BooleanAttribute Name="ExternalWritable" SystemDefined="true">true</BooleanAttribute><BooleanAttribute Name="SetPoint" SystemDefined="true">false</BooleanAttribute></AttributeList></Member>
    <Member Name="OptionsSaved" Datatype="Bool" Remanence="NonRetain" Accessibility="Public"><AttributeList><BooleanAttribute Name="ExternalAccessible" SystemDefined="true">true</BooleanAttribute><BooleanAttribute Name="ExternalVisible" SystemDefined="true">true</BooleanAttribute><BooleanAttribute Name="ExternalWritable" SystemDefined="true">true</BooleanAttribute><BooleanAttribute Name="SetPoint" SystemDefined="true">false</BooleanAttribute></AttributeList></Member>
  </Section>
  <Section Name="Temp" />
  <Section Name="Constant" />
</Sections></Interface>
      <IsIECCheckEnabled>false</IsIECCheckEnabled>
      <IsRetainMemResEnabled>false</IsRetainMemResEnabled>
      <MemoryLayout>Optimized</MemoryLayout>
      <MemoryReserve>100</MemoryReserve>
      <Name>TrafficController_INTERSECT_RECEIVE_PRIO_FB</Name>
      <Number>86</Number>
      <ProgrammingLanguage>SCL</ProgrammingLanguage>
      <SetENOAutomatically>false</SetENOAutomatically>
      <UDABlockProperties />
      <UDAEnableTagReadback>false</UDAEnableTagReadback>
    </AttributeList>
    <ObjectList>
      <MultilingualText ID="1" CompositionName="Comment">
        <ObjectList>
          <MultilingualTextItem ID="2" CompositionName="Items">
            <AttributeList>
              <Culture>en-US</Culture>
              <Text>intersection receives from one section and can sent to other 3 sections</Text>
            </AttributeList>
          </MultilingualTextItem>
          <MultilingualTextItem ID="3" CompositionName="Items">
            <AttributeList>
              <Culture>fr-BE</Culture>
              <Text />
            </AttributeList>
          </MultilingualTextItem>
        </ObjectList>
      </MultilingualText>
      <SW.Blocks.CompileUnit ID="4" CompositionName="CompileUnits">
        <AttributeList>
          <NetworkSource><StructuredText xmlns="http://www.siemens.com/automation/Openness/SW/NetworkSource/StructuredText/v3">
  <Access Scope="LocalVariable" UId="21">
    <Symbol UId="22">
      <Component Name="O_AccumulateConv_1" UId="23" />
    </Symbol>
  </Access>
  <Blank Num="1" UId="24" />
  <Token Text=":=" UId="25" />
  <Blank Num="1" UId="26" />
  <Access Scope="LiteralConstant" UId="27">
    <Constant UId="28">
      <ConstantValue UId="30">TRUE</ConstantValue>
    </Constant>
  </Access>
  <Token Text=";" UId="31" />
  <NewLine Num="1" UId="32" />
  <Access Scope="LocalVariable" UId="33">
    <Symbol UId="34">
      <Component Name="O_AccumulateConv_2" UId="35" />
    </Symbol>
  </Access>
  <Blank Num="1" UId="36" />
  <Token Text=":=" UId="37" />
  <Blank Num="1" UId="38" />
  <Access Scope="LiteralConstant" UId="39">
    <Constant UId="40">
      <ConstantValue UId="42">TRUE</ConstantValue>
    </Constant>
  </Access>
  <Token Text=";" UId="43" />
  <NewLine Num="2" UId="44" />
  <Token Text="REGION" UId="45" />
  <Blank Num="1" UId="46" />
  <Text UId="47">FLOW CONTROL</Text>
  <NewLine Num="1" UId="48" />
  <Blank Num="4" UId="49" />
  <NewLine Num="1" UId="50" />
  <Blank Num="4" UId="51" />
  <Access Scope="LocalVariable" UId="52">
    <Symbol UId="53">
      <Component Name="option" UId="54" />
    </Symbol>
  </Access>
  <Blank Num="1" UId="55" />
  <Token Text=":=" UId="56" />
  <Blank Num="1" UId="57" />
  <Access Scope="LiteralConstant" UId="58">
    <Constant UId="59">
      <ConstantValue UId="61">0</ConstantValue>
    </Constant>
  </Access>
  <Token Text=";" UId="62" />
  <NewLine Num="1" UId="63" />
  <Blank Num="4" UId="64" />
  <NewLine Num="1" UId="65" />
  <Blank Num="4" UId="66" />
  <Token Text="IF" UId="67" />
  <Blank Num="1" UId="68" />
  <Access Scope="LocalVariable" UId="69">
    <Symbol UId="70">
      <Component Name="I_SendingConveyor_1" UId="71" />
      <Token Text="." UId="72" />
      <Component Name="Status" UId="73" />
      <Token Text="." UId="74" />
      <Component Name="RequestForSending" UId="75" />
    </Symbol>
  </Access>
  <Blank Num="1" UId="76" />
  <Token Text="AND" UId="77" />
  <Blank Num="1" UId="78" />
  <Access Scope="LocalVariable" UId="79">
    <Symbol UId="80">
      <Component Name="I_IntersectionConveyor" UId="81" />
      <Token Text="." UId="82" />
      <Component Name="Status" UId="83" />
      <Token Text="." UId="84" />
      <Component Name="Empty" UId="85" />
    </Symbol>
  </Access>
  <Blank Num="1" UId="86" />
  <Token Text="THEN" UId="87" />
  <NewLine Num="1" UId="88" />
  <Blank Num="8" UId="89" />
  <Access Scope="LocalVariable" UId="90">
    <Symbol UId="91">
      <Component Name="option" UId="92" />
    </Symbol>
  </Access>
  <Blank Num="1" UId="93" />
  <Token Text=":=" UId="94" />
  <Blank Num="1" UId="95" />
  <Access Scope="LiteralConstant" UId="96">
    <Constant UId="97">
      <ConstantValue UId="99">1</ConstantValue>
    </Constant>
  </Access>
  <Token Text=";" UId="100" />
  <NewLine Num="1" UId="101" />
  <Blank Num="4" UId="102" />
  <Token Text="END_IF" UId="103" />
  <Token Text=";" UId="104" />
  <NewLine Num="1" UId="105" />
  <Blank Num="4" UId="106" />
  <NewLine Num="1" UId="107" />
  <Blank Num="4" UId="108" />
  <Token Text="IF" UId="109" />
  <Blank Num="1" UId="110" />
  <Token Text="NOT" UId="111" />
  <Blank Num="1" UId="112" />
  <Access Scope="LocalVariable" UId="113">
    <Symbol UId="114">
      <Component Name="I_SendingConveyor_1" UId="115" />
      <Token Text="." UId="116" />
      <Component Name="Status" UId="117" />
      <Token Text="." UId="118" />
      <Component Name="RequestForSending" UId="119" />
    </Symbol>
  </Access>
  <Blank Num="1" UId="120" />
  <Token Text="AND" UId="121" />
  <NewLine Num="1" UId="122" />
  <Blank Num="8" UId="123" />
  <Access Scope="LocalVariable" UId="124">
    <Symbol UId="125">
      <Component Name="I_SendingConveyor_2" UId="126" />
      <Token Text="." UId="127" />
      <Component Name="Status" UId="128" />
      <Token Text="." UId="129" />
      <Component Name="RequestForSending" UId="130" />
    </Symbol>
  </Access>
  <Blank Num="1" UId="131" />
  <Token Text="AND" UId="132" />
  <NewLine Num="1" UId="133" />
  <Blank Num="8" UId="134" />
  <Access Scope="LocalVariable" UId="135">
    <Symbol UId="136">
      <Component Name="I_IntersectionConveyor" UId="137" />
      <Token Text="." UId="138" />
      <Component Name="Status" UId="139" />
      <Token Text="." UId="140" />
      <Component Name="Empty" UId="141" />
    </Symbol>
  </Access>
  <Blank Num="1" UId="142" />
  <Token Text="THEN" UId="143" />
  <NewLine Num="1" UId="144" />
  <Blank Num="8" UId="145" />
  <Access Scope="LocalVariable" UId="146">
    <Symbol UId="147">
      <Component Name="option" UId="148" />
    </Symbol>
  </Access>
  <Blank Num="1" UId="149" />
  <Token Text=":=" UId="150" />
  <Blank Num="1" UId="151" />
  <Access Scope="LiteralConstant" UId="152">
    <Constant UId="153">
      <ConstantValue UId="155">2</ConstantValue>
    </Constant>
  </Access>
  <Token Text=";" UId="156" />
  <NewLine Num="1" UId="157" />
  <Blank Num="4" UId="158" />
  <Token Text="END_IF" UId="159" />
  <Token Text=";" UId="160" />
  <NewLine Num="1" UId="161" />
  <Blank Num="4" UId="162" />
  <NewLine Num="1" UId="163" />
  <Token Text="END_REGION" UId="164" />
  <NewLine Num="2" UId="165" />
  <Token Text="REGION" UId="166" />
  <Blank Num="1" UId="167" />
  <Text UId="168">CHECK TO TRANSFER SETTINGS</Text>
  <NewLine Num="1" UId="169" />
  <Blank Num="4" UId="170" />
  <NewLine Num="1" UId="171" />
  <Blank Num="4" UId="172" />
  <Token Text="IF" UId="173" />
  <Blank Num="1" UId="174" />
  <Token Text="(" UId="175" />
  <Access Scope="LocalVariable" UId="176">
    <Symbol UId="177">
      <Component Name="I_SendingConveyor_1" UId="178" />
      <Token Text="." UId="179" />
      <Component Name="Status" UId="180" />
      <Token Text="." UId="181" />
      <Component Name="RequestForSending" UId="182" />
    </Symbol>
  </Access>
  <Blank Num="1" UId="183" />
  <Token Text="OR" UId="184" />
  <Blank Num="1" UId="185" />
  <Access Scope="LocalVariable" UId="186">
    <Symbol UId="187">
      <Component Name="I_SendingConveyor_2" UId="188" />
      <Token Text="." UId="189" />
      <Component Name="Status" UId="190" />
      <Token Text="." UId="191" />
      <Component Name="RequestForSending" UId="192" />
    </Symbol>
  </Access>
  <Token Text=")" UId="193" />
  <NewLine Num="1" UId="194" />
  <Blank Num="8" UId="195" />
  <Token Text="AND" UId="196" />
  <Blank Num="1" UId="197" />
  <Access Scope="LocalVariable" UId="198">
    <Symbol UId="199">
      <Component Name="I_IntersectionConveyor" UId="200" />
      <Token Text="." UId="201" />
      <Component Name="Status" UId="202" />
      <Token Text="." UId="203" />
      <Component Name="Empty" UId="204" />
    </Symbol>
  </Access>
  <Blank Num="1" UId="205" />
  <Token Text="THEN" UId="206" />
  <NewLine Num="1" UId="207" />
  <Blank Num="8" UId="208" />
  <NewLine Num="1" UId="209" />
  <Blank Num="8" UId="210" />
  <Token Text="CASE" UId="211" />
  <Blank Num="1" UId="212" />
  <Access Scope="LocalVariable" UId="213">
    <Symbol UId="214">
      <Component Name="option" UId="215" />
    </Symbol>
  </Access>
  <Blank Num="1" UId="216" />
  <Token Text="OF" UId="217" />
  <NewLine Num="1" UId="218" />
  <Blank Num="12" UId="219" />
  <Access Scope="LiteralConstant" UId="220">
    <Constant UId="221">
      <ConstantValue UId="223">1</ConstantValue>
    </Constant>
  </Access>
  <Token Text=":" UId="224" />
  <NewLine Num="1" UId="225" />
  <Blank Num="16" UId="226" />
  <Access Scope="LocalVariable" UId="227">
    <Symbol UId="228">
      <Component Name="IO_IntersectionSettings" UId="229" />
    </Symbol>
  </Access>
  <Blank Num="1" UId="230" />
  <Token Text=":=" UId="231" />
  <Blank Num="1" UId="232" />
  <Access Scope="LocalVariable" UId="233">
    <Symbol UId="234">
      <Component Name="I_Option_1_Settings" UId="235" />
    </Symbol>
  </Access>
  <Token Text=";" UId="236" />
  <NewLine Num="1" UId="237" />
  <Blank Num="12" UId="238" />
  <Access Scope="LiteralConstant" UId="239">
    <Constant UId="240">
      <ConstantValue UId="242">2</ConstantValue>
    </Constant>
  </Access>
  <Token Text=":" UId="243" />
  <NewLine Num="1" UId="244" />
  <Blank Num="16" UId="245" />
  <Access Scope="LocalVariable" UId="246">
    <Symbol UId="247">
      <Component Name="IO_IntersectionSettings" UId="248" />
    </Symbol>
  </Access>
  <Blank Num="1" UId="249" />
  <Token Text=":=" UId="250" />
  <Blank Num="1" UId="251" />
  <Access Scope="LocalVariable" UId="252">
    <Symbol UId="253">
      <Component Name="I_Option_2_Settings" UId="254" />
    </Symbol>
  </Access>
  <Token Text=";" UId="255" />
  <NewLine Num="1" UId="256" />
  <Blank Num="8" UId="257" />
  <Token Text="END_CASE" UId="258" />
  <Token Text=";" UId="259" />
  <NewLine Num="1" UId="260" />
  <Blank Num="8" UId="261" />
  <NewLine Num="1" UId="262" />
  <Blank Num="8" UId="263" />
  <NewLine Num="1" UId="264" />
  <Blank Num="4" UId="265" />
  <Token Text="END_IF" UId="266" />
  <Token Text=";" UId="267" />
  <NewLine Num="1" UId="268" />
  <Blank Num="4" UId="269" />
  <NewLine Num="1" UId="270" />
  <Token Text="END_REGION" UId="271" />
  <NewLine Num="2" UId="272" />
  <Token Text="REGION" UId="273" />
  <Blank Num="1" UId="274" />
  <Text UId="275">TURN OFF ACCUMULATION OF SENDING CONV</Text>
  <NewLine Num="1" UId="276" />
  <Blank Num="4" UId="277" />
  <NewLine Num="1" UId="278" />
  <Blank Num="4" UId="279" />
  <Token Text="IF" UId="280" />
  <Blank Num="1" UId="281" />
  <Token Text="(" UId="282" />
  <Access Scope="LocalVariable" UId="283">
    <Symbol UId="284">
      <Component Name="I_SendingConveyor_1" UId="285" />
      <Token Text="." UId="286" />
      <Component Name="Status" UId="287" />
      <Token Text="." UId="288" />
      <Component Name="RequestForSending" UId="289" />
    </Symbol>
  </Access>
  <Blank Num="1" UId="290" />
  <Token Text="OR" UId="291" />
  <Blank Num="1" UId="292" />
  <Access Scope="LocalVariable" UId="293">
    <Symbol UId="294">
      <Component Name="I_SendingConveyor_2" UId="295" />
      <Token Text="." UId="296" />
      <Component Name="Status" UId="297" />
      <Token Text="." UId="298" />
      <Component Name="RequestForSending" UId="299" />
    </Symbol>
  </Access>
  <Token Text=")" UId="300" />
  <NewLine Num="1" UId="301" />
  <Blank Num="8" UId="302" />
  <Token Text="AND" UId="303" />
  <Blank Num="1" UId="304" />
  <Access Scope="LocalVariable" UId="305">
    <Symbol UId="306">
      <Component Name="I_IntersectionConveyor" UId="307" />
      <Token Text="." UId="308" />
      <Component Name="Status" UId="309" />
      <Token Text="." UId="310" />
      <Component Name="Empty" UId="311" />
    </Symbol>
  </Access>
  <Blank Num="1" UId="312" />
  <Token Text="THEN" UId="313" />
  <NewLine Num="1" UId="314" />
  <Blank Num="8" UId="315" />
  <NewLine Num="1" UId="316" />
  <Blank Num="8" UId="317" />
  <Token Text="IF" UId="318" />
  <Blank Num="1" UId="319" />
  <Access Scope="LocalVariable" UId="320">
    <Symbol UId="321">
      <Component Name="option" UId="322" />
    </Symbol>
  </Access>
  <Blank Num="1" UId="323" />
  <Token Text="=" UId="324" />
  <Blank Num="1" UId="325" />
  <Access Scope="LiteralConstant" UId="326">
    <Constant UId="327">
      <ConstantValue UId="329">1</ConstantValue>
    </Constant>
  </Access>
  <Blank Num="1" UId="330" />
  <Token Text="THEN" UId="331" />
  <NewLine Num="1" UId="332" />
  <Blank Num="12" UId="333" />
  <Access Scope="LocalVariable" UId="334">
    <Symbol UId="335">
      <Component Name="O_AccumulateConv_1" UId="336" />
    </Symbol>
  </Access>
  <Blank Num="1" UId="337" />
  <Token Text=":=" UId="338" />
  <Blank Num="1" UId="339" />
  <Access Scope="LiteralConstant" UId="340">
    <Constant UId="341">
      <ConstantValue UId="343">FALSE</ConstantValue>
    </Constant>
  </Access>
  <Token Text=";" UId="344" />
  <NewLine Num="1" UId="345" />
  <Blank Num="8" UId="346" />
  <Token Text="END_IF" UId="347" />
  <Token Text=";" UId="348" />
  <NewLine Num="1" UId="349" />
  <Blank Num="8" UId="350" />
  <NewLine Num="1" UId="351" />
  <Blank Num="8" UId="352" />
  <Token Text="IF" UId="353" />
  <Blank Num="1" UId="354" />
  <Access Scope="LocalVariable" UId="355">
    <Symbol UId="356">
      <Component Name="option" UId="357" />
    </Symbol>
  </Access>
  <Blank Num="1" UId="358" />
  <Token Text="=" UId="359" />
  <Blank Num="1" UId="360" />
  <Access Scope="LiteralConstant" UId="361">
    <Constant UId="362">
      <ConstantValue UId="364">2</ConstantValue>
    </Constant>
  </Access>
  <Blank Num="1" UId="365" />
  <Token Text="THEN" UId="366" />
  <NewLine Num="1" UId="367" />
  <Blank Num="12" UId="368" />
  <Access Scope="LocalVariable" UId="369">
    <Symbol UId="370">
      <Component Name="O_AccumulateConv_2" UId="371" />
    </Symbol>
  </Access>
  <Blank Num="1" UId="372" />
  <Token Text=":=" UId="373" />
  <Blank Num="1" UId="374" />
  <Access Scope="LiteralConstant" UId="375">
    <Constant UId="376">
      <ConstantValue UId="378">FALSE</ConstantValue>
    </Constant>
  </Access>
  <Token Text=";" UId="379" />
  <NewLine Num="1" UId="380" />
  <Blank Num="8" UId="381" />
  <Token Text="END_IF" UId="382" />
  <Token Text=";" UId="383" />
  <NewLine Num="1" UId="384" />
  <Blank Num="8" UId="385" />
  <NewLine Num="1" UId="386" />
  <Blank Num="4" UId="387" />
  <Token Text="END_IF" UId="388" />
  <Token Text=";" UId="389" />
  <NewLine Num="1" UId="390" />
  <Blank Num="4" UId="391" />
  <NewLine Num="1" UId="392" />
  <Token Text="END_REGION" UId="393" />
  <NewLine Num="1" UId="394" />
</StructuredText></NetworkSource>
          <ProgrammingLanguage>SCL</ProgrammingLanguage>
        </AttributeList>
        <ObjectList>
          <MultilingualText ID="5" CompositionName="Comment">
            <ObjectList>
              <MultilingualTextItem ID="6" CompositionName="Items">
                <AttributeList>
                  <Culture>en-US</Culture>
                  <Text />
                </AttributeList>
              </MultilingualTextItem>
              <MultilingualTextItem ID="7" CompositionName="Items">
                <AttributeList>
                  <Culture>fr-BE</Culture>
                  <Text />
                </AttributeList>
              </MultilingualTextItem>
            </ObjectList>
          </MultilingualText>
          <MultilingualText ID="8" CompositionName="Title">
            <ObjectList>
              <MultilingualTextItem ID="9" CompositionName="Items">
                <AttributeList>
                  <Culture>en-US</Culture>
                  <Text />
                </AttributeList>
              </MultilingualTextItem>
              <MultilingualTextItem ID="A" CompositionName="Items">
                <AttributeList>
                  <Culture>fr-BE</Culture>
                  <Text />
                </AttributeList>
              </MultilingualTextItem>
            </ObjectList>
          </MultilingualText>
        </ObjectList>
      </SW.Blocks.CompileUnit>
      <MultilingualText ID="B" CompositionName="Title">
        <ObjectList>
          <MultilingualTextItem ID="C" CompositionName="Items">
            <AttributeList>
              <Culture>en-US</Culture>
              <Text />
            </AttributeList>
          </MultilingualTextItem>
          <MultilingualTextItem ID="D" CompositionName="Items">
            <AttributeList>
              <Culture>fr-BE</Culture>
              <Text />
            </AttributeList>
          </MultilingualTextItem>
        </ObjectList>
      </MultilingualText>
    </ObjectList>
  </SW.Blocks.FB>
</Document>