﻿<?xml version="1.0" encoding="utf-8"?>
<Document>
  <Engineering version="V16" />
  <DocumentInfo>
    <Created>2023-11-13T10:46:08.9931766Z</Created>
    <ExportSetting>WithDefaults</ExportSetting>
    <InstalledProducts>
      <Product>
        <DisplayName>Totally Integrated Automation Portal</DisplayName>
        <DisplayVersion>V16 Update 6</DisplayVersion>
      </Product>
      <OptionPackage>
        <DisplayName>TIA Portal Version Control Interface</DisplayName>
        <DisplayVersion>V16 Update 2</DisplayVersion>
      </OptionPackage>
      <OptionPackage>
        <DisplayName>TIA Portal Openness</DisplayName>
        <DisplayVersion>V16 Update 6</DisplayVersion>
      </OptionPackage>
      <OptionPackage>
        <DisplayName>TIA Portal Teamcenter Gateway</DisplayName>
        <DisplayVersion>V16</DisplayVersion>
      </OptionPackage>
      <Product>
        <DisplayName>SINAMICS Startdrive Advanced</DisplayName>
        <DisplayVersion>V16 Update 5</DisplayVersion>
      </Product>
      <OptionPackage>
        <DisplayName>SINAMICS Startdrive G130, G150, S120, S150, SINAMICS MV, S210</DisplayName>
        <DisplayVersion>V16 Update 5</DisplayVersion>
      </OptionPackage>
      <OptionPackage>
        <DisplayName>SINAMICS Startdrive G110M, G120, G120C, G120D, G120P, G115D</DisplayName>
        <DisplayVersion>V16 Update 5</DisplayVersion>
      </OptionPackage>
      <Product>
        <DisplayName>STEP 7 Professional</DisplayName>
        <DisplayVersion>V16 Update 6</DisplayVersion>
      </Product>
      <OptionPackage>
        <DisplayName>STEP 7 Safety</DisplayName>
        <DisplayVersion>V16</DisplayVersion>
      </OptionPackage>
      <Product>
        <DisplayName>WinCC Advanced / Unified PC</DisplayName>
        <DisplayVersion>V16 Update 6</DisplayVersion>
      </Product>
    </InstalledProducts>
  </DocumentInfo>
  <SW.Blocks.FB ID="0">
    <AttributeList>
      <AutoNumber>true</AutoNumber>
      <HeaderAuthor />
      <HeaderFamily />
      <HeaderName />
      <HeaderVersion>0.1</HeaderVersion>
      <Interface><Sections xmlns="http://www.siemens.com/automation/Openness/SW/Interface/v4">
  <Section Name="Input" />
  <Section Name="Output" />
  <Section Name="InOut" />
  <Section Name="Static" />
  <Section Name="Temp" />
  <Section Name="Constant" />
</Sections></Interface>
      <IsIECCheckEnabled>false</IsIECCheckEnabled>
      <IsRetainMemResEnabled>false</IsRetainMemResEnabled>
      <MemoryLayout>Optimized</MemoryLayout>
      <MemoryReserve>100</MemoryReserve>
      <Name>Z_100_INTERFACE_FB</Name>
      <Number>74</Number>
      <ProgrammingLanguage>SCL</ProgrammingLanguage>
      <SetENOAutomatically>false</SetENOAutomatically>
      <UDABlockProperties />
      <UDAEnableTagReadback>false</UDAEnableTagReadback>
    </AttributeList>
    <ObjectList>
      <MultilingualText ID="1" CompositionName="Comment">
        <ObjectList>
          <MultilingualTextItem ID="2" CompositionName="Items">
            <AttributeList>
              <Culture>en-US</Culture>
              <Text />
            </AttributeList>
          </MultilingualTextItem>
          <MultilingualTextItem ID="3" CompositionName="Items">
            <AttributeList>
              <Culture>fr-BE</Culture>
              <Text />
            </AttributeList>
          </MultilingualTextItem>
        </ObjectList>
      </MultilingualText>
      <SW.Blocks.CompileUnit ID="4" CompositionName="CompileUnits">
        <AttributeList>
          <NetworkSource><StructuredText xmlns="http://www.siemens.com/automation/Openness/SW/NetworkSource/StructuredText/v3">
  <Token Text="REGION" UId="21" />
  <Blank Num="1" UId="22" />
  <Text UId="23">INBOUND</Text>
  <NewLine Num="1" UId="24" />
  <Blank Num="4" UId="25" />
  <NewLine Num="1" UId="26" />
  <Blank Num="4" UId="27" />
  <Token Text="REGION" UId="28" />
  <Blank Num="1" UId="29" />
  <Text UId="30">C101R_ZPA</Text>
  <NewLine Num="1" UId="31" />
  <Blank Num="8" UId="32" />
  <NewLine Num="1" UId="33" />
  <Blank Num="8" UId="34" />
  <Access Scope="Call" UId="35">
    <CallInfo UId="36" BlockType="FC">
      <Instance Scope="GlobalVariable" UId="38">
        <Component Name="Motor_Conveyor_Interface" UId="37" />
      </Instance>
      <Token Text="(" UId="39" />
      <NewLine Num="1" UId="40" />
      <Blank Num="35" UId="41" />
      <Parameter Name="I_RunningFeedback" UId="42">
        <Blank Num="1" UId="43" />
        <Token Text=":=" UId="44" />
        <Blank Num="1" UId="45" />
        <Access Scope="GlobalVariable" UId="46">
          <Symbol UId="47">
            <Component Name="MOT_CLX_ROLLS_DB" UId="48" />
            <Token Text="." UId="49" />
            <Component Name="M101R_ZPA" UId="50" />
            <Token Text="." UId="51" />
            <Component Name="Status" UId="52" />
            <Token Text="." UId="53" />
            <Component Name="Running" UId="54" />
          </Symbol>
        </Access>
      </Parameter>
      <Token Text="," UId="55" />
      <NewLine Num="1" UId="56" />
      <Blank Num="35" UId="57" />
      <Parameter Name="I_MotorAlarm" UId="58">
        <Blank Num="1" UId="59" />
        <Token Text=":=" UId="60" />
        <Blank Num="1" UId="61" />
        <Access Scope="LiteralConstant" UId="62">
          <Constant UId="63">
            <ConstantValue UId="65">FALSE</ConstantValue>
          </Constant>
        </Access>
      </Parameter>
      <Token Text="," UId="66" />
      <NewLine Num="1" UId="67" />
      <Blank Num="35" UId="68" />
      <Parameter Name="IO_SensorStart" UId="69">
        <Blank Num="1" UId="70" />
        <Token Text=":=" UId="71" />
        <Blank Num="1" UId="72" />
        <Access Scope="GlobalVariable" UId="73">
          <Symbol UId="74">
            <Component Name="Inputs_DB" UId="75" />
            <Token Text="." UId="76" />
            <Component Name="FTC_101_L4" UId="77" />
          </Symbol>
        </Access>
      </Parameter>
      <Token Text="," UId="78" />
      <NewLine Num="1" UId="79" />
      <Blank Num="35" UId="80" />
      <Parameter Name="IO_SensorEnd" UId="81">
        <Blank Num="1" UId="82" />
        <Token Text=":=" UId="83" />
        <Blank Num="1" UId="84" />
        <Access Scope="GlobalVariable" UId="85">
          <Symbol UId="86">
            <Component Name="Inputs_DB" UId="87" />
            <Token Text="." UId="88" />
            <Component Name="FTC_101_R2" UId="89" />
          </Symbol>
        </Access>
      </Parameter>
      <Token Text="," UId="90" />
      <NewLine Num="1" UId="91" />
      <Blank Num="35" UId="92" />
      <Parameter Name="IO_Conveyor" UId="93">
        <Blank Num="1" UId="94" />
        <Token Text=":=" UId="95" />
        <Blank Num="1" UId="96" />
        <Access Scope="GlobalVariable" UId="97">
          <Symbol UId="98">
            <Component Name="CONV1_DB" UId="99" />
            <Token Text="." UId="100" />
            <Component Name="C101R_ZPA" UId="101" />
          </Symbol>
        </Access>
      </Parameter>
      <Token Text=")" UId="102" />
    </CallInfo>
  </Access>
  <Token Text=";" UId="103" />
  <NewLine Num="1" UId="104" />
  <Blank Num="8" UId="105" />
  <NewLine Num="1" UId="106" />
  <Blank Num="4" UId="107" />
  <Token Text="END_REGION" UId="108" />
  <NewLine Num="1" UId="109" />
  <Blank Num="4" UId="110" />
  <NewLine Num="1" UId="111" />
  <Blank Num="4" UId="112" />
  <Token Text="REGION" UId="113" />
  <Blank Num="1" UId="114" />
  <Text UId="115">C101L_ZPA</Text>
  <NewLine Num="1" UId="116" />
  <Blank Num="8" UId="117" />
  <NewLine Num="1" UId="118" />
  <Blank Num="8" UId="119" />
  <Access Scope="Call" UId="120">
    <CallInfo UId="121" BlockType="FC">
      <Instance Scope="GlobalVariable" UId="123">
        <Component Name="Motor_Conveyor_Interface" UId="122" />
      </Instance>
      <Token Text="(" UId="124" />
      <NewLine Num="1" UId="125" />
      <Blank Num="35" UId="126" />
      <Parameter Name="I_RunningFeedback" UId="127">
        <Blank Num="1" UId="128" />
        <Token Text=":=" UId="129" />
        <Blank Num="1" UId="130" />
        <Access Scope="GlobalVariable" UId="131">
          <Symbol UId="132">
            <Component Name="MOT_CLX_ROLLS_DB" UId="133" />
            <Token Text="." UId="134" />
            <Component Name="M101L_ZPA" UId="135" />
            <Token Text="." UId="136" />
            <Component Name="Status" UId="137" />
            <Token Text="." UId="138" />
            <Component Name="Running" UId="139" />
          </Symbol>
        </Access>
      </Parameter>
      <Token Text="," UId="140" />
      <NewLine Num="1" UId="141" />
      <Blank Num="35" UId="142" />
      <Parameter Name="I_MotorAlarm" UId="143">
        <Blank Num="1" UId="144" />
        <Token Text=":=" UId="145" />
        <Blank Num="1" UId="146" />
        <Access Scope="LiteralConstant" UId="147">
          <Constant UId="148">
            <ConstantValue UId="150">FALSE</ConstantValue>
          </Constant>
        </Access>
      </Parameter>
      <Token Text="," UId="151" />
      <NewLine Num="1" UId="152" />
      <Blank Num="35" UId="153" />
      <Parameter Name="IO_SensorStart" UId="154">
        <Blank Num="1" UId="155" />
        <Token Text=":=" UId="156" />
        <Blank Num="1" UId="157" />
        <Access Scope="GlobalVariable" UId="158">
          <Symbol UId="159">
            <Component Name="Inputs_DB" UId="160" />
            <Token Text="." UId="161" />
            <Component Name="FTC_101_R2" UId="162" />
          </Symbol>
        </Access>
      </Parameter>
      <Token Text="," UId="163" />
      <NewLine Num="1" UId="164" />
      <Blank Num="35" UId="165" />
      <Parameter Name="IO_SensorEnd" UId="166">
        <Blank Num="1" UId="167" />
        <Token Text=":=" UId="168" />
        <Blank Num="1" UId="169" />
        <Access Scope="GlobalVariable" UId="170">
          <Symbol UId="171">
            <Component Name="Inputs_DB" UId="172" />
            <Token Text="." UId="173" />
            <Component Name="FTC_101_R4" UId="174" />
          </Symbol>
        </Access>
      </Parameter>
      <Token Text="," UId="175" />
      <NewLine Num="1" UId="176" />
      <Blank Num="35" UId="177" />
      <Parameter Name="IO_Conveyor" UId="178">
        <Blank Num="1" UId="179" />
        <Token Text=":=" UId="180" />
        <Blank Num="1" UId="181" />
        <Access Scope="GlobalVariable" UId="182">
          <Symbol UId="183">
            <Component Name="CONV1_DB" UId="184" />
            <Token Text="." UId="185" />
            <Component Name="C101L_ZPA" UId="186" />
          </Symbol>
        </Access>
      </Parameter>
      <Token Text=")" UId="187" />
    </CallInfo>
  </Access>
  <Token Text=";" UId="188" />
  <NewLine Num="1" UId="189" />
  <Blank Num="8" UId="190" />
  <NewLine Num="1" UId="191" />
  <Blank Num="4" UId="192" />
  <Token Text="END_REGION" UId="193" />
  <NewLine Num="1" UId="194" />
  <Blank Num="4" UId="195" />
  <NewLine Num="1" UId="196" />
  <Blank Num="4" UId="197" />
  <Token Text="REGION" UId="198" />
  <Blank Num="1" UId="199" />
  <Text UId="200">C102R_ZPA</Text>
  <NewLine Num="1" UId="201" />
  <Blank Num="8" UId="202" />
  <NewLine Num="1" UId="203" />
  <Blank Num="8" UId="204" />
  <Access Scope="Call" UId="205">
    <CallInfo UId="206" BlockType="FC">
      <Instance Scope="GlobalVariable" UId="208">
        <Component Name="Motor_Conveyor_Interface" UId="207" />
      </Instance>
      <Token Text="(" UId="209" />
      <NewLine Num="1" UId="210" />
      <Blank Num="35" UId="211" />
      <Parameter Name="I_RunningFeedback" UId="212">
        <Blank Num="1" UId="213" />
        <Token Text=":=" UId="214" />
        <Blank Num="1" UId="215" />
        <Access Scope="GlobalVariable" UId="216">
          <Symbol UId="217">
            <Component Name="MOT_CLX_ROLLS_DB" UId="218" />
            <Token Text="." UId="219" />
            <Component Name="M102R_ZPA" UId="220" />
            <Token Text="." UId="221" />
            <Component Name="Status" UId="222" />
            <Token Text="." UId="223" />
            <Component Name="Running" UId="224" />
          </Symbol>
        </Access>
      </Parameter>
      <Token Text="," UId="225" />
      <NewLine Num="1" UId="226" />
      <Blank Num="35" UId="227" />
      <Parameter Name="I_MotorAlarm" UId="228">
        <Blank Num="1" UId="229" />
        <Token Text=":=" UId="230" />
        <Blank Num="1" UId="231" />
        <Access Scope="LiteralConstant" UId="232">
          <Constant UId="233">
            <ConstantValue UId="235">FALSE</ConstantValue>
          </Constant>
        </Access>
      </Parameter>
      <Token Text="," UId="236" />
      <NewLine Num="1" UId="237" />
      <Blank Num="35" UId="238" />
      <Parameter Name="IO_SensorStart" UId="239">
        <Blank Num="1" UId="240" />
        <Token Text=":=" UId="241" />
        <Blank Num="1" UId="242" />
        <Access Scope="GlobalVariable" UId="243">
          <Symbol UId="244">
            <Component Name="Inputs_DB" UId="245" />
            <Token Text="." UId="246" />
            <Component Name="FTC_101_R4" UId="247" />
          </Symbol>
        </Access>
      </Parameter>
      <Token Text="," UId="248" />
      <NewLine Num="1" UId="249" />
      <Blank Num="35" UId="250" />
      <Parameter Name="IO_SensorEnd" UId="251">
        <Blank Num="1" UId="252" />
        <Token Text=":=" UId="253" />
        <Blank Num="1" UId="254" />
        <Access Scope="GlobalVariable" UId="255">
          <Symbol UId="256">
            <Component Name="Inputs_DB" UId="257" />
            <Token Text="." UId="258" />
            <Component Name="FTC_102_R4" UId="259" />
          </Symbol>
        </Access>
      </Parameter>
      <Token Text="," UId="260" />
      <NewLine Num="1" UId="261" />
      <Blank Num="35" UId="262" />
      <Parameter Name="IO_Conveyor" UId="263">
        <Blank Num="1" UId="264" />
        <Token Text=":=" UId="265" />
        <Blank Num="1" UId="266" />
        <Access Scope="GlobalVariable" UId="267">
          <Symbol UId="268">
            <Component Name="CONV1_DB" UId="269" />
            <Token Text="." UId="270" />
            <Component Name="C102R_ZPA" UId="271" />
          </Symbol>
        </Access>
      </Parameter>
      <Token Text=")" UId="272" />
    </CallInfo>
  </Access>
  <Token Text=";" UId="273" />
  <NewLine Num="1" UId="274" />
  <Blank Num="8" UId="275" />
  <NewLine Num="1" UId="276" />
  <Blank Num="4" UId="277" />
  <Token Text="END_REGION" UId="278" />
  <NewLine Num="1" UId="279" />
  <Blank Num="4" UId="280" />
  <NewLine Num="1" UId="281" />
  <Blank Num="4" UId="282" />
  <Token Text="REGION" UId="283" />
  <Blank Num="1" UId="284" />
  <Text UId="285">C102L_ZPA</Text>
  <NewLine Num="1" UId="286" />
  <Blank Num="8" UId="287" />
  <NewLine Num="1" UId="288" />
  <Blank Num="8" UId="289" />
  <Access Scope="Call" UId="290">
    <CallInfo UId="291" BlockType="FC">
      <Instance Scope="GlobalVariable" UId="293">
        <Component Name="Motor_Conveyor_Interface" UId="292" />
      </Instance>
      <Token Text="(" UId="294" />
      <NewLine Num="1" UId="295" />
      <Blank Num="35" UId="296" />
      <Parameter Name="I_RunningFeedback" UId="297">
        <Blank Num="1" UId="298" />
        <Token Text=":=" UId="299" />
        <Blank Num="1" UId="300" />
        <Access Scope="GlobalVariable" UId="301">
          <Symbol UId="302">
            <Component Name="MOT_CLX_ROLLS_DB" UId="303" />
            <Token Text="." UId="304" />
            <Component Name="M102L_ZPA" UId="305" />
            <Token Text="." UId="306" />
            <Component Name="Status" UId="307" />
            <Token Text="." UId="308" />
            <Component Name="Running" UId="309" />
          </Symbol>
        </Access>
      </Parameter>
      <Token Text="," UId="310" />
      <NewLine Num="1" UId="311" />
      <Blank Num="35" UId="312" />
      <Parameter Name="I_MotorAlarm" UId="313">
        <Blank Num="1" UId="314" />
        <Token Text=":=" UId="315" />
        <Blank Num="1" UId="316" />
        <Access Scope="LiteralConstant" UId="317">
          <Constant UId="318">
            <ConstantValue UId="320">FALSE</ConstantValue>
          </Constant>
        </Access>
      </Parameter>
      <Token Text="," UId="321" />
      <NewLine Num="1" UId="322" />
      <Blank Num="35" UId="323" />
      <Parameter Name="IO_SensorStart" UId="324">
        <Blank Num="1" UId="325" />
        <Token Text=":=" UId="326" />
        <Blank Num="1" UId="327" />
        <Access Scope="GlobalVariable" UId="328">
          <Symbol UId="329">
            <Component Name="Inputs_DB" UId="330" />
            <Token Text="." UId="331" />
            <Component Name="FTC_102_R4" UId="332" />
          </Symbol>
        </Access>
      </Parameter>
      <Token Text="," UId="333" />
      <NewLine Num="1" UId="334" />
      <Blank Num="35" UId="335" />
      <Parameter Name="IO_SensorEnd" UId="336">
        <Blank Num="1" UId="337" />
        <Token Text=":=" UId="338" />
        <Blank Num="1" UId="339" />
        <Access Scope="GlobalVariable" UId="340">
          <Symbol UId="341">
            <Component Name="Inputs_DB" UId="342" />
            <Token Text="." UId="343" />
            <Component Name="FTC_102_L4" UId="344" />
          </Symbol>
        </Access>
      </Parameter>
      <Token Text="," UId="345" />
      <NewLine Num="1" UId="346" />
      <Blank Num="35" UId="347" />
      <Parameter Name="IO_Conveyor" UId="348">
        <Blank Num="1" UId="349" />
        <Token Text=":=" UId="350" />
        <Blank Num="1" UId="351" />
        <Access Scope="GlobalVariable" UId="352">
          <Symbol UId="353">
            <Component Name="CONV1_DB" UId="354" />
            <Token Text="." UId="355" />
            <Component Name="C102L_ZPA" UId="356" />
          </Symbol>
        </Access>
      </Parameter>
      <Token Text=")" UId="357" />
    </CallInfo>
  </Access>
  <Token Text=";" UId="358" />
  <NewLine Num="1" UId="359" />
  <Blank Num="8" UId="360" />
  <NewLine Num="1" UId="361" />
  <Blank Num="4" UId="362" />
  <Token Text="END_REGION" UId="363" />
  <NewLine Num="1" UId="364" />
  <Blank Num="4" UId="365" />
  <NewLine Num="1" UId="366" />
  <Blank Num="4" UId="367" />
  <Token Text="REGION" UId="368" />
  <Blank Num="1" UId="369" />
  <Text UId="370">C103L_TRANSFER</Text>
  <NewLine Num="1" UId="371" />
  <Blank Num="8" UId="372" />
  <NewLine Num="1" UId="373" />
  <Blank Num="8" UId="374" />
  <Access Scope="Call" UId="375">
    <CallInfo UId="376" BlockType="FC">
      <Instance Scope="GlobalVariable" UId="378">
        <Component Name="Motor_Conveyor_Interface" UId="377" />
      </Instance>
      <Token Text="(" UId="379" />
      <NewLine Num="1" UId="380" />
      <Blank Num="35" UId="381" />
      <Parameter Name="I_RunningFeedback" UId="382">
        <Blank Num="1" UId="383" />
        <Token Text=":=" UId="384" />
        <Blank Num="1" UId="385" />
        <Access Scope="GlobalVariable" UId="386">
          <Symbol UId="387">
            <Component Name="MOT_CLX_ROLLS_DB" UId="388" />
            <Token Text="." UId="389" />
            <Component Name="M103L_ZPA" UId="390" />
            <Token Text="." UId="391" />
            <Component Name="Status" UId="392" />
            <Token Text="." UId="393" />
            <Component Name="Running" UId="394" />
          </Symbol>
        </Access>
      </Parameter>
      <Token Text="," UId="395" />
      <NewLine Num="1" UId="396" />
      <Blank Num="35" UId="397" />
      <Parameter Name="I_MotorAlarm" UId="398">
        <Blank Num="1" UId="399" />
        <Token Text=":=" UId="400" />
        <Blank Num="1" UId="401" />
        <Access Scope="LiteralConstant" UId="402">
          <Constant UId="403">
            <ConstantValue UId="405">FALSE</ConstantValue>
          </Constant>
        </Access>
      </Parameter>
      <Token Text="," UId="406" />
      <NewLine Num="1" UId="407" />
      <Blank Num="35" UId="408" />
      <Parameter Name="IO_SensorStart" UId="409">
        <Blank Num="1" UId="410" />
        <Token Text=":=" UId="411" />
        <Blank Num="1" UId="412" />
        <Access Scope="GlobalVariable" UId="413">
          <Symbol UId="414">
            <Component Name="Inputs_DB" UId="415" />
            <Token Text="." UId="416" />
            <Component Name="FTC_102_L4" UId="417" />
          </Symbol>
        </Access>
      </Parameter>
      <Token Text="," UId="418" />
      <NewLine Num="1" UId="419" />
      <Blank Num="35" UId="420" />
      <Parameter Name="IO_SensorEnd" UId="421">
        <Blank Num="1" UId="422" />
        <Token Text=":=" UId="423" />
        <Blank Num="1" UId="424" />
        <Access Scope="GlobalVariable" UId="425">
          <Symbol UId="426">
            <Component Name="Inputs_DB" UId="427" />
            <Token Text="." UId="428" />
            <Component Name="FTC_103_L4" UId="429" />
          </Symbol>
        </Access>
      </Parameter>
      <Token Text="," UId="430" />
      <NewLine Num="1" UId="431" />
      <Blank Num="35" UId="432" />
      <Parameter Name="IO_Conveyor" UId="433">
        <Blank Num="1" UId="434" />
        <Token Text=":=" UId="435" />
        <Blank Num="1" UId="436" />
        <Access Scope="GlobalVariable" UId="437">
          <Symbol UId="438">
            <Component Name="CONV1_DB" UId="439" />
            <Token Text="." UId="440" />
            <Component Name="C103L_ZPA" UId="441" />
          </Symbol>
        </Access>
      </Parameter>
      <Token Text=")" UId="442" />
    </CallInfo>
  </Access>
  <Token Text=";" UId="443" />
  <NewLine Num="1" UId="444" />
  <Blank Num="8" UId="445" />
  <NewLine Num="1" UId="446" />
  <Blank Num="8" UId="447" />
  <Access Scope="Call" UId="448">
    <CallInfo UId="449" BlockType="FC">
      <Instance Scope="GlobalVariable" UId="451">
        <Component Name="Motor_Conveyor_Interface" UId="450" />
      </Instance>
      <Token Text="(" UId="452" />
      <NewLine Num="1" UId="453" />
      <Blank Num="35" UId="454" />
      <Parameter Name="I_RunningFeedback" UId="455">
        <Blank Num="1" UId="456" />
        <Token Text=":=" UId="457" />
        <Blank Num="1" UId="458" />
        <Access Scope="GlobalVariable" UId="459">
          <Symbol UId="460">
            <Component Name="MOT_CLX_BELTS_DB" UId="461" />
            <Token Text="." UId="462" />
            <Component Name="M104R_BELTS" UId="463" />
            <Token Text="." UId="464" />
            <Component Name="Status" UId="465" />
            <Token Text="." UId="466" />
            <Component Name="Running" UId="467" />
          </Symbol>
        </Access>
      </Parameter>
      <Token Text="," UId="468" />
      <NewLine Num="1" UId="469" />
      <Blank Num="35" UId="470" />
      <Parameter Name="I_MotorAlarm" UId="471">
        <Blank Num="1" UId="472" />
        <Token Text=":=" UId="473" />
        <Blank Num="1" UId="474" />
        <Access Scope="LiteralConstant" UId="475">
          <Constant UId="476">
            <ConstantValue UId="478">FALSE</ConstantValue>
          </Constant>
        </Access>
      </Parameter>
      <Token Text="," UId="479" />
      <NewLine Num="1" UId="480" />
      <Blank Num="35" UId="481" />
      <Parameter Name="IO_SensorStart" UId="482">
        <Blank Num="1" UId="483" />
        <Token Text=":=" UId="484" />
        <Blank Num="1" UId="485" />
        <Access Scope="GlobalVariable" UId="486">
          <Symbol UId="487">
            <Component Name="Inputs_DB" UId="488" />
            <Token Text="." UId="489" />
            <Component Name="FTC_105_R4" UId="490" />
          </Symbol>
        </Access>
      </Parameter>
      <Token Text="," UId="491" />
      <NewLine Num="1" UId="492" />
      <Blank Num="35" UId="493" />
      <Parameter Name="IO_SensorEnd" UId="494">
        <Blank Num="1" UId="495" />
        <Token Text=":=" UId="496" />
        <Blank Num="1" UId="497" />
        <Access Scope="GlobalVariable" UId="498">
          <Symbol UId="499">
            <Component Name="Inputs_DB" UId="500" />
            <Token Text="." UId="501" />
            <Component Name="FTC_103_L4" UId="502" />
          </Symbol>
        </Access>
      </Parameter>
      <Token Text="," UId="503" />
      <NewLine Num="1" UId="504" />
      <Blank Num="35" UId="505" />
      <Parameter Name="IO_Conveyor" UId="506">
        <Blank Num="1" UId="507" />
        <Token Text=":=" UId="508" />
        <Blank Num="1" UId="509" />
        <Access Scope="GlobalVariable" UId="510">
          <Symbol UId="511">
            <Component Name="CONV1_BELTS_DB" UId="512" />
            <Token Text="." UId="513" />
            <Component Name="C104R_BELTS" UId="514" />
          </Symbol>
        </Access>
      </Parameter>
      <Token Text=")" UId="515" />
    </CallInfo>
  </Access>
  <Token Text=";" UId="516" />
  <NewLine Num="1" UId="517" />
  <Blank Num="8" UId="518" />
  <NewLine Num="1" UId="519" />
  <Blank Num="4" UId="520" />
  <Token Text="END_REGION" UId="521" />
  <NewLine Num="1" UId="522" />
  <Blank Num="4" UId="523" />
  <NewLine Num="1" UId="524" />
  <Blank Num="4" UId="525" />
  <Token Text="REGION" UId="526" />
  <Blank Num="1" UId="527" />
  <Text UId="528">C103R_ZPA</Text>
  <NewLine Num="1" UId="529" />
  <Blank Num="8" UId="530" />
  <NewLine Num="1" UId="531" />
  <Blank Num="8" UId="532" />
  <Access Scope="Call" UId="533">
    <CallInfo UId="534" BlockType="FC">
      <Instance Scope="GlobalVariable" UId="536">
        <Component Name="Motor_Conveyor_Interface" UId="535" />
      </Instance>
      <Token Text="(" UId="537" />
      <NewLine Num="1" UId="538" />
      <Blank Num="35" UId="539" />
      <Parameter Name="I_RunningFeedback" UId="540">
        <Blank Num="1" UId="541" />
        <Token Text=":=" UId="542" />
        <Blank Num="1" UId="543" />
        <Access Scope="GlobalVariable" UId="544">
          <Symbol UId="545">
            <Component Name="MOT_CLX_ROLLS_DB" UId="546" />
            <Token Text="." UId="547" />
            <Component Name="M103R_ZPA" UId="548" />
            <Token Text="." UId="549" />
            <Component Name="Status" UId="550" />
            <Token Text="." UId="551" />
            <Component Name="Running" UId="552" />
          </Symbol>
        </Access>
      </Parameter>
      <Token Text="," UId="553" />
      <NewLine Num="1" UId="554" />
      <Blank Num="35" UId="555" />
      <Parameter Name="I_MotorAlarm" UId="556">
        <Blank Num="1" UId="557" />
        <Token Text=":=" UId="558" />
        <Blank Num="1" UId="559" />
        <Access Scope="LiteralConstant" UId="560">
          <Constant UId="561">
            <ConstantValue UId="563">FALSE</ConstantValue>
          </Constant>
        </Access>
      </Parameter>
      <Token Text="," UId="564" />
      <NewLine Num="1" UId="565" />
      <Blank Num="35" UId="566" />
      <Parameter Name="IO_SensorStart" UId="567">
        <Blank Num="1" UId="568" />
        <Token Text=":=" UId="569" />
        <Blank Num="1" UId="570" />
        <Access Scope="GlobalVariable" UId="571">
          <Symbol UId="572">
            <Component Name="Inputs_DB" UId="573" />
            <Token Text="." UId="574" />
            <Component Name="FTC_103_L4" UId="575" />
          </Symbol>
        </Access>
      </Parameter>
      <Token Text="," UId="576" />
      <NewLine Num="1" UId="577" />
      <Blank Num="35" UId="578" />
      <Parameter Name="IO_SensorEnd" UId="579">
        <Blank Num="1" UId="580" />
        <Token Text=":=" UId="581" />
        <Blank Num="1" UId="582" />
        <Access Scope="GlobalVariable" UId="583">
          <Symbol UId="584">
            <Component Name="Inputs_DB" UId="585" />
            <Token Text="." UId="586" />
            <Component Name="FTC_103_R4" UId="587" />
          </Symbol>
        </Access>
      </Parameter>
      <Token Text="," UId="588" />
      <NewLine Num="1" UId="589" />
      <Blank Num="35" UId="590" />
      <Parameter Name="IO_Conveyor" UId="591">
        <Blank Num="1" UId="592" />
        <Token Text=":=" UId="593" />
        <Blank Num="1" UId="594" />
        <Access Scope="GlobalVariable" UId="595">
          <Symbol UId="596">
            <Component Name="CONV1_DB" UId="597" />
            <Token Text="." UId="598" />
            <Component Name="C103R_ZPA" UId="599" />
          </Symbol>
        </Access>
      </Parameter>
      <Token Text=")" UId="600" />
    </CallInfo>
  </Access>
  <Token Text=";" UId="601" />
  <NewLine Num="1" UId="602" />
  <Blank Num="8" UId="603" />
  <NewLine Num="1" UId="604" />
  <Blank Num="4" UId="605" />
  <Token Text="END_REGION" UId="606" />
  <NewLine Num="1" UId="607" />
  <Blank Num="4" UId="608" />
  <NewLine Num="1" UId="609" />
  <Blank Num="4" UId="610" />
  <Token Text="REGION" UId="611" />
  <Blank Num="1" UId="612" />
  <Text UId="613">C106L_ZPA</Text>
  <NewLine Num="1" UId="614" />
  <Blank Num="8" UId="615" />
  <NewLine Num="1" UId="616" />
  <Blank Num="8" UId="617" />
  <Access Scope="Call" UId="618">
    <CallInfo UId="619" BlockType="FC">
      <Instance Scope="GlobalVariable" UId="621">
        <Component Name="Motor_Conveyor_Interface" UId="620" />
      </Instance>
      <Token Text="(" UId="622" />
      <NewLine Num="1" UId="623" />
      <Blank Num="35" UId="624" />
      <Parameter Name="I_RunningFeedback" UId="625">
        <Blank Num="1" UId="626" />
        <Token Text=":=" UId="627" />
        <Blank Num="1" UId="628" />
        <Access Scope="GlobalVariable" UId="629">
          <Symbol UId="630">
            <Component Name="MOT_CLX_ROLLS_DB" UId="631" />
            <Token Text="." UId="632" />
            <Component Name="M106L_ZPA" UId="633" />
            <Token Text="." UId="634" />
            <Component Name="Status" UId="635" />
            <Token Text="." UId="636" />
            <Component Name="Running" UId="637" />
          </Symbol>
        </Access>
      </Parameter>
      <Token Text="," UId="638" />
      <NewLine Num="1" UId="639" />
      <Blank Num="35" UId="640" />
      <Parameter Name="I_MotorAlarm" UId="641">
        <Blank Num="1" UId="642" />
        <Token Text=":=" UId="643" />
        <Blank Num="1" UId="644" />
        <Access Scope="LiteralConstant" UId="645">
          <Constant UId="646">
            <ConstantValue UId="648">FALSE</ConstantValue>
          </Constant>
        </Access>
      </Parameter>
      <Token Text="," UId="649" />
      <NewLine Num="1" UId="650" />
      <Blank Num="35" UId="651" />
      <Parameter Name="IO_SensorStart" UId="652">
        <Blank Num="1" UId="653" />
        <Token Text=":=" UId="654" />
        <Blank Num="1" UId="655" />
        <Access Scope="GlobalVariable" UId="656">
          <Symbol UId="657">
            <Component Name="Inputs_DB" UId="658" />
            <Token Text="." UId="659" />
            <Component Name="FTC_103_R4" UId="660" />
          </Symbol>
        </Access>
      </Parameter>
      <Token Text="," UId="661" />
      <NewLine Num="1" UId="662" />
      <Blank Num="35" UId="663" />
      <Parameter Name="IO_SensorEnd" UId="664">
        <Blank Num="1" UId="665" />
        <Token Text=":=" UId="666" />
        <Blank Num="1" UId="667" />
        <Access Scope="GlobalVariable" UId="668">
          <Symbol UId="669">
            <Component Name="Inputs_DB" UId="670" />
            <Token Text="." UId="671" />
            <Component Name="FTC_106_L4" UId="672" />
          </Symbol>
        </Access>
      </Parameter>
      <Token Text="," UId="673" />
      <NewLine Num="1" UId="674" />
      <Blank Num="35" UId="675" />
      <Parameter Name="IO_Conveyor" UId="676">
        <Blank Num="1" UId="677" />
        <Token Text=":=" UId="678" />
        <Blank Num="1" UId="679" />
        <Access Scope="GlobalVariable" UId="680">
          <Symbol UId="681">
            <Component Name="CONV1_DB" UId="682" />
            <Token Text="." UId="683" />
            <Component Name="C106L_ZPA" UId="684" />
          </Symbol>
        </Access>
      </Parameter>
      <Token Text=")" UId="685" />
    </CallInfo>
  </Access>
  <Token Text=";" UId="686" />
  <NewLine Num="1" UId="687" />
  <Blank Num="8" UId="688" />
  <NewLine Num="1" UId="689" />
  <Blank Num="4" UId="690" />
  <Token Text="END_REGION" UId="691" />
  <NewLine Num="1" UId="692" />
  <Blank Num="4" UId="693" />
  <NewLine Num="1" UId="694" />
  <Blank Num="4" UId="695" />
  <Token Text="REGION" UId="696" />
  <Blank Num="1" UId="697" />
  <Text UId="698">C106R_ZPA</Text>
  <NewLine Num="1" UId="699" />
  <Blank Num="8" UId="700" />
  <NewLine Num="1" UId="701" />
  <Blank Num="8" UId="702" />
  <Access Scope="Call" UId="703">
    <CallInfo UId="704" BlockType="FC">
      <Instance Scope="GlobalVariable" UId="706">
        <Component Name="Motor_Conveyor_Interface" UId="705" />
      </Instance>
      <Token Text="(" UId="707" />
      <NewLine Num="1" UId="708" />
      <Blank Num="35" UId="709" />
      <Parameter Name="I_RunningFeedback" UId="710">
        <Blank Num="1" UId="711" />
        <Token Text=":=" UId="712" />
        <Blank Num="1" UId="713" />
        <Access Scope="GlobalVariable" UId="714">
          <Symbol UId="715">
            <Component Name="MOT_CLX_ROLLS_DB" UId="716" />
            <Token Text="." UId="717" />
            <Component Name="M106R_ZPA" UId="718" />
            <Token Text="." UId="719" />
            <Component Name="Status" UId="720" />
            <Token Text="." UId="721" />
            <Component Name="Running" UId="722" />
          </Symbol>
        </Access>
      </Parameter>
      <Token Text="," UId="723" />
      <NewLine Num="1" UId="724" />
      <Blank Num="35" UId="725" />
      <Parameter Name="I_MotorAlarm" UId="726">
        <Blank Num="1" UId="727" />
        <Token Text=":=" UId="728" />
        <Blank Num="1" UId="729" />
        <Access Scope="LiteralConstant" UId="730">
          <Constant UId="731">
            <ConstantValue UId="733">FALSE</ConstantValue>
          </Constant>
        </Access>
      </Parameter>
      <Token Text="," UId="734" />
      <NewLine Num="1" UId="735" />
      <Blank Num="35" UId="736" />
      <Parameter Name="IO_SensorStart" UId="737">
        <Blank Num="1" UId="738" />
        <Token Text=":=" UId="739" />
        <Blank Num="1" UId="740" />
        <Access Scope="GlobalVariable" UId="741">
          <Symbol UId="742">
            <Component Name="Inputs_DB" UId="743" />
            <Token Text="." UId="744" />
            <Component Name="FTC_106_L4" UId="745" />
          </Symbol>
        </Access>
      </Parameter>
      <Token Text="," UId="746" />
      <NewLine Num="1" UId="747" />
      <Blank Num="35" UId="748" />
      <Parameter Name="IO_SensorEnd" UId="749">
        <Blank Num="1" UId="750" />
        <Token Text=":=" UId="751" />
        <Blank Num="1" UId="752" />
        <Access Scope="GlobalVariable" UId="753">
          <Symbol UId="754">
            <Component Name="Inputs_DB" UId="755" />
            <Token Text="." UId="756" />
            <Component Name="FTC_106_R4" UId="757" />
          </Symbol>
        </Access>
      </Parameter>
      <Token Text="," UId="758" />
      <NewLine Num="1" UId="759" />
      <Blank Num="35" UId="760" />
      <Parameter Name="IO_Conveyor" UId="761">
        <Blank Num="1" UId="762" />
        <Token Text=":=" UId="763" />
        <Blank Num="1" UId="764" />
        <Access Scope="GlobalVariable" UId="765">
          <Symbol UId="766">
            <Component Name="CONV1_DB" UId="767" />
            <Token Text="." UId="768" />
            <Component Name="C106R_ZPA" UId="769" />
          </Symbol>
        </Access>
      </Parameter>
      <Token Text=")" UId="770" />
    </CallInfo>
  </Access>
  <Token Text=";" UId="771" />
  <NewLine Num="1" UId="772" />
  <Blank Num="8" UId="773" />
  <NewLine Num="1" UId="774" />
  <Blank Num="4" UId="775" />
  <Token Text="END_REGION" UId="776" />
  <NewLine Num="1" UId="777" />
  <Blank Num="4" UId="778" />
  <NewLine Num="1" UId="779" />
  <Blank Num="4" UId="780" />
  <Token Text="REGION" UId="781" />
  <Blank Num="1" UId="782" />
  <Text UId="783">C107L_ZPA</Text>
  <NewLine Num="1" UId="784" />
  <Blank Num="8" UId="785" />
  <NewLine Num="1" UId="786" />
  <Blank Num="8" UId="787" />
  <Access Scope="Call" UId="788">
    <CallInfo UId="789" BlockType="FC">
      <Instance Scope="GlobalVariable" UId="791">
        <Component Name="Motor_Conveyor_Interface" UId="790" />
      </Instance>
      <Token Text="(" UId="792" />
      <NewLine Num="1" UId="793" />
      <Blank Num="35" UId="794" />
      <Parameter Name="I_RunningFeedback" UId="795">
        <Blank Num="1" UId="796" />
        <Token Text=":=" UId="797" />
        <Blank Num="1" UId="798" />
        <Access Scope="GlobalVariable" UId="799">
          <Symbol UId="800">
            <Component Name="MOT_CLX_ROLLS_DB" UId="801" />
            <Token Text="." UId="802" />
            <Component Name="M107L_ZPA" UId="803" />
            <Token Text="." UId="804" />
            <Component Name="Status" UId="805" />
            <Token Text="." UId="806" />
            <Component Name="Running" UId="807" />
          </Symbol>
        </Access>
      </Parameter>
      <Token Text="," UId="808" />
      <NewLine Num="1" UId="809" />
      <Blank Num="35" UId="810" />
      <Parameter Name="I_MotorAlarm" UId="811">
        <Blank Num="1" UId="812" />
        <Token Text=":=" UId="813" />
        <Blank Num="1" UId="814" />
        <Access Scope="LiteralConstant" UId="815">
          <Constant UId="816">
            <ConstantValue UId="818">FALSE</ConstantValue>
          </Constant>
        </Access>
      </Parameter>
      <Token Text="," UId="819" />
      <NewLine Num="1" UId="820" />
      <Blank Num="35" UId="821" />
      <Parameter Name="IO_SensorStart" UId="822">
        <Blank Num="1" UId="823" />
        <Token Text=":=" UId="824" />
        <Blank Num="1" UId="825" />
        <Access Scope="GlobalVariable" UId="826">
          <Symbol UId="827">
            <Component Name="Inputs_DB" UId="828" />
            <Token Text="." UId="829" />
            <Component Name="FTC_106_R4" UId="830" />
          </Symbol>
        </Access>
      </Parameter>
      <Token Text="," UId="831" />
      <NewLine Num="1" UId="832" />
      <Blank Num="35" UId="833" />
      <Parameter Name="IO_SensorEnd" UId="834">
        <Blank Num="1" UId="835" />
        <Token Text=":=" UId="836" />
        <Blank Num="1" UId="837" />
        <Access Scope="GlobalVariable" UId="838">
          <Symbol UId="839">
            <Component Name="Inputs_DB" UId="840" />
            <Token Text="." UId="841" />
            <Component Name="FTC_107_L4" UId="842" />
          </Symbol>
        </Access>
      </Parameter>
      <Token Text="," UId="843" />
      <NewLine Num="1" UId="844" />
      <Blank Num="35" UId="845" />
      <Parameter Name="IO_Conveyor" UId="846">
        <Blank Num="1" UId="847" />
        <Token Text=":=" UId="848" />
        <Blank Num="1" UId="849" />
        <Access Scope="GlobalVariable" UId="850">
          <Symbol UId="851">
            <Component Name="CONV1_DB" UId="852" />
            <Token Text="." UId="853" />
            <Component Name="C107L_ZPA" UId="854" />
          </Symbol>
        </Access>
      </Parameter>
      <Token Text=")" UId="855" />
    </CallInfo>
  </Access>
  <Token Text=";" UId="856" />
  <NewLine Num="1" UId="857" />
  <Blank Num="8" UId="858" />
  <NewLine Num="1" UId="859" />
  <Blank Num="4" UId="860" />
  <Token Text="END_REGION" UId="861" />
  <NewLine Num="1" UId="862" />
  <Blank Num="4" UId="863" />
  <NewLine Num="1" UId="864" />
  <Blank Num="4" UId="865" />
  <Token Text="REGION" UId="866" />
  <Blank Num="1" UId="867" />
  <Text UId="868">C107R_ZPA</Text>
  <NewLine Num="1" UId="869" />
  <Blank Num="8" UId="870" />
  <NewLine Num="1" UId="871" />
  <Blank Num="8" UId="872" />
  <Access Scope="Call" UId="873">
    <CallInfo UId="874" BlockType="FC">
      <Instance Scope="GlobalVariable" UId="876">
        <Component Name="Motor_Conveyor_Interface" UId="875" />
      </Instance>
      <Token Text="(" UId="877" />
      <NewLine Num="1" UId="878" />
      <Blank Num="35" UId="879" />
      <Parameter Name="I_RunningFeedback" UId="880">
        <Blank Num="1" UId="881" />
        <Token Text=":=" UId="882" />
        <Blank Num="1" UId="883" />
        <Access Scope="GlobalVariable" UId="884">
          <Symbol UId="885">
            <Component Name="MOT_CLX_ROLLS_DB" UId="886" />
            <Token Text="." UId="887" />
            <Component Name="M107R_ZPA" UId="888" />
            <Token Text="." UId="889" />
            <Component Name="Status" UId="890" />
            <Token Text="." UId="891" />
            <Component Name="Running" UId="892" />
          </Symbol>
        </Access>
      </Parameter>
      <Token Text="," UId="893" />
      <NewLine Num="1" UId="894" />
      <Blank Num="35" UId="895" />
      <Parameter Name="I_MotorAlarm" UId="896">
        <Blank Num="1" UId="897" />
        <Token Text=":=" UId="898" />
        <Blank Num="1" UId="899" />
        <Access Scope="LiteralConstant" UId="900">
          <Constant UId="901">
            <ConstantValue UId="903">FALSE</ConstantValue>
          </Constant>
        </Access>
      </Parameter>
      <Token Text="," UId="904" />
      <NewLine Num="1" UId="905" />
      <Blank Num="35" UId="906" />
      <Parameter Name="IO_SensorStart" UId="907">
        <Blank Num="1" UId="908" />
        <Token Text=":=" UId="909" />
        <Blank Num="1" UId="910" />
        <Access Scope="GlobalVariable" UId="911">
          <Symbol UId="912">
            <Component Name="Inputs_DB" UId="913" />
            <Token Text="." UId="914" />
            <Component Name="FTC_107_L4" UId="915" />
          </Symbol>
        </Access>
      </Parameter>
      <Token Text="," UId="916" />
      <NewLine Num="1" UId="917" />
      <Blank Num="35" UId="918" />
      <Parameter Name="IO_SensorEnd" UId="919">
        <Blank Num="1" UId="920" />
        <Token Text=":=" UId="921" />
        <Blank Num="1" UId="922" />
        <Access Scope="GlobalVariable" UId="923">
          <Symbol UId="924">
            <Component Name="Inputs_DB" UId="925" />
            <Token Text="." UId="926" />
            <Component Name="FTC_107_R4" UId="927" />
          </Symbol>
        </Access>
      </Parameter>
      <Token Text="," UId="928" />
      <NewLine Num="1" UId="929" />
      <Blank Num="35" UId="930" />
      <Parameter Name="IO_Conveyor" UId="931">
        <Blank Num="1" UId="932" />
        <Token Text=":=" UId="933" />
        <Blank Num="1" UId="934" />
        <Access Scope="GlobalVariable" UId="935">
          <Symbol UId="936">
            <Component Name="CONV1_DB" UId="937" />
            <Token Text="." UId="938" />
            <Component Name="C107R_ZPA" UId="939" />
          </Symbol>
        </Access>
      </Parameter>
      <Token Text=")" UId="940" />
    </CallInfo>
  </Access>
  <Token Text=";" UId="941" />
  <NewLine Num="1" UId="942" />
  <Blank Num="8" UId="943" />
  <NewLine Num="1" UId="944" />
  <Blank Num="4" UId="945" />
  <Token Text="END_REGION" UId="946" />
  <NewLine Num="1" UId="947" />
  <Blank Num="4" UId="948" />
  <NewLine Num="1" UId="949" />
  <Token Text="END_REGION" UId="950" />
  <NewLine Num="2" UId="951" />
  <Token Text="REGION" UId="952" />
  <Blank Num="1" UId="953" />
  <Text UId="954">TRANSFER</Text>
  <NewLine Num="1" UId="955" />
  <Blank Num="4" UId="956" />
  <NewLine Num="1" UId="957" />
  <Blank Num="4" UId="958" />
  <Token Text="REGION" UId="959" />
  <Blank Num="1" UId="960" />
  <Text UId="961">C105R_ZPA</Text>
  <NewLine Num="1" UId="962" />
  <Blank Num="8" UId="963" />
  <NewLine Num="1" UId="964" />
  <Blank Num="8" UId="965" />
  <Access Scope="Call" UId="966">
    <CallInfo UId="967" BlockType="FC">
      <Instance Scope="GlobalVariable" UId="969">
        <Component Name="Motor_Conveyor_Interface" UId="968" />
      </Instance>
      <Token Text="(" UId="970" />
      <NewLine Num="1" UId="971" />
      <Blank Num="35" UId="972" />
      <Parameter Name="I_RunningFeedback" UId="973">
        <Blank Num="1" UId="974" />
        <Token Text=":=" UId="975" />
        <Blank Num="1" UId="976" />
        <Access Scope="GlobalVariable" UId="977">
          <Symbol UId="978">
            <Component Name="MOT_CLX_ROLLS_DB" UId="979" />
            <Token Text="." UId="980" />
            <Component Name="M105R_ZPA" UId="981" />
            <Token Text="." UId="982" />
            <Component Name="Status" UId="983" />
            <Token Text="." UId="984" />
            <Component Name="Running" UId="985" />
          </Symbol>
        </Access>
      </Parameter>
      <Token Text="," UId="986" />
      <NewLine Num="1" UId="987" />
      <Blank Num="35" UId="988" />
      <Parameter Name="I_MotorAlarm" UId="989">
        <Blank Num="1" UId="990" />
        <Token Text=":=" UId="991" />
        <Blank Num="1" UId="992" />
        <Access Scope="LiteralConstant" UId="993">
          <Constant UId="994">
            <ConstantValue UId="996">FALSE</ConstantValue>
          </Constant>
        </Access>
      </Parameter>
      <Token Text="," UId="997" />
      <NewLine Num="1" UId="998" />
      <Blank Num="35" UId="999" />
      <Parameter Name="IO_SensorStart" UId="1000">
        <Blank Num="1" UId="1001" />
        <Token Text=":=" UId="1002" />
        <Blank Num="1" UId="1003" />
        <Access Scope="GlobalVariable" UId="1004">
          <Symbol UId="1005">
            <Component Name="Inputs_DB" UId="1006" />
            <Token Text="." UId="1007" />
            <Component Name="FTC_109_R4" UId="1008" />
          </Symbol>
        </Access>
      </Parameter>
      <Token Text="," UId="1009" />
      <NewLine Num="1" UId="1010" />
      <Blank Num="35" UId="1011" />
      <Parameter Name="IO_SensorEnd" UId="1012">
        <Blank Num="1" UId="1013" />
        <Token Text=":=" UId="1014" />
        <Blank Num="1" UId="1015" />
        <Access Scope="GlobalVariable" UId="1016">
          <Symbol UId="1017">
            <Component Name="Inputs_DB" UId="1018" />
            <Token Text="." UId="1019" />
            <Component Name="FTC_105_R4" UId="1020" />
          </Symbol>
        </Access>
      </Parameter>
      <Token Text="," UId="1021" />
      <NewLine Num="1" UId="1022" />
      <Blank Num="35" UId="1023" />
      <Parameter Name="IO_Conveyor" UId="1024">
        <Blank Num="1" UId="1025" />
        <Token Text=":=" UId="1026" />
        <Blank Num="1" UId="1027" />
        <Access Scope="GlobalVariable" UId="1028">
          <Symbol UId="1029">
            <Component Name="CONV1_DB" UId="1030" />
            <Token Text="." UId="1031" />
            <Component Name="C105R_ZPA" UId="1032" />
          </Symbol>
        </Access>
      </Parameter>
      <Token Text=")" UId="1033" />
    </CallInfo>
  </Access>
  <Token Text=";" UId="1034" />
  <NewLine Num="1" UId="1035" />
  <Blank Num="8" UId="1036" />
  <NewLine Num="1" UId="1037" />
  <Blank Num="4" UId="1038" />
  <Token Text="END_REGION" UId="1039" />
  <NewLine Num="1" UId="1040" />
  <Blank Num="4" UId="1041" />
  <NewLine Num="1" UId="1042" />
  <Token Text="END_REGION" UId="1043" />
  <NewLine Num="2" UId="1044" />
  <Token Text="REGION" UId="1045" />
  <Blank Num="1" UId="1046" />
  <Text UId="1047">OUTBOUND</Text>
  <NewLine Num="1" UId="1048" />
  <Blank Num="4" UId="1049" />
  <NewLine Num="1" UId="1050" />
  <Blank Num="4" UId="1051" />
  <Token Text="REGION" UId="1052" />
  <Blank Num="1" UId="1053" />
  <Text UId="1054">C108L_ZPA</Text>
  <NewLine Num="1" UId="1055" />
  <Blank Num="8" UId="1056" />
  <NewLine Num="1" UId="1057" />
  <Blank Num="8" UId="1058" />
  <Access Scope="Call" UId="1059">
    <CallInfo UId="1060" BlockType="FC">
      <Instance Scope="GlobalVariable" UId="1062">
        <Component Name="Motor_Conveyor_Interface" UId="1061" />
      </Instance>
      <Token Text="(" UId="1063" />
      <NewLine Num="1" UId="1064" />
      <Blank Num="35" UId="1065" />
      <Parameter Name="I_RunningFeedback" UId="1066">
        <Blank Num="1" UId="1067" />
        <Token Text=":=" UId="1068" />
        <Blank Num="1" UId="1069" />
        <Access Scope="GlobalVariable" UId="1070">
          <Symbol UId="1071">
            <Component Name="MOT_CLX_ROLLS_DB" UId="1072" />
            <Token Text="." UId="1073" />
            <Component Name="M108L_ZPA" UId="1074" />
            <Token Text="." UId="1075" />
            <Component Name="Status" UId="1076" />
            <Token Text="." UId="1077" />
            <Component Name="Running" UId="1078" />
          </Symbol>
        </Access>
      </Parameter>
      <Token Text="," UId="1079" />
      <NewLine Num="1" UId="1080" />
      <Blank Num="35" UId="1081" />
      <Parameter Name="I_MotorAlarm" UId="1082">
        <Blank Num="1" UId="1083" />
        <Token Text=":=" UId="1084" />
        <Blank Num="1" UId="1085" />
        <Access Scope="LiteralConstant" UId="1086">
          <Constant UId="1087">
            <ConstantValue UId="1089">FALSE</ConstantValue>
          </Constant>
        </Access>
      </Parameter>
      <Token Text="," UId="1090" />
      <NewLine Num="1" UId="1091" />
      <Blank Num="35" UId="1092" />
      <Parameter Name="IO_SensorStart" UId="1093">
        <Blank Num="1" UId="1094" />
        <Token Text=":=" UId="1095" />
        <Blank Num="1" UId="1096" />
        <Access Scope="GlobalVariable" UId="1097">
          <Symbol UId="1098">
            <Component Name="Inputs_DB" UId="1099" />
            <Token Text="." UId="1100" />
            <Component Name="FTC_336_R4" UId="1101">
              <BooleanAttribute Name="HasQuotes" UId="1102">true</BooleanAttribute>
            </Component>
          </Symbol>
        </Access>
      </Parameter>
      <Token Text="," UId="1103" />
      <NewLine Num="1" UId="1104" />
      <Blank Num="35" UId="1105" />
      <Parameter Name="IO_SensorEnd" UId="1106">
        <Blank Num="1" UId="1107" />
        <Token Text=":=" UId="1108" />
        <Blank Num="1" UId="1109" />
        <Access Scope="GlobalVariable" UId="1110">
          <Symbol UId="1111">
            <Component Name="Inputs_DB" UId="1112" />
            <Token Text="." UId="1113" />
            <Component Name="FTC_108_R4" UId="1114" />
          </Symbol>
        </Access>
      </Parameter>
      <Token Text="," UId="1115" />
      <NewLine Num="1" UId="1116" />
      <Blank Num="35" UId="1117" />
      <Parameter Name="IO_Conveyor" UId="1118">
        <Blank Num="1" UId="1119" />
        <Token Text=":=" UId="1120" />
        <Blank Num="1" UId="1121" />
        <Access Scope="GlobalVariable" UId="1122">
          <Symbol UId="1123">
            <Component Name="CONV1_DB" UId="1124" />
            <Token Text="." UId="1125" />
            <Component Name="C108L_ZPA" UId="1126" />
          </Symbol>
        </Access>
      </Parameter>
      <Token Text=")" UId="1127" />
    </CallInfo>
  </Access>
  <Token Text=";" UId="1128" />
  <NewLine Num="1" UId="1129" />
  <Blank Num="8" UId="1130" />
  <NewLine Num="1" UId="1131" />
  <Blank Num="4" UId="1132" />
  <Token Text="END_REGION" UId="1133" />
  <NewLine Num="1" UId="1134" />
  <Blank Num="4" UId="1135" />
  <NewLine Num="1" UId="1136" />
  <Blank Num="4" UId="1137" />
  <Token Text="REGION" UId="1138" />
  <Blank Num="1" UId="1139" />
  <Text UId="1140">C108R_ZPA</Text>
  <NewLine Num="1" UId="1141" />
  <Blank Num="8" UId="1142" />
  <NewLine Num="1" UId="1143" />
  <Blank Num="8" UId="1144" />
  <Access Scope="Call" UId="1145">
    <CallInfo UId="1146" BlockType="FC">
      <Instance Scope="GlobalVariable" UId="1148">
        <Component Name="Motor_Conveyor_Interface" UId="1147" />
      </Instance>
      <Token Text="(" UId="1149" />
      <NewLine Num="1" UId="1150" />
      <Blank Num="35" UId="1151" />
      <Parameter Name="I_RunningFeedback" UId="1152">
        <Blank Num="1" UId="1153" />
        <Token Text=":=" UId="1154" />
        <Blank Num="1" UId="1155" />
        <Access Scope="GlobalVariable" UId="1156">
          <Symbol UId="1157">
            <Component Name="MOT_CLX_ROLLS_DB" UId="1158" />
            <Token Text="." UId="1159" />
            <Component Name="M108R_ZPA" UId="1160" />
            <Token Text="." UId="1161" />
            <Component Name="Status" UId="1162" />
            <Token Text="." UId="1163" />
            <Component Name="Running" UId="1164" />
          </Symbol>
        </Access>
      </Parameter>
      <Token Text="," UId="1165" />
      <NewLine Num="1" UId="1166" />
      <Blank Num="35" UId="1167" />
      <Parameter Name="I_MotorAlarm" UId="1168">
        <Blank Num="1" UId="1169" />
        <Token Text=":=" UId="1170" />
        <Blank Num="1" UId="1171" />
        <Access Scope="LiteralConstant" UId="1172">
          <Constant UId="1173">
            <ConstantValue UId="1175">FALSE</ConstantValue>
          </Constant>
        </Access>
      </Parameter>
      <Token Text="," UId="1176" />
      <NewLine Num="1" UId="1177" />
      <Blank Num="35" UId="1178" />
      <Parameter Name="IO_SensorStart" UId="1179">
        <Blank Num="1" UId="1180" />
        <Token Text=":=" UId="1181" />
        <Blank Num="1" UId="1182" />
        <Access Scope="GlobalVariable" UId="1183">
          <Symbol UId="1184">
            <Component Name="Inputs_DB" UId="1185" />
            <Token Text="." UId="1186" />
            <Component Name="FTC_108_R4" UId="1187" />
          </Symbol>
        </Access>
      </Parameter>
      <Token Text="," UId="1188" />
      <NewLine Num="1" UId="1189" />
      <Blank Num="35" UId="1190" />
      <Parameter Name="IO_SensorEnd" UId="1191">
        <Blank Num="1" UId="1192" />
        <Token Text=":=" UId="1193" />
        <Blank Num="1" UId="1194" />
        <Access Scope="GlobalVariable" UId="1195">
          <Symbol UId="1196">
            <Component Name="Inputs_DB" UId="1197" />
            <Token Text="." UId="1198" />
            <Component Name="FTC_108_L4" UId="1199" />
          </Symbol>
        </Access>
      </Parameter>
      <Token Text="," UId="1200" />
      <NewLine Num="1" UId="1201" />
      <Blank Num="35" UId="1202" />
      <Parameter Name="IO_Conveyor" UId="1203">
        <Blank Num="1" UId="1204" />
        <Token Text=":=" UId="1205" />
        <Blank Num="1" UId="1206" />
        <Access Scope="GlobalVariable" UId="1207">
          <Symbol UId="1208">
            <Component Name="CONV1_DB" UId="1209" />
            <Token Text="." UId="1210" />
            <Component Name="C108R_ZPA" UId="1211" />
          </Symbol>
        </Access>
      </Parameter>
      <Token Text=")" UId="1212" />
    </CallInfo>
  </Access>
  <Token Text=";" UId="1213" />
  <NewLine Num="1" UId="1214" />
  <Blank Num="8" UId="1215" />
  <NewLine Num="1" UId="1216" />
  <Blank Num="4" UId="1217" />
  <Token Text="END_REGION" UId="1218" />
  <NewLine Num="1" UId="1219" />
  <Blank Num="4" UId="1220" />
  <NewLine Num="1" UId="1221" />
  <Blank Num="4" UId="1222" />
  <Token Text="REGION" UId="1223" />
  <Blank Num="1" UId="1224" />
  <Text UId="1225">C109L_ZPA</Text>
  <NewLine Num="1" UId="1226" />
  <Blank Num="8" UId="1227" />
  <NewLine Num="1" UId="1228" />
  <Blank Num="8" UId="1229" />
  <Access Scope="Call" UId="1230">
    <CallInfo UId="1231" BlockType="FC">
      <Instance Scope="GlobalVariable" UId="1233">
        <Component Name="Motor_Conveyor_Interface" UId="1232" />
      </Instance>
      <Token Text="(" UId="1234" />
      <NewLine Num="1" UId="1235" />
      <Blank Num="35" UId="1236" />
      <Parameter Name="I_RunningFeedback" UId="1237">
        <Blank Num="1" UId="1238" />
        <Token Text=":=" UId="1239" />
        <Blank Num="1" UId="1240" />
        <Access Scope="GlobalVariable" UId="1241">
          <Symbol UId="1242">
            <Component Name="MOT_CLX_ROLLS_DB" UId="1243" />
            <Token Text="." UId="1244" />
            <Component Name="M109L_ZPA" UId="1245" />
            <Token Text="." UId="1246" />
            <Component Name="Status" UId="1247" />
            <Token Text="." UId="1248" />
            <Component Name="Running" UId="1249" />
          </Symbol>
        </Access>
      </Parameter>
      <Token Text="," UId="1250" />
      <NewLine Num="1" UId="1251" />
      <Blank Num="35" UId="1252" />
      <Parameter Name="I_MotorAlarm" UId="1253">
        <Blank Num="1" UId="1254" />
        <Token Text=":=" UId="1255" />
        <Blank Num="1" UId="1256" />
        <Access Scope="LiteralConstant" UId="1257">
          <Constant UId="1258">
            <ConstantValue UId="1260">FALSE</ConstantValue>
          </Constant>
        </Access>
      </Parameter>
      <Token Text="," UId="1261" />
      <NewLine Num="1" UId="1262" />
      <Blank Num="35" UId="1263" />
      <Parameter Name="IO_SensorStart" UId="1264">
        <Blank Num="1" UId="1265" />
        <Token Text=":=" UId="1266" />
        <Blank Num="1" UId="1267" />
        <Access Scope="GlobalVariable" UId="1268">
          <Symbol UId="1269">
            <Component Name="Inputs_DB" UId="1270" />
            <Token Text="." UId="1271" />
            <Component Name="FTC_108_R4" UId="1272" />
          </Symbol>
        </Access>
      </Parameter>
      <Token Text="," UId="1273" />
      <NewLine Num="1" UId="1274" />
      <Blank Num="35" UId="1275" />
      <Parameter Name="IO_SensorEnd" UId="1276">
        <Blank Num="1" UId="1277" />
        <Token Text=":=" UId="1278" />
        <Blank Num="1" UId="1279" />
        <Access Scope="GlobalVariable" UId="1280">
          <Symbol UId="1281">
            <Component Name="Inputs_DB" UId="1282" />
            <Token Text="." UId="1283" />
            <Component Name="FTC_109_L4" UId="1284" />
          </Symbol>
        </Access>
      </Parameter>
      <Token Text="," UId="1285" />
      <NewLine Num="1" UId="1286" />
      <Blank Num="35" UId="1287" />
      <Parameter Name="IO_Conveyor" UId="1288">
        <Blank Num="1" UId="1289" />
        <Token Text=":=" UId="1290" />
        <Blank Num="1" UId="1291" />
        <Access Scope="GlobalVariable" UId="1292">
          <Symbol UId="1293">
            <Component Name="CONV1_DB" UId="1294" />
            <Token Text="." UId="1295" />
            <Component Name="C109L_ZPA" UId="1296" />
          </Symbol>
        </Access>
      </Parameter>
      <Token Text=")" UId="1297" />
    </CallInfo>
  </Access>
  <Token Text=";" UId="1298" />
  <NewLine Num="1" UId="1299" />
  <Blank Num="8" UId="1300" />
  <NewLine Num="1" UId="1301" />
  <Blank Num="4" UId="1302" />
  <Token Text="END_REGION" UId="1303" />
  <NewLine Num="1" UId="1304" />
  <Blank Num="4" UId="1305" />
  <NewLine Num="1" UId="1306" />
  <Blank Num="4" UId="1307" />
  <Token Text="REGION" UId="1308" />
  <Blank Num="1" UId="1309" />
  <Text UId="1310">C109R_ZPA</Text>
  <NewLine Num="1" UId="1311" />
  <Blank Num="8" UId="1312" />
  <NewLine Num="1" UId="1313" />
  <Blank Num="8" UId="1314" />
  <Access Scope="Call" UId="1315">
    <CallInfo UId="1316" BlockType="FC">
      <Instance Scope="GlobalVariable" UId="1318">
        <Component Name="Motor_Conveyor_Interface" UId="1317" />
      </Instance>
      <Token Text="(" UId="1319" />
      <NewLine Num="1" UId="1320" />
      <Blank Num="35" UId="1321" />
      <Parameter Name="I_RunningFeedback" UId="1322">
        <Blank Num="1" UId="1323" />
        <Token Text=":=" UId="1324" />
        <Blank Num="1" UId="1325" />
        <Access Scope="GlobalVariable" UId="1326">
          <Symbol UId="1327">
            <Component Name="MOT_CLX_ROLLS_DB" UId="1328" />
            <Token Text="." UId="1329" />
            <Component Name="M109R_ZPA" UId="1330" />
            <Token Text="." UId="1331" />
            <Component Name="Status" UId="1332" />
            <Token Text="." UId="1333" />
            <Component Name="Running" UId="1334" />
          </Symbol>
        </Access>
      </Parameter>
      <Token Text="," UId="1335" />
      <NewLine Num="1" UId="1336" />
      <Blank Num="35" UId="1337" />
      <Parameter Name="I_MotorAlarm" UId="1338">
        <Blank Num="1" UId="1339" />
        <Token Text=":=" UId="1340" />
        <Blank Num="1" UId="1341" />
        <Access Scope="LiteralConstant" UId="1342">
          <Constant UId="1343">
            <ConstantValue UId="1345">FALSE</ConstantValue>
          </Constant>
        </Access>
      </Parameter>
      <Token Text="," UId="1346" />
      <NewLine Num="1" UId="1347" />
      <Blank Num="35" UId="1348" />
      <Parameter Name="IO_SensorStart" UId="1349">
        <Blank Num="1" UId="1350" />
        <Token Text=":=" UId="1351" />
        <Blank Num="1" UId="1352" />
        <Access Scope="GlobalVariable" UId="1353">
          <Symbol UId="1354">
            <Component Name="Inputs_DB" UId="1355" />
            <Token Text="." UId="1356" />
            <Component Name="FTC_109_L4" UId="1357" />
          </Symbol>
        </Access>
      </Parameter>
      <Token Text="," UId="1358" />
      <NewLine Num="1" UId="1359" />
      <Blank Num="35" UId="1360" />
      <Parameter Name="IO_SensorEnd" UId="1361">
        <Blank Num="1" UId="1362" />
        <Token Text=":=" UId="1363" />
        <Blank Num="1" UId="1364" />
        <Access Scope="GlobalVariable" UId="1365">
          <Symbol UId="1366">
            <Component Name="Inputs_DB" UId="1367" />
            <Token Text="." UId="1368" />
            <Component Name="FTC_109_R4" UId="1369" />
          </Symbol>
        </Access>
      </Parameter>
      <Token Text="," UId="1370" />
      <NewLine Num="1" UId="1371" />
      <Blank Num="35" UId="1372" />
      <Parameter Name="IO_Conveyor" UId="1373">
        <Blank Num="1" UId="1374" />
        <Token Text=":=" UId="1375" />
        <Blank Num="1" UId="1376" />
        <Access Scope="GlobalVariable" UId="1377">
          <Symbol UId="1378">
            <Component Name="CONV1_DB" UId="1379" />
            <Token Text="." UId="1380" />
            <Component Name="C109R_ZPA" UId="1381" />
          </Symbol>
        </Access>
      </Parameter>
      <Token Text=")" UId="1382" />
    </CallInfo>
  </Access>
  <Token Text=";" UId="1383" />
  <NewLine Num="1" UId="1384" />
  <Blank Num="8" UId="1385" />
  <NewLine Num="1" UId="1386" />
  <Blank Num="8" UId="1387" />
  <Access Scope="Call" UId="1388">
    <CallInfo UId="1389" BlockType="FC">
      <Instance Scope="GlobalVariable" UId="1391">
        <Component Name="Motor_Conveyor_Interface" UId="1390" />
      </Instance>
      <Token Text="(" UId="1392" />
      <NewLine Num="1" UId="1393" />
      <Blank Num="35" UId="1394" />
      <Parameter Name="I_RunningFeedback" UId="1395">
        <Blank Num="1" UId="1396" />
        <Token Text=":=" UId="1397" />
        <Blank Num="1" UId="1398" />
        <Access Scope="GlobalVariable" UId="1399">
          <Symbol UId="1400">
            <Component Name="MOT_CLX_BELTS_DB" UId="1401" />
            <Token Text="." UId="1402" />
            <Component Name="M110R_BELTS" UId="1403" />
            <Token Text="." UId="1404" />
            <Component Name="Status" UId="1405" />
            <Token Text="." UId="1406" />
            <Component Name="Running" UId="1407" />
          </Symbol>
        </Access>
      </Parameter>
      <Token Text="," UId="1408" />
      <NewLine Num="1" UId="1409" />
      <Blank Num="35" UId="1410" />
      <Parameter Name="I_MotorAlarm" UId="1411">
        <Blank Num="1" UId="1412" />
        <Token Text=":=" UId="1413" />
        <Blank Num="1" UId="1414" />
        <Access Scope="LiteralConstant" UId="1415">
          <Constant UId="1416">
            <ConstantValue UId="1418">FALSE</ConstantValue>
          </Constant>
        </Access>
      </Parameter>
      <Token Text="," UId="1419" />
      <NewLine Num="1" UId="1420" />
      <Blank Num="35" UId="1421" />
      <Parameter Name="IO_SensorStart" UId="1422">
        <Blank Num="1" UId="1423" />
        <Token Text=":=" UId="1424" />
        <Blank Num="1" UId="1425" />
        <Access Scope="GlobalVariable" UId="1426">
          <Symbol UId="1427">
            <Component Name="Inputs_DB" UId="1428" />
            <Token Text="." UId="1429" />
            <Component Name="FTC_109_R4" UId="1430" />
          </Symbol>
        </Access>
      </Parameter>
      <Token Text="," UId="1431" />
      <NewLine Num="1" UId="1432" />
      <Blank Num="35" UId="1433" />
      <Parameter Name="IO_SensorEnd" UId="1434">
        <Blank Num="1" UId="1435" />
        <Token Text=":=" UId="1436" />
        <Blank Num="1" UId="1437" />
        <Access Scope="GlobalVariable" UId="1438">
          <Symbol UId="1439">
            <Component Name="Inputs_DB" UId="1440" />
            <Token Text="." UId="1441" />
            <Component Name="FTC_109_R4" UId="1442" />
          </Symbol>
        </Access>
      </Parameter>
      <Token Text="," UId="1443" />
      <NewLine Num="1" UId="1444" />
      <Blank Num="35" UId="1445" />
      <Parameter Name="IO_Conveyor" UId="1446">
        <Blank Num="1" UId="1447" />
        <Token Text=":=" UId="1448" />
        <Blank Num="1" UId="1449" />
        <Access Scope="GlobalVariable" UId="1450">
          <Symbol UId="1451">
            <Component Name="CONV1_BELTS_DB" UId="1452" />
            <Token Text="." UId="1453" />
            <Component Name="C110R_BELTS" UId="1454" />
          </Symbol>
        </Access>
      </Parameter>
      <Token Text=")" UId="1455" />
    </CallInfo>
  </Access>
  <Token Text=";" UId="1456" />
  <NewLine Num="1" UId="1457" />
  <Blank Num="8" UId="1458" />
  <NewLine Num="1" UId="1459" />
  <Blank Num="4" UId="1460" />
  <Token Text="END_REGION" UId="1461" />
  <NewLine Num="1" UId="1462" />
  <Blank Num="4" UId="1463" />
  <NewLine Num="1" UId="1464" />
  <Blank Num="4" UId="1465" />
  <Token Text="REGION" UId="1466" />
  <Blank Num="1" UId="1467" />
  <Text UId="1468">C105L_ZPA</Text>
  <NewLine Num="1" UId="1469" />
  <Blank Num="8" UId="1470" />
  <NewLine Num="1" UId="1471" />
  <Blank Num="8" UId="1472" />
  <Access Scope="Call" UId="1473">
    <CallInfo UId="1474" BlockType="FC">
      <Instance Scope="GlobalVariable" UId="1476">
        <Component Name="Motor_Conveyor_Interface" UId="1475" />
      </Instance>
      <Token Text="(" UId="1477" />
      <NewLine Num="1" UId="1478" />
      <Blank Num="35" UId="1479" />
      <Parameter Name="I_RunningFeedback" UId="1480">
        <Blank Num="1" UId="1481" />
        <Token Text=":=" UId="1482" />
        <Blank Num="1" UId="1483" />
        <Access Scope="GlobalVariable" UId="1484">
          <Symbol UId="1485">
            <Component Name="MOT_CLX_ROLLS_DB" UId="1486" />
            <Token Text="." UId="1487" />
            <Component Name="M105L_ZPA" UId="1488" />
            <Token Text="." UId="1489" />
            <Component Name="Status" UId="1490" />
            <Token Text="." UId="1491" />
            <Component Name="Running" UId="1492" />
          </Symbol>
        </Access>
      </Parameter>
      <Token Text="," UId="1493" />
      <NewLine Num="1" UId="1494" />
      <Blank Num="35" UId="1495" />
      <Parameter Name="I_MotorAlarm" UId="1496">
        <Blank Num="1" UId="1497" />
        <Token Text=":=" UId="1498" />
        <Blank Num="1" UId="1499" />
        <Access Scope="LiteralConstant" UId="1500">
          <Constant UId="1501">
            <ConstantValue UId="1503">FALSE</ConstantValue>
          </Constant>
        </Access>
      </Parameter>
      <Token Text="," UId="1504" />
      <NewLine Num="1" UId="1505" />
      <Blank Num="35" UId="1506" />
      <Parameter Name="IO_SensorStart" UId="1507">
        <Blank Num="1" UId="1508" />
        <Token Text=":=" UId="1509" />
        <Blank Num="1" UId="1510" />
        <Access Scope="GlobalVariable" UId="1511">
          <Symbol UId="1512">
            <Component Name="Inputs_DB" UId="1513" />
            <Token Text="." UId="1514" />
            <Component Name="FTC_109_R4" UId="1515" />
          </Symbol>
        </Access>
      </Parameter>
      <Token Text="," UId="1516" />
      <NewLine Num="1" UId="1517" />
      <Blank Num="35" UId="1518" />
      <Parameter Name="IO_SensorEnd" UId="1519">
        <Blank Num="1" UId="1520" />
        <Token Text=":=" UId="1521" />
        <Blank Num="1" UId="1522" />
        <Access Scope="GlobalVariable" UId="1523">
          <Symbol UId="1524">
            <Component Name="Inputs_DB" UId="1525" />
            <Token Text="." UId="1526" />
            <Component Name="FTC_105_L4" UId="1527" />
          </Symbol>
        </Access>
      </Parameter>
      <Token Text="," UId="1528" />
      <NewLine Num="1" UId="1529" />
      <Blank Num="35" UId="1530" />
      <Parameter Name="IO_Conveyor" UId="1531">
        <Blank Num="1" UId="1532" />
        <Token Text=":=" UId="1533" />
        <Blank Num="1" UId="1534" />
        <Access Scope="GlobalVariable" UId="1535">
          <Symbol UId="1536">
            <Component Name="CONV1_DB" UId="1537" />
            <Token Text="." UId="1538" />
            <Component Name="C105L_ZPA" UId="1539" />
          </Symbol>
        </Access>
      </Parameter>
      <Token Text=")" UId="1540" />
    </CallInfo>
  </Access>
  <Token Text=";" UId="1541" />
  <NewLine Num="1" UId="1542" />
  <Blank Num="8" UId="1543" />
  <NewLine Num="1" UId="1544" />
  <Blank Num="4" UId="1545" />
  <Token Text="END_REGION" UId="1546" />
  <NewLine Num="1" UId="1547" />
  <Blank Num="4" UId="1548" />
  <NewLine Num="1" UId="1549" />
  <Blank Num="4" UId="1550" />
  <Token Text="REGION" UId="1551" />
  <Blank Num="1" UId="1552" />
  <Text UId="1553">C105R_ZPA</Text>
  <NewLine Num="1" UId="1554" />
  <Blank Num="8" UId="1555" />
  <NewLine Num="1" UId="1556" />
  <Blank Num="8" UId="1557" />
  <Access Scope="Call" UId="1558">
    <CallInfo UId="1559" BlockType="FC">
      <Instance Scope="GlobalVariable" UId="1561">
        <Component Name="Motor_Conveyor_Interface" UId="1560" />
      </Instance>
      <Token Text="(" UId="1562" />
      <NewLine Num="1" UId="1563" />
      <Blank Num="35" UId="1564" />
      <Parameter Name="I_RunningFeedback" UId="1565">
        <Blank Num="1" UId="1566" />
        <Token Text=":=" UId="1567" />
        <Blank Num="1" UId="1568" />
        <Access Scope="GlobalVariable" UId="1569">
          <Symbol UId="1570">
            <Component Name="MOT_CLX_ROLLS_DB" UId="1571" />
            <Token Text="." UId="1572" />
            <Component Name="M105R_ZPA" UId="1573" />
            <Token Text="." UId="1574" />
            <Component Name="Status" UId="1575" />
            <Token Text="." UId="1576" />
            <Component Name="Running" UId="1577" />
          </Symbol>
        </Access>
      </Parameter>
      <Token Text="," UId="1578" />
      <NewLine Num="1" UId="1579" />
      <Blank Num="35" UId="1580" />
      <Parameter Name="I_MotorAlarm" UId="1581">
        <Blank Num="1" UId="1582" />
        <Token Text=":=" UId="1583" />
        <Blank Num="1" UId="1584" />
        <Access Scope="LiteralConstant" UId="1585">
          <Constant UId="1586">
            <ConstantValue UId="1588">FALSE</ConstantValue>
          </Constant>
        </Access>
      </Parameter>
      <Token Text="," UId="1589" />
      <NewLine Num="1" UId="1590" />
      <Blank Num="35" UId="1591" />
      <Parameter Name="IO_SensorStart" UId="1592">
        <Blank Num="1" UId="1593" />
        <Token Text=":=" UId="1594" />
        <Blank Num="1" UId="1595" />
        <Access Scope="GlobalVariable" UId="1596">
          <Symbol UId="1597">
            <Component Name="Inputs_DB" UId="1598" />
            <Token Text="." UId="1599" />
            <Component Name="FTC_105_L4" UId="1600" />
          </Symbol>
        </Access>
      </Parameter>
      <Token Text="," UId="1601" />
      <NewLine Num="1" UId="1602" />
      <Blank Num="35" UId="1603" />
      <Parameter Name="IO_SensorEnd" UId="1604">
        <Blank Num="1" UId="1605" />
        <Token Text=":=" UId="1606" />
        <Blank Num="1" UId="1607" />
        <Access Scope="GlobalVariable" UId="1608">
          <Symbol UId="1609">
            <Component Name="Inputs_DB" UId="1610" />
            <Token Text="." UId="1611" />
            <Component Name="FTC_105_R4" UId="1612" />
          </Symbol>
        </Access>
      </Parameter>
      <Token Text="," UId="1613" />
      <NewLine Num="1" UId="1614" />
      <Blank Num="35" UId="1615" />
      <Parameter Name="IO_Conveyor" UId="1616">
        <Blank Num="1" UId="1617" />
        <Token Text=":=" UId="1618" />
        <Blank Num="1" UId="1619" />
        <Access Scope="GlobalVariable" UId="1620">
          <Symbol UId="1621">
            <Component Name="CONV1_DB" UId="1622" />
            <Token Text="." UId="1623" />
            <Component Name="C105R_ZPA" UId="1624" />
          </Symbol>
        </Access>
      </Parameter>
      <Token Text=")" UId="1625" />
    </CallInfo>
  </Access>
  <Token Text=";" UId="1626" />
  <NewLine Num="1" UId="1627" />
  <Blank Num="8" UId="1628" />
  <NewLine Num="1" UId="1629" />
  <Blank Num="4" UId="1630" />
  <Token Text="END_REGION" UId="1631" />
  <NewLine Num="1" UId="1632" />
  <Blank Num="4" UId="1633" />
  <NewLine Num="1" UId="1634" />
  <Blank Num="4" UId="1635" />
  <Token Text="REGION" UId="1636" />
  <Blank Num="1" UId="1637" />
  <Text UId="1638">GRAV_112</Text>
  <NewLine Num="1" UId="1639" />
  <Blank Num="8" UId="1640" />
  <NewLine Num="1" UId="1641" />
  <Blank Num="8" UId="1642" />
  <Access Scope="Call" UId="1643">
    <CallInfo UId="1644" BlockType="FC">
      <Instance Scope="GlobalVariable" UId="1646">
        <Component Name="Motor_Conveyor_Interface" UId="1645" />
      </Instance>
      <Token Text="(" UId="1647" />
      <NewLine Num="1" UId="1648" />
      <Blank Num="35" UId="1649" />
      <Parameter Name="I_RunningFeedback" UId="1650">
        <Blank Num="1" UId="1651" />
        <Token Text=":=" UId="1652" />
        <Blank Num="1" UId="1653" />
        <Access Scope="LiteralConstant" UId="1654">
          <Constant UId="1655">
            <ConstantValue UId="1657">TRUE</ConstantValue>
          </Constant>
        </Access>
      </Parameter>
      <Token Text="," UId="1658" />
      <NewLine Num="1" UId="1659" />
      <Blank Num="35" UId="1660" />
      <Parameter Name="I_MotorAlarm" UId="1661">
        <Blank Num="1" UId="1662" />
        <Token Text=":=" UId="1663" />
        <Blank Num="1" UId="1664" />
        <Access Scope="LiteralConstant" UId="1665">
          <Constant UId="1666">
            <ConstantValue UId="1668">FALSE</ConstantValue>
          </Constant>
        </Access>
      </Parameter>
      <Token Text="," UId="1669" />
      <NewLine Num="1" UId="1670" />
      <Blank Num="35" UId="1671" />
      <Parameter Name="IO_SensorStart" UId="1672">
        <Blank Num="1" UId="1673" />
        <Token Text=":=" UId="1674" />
        <Blank Num="1" UId="1675" />
        <Access Scope="GlobalVariable" UId="1676">
          <Symbol UId="1677">
            <Component Name="Inputs_DB" UId="1678" />
            <Token Text="." UId="1679" />
            <Component Name="FTC_105_L4" UId="1680" />
          </Symbol>
        </Access>
      </Parameter>
      <Token Text="," UId="1681" />
      <NewLine Num="1" UId="1682" />
      <Blank Num="35" UId="1683" />
      <Parameter Name="IO_SensorEnd" UId="1684">
        <Blank Num="1" UId="1685" />
        <Token Text=":=" UId="1686" />
        <Blank Num="1" UId="1687" />
        <Access Scope="GlobalVariable" UId="1688">
          <Symbol UId="1689">
            <Component Name="Inputs_DB" UId="1690" />
            <Token Text="." UId="1691" />
            <Component Name="FTC_110_R4" UId="1692" />
          </Symbol>
        </Access>
      </Parameter>
      <Token Text="," UId="1693" />
      <NewLine Num="1" UId="1694" />
      <Blank Num="35" UId="1695" />
      <Parameter Name="IO_Conveyor" UId="1696">
        <Blank Num="1" UId="1697" />
        <Token Text=":=" UId="1698" />
        <Blank Num="1" UId="1699" />
        <Access Scope="GlobalVariable" UId="1700">
          <Symbol UId="1701">
            <Component Name="CONV_GRAV_DB" UId="1702" />
            <Token Text="." UId="1703" />
            <Component Name="GRAV_112" UId="1704" />
          </Symbol>
        </Access>
      </Parameter>
      <Token Text=")" UId="1705" />
    </CallInfo>
  </Access>
  <Token Text=";" UId="1706" />
  <NewLine Num="1" UId="1707" />
  <Blank Num="8" UId="1708" />
  <NewLine Num="1" UId="1709" />
  <Blank Num="4" UId="1710" />
  <Token Text="END_REGION" UId="1711" />
  <NewLine Num="1" UId="1712" />
  <Blank Num="4" UId="1713" />
  <NewLine Num="1" UId="1714" />
  <Token Text="END_REGION" UId="1715" />
</StructuredText></NetworkSource>
          <ProgrammingLanguage>SCL</ProgrammingLanguage>
        </AttributeList>
        <ObjectList>
          <MultilingualText ID="5" CompositionName="Comment">
            <ObjectList>
              <MultilingualTextItem ID="6" CompositionName="Items">
                <AttributeList>
                  <Culture>en-US</Culture>
                  <Text />
                </AttributeList>
              </MultilingualTextItem>
              <MultilingualTextItem ID="7" CompositionName="Items">
                <AttributeList>
                  <Culture>fr-BE</Culture>
                  <Text />
                </AttributeList>
              </MultilingualTextItem>
            </ObjectList>
          </MultilingualText>
          <MultilingualText ID="8" CompositionName="Title">
            <ObjectList>
              <MultilingualTextItem ID="9" CompositionName="Items">
                <AttributeList>
                  <Culture>en-US</Culture>
                  <Text />
                </AttributeList>
              </MultilingualTextItem>
              <MultilingualTextItem ID="A" CompositionName="Items">
                <AttributeList>
                  <Culture>fr-BE</Culture>
                  <Text />
                </AttributeList>
              </MultilingualTextItem>
            </ObjectList>
          </MultilingualText>
        </ObjectList>
      </SW.Blocks.CompileUnit>
      <MultilingualText ID="B" CompositionName="Title">
        <ObjectList>
          <MultilingualTextItem ID="C" CompositionName="Items">
            <AttributeList>
              <Culture>en-US</Culture>
              <Text />
            </AttributeList>
          </MultilingualTextItem>
          <MultilingualTextItem ID="D" CompositionName="Items">
            <AttributeList>
              <Culture>fr-BE</Culture>
              <Text />
            </AttributeList>
          </MultilingualTextItem>
        </ObjectList>
      </MultilingualText>
    </ObjectList>
  </SW.Blocks.FB>
</Document>