﻿<?xml version="1.0" encoding="utf-8"?>
<Document>
  <Engineering version="V16" />
  <DocumentInfo>
    <Created>2023-11-13T10:46:18.7391735Z</Created>
    <ExportSetting>WithReadOnly</ExportSetting>
    <InstalledProducts>
      <Product>
        <DisplayName>Totally Integrated Automation Portal</DisplayName>
        <DisplayVersion>V16 Update 6</DisplayVersion>
      </Product>
      <OptionPackage>
        <DisplayName>TIA Portal Version Control Interface</DisplayName>
        <DisplayVersion>V16 Update 2</DisplayVersion>
      </OptionPackage>
      <OptionPackage>
        <DisplayName>TIA Portal Openness</DisplayName>
        <DisplayVersion>V16 Update 6</DisplayVersion>
      </OptionPackage>
      <OptionPackage>
        <DisplayName>TIA Portal Teamcenter Gateway</DisplayName>
        <DisplayVersion>V16</DisplayVersion>
      </OptionPackage>
      <Product>
        <DisplayName>SINAMICS Startdrive Advanced</DisplayName>
        <DisplayVersion>V16 Update 5</DisplayVersion>
      </Product>
      <OptionPackage>
        <DisplayName>SINAMICS Startdrive G130, G150, S120, S150, SINAMICS MV, S210</DisplayName>
        <DisplayVersion>V16 Update 5</DisplayVersion>
      </OptionPackage>
      <OptionPackage>
        <DisplayName>SINAMICS Startdrive G110M, G120, G120C, G120D, G120P, G115D</DisplayName>
        <DisplayVersion>V16 Update 5</DisplayVersion>
      </OptionPackage>
      <Product>
        <DisplayName>STEP 7 Professional</DisplayName>
        <DisplayVersion>V16 Update 6</DisplayVersion>
      </Product>
      <OptionPackage>
        <DisplayName>STEP 7 Safety</DisplayName>
        <DisplayVersion>V16</DisplayVersion>
      </OptionPackage>
      <Product>
        <DisplayName>WinCC Advanced / Unified PC</DisplayName>
        <DisplayVersion>V16 Update 6</DisplayVersion>
      </Product>
    </InstalledProducts>
  </DocumentInfo>
  <SW.Types.PlcStruct ID="0">
    <AttributeList>
      <CreationDate ReadOnly="true">2022-02-10T10:30:20.6863124Z</CreationDate>
      <Interface><Sections xmlns="http://www.siemens.com/automation/Openness/SW/Interface/v4">
  <Section Name="None">
    <Member Name="Off2_NoPulseDisable" Datatype="Bool" />
    <Member Name="Off3_NoRampStop" Datatype="Bool" />
    <Member Name="SoftwareLimitActive" Datatype="Bool" />
    <Member Name="Stopcams" Datatype="Bool" />
    <Member Name="MeasuringInputEdgeEvaluation" Datatype="Bool" />
    <Member Name="MeasuringInputSelection" Datatype="Bool" />
    <Member Name="SignalSourceReferenceMask" Datatype="Bool" />
    <Member Name="ExternalBlockChange" Datatype="Bool" />
    <Member Name="ContinousSetPointAcceptance" Datatype="Bool" />
    <Member Name="DDS0" Datatype="Bool" />
    <Member Name="DDS1" Datatype="Bool" />
    <Member Name="DDS2" Datatype="Bool" />
    <Member Name="DDS3" Datatype="Bool" />
    <Member Name="DDS4" Datatype="Bool" />
    <Member Name="ParkingAxisSelection" Datatype="Bool" />
    <Member Name="spare" Datatype="Bool" />
    <Member Name="spare_1" Datatype="Word" />
  </Section>
</Sections></Interface>
      <InterfaceModifiedDate ReadOnly="true">2021-08-30T09:48:11.3473082Z</InterfaceModifiedDate>
      <IsConsistent ReadOnly="true">true</IsConsistent>
      <LibraryConformanceStatus ReadOnly="true">The object is library-conformant.</LibraryConformanceStatus>
      <ModifiedDate ReadOnly="true">2021-08-30T09:48:30.4016332Z</ModifiedDate>
      <Name>CONFIG_EPOS_UDT</Name>
    </AttributeList>
    <ObjectList>
      <MultilingualText ID="1" CompositionName="Comment">
        <ObjectList>
          <MultilingualTextItem ID="2" CompositionName="Items">
            <AttributeList>
              <Culture>en-US</Culture>
              <Text />
            </AttributeList>
          </MultilingualTextItem>
          <MultilingualTextItem ID="3" CompositionName="Items">
            <AttributeList>
              <Culture>fr-BE</Culture>
              <Text />
            </AttributeList>
          </MultilingualTextItem>
        </ObjectList>
      </MultilingualText>
      <MultilingualText ID="4" CompositionName="Title">
        <ObjectList>
          <MultilingualTextItem ID="5" CompositionName="Items">
            <AttributeList>
              <Culture>en-US</Culture>
              <Text />
            </AttributeList>
          </MultilingualTextItem>
          <MultilingualTextItem ID="6" CompositionName="Items">
            <AttributeList>
              <Culture>fr-BE</Culture>
              <Text />
            </AttributeList>
          </MultilingualTextItem>
        </ObjectList>
      </MultilingualText>
    </ObjectList>
  </SW.Types.PlcStruct>
</Document>