﻿<?xml version="1.0" encoding="utf-8"?>
<Document>
  <Engineering version="V16" />
  <DocumentInfo>
    <Created>2023-11-13T10:46:12.7458837Z</Created>
    <ExportSetting>WithDefaults</ExportSetting>
    <InstalledProducts>
      <Product>
        <DisplayName>Totally Integrated Automation Portal</DisplayName>
        <DisplayVersion>V16 Update 6</DisplayVersion>
      </Product>
      <OptionPackage>
        <DisplayName>TIA Portal Version Control Interface</DisplayName>
        <DisplayVersion>V16 Update 2</DisplayVersion>
      </OptionPackage>
      <OptionPackage>
        <DisplayName>TIA Portal Openness</DisplayName>
        <DisplayVersion>V16 Update 6</DisplayVersion>
      </OptionPackage>
      <OptionPackage>
        <DisplayName>TIA Portal Teamcenter Gateway</DisplayName>
        <DisplayVersion>V16</DisplayVersion>
      </OptionPackage>
      <Product>
        <DisplayName>SINAMICS Startdrive Advanced</DisplayName>
        <DisplayVersion>V16 Update 5</DisplayVersion>
      </Product>
      <OptionPackage>
        <DisplayName>SINAMICS Startdrive G130, G150, S120, S150, SINAMICS MV, S210</DisplayName>
        <DisplayVersion>V16 Update 5</DisplayVersion>
      </OptionPackage>
      <OptionPackage>
        <DisplayName>SINAMICS Startdrive G110M, G120, G120C, G120D, G120P, G115D</DisplayName>
        <DisplayVersion>V16 Update 5</DisplayVersion>
      </OptionPackage>
      <Product>
        <DisplayName>STEP 7 Professional</DisplayName>
        <DisplayVersion>V16 Update 6</DisplayVersion>
      </Product>
      <OptionPackage>
        <DisplayName>STEP 7 Safety</DisplayName>
        <DisplayVersion>V16</DisplayVersion>
      </OptionPackage>
      <Product>
        <DisplayName>WinCC Advanced / Unified PC</DisplayName>
        <DisplayVersion>V16 Update 6</DisplayVersion>
      </Product>
    </InstalledProducts>
  </DocumentInfo>
  <SW.Blocks.FB ID="0">
    <AttributeList>
      <AutoNumber>true</AutoNumber>
      <HeaderAuthor />
      <HeaderFamily />
      <HeaderName />
      <HeaderVersion>0.1</HeaderVersion>
      <Interface><Sections xmlns="http://www.siemens.com/automation/Openness/SW/Interface/v4">
  <Section Name="Input">
    <Member Name="I_StepNumber" Datatype="DInt" Remanence="SetInIDB" Accessibility="Public"><AttributeList><BooleanAttribute Name="ExternalAccessible" SystemDefined="true">true</BooleanAttribute><BooleanAttribute Name="ExternalVisible" SystemDefined="true">true</BooleanAttribute><BooleanAttribute Name="ExternalWritable" SystemDefined="true">true</BooleanAttribute></AttributeList></Member>
    <Member Name="I_NextStepNumber" Datatype="DInt" Remanence="SetInIDB" Accessibility="Public"><AttributeList><BooleanAttribute Name="ExternalAccessible" SystemDefined="true">true</BooleanAttribute><BooleanAttribute Name="ExternalVisible" SystemDefined="true">true</BooleanAttribute><BooleanAttribute Name="ExternalWritable" SystemDefined="true">true</BooleanAttribute></AttributeList></Member>
    <Member Name="I_ErrorStepNumber" Datatype="DInt" Remanence="SetInIDB" Accessibility="Public"><AttributeList><BooleanAttribute Name="ExternalAccessible" SystemDefined="true">true</BooleanAttribute><BooleanAttribute Name="ExternalVisible" SystemDefined="true">true</BooleanAttribute><BooleanAttribute Name="ExternalWritable" SystemDefined="true">true</BooleanAttribute></AttributeList></Member>
    <Member Name="I_TimeOutStepNumber" Datatype="DInt" Remanence="SetInIDB" Accessibility="Public"><AttributeList><BooleanAttribute Name="ExternalAccessible" SystemDefined="true">true</BooleanAttribute><BooleanAttribute Name="ExternalVisible" SystemDefined="true">true</BooleanAttribute><BooleanAttribute Name="ExternalWritable" SystemDefined="true">true</BooleanAttribute></AttributeList></Member>
    <Member Name="I_Condition" Datatype="Bool" Remanence="SetInIDB" Accessibility="Public"><AttributeList><BooleanAttribute Name="ExternalAccessible" SystemDefined="true">true</BooleanAttribute><BooleanAttribute Name="ExternalVisible" SystemDefined="true">true</BooleanAttribute><BooleanAttribute Name="ExternalWritable" SystemDefined="true">true</BooleanAttribute></AttributeList></Member>
    <Member Name="I_ErrorConditon" Datatype="Bool" Remanence="SetInIDB" Accessibility="Public"><AttributeList><BooleanAttribute Name="ExternalAccessible" SystemDefined="true">true</BooleanAttribute><BooleanAttribute Name="ExternalVisible" SystemDefined="true">true</BooleanAttribute><BooleanAttribute Name="ExternalWritable" SystemDefined="true">true</BooleanAttribute></AttributeList></Member>
    <Member Name="I_ConditionDistance" Datatype="Real" Remanence="SetInIDB" Accessibility="Public"><AttributeList><BooleanAttribute Name="ExternalAccessible" SystemDefined="true">true</BooleanAttribute><BooleanAttribute Name="ExternalVisible" SystemDefined="true">true</BooleanAttribute><BooleanAttribute Name="ExternalWritable" SystemDefined="true">true</BooleanAttribute></AttributeList></Member>
    <Member Name="I_TimeOutDistance" Datatype="Real" Remanence="SetInIDB" Accessibility="Public"><AttributeList><BooleanAttribute Name="ExternalAccessible" SystemDefined="true">true</BooleanAttribute><BooleanAttribute Name="ExternalVisible" SystemDefined="true">true</BooleanAttribute><BooleanAttribute Name="ExternalWritable" SystemDefined="true">true</BooleanAttribute></AttributeList></Member>
    <Member Name="I_ErrorDistance" Datatype="Real" Remanence="SetInIDB" Accessibility="Public"><AttributeList><BooleanAttribute Name="ExternalAccessible" SystemDefined="true">true</BooleanAttribute><BooleanAttribute Name="ExternalVisible" SystemDefined="true">true</BooleanAttribute><BooleanAttribute Name="ExternalWritable" SystemDefined="true">true</BooleanAttribute></AttributeList></Member>
    <Member Name="I_DeltaDistance" Datatype="Real" Remanence="SetInIDB" Accessibility="Public"><AttributeList><BooleanAttribute Name="ExternalAccessible" SystemDefined="true">true</BooleanAttribute><BooleanAttribute Name="ExternalVisible" SystemDefined="true">true</BooleanAttribute><BooleanAttribute Name="ExternalWritable" SystemDefined="true">true</BooleanAttribute></AttributeList></Member>
    <Member Name="I_IgnoreTimeOut" Datatype="Bool" Remanence="SetInIDB" Accessibility="Public"><AttributeList><BooleanAttribute Name="ExternalAccessible" SystemDefined="true">true</BooleanAttribute><BooleanAttribute Name="ExternalVisible" SystemDefined="true">true</BooleanAttribute><BooleanAttribute Name="ExternalWritable" SystemDefined="true">true</BooleanAttribute></AttributeList></Member>
    <Member Name="I_AccumulateConditionTIme" Datatype="Bool" Remanence="SetInIDB" Accessibility="Public"><AttributeList><BooleanAttribute Name="ExternalAccessible" SystemDefined="true">true</BooleanAttribute><BooleanAttribute Name="ExternalVisible" SystemDefined="true">true</BooleanAttribute><BooleanAttribute Name="ExternalWritable" SystemDefined="true">true</BooleanAttribute></AttributeList></Member>
    <Member Name="I_PauseTimeOut" Datatype="Bool" Remanence="SetInIDB" Accessibility="Public"><AttributeList><BooleanAttribute Name="ExternalAccessible" SystemDefined="true">true</BooleanAttribute><BooleanAttribute Name="ExternalVisible" SystemDefined="true">true</BooleanAttribute><BooleanAttribute Name="ExternalWritable" SystemDefined="true">true</BooleanAttribute></AttributeList></Member>
  </Section>
  <Section Name="Output">
    <Member Name="O_ConditionTrans" Datatype="Bool" Remanence="SetInIDB" Accessibility="Public"><AttributeList><BooleanAttribute Name="ExternalAccessible" SystemDefined="true">true</BooleanAttribute><BooleanAttribute Name="ExternalVisible" SystemDefined="true">true</BooleanAttribute><BooleanAttribute Name="ExternalWritable" SystemDefined="true">true</BooleanAttribute></AttributeList></Member>
    <Member Name="O_ErrorTrans" Datatype="Bool" Remanence="SetInIDB" Accessibility="Public"><AttributeList><BooleanAttribute Name="ExternalAccessible" SystemDefined="true">true</BooleanAttribute><BooleanAttribute Name="ExternalVisible" SystemDefined="true">true</BooleanAttribute><BooleanAttribute Name="ExternalWritable" SystemDefined="true">true</BooleanAttribute></AttributeList></Member>
    <Member Name="O_TimeTrans" Datatype="Bool" Remanence="SetInIDB" Accessibility="Public"><AttributeList><BooleanAttribute Name="ExternalAccessible" SystemDefined="true">true</BooleanAttribute><BooleanAttribute Name="ExternalVisible" SystemDefined="true">true</BooleanAttribute><BooleanAttribute Name="ExternalWritable" SystemDefined="true">true</BooleanAttribute></AttributeList></Member>
  </Section>
  <Section Name="InOut">
    <Member Name="IO_StepNumber" Datatype="DInt" Remanence="SetInIDB" Accessibility="Public"><AttributeList><BooleanAttribute Name="ExternalAccessible" SystemDefined="true">true</BooleanAttribute><BooleanAttribute Name="ExternalVisible" SystemDefined="true">true</BooleanAttribute><BooleanAttribute Name="ExternalWritable" SystemDefined="true">true</BooleanAttribute></AttributeList></Member>
    <Member Name="IO_PrevStepNumber" Datatype="DInt" Remanence="SetInIDB" Accessibility="Public"><AttributeList><BooleanAttribute Name="ExternalAccessible" SystemDefined="true">true</BooleanAttribute><BooleanAttribute Name="ExternalVisible" SystemDefined="true">true</BooleanAttribute><BooleanAttribute Name="ExternalWritable" SystemDefined="true">true</BooleanAttribute></AttributeList></Member>
  </Section>
  <Section Name="Static">
    <Member Name="ConditionTime" Datatype="&quot;TON_Encoder_FB&quot;" Accessibility="Public"><AttributeList><BooleanAttribute Name="ExternalAccessible" SystemDefined="true">true</BooleanAttribute><BooleanAttribute Name="ExternalVisible" SystemDefined="true">true</BooleanAttribute><BooleanAttribute Name="ExternalWritable" SystemDefined="true">true</BooleanAttribute><BooleanAttribute Name="SetPoint" SystemDefined="true">true</BooleanAttribute></AttributeList><Sections><Section Name="Input"><Member Name="I_DeltaDistance_mm" Datatype="Real" /><Member Name="I_SetPoint" Datatype="Real" /><Member Name="I_Start" Datatype="Bool" /><Member Name="I_Remanent" Datatype="Bool" /><Member Name="I_Reset" Datatype="Bool" /><Member Name="I_ResetHandshake" Datatype="Bool" /></Section><Section Name="Output"><Member Name="Q" Datatype="Bool" /></Section><Section Name="InOut" /><Section Name="Static"><Member Name="DistanceMem" Datatype="Real" /></Section></Sections></Member>
    <Member Name="TimeOutTime" Datatype="&quot;TON_Encoder_FB&quot;" Accessibility="Public"><AttributeList><BooleanAttribute Name="ExternalAccessible" SystemDefined="true">true</BooleanAttribute><BooleanAttribute Name="ExternalVisible" SystemDefined="true">true</BooleanAttribute><BooleanAttribute Name="ExternalWritable" SystemDefined="true">true</BooleanAttribute><BooleanAttribute Name="SetPoint" SystemDefined="true">true</BooleanAttribute></AttributeList><Sections><Section Name="Input"><Member Name="I_DeltaDistance_mm" Datatype="Real" /><Member Name="I_SetPoint" Datatype="Real" /><Member Name="I_Start" Datatype="Bool" /><Member Name="I_Remanent" Datatype="Bool" /><Member Name="I_Reset" Datatype="Bool" /><Member Name="I_ResetHandshake" Datatype="Bool" /></Section><Section Name="Output"><Member Name="Q" Datatype="Bool" /></Section><Section Name="InOut" /><Section Name="Static"><Member Name="DistanceMem" Datatype="Real" /></Section></Sections></Member>
    <Member Name="ErrorConditionTIme" Datatype="&quot;TON_Encoder_FB&quot;" Accessibility="Public"><AttributeList><BooleanAttribute Name="ExternalAccessible" SystemDefined="true">true</BooleanAttribute><BooleanAttribute Name="ExternalVisible" SystemDefined="true">true</BooleanAttribute><BooleanAttribute Name="ExternalWritable" SystemDefined="true">true</BooleanAttribute><BooleanAttribute Name="SetPoint" SystemDefined="true">true</BooleanAttribute></AttributeList><Sections><Section Name="Input"><Member Name="I_DeltaDistance_mm" Datatype="Real" /><Member Name="I_SetPoint" Datatype="Real" /><Member Name="I_Start" Datatype="Bool" /><Member Name="I_Remanent" Datatype="Bool" /><Member Name="I_Reset" Datatype="Bool" /><Member Name="I_ResetHandshake" Datatype="Bool" /></Section><Section Name="Output"><Member Name="Q" Datatype="Bool" /></Section><Section Name="InOut" /><Section Name="Static"><Member Name="DistanceMem" Datatype="Real" /></Section></Sections></Member>
  </Section>
  <Section Name="Temp">
    <Member Name="T_SiemensBug" Datatype="Bool" />
  </Section>
  <Section Name="Constant" />
</Sections></Interface>
      <IsIECCheckEnabled>false</IsIECCheckEnabled>
      <MemoryLayout>Standard</MemoryLayout>
      <Name>StepperController_Encoder</Name>
      <Number>59</Number>
      <ProgrammingLanguage>SCL</ProgrammingLanguage>
      <SetENOAutomatically>false</SetENOAutomatically>
      <UDABlockProperties />
      <UDAEnableTagReadback>false</UDAEnableTagReadback>
    </AttributeList>
    <ObjectList>
      <MultilingualText ID="1" CompositionName="Comment">
        <ObjectList>
          <MultilingualTextItem ID="2" CompositionName="Items">
            <AttributeList>
              <Culture>en-US</Culture>
              <Text />
            </AttributeList>
          </MultilingualTextItem>
          <MultilingualTextItem ID="3" CompositionName="Items">
            <AttributeList>
              <Culture>fr-BE</Culture>
              <Text />
            </AttributeList>
          </MultilingualTextItem>
        </ObjectList>
      </MultilingualText>
      <SW.Blocks.CompileUnit ID="4" CompositionName="CompileUnits">
        <AttributeList>
          <NetworkSource><StructuredText xmlns="http://www.siemens.com/automation/Openness/SW/NetworkSource/StructuredText/v3">
  <LineComment Inserted="false" NoClosingBracket="false" UId="21">
    <Text UId="22">Reset flags</Text>
  </LineComment>
  <NewLine Num="1" UId="23" />
  <Access Scope="LocalVariable" UId="24">
    <Symbol UId="25">
      <Component Name="O_ConditionTrans" UId="26" />
    </Symbol>
  </Access>
  <Blank Num="1" UId="27" />
  <Token Text=":=" UId="28" />
  <Blank Num="1" UId="29" />
  <Access Scope="LiteralConstant" UId="30">
    <Constant UId="31">
      <ConstantValue UId="33">false</ConstantValue>
    </Constant>
  </Access>
  <Token Text=";" UId="34" />
  <NewLine Num="1" UId="35" />
  <Access Scope="LocalVariable" UId="36">
    <Symbol UId="37">
      <Component Name="O_ErrorTrans" UId="38" />
    </Symbol>
  </Access>
  <Blank Num="1" UId="39" />
  <Token Text=":=" UId="40" />
  <Blank Num="1" UId="41" />
  <Access Scope="LiteralConstant" UId="42">
    <Constant UId="43">
      <ConstantValue UId="45">false</ConstantValue>
    </Constant>
  </Access>
  <Token Text=";" UId="46" />
  <NewLine Num="1" UId="47" />
  <Access Scope="LocalVariable" UId="48">
    <Symbol UId="49">
      <Component Name="O_TimeTrans" UId="50" />
    </Symbol>
  </Access>
  <Blank Num="1" UId="51" />
  <Token Text=":=" UId="52" />
  <Blank Num="1" UId="53" />
  <Access Scope="LiteralConstant" UId="54">
    <Constant UId="55">
      <ConstantValue UId="57">FALSE</ConstantValue>
    </Constant>
  </Access>
  <Token Text=";" UId="58" />
  <NewLine Num="2" UId="59" />
  <Token Text="IF" UId="60" />
  <Blank Num="1" UId="61" />
  <Access Scope="LocalVariable" UId="62">
    <Symbol UId="63">
      <Component Name="I_StepNumber" UId="64" />
    </Symbol>
  </Access>
  <Blank Num="1" UId="65" />
  <Token Text="=" UId="66" />
  <Blank Num="1" UId="67" />
  <Access Scope="LocalVariable" UId="68">
    <Symbol UId="69">
      <Component Name="IO_StepNumber" UId="70" />
    </Symbol>
  </Access>
  <Blank Num="1" UId="71" />
  <Token Text="THEN" UId="72" />
  <NewLine Num="1" UId="73" />
  <Blank Num="4" UId="74" />
  <NewLine Num="1" UId="75" />
  <Blank Num="4" UId="76" />
  <Token Text="REGION" UId="77" />
  <Blank Num="1" UId="78" />
  <Text UId="79">Check condition</Text>
  <NewLine Num="1" UId="80" />
  <Blank Num="8" UId="81" />
  <Token Text="IF" UId="82" />
  <Blank Num="1" UId="83" />
  <Access Scope="LocalVariable" UId="84">
    <Symbol UId="85">
      <Component Name="I_ConditionDistance" UId="86" />
    </Symbol>
  </Access>
  <Blank Num="1" UId="87" />
  <Token Text="=" UId="88" />
  <Blank Num="1" UId="89" />
  <Access Scope="LiteralConstant" UId="90">
    <Constant UId="91">
      <ConstantValue UId="93">0.0</ConstantValue>
    </Constant>
  </Access>
  <Blank Num="1" UId="94" />
  <Token Text="THEN" UId="95" />
  <NewLine Num="1" UId="96" />
  <Blank Num="12" UId="97" />
  <Token Text="IF" UId="98" />
  <Blank Num="1" UId="99" />
  <Access Scope="LocalVariable" UId="100">
    <Symbol UId="101">
      <Component Name="I_Condition" UId="102" />
    </Symbol>
  </Access>
  <Blank Num="1" UId="103" />
  <Token Text="THEN" UId="104" />
  <NewLine Num="1" UId="105" />
  <Blank Num="16" UId="106" />
  <Access Scope="Call" UId="107">
    <CallInfo UId="108" BlockType="FC">
      <Instance Scope="GlobalVariable" UId="110">
        <Component Name="SetPrevStepNumber_FC" UId="109" />
      </Instance>
      <Token Text="(" UId="111" />
      <Parameter Name="I_Step" UId="112">
        <Token Text=":=" UId="113" />
        <Access Scope="LocalVariable" UId="114">
          <Symbol UId="115">
            <Component Name="IO_StepNumber" UId="116" />
          </Symbol>
        </Access>
      </Parameter>
      <Token Text="," UId="117" />
      <NewLine Num="1" UId="118" />
      <Blank Num="39" UId="119" />
      <Parameter Name="IO_PrevStep" UId="120">
        <Token Text=":=" UId="121" />
        <Access Scope="LocalVariable" UId="122">
          <Symbol UId="123">
            <Component Name="IO_PrevStepNumber" UId="124" />
          </Symbol>
        </Access>
      </Parameter>
      <Token Text=")" UId="125" />
    </CallInfo>
  </Access>
  <Token Text=";" UId="126" />
  <NewLine Num="1" UId="127" />
  <Blank Num="16" UId="128" />
  <Access Scope="LocalVariable" UId="129">
    <Symbol UId="130">
      <Component Name="IO_StepNumber" UId="131" />
    </Symbol>
  </Access>
  <Blank Num="1" UId="132" />
  <Token Text=":=" UId="133" />
  <Blank Num="1" UId="134" />
  <Access Scope="LocalVariable" UId="135">
    <Symbol UId="136">
      <Component Name="I_NextStepNumber" UId="137" />
    </Symbol>
  </Access>
  <Token Text=";" UId="138" />
  <NewLine Num="1" UId="139" />
  <Blank Num="16" UId="140" />
  <Access Scope="LocalVariable" UId="141">
    <Symbol UId="142">
      <Component Name="O_ConditionTrans" UId="143" />
    </Symbol>
  </Access>
  <Blank Num="1" UId="144" />
  <Token Text=":=" UId="145" />
  <Blank Num="1" UId="146" />
  <Access Scope="LiteralConstant" UId="147">
    <Constant UId="148">
      <ConstantValue UId="150">true</ConstantValue>
    </Constant>
  </Access>
  <Token Text=";" UId="151" />
  <NewLine Num="1" UId="152" />
  <Blank Num="16" UId="153" />
  <NewLine Num="1" UId="154" />
  <Blank Num="12" UId="155" />
  <Token Text="END_IF" UId="156" />
  <Token Text=";" UId="157" />
  <NewLine Num="1" UId="158" />
  <Blank Num="8" UId="159" />
  <Token Text="ELSE" UId="160" />
  <NewLine Num="1" UId="161" />
  <Blank Num="12" UId="162" />
  <Access Scope="Call" UId="163">
    <CallInfo UId="164" BlockType="FB" Name="TON_Encoder_FB">
      <Instance Scope="LocalVariable" UId="165">
        <Component Name="ConditionTime" UId="166" />
      </Instance>
      <Token Text="(" UId="167" />
      <Parameter Name="I_Start" UId="168">
        <Blank Num="1" UId="169" />
        <Token Text=":=" UId="170" />
        <Blank Num="1" UId="171" />
        <Access Scope="LocalVariable" UId="172">
          <Symbol UId="173">
            <Component Name="I_Condition" UId="174" />
          </Symbol>
        </Access>
      </Parameter>
      <Token Text="," UId="175" />
      <NewLine Num="1" UId="176" />
      <Blank Num="27" UId="177" />
      <Parameter Name="I_SetPoint" UId="178">
        <Token Text=":=" UId="179" />
        <Blank Num="1" UId="180" />
        <Access Scope="LocalVariable" UId="181">
          <Symbol UId="182">
            <Component Name="I_ConditionDistance" UId="183" />
          </Symbol>
        </Access>
      </Parameter>
      <Token Text="," UId="184" />
      <NewLine Num="1" UId="185" />
      <Blank Num="27" UId="186" />
      <Parameter Name="I_DeltaDistance_mm" UId="187">
        <Token Text=":=" UId="188" />
        <Blank Num="1" UId="189" />
        <Access Scope="LocalVariable" UId="190">
          <Symbol UId="191">
            <Component Name="I_DeltaDistance" UId="192" />
          </Symbol>
        </Access>
      </Parameter>
      <Token Text=")" UId="197" />
    </CallInfo>
  </Access>
  <Token Text=";" UId="198" />
  <NewLine Num="1" UId="199" />
  <Blank Num="12" UId="200" />
  <Token Text="IF" UId="201" />
  <Blank Num="1" UId="202" />
  <Access Scope="LocalVariable" UId="203">
    <Symbol UId="204">
      <Component Name="ConditionTime" UId="205" />
      <Token Text="." UId="206" />
      <Component Name="Q" UId="207" />
    </Symbol>
  </Access>
  <Blank Num="1" UId="208" />
  <Token Text="THEN" UId="209" />
  <NewLine Num="1" UId="210" />
  <Blank Num="16" UId="211" />
  <Access Scope="Call" UId="212">
    <CallInfo UId="213" BlockType="FC">
      <Instance Scope="GlobalVariable" UId="215">
        <Component Name="SetPrevStepNumber_FC" UId="214" />
      </Instance>
      <Token Text="(" UId="216" />
      <Parameter Name="I_Step" UId="217">
        <Blank Num="1" UId="218" />
        <Token Text=":=" UId="219" />
        <Blank Num="1" UId="220" />
        <Access Scope="LocalVariable" UId="221">
          <Symbol UId="222">
            <Component Name="IO_StepNumber" UId="223" />
          </Symbol>
        </Access>
      </Parameter>
      <Token Text="," UId="224" />
      <NewLine Num="1" UId="225" />
      <Blank Num="39" UId="226" />
      <Parameter Name="IO_PrevStep" UId="227">
        <Blank Num="1" UId="228" />
        <Token Text=":=" UId="229" />
        <Blank Num="1" UId="230" />
        <Access Scope="LocalVariable" UId="231">
          <Symbol UId="232">
            <Component Name="IO_PrevStepNumber" UId="233" />
          </Symbol>
        </Access>
      </Parameter>
      <Token Text=")" UId="234" />
    </CallInfo>
  </Access>
  <Token Text=";" UId="235" />
  <NewLine Num="1" UId="236" />
  <Blank Num="16" UId="237" />
  <Access Scope="LocalVariable" UId="238">
    <Symbol UId="239">
      <Component Name="IO_StepNumber" UId="240" />
    </Symbol>
  </Access>
  <Blank Num="1" UId="241" />
  <Token Text=":=" UId="242" />
  <Blank Num="1" UId="243" />
  <Access Scope="LocalVariable" UId="244">
    <Symbol UId="245">
      <Component Name="I_NextStepNumber" UId="246" />
    </Symbol>
  </Access>
  <Token Text=";" UId="247" />
  <NewLine Num="1" UId="248" />
  <Blank Num="16" UId="249" />
  <Access Scope="LocalVariable" UId="250">
    <Symbol UId="251">
      <Component Name="O_ConditionTrans" UId="252" />
    </Symbol>
  </Access>
  <Blank Num="1" UId="253" />
  <Token Text=":=" UId="254" />
  <Blank Num="1" UId="255" />
  <Access Scope="LiteralConstant" UId="256">
    <Constant UId="257">
      <ConstantValue UId="259">true</ConstantValue>
    </Constant>
  </Access>
  <Token Text=";" UId="260" />
  <NewLine Num="1" UId="261" />
  <Blank Num="15" UId="262" />
  <NewLine Num="1" UId="263" />
  <Blank Num="12" UId="264" />
  <Token Text="END_IF" UId="265" />
  <Token Text=";" UId="266" />
  <NewLine Num="1" UId="267" />
  <Blank Num="8" UId="268" />
  <Token Text="END_IF" UId="269" />
  <Token Text=";" UId="270" />
  <NewLine Num="1" UId="271" />
  <Blank Num="8" UId="272" />
  <NewLine Num="1" UId="273" />
  <Blank Num="4" UId="274" />
  <Token Text="END_REGION" UId="275" />
  <NewLine Num="1" UId="276" />
  <Blank Num="4" UId="277" />
  <NewLine Num="1" UId="278" />
  <Blank Num="4" UId="279" />
  <Token Text="REGION" UId="280" />
  <Blank Num="1" UId="281" />
  <Text UId="282">Check Error conditon</Text>
  <NewLine Num="1" UId="283" />
  <Blank Num="8" UId="284" />
  <Token Text="IF" UId="285" />
  <Blank Num="1" UId="286" />
  <Access Scope="LocalVariable" UId="287">
    <Symbol UId="288">
      <Component Name="I_ErrorDistance" UId="289" />
    </Symbol>
  </Access>
  <Blank Num="1" UId="290" />
  <Token Text="=" UId="291" />
  <Blank Num="1" UId="292" />
  <Access Scope="LiteralConstant" UId="293">
    <Constant UId="294">
      <ConstantValue UId="296">0.0</ConstantValue>
    </Constant>
  </Access>
  <Blank Num="1" UId="297" />
  <Token Text="THEN" UId="298" />
  <NewLine Num="1" UId="299" />
  <Blank Num="12" UId="300" />
  <Token Text="IF" UId="301" />
  <Blank Num="1" UId="302" />
  <Access Scope="LocalVariable" UId="303">
    <Symbol UId="304">
      <Component Name="I_ErrorConditon" UId="305" />
    </Symbol>
  </Access>
  <Blank Num="1" UId="306" />
  <Token Text="THEN" UId="307" />
  <NewLine Num="1" UId="308" />
  <Blank Num="16" UId="309" />
  <Access Scope="Call" UId="310">
    <CallInfo UId="311" BlockType="FC">
      <Instance Scope="GlobalVariable" UId="313">
        <Component Name="SetPrevStepNumber_FC" UId="312" />
      </Instance>
      <Token Text="(" UId="314" />
      <Parameter Name="I_Step" UId="315">
        <Blank Num="1" UId="316" />
        <Token Text=":=" UId="317" />
        <Blank Num="1" UId="318" />
        <Access Scope="LocalVariable" UId="319">
          <Symbol UId="320">
            <Component Name="IO_StepNumber" UId="321" />
          </Symbol>
        </Access>
      </Parameter>
      <Token Text="," UId="322" />
      <NewLine Num="1" UId="323" />
      <Blank Num="39" UId="324" />
      <Parameter Name="IO_PrevStep" UId="325">
        <Blank Num="1" UId="326" />
        <Token Text=":=" UId="327" />
        <Blank Num="1" UId="328" />
        <Access Scope="LocalVariable" UId="329">
          <Symbol UId="330">
            <Component Name="IO_PrevStepNumber" UId="331" />
          </Symbol>
        </Access>
      </Parameter>
      <Token Text=")" UId="332" />
    </CallInfo>
  </Access>
  <Token Text=";" UId="333" />
  <NewLine Num="1" UId="334" />
  <Blank Num="16" UId="335" />
  <Access Scope="LocalVariable" UId="336">
    <Symbol UId="337">
      <Component Name="IO_StepNumber" UId="338" />
    </Symbol>
  </Access>
  <Blank Num="1" UId="339" />
  <Token Text=":=" UId="340" />
  <Blank Num="1" UId="341" />
  <Access Scope="LocalVariable" UId="342">
    <Symbol UId="343">
      <Component Name="I_ErrorStepNumber" UId="344" />
    </Symbol>
  </Access>
  <Token Text=";" UId="345" />
  <NewLine Num="1" UId="346" />
  <Blank Num="16" UId="347" />
  <Access Scope="LocalVariable" UId="348">
    <Symbol UId="349">
      <Component Name="O_ErrorTrans" UId="350" />
    </Symbol>
  </Access>
  <Blank Num="1" UId="351" />
  <Token Text=":=" UId="352" />
  <Blank Num="1" UId="353" />
  <Access Scope="LiteralConstant" UId="354">
    <Constant UId="355">
      <ConstantValue UId="357">true</ConstantValue>
    </Constant>
  </Access>
  <Token Text=";" UId="358" />
  <NewLine Num="1" UId="359" />
  <Blank Num="13" UId="360" />
  <NewLine Num="1" UId="361" />
  <Blank Num="12" UId="362" />
  <Token Text="END_IF" UId="363" />
  <Token Text=";" UId="364" />
  <NewLine Num="1" UId="365" />
  <Blank Num="8" UId="366" />
  <Token Text="ELSE" UId="367" />
  <NewLine Num="1" UId="368" />
  <Blank Num="12" UId="369" />
  <Access Scope="Call" UId="370">
    <CallInfo UId="371" BlockType="FB" Name="TON_Encoder_FB">
      <Instance Scope="LocalVariable" UId="372">
        <Component Name="ErrorConditionTIme" UId="373" />
      </Instance>
      <Token Text="(" UId="374" />
      <Parameter Name="I_Start" UId="375">
        <Blank Num="1" UId="376" />
        <Token Text=":=" UId="377" />
        <Blank Num="1" UId="378" />
        <Access Scope="LocalVariable" UId="379">
          <Symbol UId="380">
            <Component Name="I_ErrorConditon" UId="381" />
          </Symbol>
        </Access>
      </Parameter>
      <Token Text="," UId="382" />
      <NewLine Num="1" UId="383" />
      <Blank Num="32" UId="384" />
      <Parameter Name="I_SetPoint" UId="385">
        <Token Text=":=" UId="386" />
        <Blank Num="1" UId="387" />
        <Access Scope="LocalVariable" UId="388">
          <Symbol UId="389">
            <Component Name="I_ErrorDistance" UId="390" />
          </Symbol>
        </Access>
      </Parameter>
      <Token Text="," UId="391" />
      <NewLine Num="1" UId="392" />
      <Blank Num="32" UId="393" />
      <Parameter Name="I_DeltaDistance_mm" UId="394">
        <Blank Num="1" UId="395" />
        <Token Text=":=" UId="396" />
        <Blank Num="1" UId="397" />
        <Access Scope="LocalVariable" UId="398">
          <Symbol UId="399">
            <Component Name="I_DeltaDistance" UId="400" />
          </Symbol>
        </Access>
      </Parameter>
      <Token Text=")" UId="405" />
    </CallInfo>
  </Access>
  <Token Text=";" UId="406" />
  <NewLine Num="1" UId="407" />
  <Blank Num="12" UId="408" />
  <Token Text="IF" UId="409" />
  <Blank Num="1" UId="410" />
  <Access Scope="LocalVariable" UId="411">
    <Symbol UId="412">
      <Component Name="ErrorConditionTIme" UId="413" />
      <Token Text="." UId="414" />
      <Component Name="Q" UId="415" />
    </Symbol>
  </Access>
  <Blank Num="1" UId="416" />
  <Token Text="THEN" UId="417" />
  <NewLine Num="1" UId="418" />
  <Blank Num="16" UId="419" />
  <Access Scope="Call" UId="420">
    <CallInfo UId="421" BlockType="FC">
      <Instance Scope="GlobalVariable" UId="423">
        <Component Name="SetPrevStepNumber_FC" UId="422" />
      </Instance>
      <Token Text="(" UId="424" />
      <Parameter Name="I_Step" UId="425">
        <Blank Num="1" UId="426" />
        <Token Text=":=" UId="427" />
        <Blank Num="1" UId="428" />
        <Access Scope="LocalVariable" UId="429">
          <Symbol UId="430">
            <Component Name="IO_StepNumber" UId="431" />
          </Symbol>
        </Access>
      </Parameter>
      <Token Text="," UId="432" />
      <NewLine Num="1" UId="433" />
      <Blank Num="39" UId="434" />
      <Parameter Name="IO_PrevStep" UId="435">
        <Blank Num="1" UId="436" />
        <Token Text=":=" UId="437" />
        <Blank Num="1" UId="438" />
        <Access Scope="LocalVariable" UId="439">
          <Symbol UId="440">
            <Component Name="IO_PrevStepNumber" UId="441" />
          </Symbol>
        </Access>
      </Parameter>
      <Token Text=")" UId="442" />
    </CallInfo>
  </Access>
  <Token Text=";" UId="443" />
  <NewLine Num="1" UId="444" />
  <Blank Num="16" UId="445" />
  <Access Scope="LocalVariable" UId="446">
    <Symbol UId="447">
      <Component Name="IO_StepNumber" UId="448" />
    </Symbol>
  </Access>
  <Blank Num="1" UId="449" />
  <Token Text=":=" UId="450" />
  <Blank Num="1" UId="451" />
  <Access Scope="LocalVariable" UId="452">
    <Symbol UId="453">
      <Component Name="I_ErrorStepNumber" UId="454" />
    </Symbol>
  </Access>
  <Token Text=";" UId="455" />
  <NewLine Num="1" UId="456" />
  <Blank Num="16" UId="457" />
  <Access Scope="LocalVariable" UId="458">
    <Symbol UId="459">
      <Component Name="O_ErrorTrans" UId="460" />
    </Symbol>
  </Access>
  <Blank Num="1" UId="461" />
  <Token Text=":=" UId="462" />
  <Blank Num="1" UId="463" />
  <Access Scope="LiteralConstant" UId="464">
    <Constant UId="465">
      <ConstantValue UId="467">true</ConstantValue>
    </Constant>
  </Access>
  <Token Text=";" UId="468" />
  <NewLine Num="1" UId="469" />
  <Blank Num="11" UId="470" />
  <NewLine Num="1" UId="471" />
  <Blank Num="12" UId="472" />
  <Token Text="END_IF" UId="473" />
  <Token Text=";" UId="474" />
  <NewLine Num="1" UId="475" />
  <Blank Num="8" UId="476" />
  <Token Text="END_IF" UId="477" />
  <Token Text=";" UId="478" />
  <NewLine Num="1" UId="479" />
  <Blank Num="4" UId="480" />
  <Token Text="END_REGION" UId="481" />
  <NewLine Num="1" UId="482" />
  <Blank Num="4" UId="483" />
  <NewLine Num="1" UId="484" />
  <Blank Num="4" UId="485" />
  <Token Text="REGION" UId="486" />
  <Blank Num="1" UId="487" />
  <Text UId="488">Check timeout</Text>
  <NewLine Num="1" UId="489" />
  <Blank Num="8" UId="490" />
  <NewLine Num="1" UId="491" />
  <Blank Num="8" UId="492" />
  <Access Scope="Call" UId="493">
    <CallInfo UId="494" BlockType="FB" Name="TON_Encoder_FB">
      <Instance Scope="LocalVariable" UId="495">
        <Component Name="TimeOutTime" UId="496" />
      </Instance>
      <Token Text="(" UId="497" />
      <Parameter Name="I_Start" UId="498">
        <Blank Num="1" UId="499" />
        <Token Text=":=" UId="500" />
        <Blank Num="1" UId="501" />
        <Access Scope="LocalVariable" UId="502">
          <Symbol UId="503">
            <Component Name="I_StepNumber" UId="504" />
          </Symbol>
        </Access>
        <Blank Num="1" UId="505" />
        <Token Text="=" UId="506" />
        <Blank Num="1" UId="507" />
        <Access Scope="LocalVariable" UId="508">
          <Symbol UId="509">
            <Component Name="IO_StepNumber" UId="510" />
          </Symbol>
        </Access>
        <Blank Num="1" UId="511" />
        <Token Text="AND" UId="512" />
        <Blank Num="1" UId="513" />
        <Token Text="NOT" UId="514" />
        <Blank Num="1" UId="515" />
        <Access Scope="LocalVariable" UId="516">
          <Symbol UId="517">
            <Component Name="I_IgnoreTimeOut" UId="518" />
          </Symbol>
        </Access>
        <Blank Num="1" UId="519" />
        <Token Text="AND" UId="520" />
        <Blank Num="1" UId="521" />
        <Token Text="NOT" UId="522" />
        <Blank Num="1" UId="523" />
        <Access Scope="LocalVariable" UId="524">
          <Symbol UId="525">
            <Component Name="I_PauseTimeOut" UId="526" />
          </Symbol>
        </Access>
      </Parameter>
      <Blank Num="1" UId="527" />
      <Token Text="," UId="528" />
      <NewLine Num="1" UId="529" />
      <Blank Num="21" UId="530" />
      <Parameter Name="I_Reset" UId="531">
        <Token Text=":=" UId="532" />
        <Token Text="NOT" UId="533" />
        <Blank Num="1" UId="534" />
        <Access Scope="LocalVariable" UId="535">
          <Symbol UId="536">
            <Component Name="I_AccumulateConditionTIme" UId="537" />
          </Symbol>
        </Access>
        <Blank Num="1" UId="538" />
        <Token Text="AND" UId="539" />
        <Blank Num="1" UId="540" />
        <Token Text="NOT" UId="541" />
        <Blank Num="1" UId="542" />
        <Token Text="(" UId="543" />
        <Access Scope="LocalVariable" UId="544">
          <Symbol UId="545">
            <Component Name="I_StepNumber" UId="546" />
          </Symbol>
        </Access>
        <Blank Num="1" UId="547" />
        <Token Text="=" UId="548" />
        <Blank Num="1" UId="549" />
        <Access Scope="LocalVariable" UId="550">
          <Symbol UId="551">
            <Component Name="IO_StepNumber" UId="552" />
          </Symbol>
        </Access>
        <Token Text=")" UId="553" />
      </Parameter>
      <Token Text="," UId="554" />
      <NewLine Num="1" UId="555" />
      <Blank Num="21" UId="556" />
      <Parameter Name="I_SetPoint" UId="557">
        <Token Text=":=" UId="558" />
        <Blank Num="1" UId="559" />
        <Access Scope="LocalVariable" UId="560">
          <Symbol UId="561">
            <Component Name="I_TimeOutDistance" UId="562" />
          </Symbol>
        </Access>
      </Parameter>
      <Token Text="," UId="563" />
      <NewLine Num="1" UId="564" />
      <Blank Num="21" UId="565" />
      <Parameter Name="I_DeltaDistance_mm" UId="566">
        <Blank Num="1" UId="567" />
        <Token Text=":=" UId="568" />
        <Blank Num="1" UId="569" />
        <Access Scope="LocalVariable" UId="570">
          <Symbol UId="571">
            <Component Name="I_DeltaDistance" UId="572" />
          </Symbol>
        </Access>
      </Parameter>
      <Token Text="," UId="573" />
      <NewLine Num="1" UId="574" />
      <Blank Num="21" UId="575" />
      <Parameter Name="I_Remanent" UId="576">
        <Blank Num="1" UId="577" />
        <Token Text=":=" UId="578" />
        <Blank Num="1" UId="579" />
        <Access Scope="LiteralConstant" UId="580">
          <Constant UId="581">
            <ConstantValue UId="583">true</ConstantValue>
          </Constant>
        </Access>
      </Parameter>
      <Token Text="," UId="584" />
      <NewLine Num="1" UId="585" />
      <Blank Num="23" UId="586" />
      <Parameter Name="Q" UId="587">
        <Token Text="=&gt;" UId="588" />
        <Access Scope="LocalVariable" UId="589">
          <Symbol UId="590">
            <Component Name="T_SiemensBug" UId="591" />
          </Symbol>
        </Access>
      </Parameter>
      <Token Text=")" UId="593" />
    </CallInfo>
  </Access>
  <Token Text=";" UId="594" />
  <NewLine Num="1" UId="595" />
  <Blank Num="8" UId="596" />
  <NewLine Num="1" UId="597" />
  <Blank Num="8" UId="598" />
  <Token Text="IF" UId="599" />
  <Blank Num="1" UId="600" />
  <Access Scope="LocalVariable" UId="601">
    <Symbol UId="602">
      <Component Name="TimeOutTime" UId="603" />
      <Token Text="." UId="604" />
      <Component Name="Q" UId="605" />
    </Symbol>
  </Access>
  <Blank Num="1" UId="606" />
  <Token Text="AND" UId="607" />
  <Blank Num="1" UId="608" />
  <Token Text="NOT" UId="609" />
  <Blank Num="1" UId="610" />
  <Access Scope="LocalVariable" UId="611">
    <Symbol UId="612">
      <Component Name="I_IgnoreTimeOut" UId="613" />
    </Symbol>
  </Access>
  <Blank Num="1" UId="614" />
  <Token Text="THEN" UId="615" />
  <NewLine Num="1" UId="616" />
  <Blank Num="12" UId="617" />
  <Access Scope="Call" UId="618">
    <CallInfo UId="619" BlockType="FC">
      <Instance Scope="GlobalVariable" UId="621">
        <Component Name="SetPrevStepNumber_FC" UId="620" />
      </Instance>
      <Token Text="(" UId="622" />
      <Parameter Name="I_Step" UId="623">
        <Blank Num="1" UId="624" />
        <Token Text=":=" UId="625" />
        <Blank Num="1" UId="626" />
        <Access Scope="LocalVariable" UId="627">
          <Symbol UId="628">
            <Component Name="IO_StepNumber" UId="629" />
          </Symbol>
        </Access>
      </Parameter>
      <Token Text="," UId="630" />
      <NewLine Num="1" UId="631" />
      <Blank Num="35" UId="632" />
      <Parameter Name="IO_PrevStep" UId="633">
        <Blank Num="1" UId="634" />
        <Token Text=":=" UId="635" />
        <Blank Num="1" UId="636" />
        <Access Scope="LocalVariable" UId="637">
          <Symbol UId="638">
            <Component Name="IO_PrevStepNumber" UId="639" />
          </Symbol>
        </Access>
      </Parameter>
      <Token Text=")" UId="640" />
    </CallInfo>
  </Access>
  <Token Text=";" UId="641" />
  <NewLine Num="1" UId="642" />
  <Blank Num="12" UId="643" />
  <Access Scope="LocalVariable" UId="644">
    <Symbol UId="645">
      <Component Name="IO_StepNumber" UId="646" />
    </Symbol>
  </Access>
  <Blank Num="1" UId="647" />
  <Token Text=":=" UId="648" />
  <Blank Num="1" UId="649" />
  <Access Scope="LocalVariable" UId="650">
    <Symbol UId="651">
      <Component Name="I_TimeOutStepNumber" UId="652" />
    </Symbol>
  </Access>
  <Token Text=";" UId="653" />
  <NewLine Num="1" UId="654" />
  <Blank Num="12" UId="655" />
  <Access Scope="LocalVariable" UId="656">
    <Symbol UId="657">
      <Component Name="O_TimeTrans" UId="658" />
    </Symbol>
  </Access>
  <Blank Num="1" UId="659" />
  <Token Text=":=" UId="660" />
  <Blank Num="1" UId="661" />
  <Access Scope="LiteralConstant" UId="662">
    <Constant UId="663">
      <ConstantValue UId="665">true</ConstantValue>
    </Constant>
  </Access>
  <Token Text=";" UId="666" />
  <NewLine Num="1" UId="667" />
  <Blank Num="12" UId="668" />
  <Access Scope="LocalVariable" UId="669">
    <Symbol UId="670">
      <Component Name="TimeOutTime" UId="671" />
      <Token Text="." UId="672" />
      <Component Name="DistanceMem" UId="673" />
    </Symbol>
  </Access>
  <Blank Num="1" UId="674" />
  <Token Text=":=" UId="675" />
  <Blank Num="1" UId="676" />
  <Access Scope="LiteralConstant" UId="677">
    <Constant UId="678">
      <ConstantValue UId="680">0.0</ConstantValue>
    </Constant>
  </Access>
  <Token Text=";" UId="681" />
  <NewLine Num="1" UId="682" />
  <Blank Num="12" UId="683" />
  <NewLine Num="1" UId="684" />
  <Blank Num="8" UId="685" />
  <Token Text="END_IF" UId="686" />
  <Token Text=";" UId="687" />
  <NewLine Num="1" UId="688" />
  <Blank Num="8" UId="689" />
  <NewLine Num="1" UId="690" />
  <Blank Num="4" UId="691" />
  <Token Text="END_REGION" UId="692" />
  <NewLine Num="1" UId="693" />
  <Token Text="ELSE" UId="694" />
  <NewLine Num="1" UId="695" />
  <Blank Num="4" UId="696" />
  <Access Scope="LocalVariable" UId="697">
    <Symbol UId="698">
      <Component Name="TimeOutTime" UId="699" />
      <Token Text="." UId="700" />
      <Component Name="DistanceMem" UId="701" />
    </Symbol>
  </Access>
  <Blank Num="1" UId="702" />
  <Token Text=":=" UId="703" />
  <Blank Num="1" UId="704" />
  <Access Scope="LiteralConstant" UId="705">
    <Constant UId="706">
      <ConstantValue UId="708">0.0</ConstantValue>
    </Constant>
  </Access>
  <Token Text=";" UId="709" />
  <NewLine Num="1" UId="710" />
  <Blank Num="4" UId="711" />
  <Access Scope="LocalVariable" UId="712">
    <Symbol UId="713">
      <Component Name="ConditionTime" UId="714" />
      <Token Text="." UId="715" />
      <Component Name="DistanceMem" UId="716" />
    </Symbol>
  </Access>
  <Blank Num="1" UId="717" />
  <Token Text=":=" UId="718" />
  <Blank Num="1" UId="719" />
  <Access Scope="LiteralConstant" UId="720">
    <Constant UId="721">
      <ConstantValue UId="723">0.0</ConstantValue>
    </Constant>
  </Access>
  <Token Text=";" UId="724" />
  <NewLine Num="1" UId="725" />
  <Blank Num="4" UId="726" />
  <Access Scope="LocalVariable" UId="727">
    <Symbol UId="728">
      <Component Name="ErrorConditionTIme" UId="729" />
      <Token Text="." UId="730" />
      <Component Name="DistanceMem" UId="731" />
    </Symbol>
  </Access>
  <Blank Num="1" UId="732" />
  <Token Text=":=" UId="733" />
  <Blank Num="1" UId="734" />
  <Access Scope="LiteralConstant" UId="735">
    <Constant UId="736">
      <ConstantValue UId="738">0.0</ConstantValue>
    </Constant>
  </Access>
  <Token Text=";" UId="739" />
  <NewLine Num="1" UId="740" />
  <Blank Num="4" UId="741" />
  <Access Scope="LocalVariable" UId="742">
    <Symbol UId="743">
      <Component Name="O_ConditionTrans" UId="744" />
    </Symbol>
  </Access>
  <Blank Num="1" UId="745" />
  <Token Text=":=" UId="746" />
  <Blank Num="1" UId="747" />
  <Access Scope="LiteralConstant" UId="748">
    <Constant UId="749">
      <ConstantValue UId="751">FALSE</ConstantValue>
    </Constant>
  </Access>
  <Token Text=";" UId="752" />
  <NewLine Num="1" UId="753" />
  <Blank Num="4" UId="754" />
  <Access Scope="LocalVariable" UId="755">
    <Symbol UId="756">
      <Component Name="O_ErrorTrans" UId="757" />
    </Symbol>
  </Access>
  <Blank Num="1" UId="758" />
  <Token Text=":=" UId="759" />
  <Blank Num="1" UId="760" />
  <Access Scope="LiteralConstant" UId="761">
    <Constant UId="762">
      <ConstantValue UId="764">FALSE</ConstantValue>
    </Constant>
  </Access>
  <Token Text=";" UId="765" />
  <NewLine Num="1" UId="766" />
  <Blank Num="4" UId="767" />
  <Access Scope="LocalVariable" UId="768">
    <Symbol UId="769">
      <Component Name="O_TimeTrans" UId="770" />
    </Symbol>
  </Access>
  <Blank Num="1" UId="771" />
  <Token Text=":=" UId="772" />
  <Blank Num="1" UId="773" />
  <Access Scope="LiteralConstant" UId="774">
    <Constant UId="775">
      <ConstantValue UId="777">FALSE</ConstantValue>
    </Constant>
  </Access>
  <Token Text=";" UId="778" />
  <NewLine Num="1" UId="779" />
  <Token Text="END_IF" UId="780" />
  <Token Text=";" UId="781" />
  <NewLine Num="1" UId="782" />
</StructuredText></NetworkSource>
          <ProgrammingLanguage>SCL</ProgrammingLanguage>
        </AttributeList>
        <ObjectList>
          <MultilingualText ID="5" CompositionName="Comment">
            <ObjectList>
              <MultilingualTextItem ID="6" CompositionName="Items">
                <AttributeList>
                  <Culture>en-US</Culture>
                  <Text />
                </AttributeList>
              </MultilingualTextItem>
              <MultilingualTextItem ID="7" CompositionName="Items">
                <AttributeList>
                  <Culture>fr-BE</Culture>
                  <Text />
                </AttributeList>
              </MultilingualTextItem>
            </ObjectList>
          </MultilingualText>
          <MultilingualText ID="8" CompositionName="Title">
            <ObjectList>
              <MultilingualTextItem ID="9" CompositionName="Items">
                <AttributeList>
                  <Culture>en-US</Culture>
                  <Text />
                </AttributeList>
              </MultilingualTextItem>
              <MultilingualTextItem ID="A" CompositionName="Items">
                <AttributeList>
                  <Culture>fr-BE</Culture>
                  <Text />
                </AttributeList>
              </MultilingualTextItem>
            </ObjectList>
          </MultilingualText>
        </ObjectList>
      </SW.Blocks.CompileUnit>
      <MultilingualText ID="B" CompositionName="Title">
        <ObjectList>
          <MultilingualTextItem ID="C" CompositionName="Items">
            <AttributeList>
              <Culture>en-US</Culture>
              <Text />
            </AttributeList>
          </MultilingualTextItem>
          <MultilingualTextItem ID="D" CompositionName="Items">
            <AttributeList>
              <Culture>fr-BE</Culture>
              <Text />
            </AttributeList>
          </MultilingualTextItem>
        </ObjectList>
      </MultilingualText>
    </ObjectList>
  </SW.Blocks.FB>
</Document>