﻿<?xml version="1.0" encoding="utf-8"?>
<Document>
  <Engineering version="V16" />
  <DocumentInfo>
    <Created>2023-11-13T10:46:12.6710105Z</Created>
    <ExportSetting>WithDefaults</ExportSetting>
    <InstalledProducts>
      <Product>
        <DisplayName>Totally Integrated Automation Portal</DisplayName>
        <DisplayVersion>V16 Update 6</DisplayVersion>
      </Product>
      <OptionPackage>
        <DisplayName>TIA Portal Version Control Interface</DisplayName>
        <DisplayVersion>V16 Update 2</DisplayVersion>
      </OptionPackage>
      <OptionPackage>
        <DisplayName>TIA Portal Openness</DisplayName>
        <DisplayVersion>V16 Update 6</DisplayVersion>
      </OptionPackage>
      <OptionPackage>
        <DisplayName>TIA Portal Teamcenter Gateway</DisplayName>
        <DisplayVersion>V16</DisplayVersion>
      </OptionPackage>
      <Product>
        <DisplayName>SINAMICS Startdrive Advanced</DisplayName>
        <DisplayVersion>V16 Update 5</DisplayVersion>
      </Product>
      <OptionPackage>
        <DisplayName>SINAMICS Startdrive G130, G150, S120, S150, SINAMICS MV, S210</DisplayName>
        <DisplayVersion>V16 Update 5</DisplayVersion>
      </OptionPackage>
      <OptionPackage>
        <DisplayName>SINAMICS Startdrive G110M, G120, G120C, G120D, G120P, G115D</DisplayName>
        <DisplayVersion>V16 Update 5</DisplayVersion>
      </OptionPackage>
      <Product>
        <DisplayName>STEP 7 Professional</DisplayName>
        <DisplayVersion>V16 Update 6</DisplayVersion>
      </Product>
      <OptionPackage>
        <DisplayName>STEP 7 Safety</DisplayName>
        <DisplayVersion>V16</DisplayVersion>
      </OptionPackage>
      <Product>
        <DisplayName>WinCC Advanced / Unified PC</DisplayName>
        <DisplayVersion>V16 Update 6</DisplayVersion>
      </Product>
    </InstalledProducts>
  </DocumentInfo>
  <SW.Blocks.FB ID="0">
    <AttributeList>
      <AutoNumber>true</AutoNumber>
      <HeaderAuthor />
      <HeaderFamily />
      <HeaderName />
      <HeaderVersion>0.1</HeaderVersion>
      <Interface><Sections xmlns="http://www.siemens.com/automation/Openness/SW/Interface/v4">
  <Section Name="Input">
    <Member Name="I_DeltaDistance_mm" Datatype="Real" Remanence="NonRetain" Accessibility="Public"><AttributeList><BooleanAttribute Name="ExternalAccessible" SystemDefined="true">true</BooleanAttribute><BooleanAttribute Name="ExternalVisible" SystemDefined="true">true</BooleanAttribute><BooleanAttribute Name="ExternalWritable" SystemDefined="true">true</BooleanAttribute></AttributeList><Comment><MultiLanguageText Lang="en-US">The distance traveld mm / PLC cycle</MultiLanguageText></Comment></Member>
    <Member Name="I_SetPoint" Datatype="Real" Remanence="NonRetain" Accessibility="Public"><AttributeList><BooleanAttribute Name="ExternalAccessible" SystemDefined="true">true</BooleanAttribute><BooleanAttribute Name="ExternalVisible" SystemDefined="true">true</BooleanAttribute><BooleanAttribute Name="ExternalWritable" SystemDefined="true">true</BooleanAttribute></AttributeList><Comment><MultiLanguageText Lang="en-US">Preset value</MultiLanguageText></Comment></Member>
    <Member Name="I_Start" Datatype="Bool" Remanence="NonRetain" Accessibility="Public"><AttributeList><BooleanAttribute Name="ExternalAccessible" SystemDefined="true">true</BooleanAttribute><BooleanAttribute Name="ExternalVisible" SystemDefined="true">true</BooleanAttribute><BooleanAttribute Name="ExternalWritable" SystemDefined="true">true</BooleanAttribute></AttributeList><Comment><MultiLanguageText Lang="en-US">Start counting the distance</MultiLanguageText></Comment></Member>
    <Member Name="I_Reset" Datatype="Bool" Remanence="NonRetain" Accessibility="Public"><AttributeList><BooleanAttribute Name="ExternalAccessible" SystemDefined="true">true</BooleanAttribute><BooleanAttribute Name="ExternalVisible" SystemDefined="true">true</BooleanAttribute><BooleanAttribute Name="ExternalWritable" SystemDefined="true">true</BooleanAttribute></AttributeList><Comment><MultiLanguageText Lang="en-US">Reset distance</MultiLanguageText></Comment></Member>
    <Member Name="I_ResetHandshake" Datatype="Bool" Remanence="NonRetain" Accessibility="Public"><AttributeList><BooleanAttribute Name="ExternalAccessible" SystemDefined="true">true</BooleanAttribute><BooleanAttribute Name="ExternalVisible" SystemDefined="true">true</BooleanAttribute><BooleanAttribute Name="ExternalWritable" SystemDefined="true">true</BooleanAttribute></AttributeList></Member>
  </Section>
  <Section Name="Output">
    <Member Name="Q" Datatype="Bool" Remanence="NonRetain" Accessibility="Public"><AttributeList><BooleanAttribute Name="ExternalAccessible" SystemDefined="true">true</BooleanAttribute><BooleanAttribute Name="ExternalVisible" SystemDefined="true">true</BooleanAttribute><BooleanAttribute Name="ExternalWritable" SystemDefined="true">true</BooleanAttribute></AttributeList><Comment><MultiLanguageText Lang="en-US">Distance is traveld</MultiLanguageText></Comment></Member>
  </Section>
  <Section Name="InOut" />
  <Section Name="Static">
    <Member Name="StartCount" Datatype="Bool" Remanence="NonRetain" Accessibility="Public"><AttributeList><BooleanAttribute Name="ExternalAccessible" SystemDefined="true">true</BooleanAttribute><BooleanAttribute Name="ExternalVisible" SystemDefined="true">true</BooleanAttribute><BooleanAttribute Name="ExternalWritable" SystemDefined="true">true</BooleanAttribute><BooleanAttribute Name="SetPoint" SystemDefined="true">false</BooleanAttribute></AttributeList></Member>
    <Member Name="signal" Datatype="&quot;SmartBool&quot;" Accessibility="Public"><AttributeList><BooleanAttribute Name="ExternalAccessible" SystemDefined="true">true</BooleanAttribute><BooleanAttribute Name="ExternalVisible" SystemDefined="true">true</BooleanAttribute><BooleanAttribute Name="ExternalWritable" SystemDefined="true">true</BooleanAttribute><BooleanAttribute Name="SetPoint" SystemDefined="true">false</BooleanAttribute></AttributeList><Sections><Section Name="Input"><Member Name="I_Sensor" Datatype="Bool" /><Member Name="I_Simulate" Datatype="Bool" /><Member Name="HoldOnTIme" Datatype="Time" /><Member Name="DelayOnTime" Datatype="Time" /></Section><Section Name="Output"><Member Name="O_data" Datatype="&quot;SmartBooldt&quot;"><Sections><Section Name="None"><Member Name="State" Datatype="Bool" /><Member Name="LE" Datatype="Bool" /><Member Name="FE" Datatype="Bool" /><Member Name="sensorTest" Datatype="Bool" /><Member Name="IddleSignal" Datatype="Bool" /><Member Name="testFailed" Datatype="Bool" /><Member Name="Counter" Datatype="UInt" /></Section></Sections></Member></Section><Section Name="InOut" /><Section Name="Static"><Member Name="S_Prev_Val" Datatype="Bool" /><Member Name="S_DelayOnTime" Datatype="TON_TIME" Version="1.0"><Sections><Section Name="None"><Member Name="PT" Datatype="Time" /><Member Name="ET" Datatype="Time" /><Member Name="IN" Datatype="Bool" /><Member Name="Q" Datatype="Bool" /></Section></Sections></Member><Member Name="S_HoldOnTimer" Datatype="TOF_TIME" Version="1.0"><Sections><Section Name="None"><Member Name="PT" Datatype="Time" /><Member Name="ET" Datatype="Time" /><Member Name="IN" Datatype="Bool" /><Member Name="Q" Datatype="Bool" /></Section></Sections></Member><Member Name="S_LE" Datatype="Bool" /><Member Name="S_FE" Datatype="Bool" /><Member Name="S_SensorState" Datatype="Bool" /><Member Name="S_HoldOn" Datatype="Bool" /></Section></Sections></Member>
    <Member Name="DistanceMem" Datatype="Real" Remanence="NonRetain" Accessibility="Public"><AttributeList><BooleanAttribute Name="ExternalAccessible" SystemDefined="true">true</BooleanAttribute><BooleanAttribute Name="ExternalVisible" SystemDefined="true">true</BooleanAttribute><BooleanAttribute Name="ExternalWritable" SystemDefined="true">true</BooleanAttribute><BooleanAttribute Name="SetPoint" SystemDefined="true">false</BooleanAttribute></AttributeList></Member>
  </Section>
  <Section Name="Temp" />
  <Section Name="Constant" />
</Sections></Interface>
      <IsIECCheckEnabled>false</IsIECCheckEnabled>
      <IsRetainMemResEnabled>false</IsRetainMemResEnabled>
      <MemoryLayout>Optimized</MemoryLayout>
      <MemoryReserve>100</MemoryReserve>
      <Name>TOFF_Encoder_FB</Name>
      <Number>57</Number>
      <ProgrammingLanguage>SCL</ProgrammingLanguage>
      <SetENOAutomatically>false</SetENOAutomatically>
      <UDABlockProperties />
      <UDAEnableTagReadback>false</UDAEnableTagReadback>
    </AttributeList>
    <ObjectList>
      <MultilingualText ID="1" CompositionName="Comment">
        <ObjectList>
          <MultilingualTextItem ID="2" CompositionName="Items">
            <AttributeList>
              <Culture>en-US</Culture>
              <Text />
            </AttributeList>
          </MultilingualTextItem>
          <MultilingualTextItem ID="3" CompositionName="Items">
            <AttributeList>
              <Culture>fr-BE</Culture>
              <Text />
            </AttributeList>
          </MultilingualTextItem>
        </ObjectList>
      </MultilingualText>
      <SW.Blocks.CompileUnit ID="4" CompositionName="CompileUnits">
        <AttributeList>
          <NetworkSource><StructuredText xmlns="http://www.siemens.com/automation/Openness/SW/NetworkSource/StructuredText/v3">
  <Access Scope="Call" UId="21">
    <CallInfo UId="22" BlockType="FB" Name="SmartBool">
      <Instance Scope="LocalVariable" UId="23">
        <Component Name="signal" UId="24" />
      </Instance>
      <Token Text="(" UId="25" />
      <Parameter Name="I_Sensor" UId="26">
        <Token Text=":=" UId="27" />
        <Blank Num="1" UId="28" />
        <Access Scope="LocalVariable" UId="29">
          <Symbol UId="30">
            <Component Name="I_Start" UId="31" />
          </Symbol>
        </Access>
      </Parameter>
      <Token Text=")" UId="36" />
    </CallInfo>
  </Access>
  <Token Text=";" UId="37" />
  <NewLine Num="2" UId="38" />
  <Token Text="IF" UId="39" />
  <Blank Num="1" UId="40" />
  <Access Scope="LocalVariable" UId="41">
    <Symbol UId="42">
      <Component Name="signal" UId="43" />
      <Token Text="." UId="44" />
      <Component Name="O_data" UId="45" />
      <Token Text="." UId="46" />
      <Component Name="FE" UId="47" />
    </Symbol>
  </Access>
  <Blank Num="1" UId="48" />
  <Token Text="THEN" UId="49" />
  <NewLine Num="1" UId="50" />
  <Blank Num="4" UId="51" />
  <Access Scope="LocalVariable" UId="52">
    <Symbol UId="53">
      <Component Name="StartCount" UId="54" />
    </Symbol>
  </Access>
  <Blank Num="1" UId="55" />
  <Token Text=":=" UId="56" />
  <Blank Num="1" UId="57" />
  <Access Scope="LiteralConstant" UId="58">
    <Constant UId="59">
      <ConstantValue UId="61">true</ConstantValue>
    </Constant>
  </Access>
  <Token Text=";" UId="62" />
  <NewLine Num="1" UId="63" />
  <Token Text="END_IF" UId="64" />
  <Token Text=";" UId="65" />
  <NewLine Num="2" UId="66" />
  <Token Text="IF" UId="67" />
  <Blank Num="1" UId="68" />
  <Access Scope="LocalVariable" UId="69">
    <Symbol UId="70">
      <Component Name="signal" UId="71" />
      <Token Text="." UId="72" />
      <Component Name="O_data" UId="73" />
      <Token Text="." UId="74" />
      <Component Name="State" UId="75" />
    </Symbol>
  </Access>
  <Blank Num="1" UId="76" />
  <Token Text="THEN" UId="77" />
  <NewLine Num="1" UId="78" />
  <Blank Num="4" UId="79" />
  <Access Scope="LocalVariable" UId="80">
    <Symbol UId="81">
      <Component Name="DistanceMem" UId="82" />
    </Symbol>
  </Access>
  <Blank Num="1" UId="83" />
  <Token Text=":=" UId="84" />
  <Blank Num="1" UId="85" />
  <Access Scope="LiteralConstant" UId="86">
    <Constant UId="87">
      <ConstantValue UId="89">0.0</ConstantValue>
    </Constant>
  </Access>
  <Token Text=";" UId="90" />
  <NewLine Num="1" UId="91" />
  <Blank Num="4" UId="92" />
  <Access Scope="LocalVariable" UId="93">
    <Symbol UId="94">
      <Component Name="StartCount" UId="95" />
    </Symbol>
  </Access>
  <Blank Num="1" UId="96" />
  <Token Text=":=" UId="97" />
  <Blank Num="1" UId="98" />
  <Access Scope="LiteralConstant" UId="99">
    <Constant UId="100">
      <ConstantValue UId="102">FALSE</ConstantValue>
    </Constant>
  </Access>
  <Token Text=";" UId="103" />
  <NewLine Num="1" UId="104" />
  <Token Text="END_IF" UId="105" />
  <Token Text=";" UId="106" />
  <NewLine Num="2" UId="107" />
  <Token Text="IF" UId="108" />
  <Blank Num="1" UId="109" />
  <Access Scope="LocalVariable" UId="110">
    <Symbol UId="111">
      <Component Name="StartCount" UId="112" />
    </Symbol>
  </Access>
  <Blank Num="1" UId="113" />
  <Token Text="AND" UId="114" />
  <Blank Num="1" UId="115" />
  <Access Scope="LocalVariable" UId="116">
    <Symbol UId="117">
      <Component Name="DistanceMem" UId="118" />
    </Symbol>
  </Access>
  <Blank Num="1" UId="119" />
  <Token Text="&lt;" UId="120" />
  <Blank Num="1" UId="121" />
  <Access Scope="LocalVariable" UId="122">
    <Symbol UId="123">
      <Component Name="I_SetPoint" UId="124" />
    </Symbol>
  </Access>
  <Blank Num="1" UId="125" />
  <Token Text="THEN" UId="126" />
  <NewLine Num="1" UId="127" />
  <Blank Num="4" UId="128" />
  <Access Scope="LocalVariable" UId="129">
    <Symbol UId="130">
      <Component Name="DistanceMem" UId="131" />
    </Symbol>
  </Access>
  <Blank Num="1" UId="132" />
  <Token Text="+=" UId="133" />
  <Blank Num="1" UId="134" />
  <Access Scope="LocalVariable" UId="135">
    <Symbol UId="136">
      <Component Name="I_DeltaDistance_mm" UId="137" />
    </Symbol>
  </Access>
  <Token Text=";" UId="138" />
  <NewLine Num="1" UId="139" />
  <Token Text="END_IF" UId="140" />
  <Token Text=";" UId="141" />
  <NewLine Num="2" UId="142" />
  <Token Text="IF" UId="143" />
  <Blank Num="1" UId="144" />
  <Access Scope="LocalVariable" UId="145">
    <Symbol UId="146">
      <Component Name="DistanceMem" UId="147" />
    </Symbol>
  </Access>
  <Blank Num="1" UId="148" />
  <Token Text="&gt;=" UId="149" />
  <Blank Num="1" UId="150" />
  <Access Scope="LocalVariable" UId="151">
    <Symbol UId="152">
      <Component Name="I_SetPoint" UId="153" />
    </Symbol>
  </Access>
  <Blank Num="1" UId="154" />
  <Token Text="THEN" UId="155" />
  <NewLine Num="1" UId="156" />
  <Blank Num="4" UId="157" />
  <Access Scope="LocalVariable" UId="158">
    <Symbol UId="159">
      <Component Name="StartCount" UId="160" />
    </Symbol>
  </Access>
  <Blank Num="1" UId="161" />
  <Token Text=":=" UId="162" />
  <Blank Num="1" UId="163" />
  <Access Scope="LiteralConstant" UId="164">
    <Constant UId="165">
      <ConstantValue UId="167">0</ConstantValue>
    </Constant>
  </Access>
  <Token Text=";" UId="168" />
  <NewLine Num="1" UId="169" />
  <Blank Num="4" UId="170" />
  <Access Scope="LocalVariable" UId="171">
    <Symbol UId="172">
      <Component Name="DistanceMem" UId="173" />
    </Symbol>
  </Access>
  <Blank Num="1" UId="174" />
  <Token Text=":=" UId="175" />
  <Blank Num="1" UId="176" />
  <Access Scope="LiteralConstant" UId="177">
    <Constant UId="178">
      <ConstantValue UId="180">0.0</ConstantValue>
    </Constant>
  </Access>
  <Token Text=";" UId="181" />
  <NewLine Num="1" UId="182" />
  <Token Text="END_IF" UId="183" />
  <Token Text=";" UId="184" />
  <NewLine Num="2" UId="185" />
  <Token Text="IF" UId="186" />
  <Blank Num="1" UId="187" />
  <Access Scope="LocalVariable" UId="188">
    <Symbol UId="189">
      <Component Name="I_Reset" UId="190" />
    </Symbol>
  </Access>
  <Blank Num="1" UId="191" />
  <Token Text="OR" UId="192" />
  <Blank Num="1" UId="193" />
  <Access Scope="LocalVariable" UId="194">
    <Symbol UId="195">
      <Component Name="I_ResetHandshake" UId="196" />
    </Symbol>
  </Access>
  <Blank Num="1" UId="197" />
  <Token Text="THEN" UId="198" />
  <NewLine Num="1" UId="199" />
  <Blank Num="4" UId="200" />
  <Access Scope="LocalVariable" UId="201">
    <Symbol UId="202">
      <Component Name="StartCount" UId="203" />
    </Symbol>
  </Access>
  <Blank Num="1" UId="204" />
  <Token Text=":=" UId="205" />
  <Blank Num="1" UId="206" />
  <Access Scope="LiteralConstant" UId="207">
    <Constant UId="208">
      <ConstantValue UId="210">FALSE</ConstantValue>
    </Constant>
  </Access>
  <Token Text=";" UId="211" />
  <NewLine Num="1" UId="212" />
  <Blank Num="4" UId="213" />
  <Access Scope="LocalVariable" UId="214">
    <Symbol UId="215">
      <Component Name="DistanceMem" UId="216" />
    </Symbol>
  </Access>
  <Blank Num="1" UId="217" />
  <Token Text=":=" UId="218" />
  <Blank Num="1" UId="219" />
  <Access Scope="LiteralConstant" UId="220">
    <Constant UId="221">
      <ConstantValue UId="223">0.0</ConstantValue>
    </Constant>
  </Access>
  <Token Text=";" UId="224" />
  <NewLine Num="1" UId="225" />
  <Token Text="END_IF" UId="226" />
  <Token Text=";" UId="227" />
  <NewLine Num="2" UId="228" />
  <Access Scope="LocalVariable" UId="229">
    <Symbol UId="230">
      <Component Name="Q" UId="231" />
    </Symbol>
  </Access>
  <Blank Num="1" UId="232" />
  <Token Text=":=" UId="233" />
  <Blank Num="1" UId="234" />
  <Access Scope="LocalVariable" UId="235">
    <Symbol UId="236">
      <Component Name="StartCount" UId="237" />
    </Symbol>
  </Access>
  <Blank Num="1" UId="238" />
  <Token Text="OR" UId="239" />
  <Blank Num="1" UId="240" />
  <Access Scope="LocalVariable" UId="241">
    <Symbol UId="242">
      <Component Name="I_Start" UId="243" />
    </Symbol>
  </Access>
  <Token Text=";" UId="244" />
  <NewLine Num="2" UId="245" />
  <Token Text="IF" UId="246" />
  <Blank Num="1" UId="247" />
  <Access Scope="LocalVariable" UId="248">
    <Symbol UId="249">
      <Component Name="I_ResetHandshake" UId="250" />
    </Symbol>
  </Access>
  <Blank Num="1" UId="251" />
  <Token Text="THEN" UId="252" />
  <NewLine Num="1" UId="253" />
  <Blank Num="4" UId="254" />
  <Access Scope="LocalVariable" UId="255">
    <Symbol UId="256">
      <Component Name="I_ResetHandshake" UId="257" />
    </Symbol>
  </Access>
  <Blank Num="1" UId="258" />
  <Token Text=":=" UId="259" />
  <Blank Num="1" UId="260" />
  <Access Scope="LiteralConstant" UId="261">
    <Constant UId="262">
      <ConstantValue UId="264">0</ConstantValue>
    </Constant>
  </Access>
  <Token Text=";" UId="265" />
  <NewLine Num="1" UId="266" />
  <Token Text="END_IF" UId="267" />
  <Token Text=";" UId="268" />
</StructuredText></NetworkSource>
          <ProgrammingLanguage>SCL</ProgrammingLanguage>
        </AttributeList>
        <ObjectList>
          <MultilingualText ID="5" CompositionName="Comment">
            <ObjectList>
              <MultilingualTextItem ID="6" CompositionName="Items">
                <AttributeList>
                  <Culture>en-US</Culture>
                  <Text />
                </AttributeList>
              </MultilingualTextItem>
              <MultilingualTextItem ID="7" CompositionName="Items">
                <AttributeList>
                  <Culture>fr-BE</Culture>
                  <Text />
                </AttributeList>
              </MultilingualTextItem>
            </ObjectList>
          </MultilingualText>
          <MultilingualText ID="8" CompositionName="Title">
            <ObjectList>
              <MultilingualTextItem ID="9" CompositionName="Items">
                <AttributeList>
                  <Culture>en-US</Culture>
                  <Text />
                </AttributeList>
              </MultilingualTextItem>
              <MultilingualTextItem ID="A" CompositionName="Items">
                <AttributeList>
                  <Culture>fr-BE</Culture>
                  <Text />
                </AttributeList>
              </MultilingualTextItem>
            </ObjectList>
          </MultilingualText>
        </ObjectList>
      </SW.Blocks.CompileUnit>
      <MultilingualText ID="B" CompositionName="Title">
        <ObjectList>
          <MultilingualTextItem ID="C" CompositionName="Items">
            <AttributeList>
              <Culture>en-US</Culture>
              <Text />
            </AttributeList>
          </MultilingualTextItem>
          <MultilingualTextItem ID="D" CompositionName="Items">
            <AttributeList>
              <Culture>fr-BE</Culture>
              <Text />
            </AttributeList>
          </MultilingualTextItem>
        </ObjectList>
      </MultilingualText>
    </ObjectList>
  </SW.Blocks.FB>
</Document>