﻿<?xml version="1.0" encoding="utf-8"?>
<Document>
  <Engineering version="V16" />
  <DocumentInfo>
    <Created>2023-11-13T10:46:12.6935965Z</Created>
    <ExportSetting>WithDefaults</ExportSetting>
    <InstalledProducts>
      <Product>
        <DisplayName>Totally Integrated Automation Portal</DisplayName>
        <DisplayVersion>V16 Update 6</DisplayVersion>
      </Product>
      <OptionPackage>
        <DisplayName>TIA Portal Version Control Interface</DisplayName>
        <DisplayVersion>V16 Update 2</DisplayVersion>
      </OptionPackage>
      <OptionPackage>
        <DisplayName>TIA Portal Openness</DisplayName>
        <DisplayVersion>V16 Update 6</DisplayVersion>
      </OptionPackage>
      <OptionPackage>
        <DisplayName>TIA Portal Teamcenter Gateway</DisplayName>
        <DisplayVersion>V16</DisplayVersion>
      </OptionPackage>
      <Product>
        <DisplayName>SINAMICS Startdrive Advanced</DisplayName>
        <DisplayVersion>V16 Update 5</DisplayVersion>
      </Product>
      <OptionPackage>
        <DisplayName>SINAMICS Startdrive G130, G150, S120, S150, SINAMICS MV, S210</DisplayName>
        <DisplayVersion>V16 Update 5</DisplayVersion>
      </OptionPackage>
      <OptionPackage>
        <DisplayName>SINAMICS Startdrive G110M, G120, G120C, G120D, G120P, G115D</DisplayName>
        <DisplayVersion>V16 Update 5</DisplayVersion>
      </OptionPackage>
      <Product>
        <DisplayName>STEP 7 Professional</DisplayName>
        <DisplayVersion>V16 Update 6</DisplayVersion>
      </Product>
      <OptionPackage>
        <DisplayName>STEP 7 Safety</DisplayName>
        <DisplayVersion>V16</DisplayVersion>
      </OptionPackage>
      <Product>
        <DisplayName>WinCC Advanced / Unified PC</DisplayName>
        <DisplayVersion>V16 Update 6</DisplayVersion>
      </Product>
    </InstalledProducts>
  </DocumentInfo>
  <SW.Blocks.FB ID="0">
    <AttributeList>
      <AutoNumber>true</AutoNumber>
      <HeaderAuthor />
      <HeaderFamily />
      <HeaderName />
      <HeaderVersion>0.1</HeaderVersion>
      <Interface><Sections xmlns="http://www.siemens.com/automation/Openness/SW/Interface/v4">
  <Section Name="Input">
    <Member Name="I_RelativeReferenceSpeed_Perc" Datatype="Real" Remanence="NonRetain" Accessibility="Public"><AttributeList><BooleanAttribute Name="ExternalAccessible" SystemDefined="true">true</BooleanAttribute><BooleanAttribute Name="ExternalVisible" SystemDefined="true">true</BooleanAttribute><BooleanAttribute Name="ExternalWritable" SystemDefined="true">true</BooleanAttribute></AttributeList><Comment><MultiLanguageText Lang="en-US">%</MultiLanguageText></Comment></Member>
    <Member Name="I_AbsoluteSpeedOnReferecne_m_min" Datatype="Real" Remanence="NonRetain" Accessibility="Public"><AttributeList><BooleanAttribute Name="ExternalAccessible" SystemDefined="true">true</BooleanAttribute><BooleanAttribute Name="ExternalVisible" SystemDefined="true">true</BooleanAttribute><BooleanAttribute Name="ExternalWritable" SystemDefined="true">true</BooleanAttribute></AttributeList><Comment><MultiLanguageText Lang="en-US">m/min</MultiLanguageText></Comment></Member>
    <Member Name="I_CurrentRelativeSpeed_Perc" Datatype="Real" Remanence="NonRetain" Accessibility="Public"><AttributeList><BooleanAttribute Name="ExternalAccessible" SystemDefined="true">true</BooleanAttribute><BooleanAttribute Name="ExternalVisible" SystemDefined="true">true</BooleanAttribute><BooleanAttribute Name="ExternalWritable" SystemDefined="true">true</BooleanAttribute></AttributeList><Comment><MultiLanguageText Lang="en-US">%</MultiLanguageText></Comment></Member>
  </Section>
  <Section Name="Output">
    <Member Name="O_Delta_mm" Datatype="Real" Remanence="NonRetain" Accessibility="Public"><AttributeList><BooleanAttribute Name="ExternalAccessible" SystemDefined="true">true</BooleanAttribute><BooleanAttribute Name="ExternalVisible" SystemDefined="true">true</BooleanAttribute><BooleanAttribute Name="ExternalWritable" SystemDefined="true">true</BooleanAttribute></AttributeList></Member>
  </Section>
  <Section Name="InOut">
    <Member Name="IO_VirtualEncoder" Datatype="&quot;VirtualEncoder_UDT&quot;" Accessibility="Public">
      <Sections>
        <Section Name="None">
          <Member Name="Distance_mm" Datatype="Real" />
          <Member Name="Speed_mm_ms" Datatype="Real" />
          <Member Name="Settings" Datatype="Struct">
            <Member Name="Base_M_min" Datatype="Real" />
            <Member Name="BaseRelative" Datatype="Real" />
          </Member>
        </Section>
      </Sections>
    </Member>
  </Section>
  <Section Name="Static">
    <Member Name="cycleTime" Datatype="&quot;ScanTimer_FB&quot;" Accessibility="Public"><AttributeList><BooleanAttribute Name="ExternalAccessible" SystemDefined="true">true</BooleanAttribute><BooleanAttribute Name="ExternalVisible" SystemDefined="true">true</BooleanAttribute><BooleanAttribute Name="ExternalWritable" SystemDefined="true">true</BooleanAttribute><BooleanAttribute Name="SetPoint" SystemDefined="true">false</BooleanAttribute></AttributeList><Sections><Section Name="Input" /><Section Name="Output"><Member Name="O_ScanTime" Datatype="DInt" /></Section><Section Name="InOut" /><Section Name="Static"><Member Name="PrevDate" Datatype="DInt" /></Section></Sections></Member>
  </Section>
  <Section Name="Temp">
    <Member Name="T_Gain" Datatype="Real" />
    <Member Name="T_CurrentSpeed_mm_ms" Datatype="Real" />
    <Member Name="T_Distance_mm" Datatype="Real" />
  </Section>
  <Section Name="Constant" />
</Sections></Interface>
      <IsIECCheckEnabled>false</IsIECCheckEnabled>
      <IsRetainMemResEnabled>false</IsRetainMemResEnabled>
      <MemoryLayout>Optimized</MemoryLayout>
      <MemoryReserve>100</MemoryReserve>
      <Name>Virtual_Encoder_FB</Name>
      <Number>45</Number>
      <ProgrammingLanguage>SCL</ProgrammingLanguage>
      <SetENOAutomatically>false</SetENOAutomatically>
      <UDABlockProperties />
      <UDAEnableTagReadback>false</UDAEnableTagReadback>
    </AttributeList>
    <ObjectList>
      <MultilingualText ID="1" CompositionName="Comment">
        <ObjectList>
          <MultilingualTextItem ID="2" CompositionName="Items">
            <AttributeList>
              <Culture>en-US</Culture>
              <Text />
            </AttributeList>
          </MultilingualTextItem>
          <MultilingualTextItem ID="3" CompositionName="Items">
            <AttributeList>
              <Culture>fr-BE</Culture>
              <Text />
            </AttributeList>
          </MultilingualTextItem>
        </ObjectList>
      </MultilingualText>
      <SW.Blocks.CompileUnit ID="4" CompositionName="CompileUnits">
        <AttributeList>
          <NetworkSource><StructuredText xmlns="http://www.siemens.com/automation/Openness/SW/NetworkSource/StructuredText/v3">
  <Token Text="REGION" UId="21" />
  <Blank Num="1" UId="22" />
  <Text UId="23">Calculate absolute speed on 100% relative speed</Text>
  <NewLine Num="1" UId="24" />
  <Blank Num="4" UId="25" />
  <NewLine Num="1" UId="26" />
  <Blank Num="4" UId="27" />
  <Access Scope="LocalVariable" UId="28">
    <Symbol UId="29">
      <Component Name="T_Gain" UId="30" />
    </Symbol>
  </Access>
  <Blank Num="1" UId="31" />
  <Token Text=":=" UId="32" />
  <Blank Num="1" UId="33" />
  <Access Scope="LocalVariable" UId="34">
    <Symbol UId="35">
      <Component Name="I_AbsoluteSpeedOnReferecne_m_min" UId="36" />
    </Symbol>
  </Access>
  <Blank Num="1" UId="37" />
  <Token Text="/" UId="38" />
  <Blank Num="1" UId="39" />
  <Access Scope="LocalVariable" UId="40">
    <Symbol UId="41">
      <Component Name="I_RelativeReferenceSpeed_Perc" UId="42" />
    </Symbol>
  </Access>
  <Token Text=";" UId="43" />
  <Blank Num="1" UId="44" />
  <LineComment Inserted="false" NoClosingBracket="false" UId="45">
    <Text UId="46"> scale to 1% m/min</Text>
  </LineComment>
  <NewLine Num="1" UId="47" />
  <Blank Num="4" UId="48" />
  <Access Scope="LocalVariable" UId="49">
    <Symbol UId="50">
      <Component Name="T_Gain" UId="51" />
    </Symbol>
  </Access>
  <Blank Num="1" UId="52" />
  <Token Text=":=" UId="53" />
  <Blank Num="1" UId="54" />
  <Token Text="(" UId="55" />
  <Access Scope="LocalVariable" UId="56">
    <Symbol UId="57">
      <Component Name="T_Gain" UId="58" />
    </Symbol>
  </Access>
  <Blank Num="1" UId="59" />
  <Token Text="*" UId="60" />
  <Blank Num="1" UId="61" />
  <Access Scope="LiteralConstant" UId="62">
    <Constant UId="63">
      <ConstantValue UId="65">1000.0</ConstantValue>
    </Constant>
  </Access>
  <Token Text=")" UId="66" />
  <Blank Num="1" UId="67" />
  <Token Text="/" UId="68" />
  <Blank Num="1" UId="69" />
  <Access Scope="LiteralConstant" UId="70">
    <Constant UId="71">
      <ConstantValue UId="73">60.0</ConstantValue>
    </Constant>
  </Access>
  <Token Text=";" UId="74" />
  <Blank Num="1" UId="75" />
  <LineComment Inserted="false" NoClosingBracket="false" UId="76">
    <Text UId="77"> scale to mm/s</Text>
  </LineComment>
  <NewLine Num="1" UId="78" />
  <Blank Num="4" UId="79" />
  <Access Scope="LocalVariable" UId="80">
    <Symbol UId="81">
      <Component Name="T_Gain" UId="82" />
    </Symbol>
  </Access>
  <Blank Num="1" UId="83" />
  <Token Text=":=" UId="84" />
  <Blank Num="1" UId="85" />
  <Access Scope="LocalVariable" UId="86">
    <Symbol UId="87">
      <Component Name="T_Gain" UId="88" />
    </Symbol>
  </Access>
  <Blank Num="1" UId="89" />
  <Token Text="/" UId="90" />
  <Blank Num="1" UId="91" />
  <Access Scope="LiteralConstant" UId="92">
    <Constant UId="93">
      <ConstantValue UId="95">1000.0</ConstantValue>
    </Constant>
  </Access>
  <Token Text=";" UId="96" />
  <Blank Num="1" UId="97" />
  <LineComment Inserted="false" NoClosingBracket="false" UId="98">
    <Text UId="99"> scale to mm/ms</Text>
  </LineComment>
  <NewLine Num="1" UId="100" />
  <Blank Num="3" UId="101" />
  <NewLine Num="1" UId="102" />
  <Token Text="END_REGION" UId="103" />
  <NewLine Num="2" UId="104" />
  <Token Text="REGION" UId="105" />
  <Blank Num="1" UId="106" />
  <Text UId="107">Calculate abosulte speed</Text>
  <NewLine Num="1" UId="108" />
  <Blank Num="4" UId="109" />
  <NewLine Num="1" UId="110" />
  <Blank Num="4" UId="111" />
  <Access Scope="LocalVariable" UId="112">
    <Symbol UId="113">
      <Component Name="T_CurrentSpeed_mm_ms" UId="114" />
    </Symbol>
  </Access>
  <Blank Num="1" UId="115" />
  <Token Text=":=" UId="116" />
  <Blank Num="1" UId="117" />
  <Access Scope="LocalVariable" UId="118">
    <Symbol UId="119">
      <Component Name="T_Gain" UId="120" />
    </Symbol>
  </Access>
  <Blank Num="1" UId="121" />
  <Token Text="*" UId="122" />
  <Blank Num="1" UId="123" />
  <Access Scope="LocalVariable" UId="124">
    <Symbol UId="125">
      <Component Name="I_CurrentRelativeSpeed_Perc" UId="126" />
    </Symbol>
  </Access>
  <Token Text=";" UId="127" />
  <NewLine Num="1" UId="128" />
  <Blank Num="4" UId="129" />
  <NewLine Num="1" UId="130" />
  <Token Text="END_REGION" UId="131" />
  <NewLine Num="2" UId="132" />
  <Token Text="REGION" UId="133" />
  <Blank Num="1" UId="134" />
  <Text UId="135">Call scantimer</Text>
  <NewLine Num="1" UId="136" />
  <Blank Num="4" UId="137" />
  <NewLine Num="1" UId="138" />
  <Blank Num="4" UId="139" />
  <Access Scope="Call" UId="140">
    <CallInfo UId="141" BlockType="FB" Name="ScanTimer_FB">
      <Instance Scope="LocalVariable" UId="142">
        <Component Name="cycleTime" UId="143" />
      </Instance>
      <Token Text="(" UId="144" />
      <Token Text=")" UId="146" />
    </CallInfo>
  </Access>
  <Token Text=";" UId="147" />
  <NewLine Num="1" UId="148" />
  <Blank Num="4" UId="149" />
  <NewLine Num="1" UId="150" />
  <Token Text="END_REGION" UId="151" />
  <NewLine Num="2" UId="152" />
  <Token Text="REGION" UId="153" />
  <Blank Num="1" UId="154" />
  <Text UId="155">Determine absolute distance</Text>
  <NewLine Num="1" UId="156" />
  <Blank Num="4" UId="157" />
  <NewLine Num="1" UId="158" />
  <Blank Num="4" UId="159" />
  <Access Scope="LocalVariable" UId="160">
    <Symbol UId="161">
      <Component Name="T_Distance_mm" UId="162" />
    </Symbol>
  </Access>
  <Blank Num="1" UId="163" />
  <Token Text=":=" UId="164" />
  <Blank Num="1" UId="165" />
  <Access Scope="LocalVariable" UId="166">
    <Symbol UId="167">
      <Component Name="T_CurrentSpeed_mm_ms" UId="168" />
    </Symbol>
  </Access>
  <Blank Num="1" UId="169" />
  <Token Text="*" UId="170" />
  <Blank Num="1" UId="171" />
  <Access Scope="Call" UId="172">
    <Instruction Name="DINT_TO_REAL" UId="173">
      <Token Text="(" UId="174" />
      <NamelessParameter UId="175">
        <Access Scope="LocalVariable" UId="176">
          <Symbol UId="177">
            <Component Name="cycleTime" UId="178" />
            <Token Text="." UId="179" />
            <Component Name="O_ScanTime" UId="180" />
          </Symbol>
        </Access>
      </NamelessParameter>
      <Token Text=")" UId="182" />
    </Instruction>
  </Access>
  <Token Text=";" UId="183" />
  <NewLine Num="1" UId="184" />
  <Blank Num="4" UId="185" />
  <Access Scope="LocalVariable" UId="186">
    <Symbol UId="187">
      <Component Name="O_Delta_mm" UId="188" />
    </Symbol>
  </Access>
  <Blank Num="1" UId="189" />
  <Token Text=":=" UId="190" />
  <Blank Num="1" UId="191" />
  <Access Scope="LocalVariable" UId="192">
    <Symbol UId="193">
      <Component Name="T_Distance_mm" UId="194" />
    </Symbol>
  </Access>
  <Token Text=";" UId="195" />
  <NewLine Num="1" UId="196" />
  <Blank Num="4" UId="197" />
  <NewLine Num="1" UId="198" />
  <Blank Num="4" UId="199" />
  <Access Scope="LocalVariable" UId="200">
    <Symbol UId="201">
      <Component Name="IO_VirtualEncoder" UId="202" />
      <Token Text="." UId="203" />
      <Component Name="Distance_mm" UId="204" />
    </Symbol>
  </Access>
  <Blank Num="1" UId="205" />
  <Token Text=":=" UId="206" />
  <Blank Num="1" UId="207" />
  <Access Scope="LocalVariable" UId="208">
    <Symbol UId="209">
      <Component Name="O_Delta_mm" UId="210" />
    </Symbol>
  </Access>
  <Token Text=";" UId="211" />
  <NewLine Num="1" UId="212" />
  <Blank Num="4" UId="213" />
  <Access Scope="LocalVariable" UId="214">
    <Symbol UId="215">
      <Component Name="IO_VirtualEncoder" UId="216" />
      <Token Text="." UId="217" />
      <Component Name="Speed_mm_ms" UId="218" />
    </Symbol>
  </Access>
  <Blank Num="1" UId="219" />
  <Token Text=":=" UId="220" />
  <Blank Num="1" UId="221" />
  <Access Scope="LocalVariable" UId="222">
    <Symbol UId="223">
      <Component Name="T_CurrentSpeed_mm_ms" UId="224" />
    </Symbol>
  </Access>
  <Token Text=";" UId="225" />
  <NewLine Num="1" UId="226" />
  <Blank Num="4" UId="227" />
  <NewLine Num="1" UId="228" />
  <Token Text="END_REGION" UId="229" />
  <NewLine Num="4" UId="230" />
</StructuredText></NetworkSource>
          <ProgrammingLanguage>SCL</ProgrammingLanguage>
        </AttributeList>
        <ObjectList>
          <MultilingualText ID="5" CompositionName="Comment">
            <ObjectList>
              <MultilingualTextItem ID="6" CompositionName="Items">
                <AttributeList>
                  <Culture>en-US</Culture>
                  <Text />
                </AttributeList>
              </MultilingualTextItem>
              <MultilingualTextItem ID="7" CompositionName="Items">
                <AttributeList>
                  <Culture>fr-BE</Culture>
                  <Text />
                </AttributeList>
              </MultilingualTextItem>
            </ObjectList>
          </MultilingualText>
          <MultilingualText ID="8" CompositionName="Title">
            <ObjectList>
              <MultilingualTextItem ID="9" CompositionName="Items">
                <AttributeList>
                  <Culture>en-US</Culture>
                  <Text />
                </AttributeList>
              </MultilingualTextItem>
              <MultilingualTextItem ID="A" CompositionName="Items">
                <AttributeList>
                  <Culture>fr-BE</Culture>
                  <Text />
                </AttributeList>
              </MultilingualTextItem>
            </ObjectList>
          </MultilingualText>
        </ObjectList>
      </SW.Blocks.CompileUnit>
      <MultilingualText ID="B" CompositionName="Title">
        <ObjectList>
          <MultilingualTextItem ID="C" CompositionName="Items">
            <AttributeList>
              <Culture>en-US</Culture>
              <Text />
            </AttributeList>
          </MultilingualTextItem>
          <MultilingualTextItem ID="D" CompositionName="Items">
            <AttributeList>
              <Culture>fr-BE</Culture>
              <Text />
            </AttributeList>
          </MultilingualTextItem>
        </ObjectList>
      </MultilingualText>
    </ObjectList>
  </SW.Blocks.FB>
</Document>