﻿<?xml version="1.0" encoding="utf-8"?>
<Document>
  <Engineering version="V16" />
  <DocumentInfo>
    <Created>2023-11-13T10:46:14.3119823Z</Created>
    <ExportSetting>WithDefaults</ExportSetting>
    <InstalledProducts>
      <Product>
        <DisplayName>Totally Integrated Automation Portal</DisplayName>
        <DisplayVersion>V16 Update 6</DisplayVersion>
      </Product>
      <OptionPackage>
        <DisplayName>TIA Portal Version Control Interface</DisplayName>
        <DisplayVersion>V16 Update 2</DisplayVersion>
      </OptionPackage>
      <OptionPackage>
        <DisplayName>TIA Portal Openness</DisplayName>
        <DisplayVersion>V16 Update 6</DisplayVersion>
      </OptionPackage>
      <OptionPackage>
        <DisplayName>TIA Portal Teamcenter Gateway</DisplayName>
        <DisplayVersion>V16</DisplayVersion>
      </OptionPackage>
      <Product>
        <DisplayName>SINAMICS Startdrive Advanced</DisplayName>
        <DisplayVersion>V16 Update 5</DisplayVersion>
      </Product>
      <OptionPackage>
        <DisplayName>SINAMICS Startdrive G130, G150, S120, S150, SINAMICS MV, S210</DisplayName>
        <DisplayVersion>V16 Update 5</DisplayVersion>
      </OptionPackage>
      <OptionPackage>
        <DisplayName>SINAMICS Startdrive G110M, G120, G120C, G120D, G120P, G115D</DisplayName>
        <DisplayVersion>V16 Update 5</DisplayVersion>
      </OptionPackage>
      <Product>
        <DisplayName>STEP 7 Professional</DisplayName>
        <DisplayVersion>V16 Update 6</DisplayVersion>
      </Product>
      <OptionPackage>
        <DisplayName>STEP 7 Safety</DisplayName>
        <DisplayVersion>V16</DisplayVersion>
      </OptionPackage>
      <Product>
        <DisplayName>WinCC Advanced / Unified PC</DisplayName>
        <DisplayVersion>V16 Update 6</DisplayVersion>
      </Product>
    </InstalledProducts>
  </DocumentInfo>
  <SW.Blocks.FB ID="0">
    <AttributeList>
      <AutoNumber>true</AutoNumber>
      <HeaderAuthor />
      <HeaderFamily />
      <HeaderName />
      <HeaderVersion>0.1</HeaderVersion>
      <Interface><Sections xmlns="http://www.siemens.com/automation/Openness/SW/Interface/v4">
  <Section Name="Input">
    <Member Name="I_WaitResult" Datatype="Bool" Remanence="NonRetain" Accessibility="Public"><AttributeList><BooleanAttribute Name="ExternalAccessible" SystemDefined="true">true</BooleanAttribute><BooleanAttribute Name="ExternalVisible" SystemDefined="true">true</BooleanAttribute><BooleanAttribute Name="ExternalWritable" SystemDefined="true">true</BooleanAttribute></AttributeList></Member>
  </Section>
  <Section Name="Output">
    <Member Name="O_AccumulateUpstrream" Datatype="Bool" Remanence="NonRetain" Accessibility="Public"><AttributeList><BooleanAttribute Name="ExternalAccessible" SystemDefined="true">true</BooleanAttribute><BooleanAttribute Name="ExternalVisible" SystemDefined="true">true</BooleanAttribute><BooleanAttribute Name="ExternalWritable" SystemDefined="true">true</BooleanAttribute></AttributeList></Member>
    <Member Name="O_AccumulateStream" Datatype="Bool" Remanence="NonRetain" Accessibility="Public"><AttributeList><BooleanAttribute Name="ExternalAccessible" SystemDefined="true">true</BooleanAttribute><BooleanAttribute Name="ExternalVisible" SystemDefined="true">true</BooleanAttribute><BooleanAttribute Name="ExternalWritable" SystemDefined="true">true</BooleanAttribute></AttributeList></Member>
    <Member Name="O_CycleDone" Datatype="Bool" Remanence="NonRetain" Accessibility="Public"><AttributeList><BooleanAttribute Name="ExternalAccessible" SystemDefined="true">true</BooleanAttribute><BooleanAttribute Name="ExternalVisible" SystemDefined="true">true</BooleanAttribute><BooleanAttribute Name="ExternalWritable" SystemDefined="true">true</BooleanAttribute></AttributeList></Member>
  </Section>
  <Section Name="InOut">
    <Member Name="IO_COnv" Datatype="&quot;Conveyor_UDT&quot;" Accessibility="Public">
      <Sections>
        <Section Name="None">
          <Member Name="Settings" Datatype="Struct">
            <Member Name="Mode" Datatype="Int" />
            <Member Name="AutomaticBuffering" Datatype="Bool" />
            <Member Name="Direction" Datatype="Bool" />
            <Member Name="EnergySave" Datatype="Bool" />
            <Member Name="RunIddle" Datatype="Bool" />
            <Member Name="AutoReset" Datatype="Bool" />
            <Member Name="SentHoldOnCheckReceive" Datatype="Bool" />
            <Member Name="Timings" Datatype="&quot;ConveyorTimes_UDT&quot;">
              <Sections>
                <Section Name="None">
                  <Member Name="DelayedStart" Datatype="Time" />
                  <Member Name="ConveyorLength" Datatype="Real" />
                  <Member Name="InitDistance" Datatype="Real" />
                  <Member Name="ReceiveDistance" Datatype="Real" />
                  <Member Name="SendDistance" Datatype="Real" />
                  <Member Name="SleepDistance" Datatype="Real" />
                  <Member Name="GapDistance" Datatype="Real" />
                  <Member Name="StartupDelay" Datatype="Time" />
                </Section>
              </Sections>
            </Member>
            <Member Name="Speed" Datatype="Struct">
              <Member Name="speed" Datatype="Real" />
              <Member Name="UpstreamGain" Datatype="Real" />
              <Member Name="speedController" Datatype="Bool" />
            </Member>
            <Member Name="Alarms" Datatype="Struct">
              <Member Name="BlockDetectionOn" Datatype="Bool" />
              <Member Name="BlockedAtStartSensor" Datatype="Bool" />
              <Member Name="ParcelsToCloseDetectionOn" Datatype="Bool" />
              <Member Name="ParcelsToLongDetectionOn" Datatype="Bool" />
              <Member Name="ParcelToShortDetectionOn" Datatype="Bool" />
              <Member Name="BlockRetrys" Datatype="Int" />
              <Member Name="SentTimeError" Datatype="Real" />
              <Member Name="TimeBetweenParcels" Datatype="Real" />
              <Member Name="MinSizeParcel" Datatype="Real" />
              <Member Name="MaxSizeParcel" Datatype="Real" />
            </Member>
          </Member>
          <Member Name="Cmd" Datatype="Struct">
            <Member Name="Reset" Datatype="Bool" />
            <Member Name="ReInitialize" Datatype="Bool" />
            <Member Name="RunAuto" Datatype="Bool" />
            <Member Name="RunManual" Datatype="Bool" />
            <Member Name="SpeedAuto" Datatype="Real" />
            <Member Name="SpeedManual" Datatype="Real" />
            <Member Name="ReadyToReceive" Datatype="Bool" />
            <Member Name="ReadyToSent" Datatype="Bool" />
            <Member Name="InvertFlow" Datatype="Bool" />
            <Member Name="Direction" Datatype="Bool" />
            <Member Name="Accumulate" Datatype="Struct">
              <Member Name="Acc_ext_1" Datatype="Bool" />
              <Member Name="Acc_ext_2" Datatype="Bool" />
              <Member Name="Acc_ext_3" Datatype="Bool" />
              <Member Name="Acc_ext_4" Datatype="Bool" />
              <Member Name="Acc_ext_5" Datatype="Bool" />
              <Member Name="Acc_TC_1" Datatype="Bool" />
              <Member Name="Acc_TC_2" Datatype="Bool" />
              <Member Name="Acc_TC_3" Datatype="Bool" />
              <Member Name="Acc_Scan_1" Datatype="Bool" />
              <Member Name="Acc_Scan_2" Datatype="Bool" />
              <Member Name="Acc_Scan_3" Datatype="Bool" />
              <Member Name="Acc_Scale_1" Datatype="Bool" />
              <Member Name="Acc_Scale_2" Datatype="Bool" />
              <Member Name="Acc_Scale_3" Datatype="Bool" />
            </Member>
            <Member Name="StartRequestObject" Datatype="Bool" />
            <Member Name="StopRequestObject" Datatype="Bool" />
            <Member Name="IgnoreStandby" Datatype="Bool" />
            <Member Name="ManualOverride" Datatype="Bool" />
            <Member Name="Interlock" Datatype="Bool" />
          </Member>
          <Member Name="Input" Datatype="Struct">
            <Member Name="SensorStartHMI" Datatype="Bool" />
            <Member Name="SensorEndHMI" Datatype="Bool" />
            <Member Name="SensorAtStartLogic" Datatype="&quot;SmartBooldt&quot;">
              <Sections>
                <Section Name="None">
                  <Member Name="State" Datatype="Bool" />
                  <Member Name="LE" Datatype="Bool" />
                  <Member Name="FE" Datatype="Bool" />
                  <Member Name="sensorTest" Datatype="Bool" />
                  <Member Name="IddleSignal" Datatype="Bool" />
                  <Member Name="testFailed" Datatype="Bool" />
                  <Member Name="Counter" Datatype="UInt" />
                </Section>
              </Sections>
            </Member>
            <Member Name="SensorAtEndLogic" Datatype="&quot;SmartBooldt&quot;">
              <Sections>
                <Section Name="None">
                  <Member Name="State" Datatype="Bool" />
                  <Member Name="LE" Datatype="Bool" />
                  <Member Name="FE" Datatype="Bool" />
                  <Member Name="sensorTest" Datatype="Bool" />
                  <Member Name="IddleSignal" Datatype="Bool" />
                  <Member Name="testFailed" Datatype="Bool" />
                  <Member Name="Counter" Datatype="UInt" />
                </Section>
              </Sections>
            </Member>
            <Member Name="Running_FB" Datatype="Bool" />
            <Member Name="Interlock" Datatype="Bool" />
          </Member>
          <Member Name="Alarms" Datatype="Struct">
            <Member Name="BlockedReceive" Datatype="&quot;HmiAlarm&quot;">
              <Sections>
                <Section Name="None">
                  <Member Name="Active" Datatype="Bool" />
                  <Member Name="Acknowledge" Datatype="Bool" />
                  <Member Name="type" Datatype="Int" />
                </Section>
              </Sections>
            </Member>
            <Member Name="BlockedSending" Datatype="&quot;HmiAlarm&quot;">
              <Sections>
                <Section Name="None">
                  <Member Name="Active" Datatype="Bool" />
                  <Member Name="Acknowledge" Datatype="Bool" />
                  <Member Name="type" Datatype="Int" />
                </Section>
              </Sections>
            </Member>
            <Member Name="ToClose" Datatype="&quot;HmiAlarm&quot;">
              <Sections>
                <Section Name="None">
                  <Member Name="Active" Datatype="Bool" />
                  <Member Name="Acknowledge" Datatype="Bool" />
                  <Member Name="type" Datatype="Int" />
                </Section>
              </Sections>
            </Member>
            <Member Name="ToSmall" Datatype="&quot;HmiAlarm&quot;">
              <Sections>
                <Section Name="None">
                  <Member Name="Active" Datatype="Bool" />
                  <Member Name="Acknowledge" Datatype="Bool" />
                  <Member Name="type" Datatype="Int" />
                </Section>
              </Sections>
            </Member>
            <Member Name="ToLong" Datatype="&quot;HmiAlarm&quot;">
              <Sections>
                <Section Name="None">
                  <Member Name="Active" Datatype="Bool" />
                  <Member Name="Acknowledge" Datatype="Bool" />
                  <Member Name="type" Datatype="Int" />
                </Section>
              </Sections>
            </Member>
            <Member Name="MotorAlarm" Datatype="&quot;HmiAlarm&quot;">
              <Sections>
                <Section Name="None">
                  <Member Name="Active" Datatype="Bool" />
                  <Member Name="Acknowledge" Datatype="Bool" />
                  <Member Name="type" Datatype="Int" />
                </Section>
              </Sections>
            </Member>
            <Member Name="AlarmActive" Datatype="&quot;HmiAlarm&quot;">
              <Sections>
                <Section Name="None">
                  <Member Name="Active" Datatype="Bool" />
                  <Member Name="Acknowledge" Datatype="Bool" />
                  <Member Name="type" Datatype="Int" />
                </Section>
              </Sections>
            </Member>
            <Member Name="Status" Datatype="Word" />
          </Member>
          <Member Name="Status" Datatype="Struct">
            <Member Name="AccumulationOn" Datatype="Bool" />
            <Member Name="StartedAutoMode" Datatype="Bool" />
            <Member Name="ReadyForStandby" Datatype="Bool" />
            <Member Name="RequestForSending" Datatype="Bool" />
            <Member Name="ExecutingReceiveSequence" Datatype="Bool" />
            <Member Name="ExecutingSendingSequence" Datatype="Bool" />
            <Member Name="ObjectSentPulse" Datatype="Bool" />
            <Member Name="ObjectReceivePulse" Datatype="Bool" />
            <Member Name="GapTimeOk" Datatype="Bool" />
            <Member Name="Empty" Datatype="Bool" />
            <Member Name="ObjectOnConveyor" Datatype="Bool" />
            <Member Name="Initialized" Datatype="Bool" />
            <Member Name="ManualMode" Datatype="Bool" />
          </Member>
          <Member Name="TrackingCmd" Datatype="Struct">
            <Member Name="InductNewTracking" Datatype="Bool" />
            <Member Name="ClearTracking" Datatype="Bool" />
            <Member Name="NewTrackingId" Datatype="&quot;Tracking_Simple_UDT_1&quot;">
              <Sections>
                <Section Name="None">
                  <Member Name="ID" Datatype="UInt" />
                  <Member Name="PLC_Dest" Datatype="Int" />
                  <Member Name="WMS_Dest" Datatype="String[20]" />
                  <Member Name="Barcode" Datatype="String" />
                  <Member Name="GoodRead" Datatype="Bool" />
                  <Member Name="weightGram" Datatype="Real" />
                  <Member Name="prio" Datatype="Bool" />
                </Section>
              </Sections>
            </Member>
          </Member>
          <Member Name="TrackingStat" Datatype="Struct">
            <Member Name="Current" Datatype="&quot;Tracking_Simple_UDT_1&quot;">
              <Sections>
                <Section Name="None">
                  <Member Name="ID" Datatype="UInt" />
                  <Member Name="PLC_Dest" Datatype="Int" />
                  <Member Name="WMS_Dest" Datatype="String[20]" />
                  <Member Name="Barcode" Datatype="String" />
                  <Member Name="GoodRead" Datatype="Bool" />
                  <Member Name="weightGram" Datatype="Real" />
                  <Member Name="prio" Datatype="Bool" />
                </Section>
              </Sections>
            </Member>
            <Member Name="InSending" Datatype="&quot;Tracking_Simple_UDT_1&quot;">
              <Sections>
                <Section Name="None">
                  <Member Name="ID" Datatype="UInt" />
                  <Member Name="PLC_Dest" Datatype="Int" />
                  <Member Name="WMS_Dest" Datatype="String[20]" />
                  <Member Name="Barcode" Datatype="String" />
                  <Member Name="GoodRead" Datatype="Bool" />
                  <Member Name="weightGram" Datatype="Real" />
                  <Member Name="prio" Datatype="Bool" />
                </Section>
              </Sections>
            </Member>
            <Member Name="TrackingReceived" Datatype="Bool" />
            <Member Name="TrackingCleared" Datatype="Bool" />
          </Member>
          <Member Name="Encoder" Datatype="&quot;VirtualEncoder_UDT&quot;">
            <Sections>
              <Section Name="None">
                <Member Name="Distance_mm" Datatype="Real" />
                <Member Name="Speed_mm_ms" Datatype="Real" />
                <Member Name="Settings" Datatype="Struct">
                  <Member Name="Base_M_min" Datatype="Real" />
                  <Member Name="BaseRelative" Datatype="Real" />
                </Member>
              </Section>
            </Sections>
          </Member>
          <Member Name="DiagNostics" Datatype="Struct">
            <Member Name="ReceivedCounter" Datatype="UDInt" />
            <Member Name="SendingCounter" Datatype="UDInt" />
          </Member>
          <Member Name="Index" Datatype="Int" />
          <Member Name="Name" Datatype="String[25]" />
          <Member Name="Zone" Datatype="Int" />
        </Section>
      </Sections>
    </Member>
    <Member Name="IO_Scale" Datatype="&quot;Scale_UDT&quot;" Accessibility="Public">
      <Sections>
        <Section Name="None">
          <Member Name="Cmd" Datatype="Struct">
            <Member Name="Reset" Datatype="Bool" />
            <Member Name="ResetDiagnostics" Datatype="Bool" />
            <Member Name="Manual" Datatype="&quot;Scale_CMD_UDT&quot;">
              <Sections>
                <Section Name="None">
                  <Member Name="Zero" Datatype="Bool" />
                  <Member Name="Tare" Datatype="Bool" />
                  <Member Name="ResetTare" Datatype="Bool" />
                  <Member Name="WeighObject" Datatype="Bool" />
                  <Member Name="Command" Datatype="Int" />
                </Section>
              </Sections>
            </Member>
            <Member Name="Auto" Datatype="&quot;Scale_CMD_UDT&quot;">
              <Sections>
                <Section Name="None">
                  <Member Name="Zero" Datatype="Bool" />
                  <Member Name="Tare" Datatype="Bool" />
                  <Member Name="ResetTare" Datatype="Bool" />
                  <Member Name="WeighObject" Datatype="Bool" />
                  <Member Name="Command" Datatype="Int" />
                </Section>
              </Sections>
            </Member>
          </Member>
          <Member Name="settings" Datatype="Struct">
            <Member Name="offset" Datatype="Real" />
            <Member Name="stabWeight" Datatype="Real" />
            <Member Name="stabilizationTime" Datatype="Time" />
          </Member>
          <Member Name="status" Datatype="Struct">
            <Member Name="ManualModeActive" Datatype="Bool" />
            <Member Name="ReadyForNewCommand" Datatype="Bool" />
            <Member Name="ExecutingCommand" Datatype="Bool" />
            <Member Name="GrossWeight" Datatype="Real" />
            <Member Name="NetWeight" Datatype="Real" />
          </Member>
          <Member Name="diagnostics" Datatype="Struct">
            <Member Name="stableMeasurements" Datatype="DInt" />
            <Member Name="unstableMeasurements" Datatype="DInt" />
            <Member Name="totalMeasurements" Datatype="DInt" />
          </Member>
          <Member Name="ReadResult" Datatype="Struct">
            <Member Name="NewResult" Datatype="Bool" />
            <Member Name="NewResult_Flag" Datatype="Bool" />
            <Member Name="Stable" Datatype="Bool" />
            <Member Name="netWeightGrams" Datatype="DInt" />
            <Member Name="netWeightGrams_Flag" Datatype="DInt" />
          </Member>
          <Member Name="alarms" Datatype="Struct">
            <Member Name="Error" Datatype="&quot;HmiAlarm&quot;">
              <Sections>
                <Section Name="None">
                  <Member Name="Active" Datatype="Bool" />
                  <Member Name="Acknowledge" Datatype="Bool" />
                  <Member Name="type" Datatype="Int" />
                </Section>
              </Sections>
            </Member>
            <Member Name="notConnected" Datatype="&quot;HmiAlarm&quot;">
              <Sections>
                <Section Name="None">
                  <Member Name="Active" Datatype="Bool" />
                  <Member Name="Acknowledge" Datatype="Bool" />
                  <Member Name="type" Datatype="Int" />
                </Section>
              </Sections>
            </Member>
            <Member Name="Status" Datatype="Word" />
          </Member>
          <Member Name="Name" Datatype="String[40]" />
          <Member Name="zone" Datatype="Int" />
        </Section>
      </Sections>
    </Member>
  </Section>
  <Section Name="Static">
    <Member Name="stepnumber" Datatype="DInt" Remanence="NonRetain" Accessibility="Public"><AttributeList><BooleanAttribute Name="ExternalAccessible" SystemDefined="true">true</BooleanAttribute><BooleanAttribute Name="ExternalVisible" SystemDefined="true">true</BooleanAttribute><BooleanAttribute Name="ExternalWritable" SystemDefined="true">true</BooleanAttribute><BooleanAttribute Name="SetPoint" SystemDefined="true">false</BooleanAttribute></AttributeList></Member>
    <Member Name="stepWaitForObject" Datatype="&quot;StepperController&quot;" Accessibility="Public"><AttributeList><BooleanAttribute Name="ExternalAccessible" SystemDefined="true">true</BooleanAttribute><BooleanAttribute Name="ExternalVisible" SystemDefined="true">true</BooleanAttribute><BooleanAttribute Name="ExternalWritable" SystemDefined="true">true</BooleanAttribute><BooleanAttribute Name="SetPoint" SystemDefined="true">false</BooleanAttribute></AttributeList><Sections><Section Name="Input"><Member Name="I_StepNumber" Datatype="DInt" /><Member Name="I_NextStepNumber" Datatype="DInt" /><Member Name="I_ErrorStepNumber" Datatype="DInt" /><Member Name="I_TimeOutStepNumber" Datatype="DInt" /><Member Name="I_Condition" Datatype="Bool" /><Member Name="I_ErrorConditon" Datatype="Bool" /><Member Name="I_ConditionTIme" Datatype="Time" /><Member Name="I_TimeOutTime" Datatype="Time" /><Member Name="I_ErrorTime" Datatype="Time" /><Member Name="I_IgnoreTimeOut" Datatype="Bool" /><Member Name="I_AccumulateConditionTIme" Datatype="Bool" /><Member Name="I_PauseTimeOut" Datatype="Bool" /></Section><Section Name="Output"><Member Name="O_ConditionTrans" Datatype="Bool" /><Member Name="O_ErrorTrans" Datatype="Bool" /><Member Name="O_TimeTrans" Datatype="Bool" /></Section><Section Name="InOut"><Member Name="IO_StepNumber" Datatype="DInt" /><Member Name="IO_PrevStepNumber" Datatype="DInt" /></Section><Section Name="Static"><Member Name="S_ConditionTime" Datatype="TON_TIME" Version="1.0"><Sections><Section Name="None"><Member Name="PT" Datatype="Time" /><Member Name="ET" Datatype="Time" /><Member Name="IN" Datatype="Bool" /><Member Name="Q" Datatype="Bool" /></Section></Sections></Member><Member Name="S_TimeOutTime" Datatype="TONR_TIME" Version="1.0"><Sections><Section Name="None"><Member Name="PT" Datatype="Time" /><Member Name="ET" Datatype="Time" /><Member Name="IN" Datatype="Bool" /><Member Name="Q" Datatype="Bool" /></Section></Sections></Member><Member Name="S_ErrorConditionTIme" Datatype="TON_TIME" Version="1.0"><Sections><Section Name="None"><Member Name="PT" Datatype="Time" /><Member Name="ET" Datatype="Time" /><Member Name="IN" Datatype="Bool" /><Member Name="Q" Datatype="Bool" /></Section></Sections></Member></Section></Sections></Member>
    <Member Name="stepExecuteTare" Datatype="&quot;StepperController&quot;" Accessibility="Public"><AttributeList><BooleanAttribute Name="ExternalAccessible" SystemDefined="true">true</BooleanAttribute><BooleanAttribute Name="ExternalVisible" SystemDefined="true">true</BooleanAttribute><BooleanAttribute Name="ExternalWritable" SystemDefined="true">true</BooleanAttribute><BooleanAttribute Name="SetPoint" SystemDefined="true">true</BooleanAttribute></AttributeList><Sections><Section Name="Input"><Member Name="I_StepNumber" Datatype="DInt" /><Member Name="I_NextStepNumber" Datatype="DInt" /><Member Name="I_ErrorStepNumber" Datatype="DInt" /><Member Name="I_TimeOutStepNumber" Datatype="DInt" /><Member Name="I_Condition" Datatype="Bool" /><Member Name="I_ErrorConditon" Datatype="Bool" /><Member Name="I_ConditionTIme" Datatype="Time" /><Member Name="I_TimeOutTime" Datatype="Time" /><Member Name="I_ErrorTime" Datatype="Time" /><Member Name="I_IgnoreTimeOut" Datatype="Bool" /><Member Name="I_AccumulateConditionTIme" Datatype="Bool" /><Member Name="I_PauseTimeOut" Datatype="Bool" /></Section><Section Name="Output"><Member Name="O_ConditionTrans" Datatype="Bool" /><Member Name="O_ErrorTrans" Datatype="Bool" /><Member Name="O_TimeTrans" Datatype="Bool" /></Section><Section Name="InOut"><Member Name="IO_StepNumber" Datatype="DInt" /><Member Name="IO_PrevStepNumber" Datatype="DInt" /></Section><Section Name="Static"><Member Name="S_ConditionTime" Datatype="TON_TIME" Version="1.0"><Sections><Section Name="None"><Member Name="PT" Datatype="Time" /><Member Name="ET" Datatype="Time" /><Member Name="IN" Datatype="Bool" /><Member Name="Q" Datatype="Bool" /></Section></Sections></Member><Member Name="S_TimeOutTime" Datatype="TONR_TIME" Version="1.0"><Sections><Section Name="None"><Member Name="PT" Datatype="Time" /><Member Name="ET" Datatype="Time" /><Member Name="IN" Datatype="Bool" /><Member Name="Q" Datatype="Bool" /></Section></Sections></Member><Member Name="S_ErrorConditionTIme" Datatype="TON_TIME" Version="1.0"><Sections><Section Name="None"><Member Name="PT" Datatype="Time" /><Member Name="ET" Datatype="Time" /><Member Name="IN" Datatype="Bool" /><Member Name="Q" Datatype="Bool" /></Section></Sections></Member></Section></Sections></Member>
    <Member Name="stepWaitObjectAtEnd" Datatype="&quot;StepperController&quot;" Accessibility="Public"><AttributeList><BooleanAttribute Name="ExternalAccessible" SystemDefined="true">true</BooleanAttribute><BooleanAttribute Name="ExternalVisible" SystemDefined="true">true</BooleanAttribute><BooleanAttribute Name="ExternalWritable" SystemDefined="true">true</BooleanAttribute><BooleanAttribute Name="SetPoint" SystemDefined="true">true</BooleanAttribute></AttributeList><Sections><Section Name="Input"><Member Name="I_StepNumber" Datatype="DInt" /><Member Name="I_NextStepNumber" Datatype="DInt" /><Member Name="I_ErrorStepNumber" Datatype="DInt" /><Member Name="I_TimeOutStepNumber" Datatype="DInt" /><Member Name="I_Condition" Datatype="Bool" /><Member Name="I_ErrorConditon" Datatype="Bool" /><Member Name="I_ConditionTIme" Datatype="Time" /><Member Name="I_TimeOutTime" Datatype="Time" /><Member Name="I_ErrorTime" Datatype="Time" /><Member Name="I_IgnoreTimeOut" Datatype="Bool" /><Member Name="I_AccumulateConditionTIme" Datatype="Bool" /><Member Name="I_PauseTimeOut" Datatype="Bool" /></Section><Section Name="Output"><Member Name="O_ConditionTrans" Datatype="Bool" /><Member Name="O_ErrorTrans" Datatype="Bool" /><Member Name="O_TimeTrans" Datatype="Bool" /></Section><Section Name="InOut"><Member Name="IO_StepNumber" Datatype="DInt" /><Member Name="IO_PrevStepNumber" Datatype="DInt" /></Section><Section Name="Static"><Member Name="S_ConditionTime" Datatype="TON_TIME" Version="1.0"><Sections><Section Name="None"><Member Name="PT" Datatype="Time" /><Member Name="ET" Datatype="Time" /><Member Name="IN" Datatype="Bool" /><Member Name="Q" Datatype="Bool" /></Section></Sections></Member><Member Name="S_TimeOutTime" Datatype="TONR_TIME" Version="1.0"><Sections><Section Name="None"><Member Name="PT" Datatype="Time" /><Member Name="ET" Datatype="Time" /><Member Name="IN" Datatype="Bool" /><Member Name="Q" Datatype="Bool" /></Section></Sections></Member><Member Name="S_ErrorConditionTIme" Datatype="TON_TIME" Version="1.0"><Sections><Section Name="None"><Member Name="PT" Datatype="Time" /><Member Name="ET" Datatype="Time" /><Member Name="IN" Datatype="Bool" /><Member Name="Q" Datatype="Bool" /></Section></Sections></Member></Section></Sections></Member>
    <Member Name="stepObjectAtEnd" Datatype="&quot;StepperController&quot;" Accessibility="Public"><AttributeList><BooleanAttribute Name="ExternalAccessible" SystemDefined="true">true</BooleanAttribute><BooleanAttribute Name="ExternalVisible" SystemDefined="true">true</BooleanAttribute><BooleanAttribute Name="ExternalWritable" SystemDefined="true">true</BooleanAttribute><BooleanAttribute Name="SetPoint" SystemDefined="true">true</BooleanAttribute></AttributeList><Sections><Section Name="Input"><Member Name="I_StepNumber" Datatype="DInt" /><Member Name="I_NextStepNumber" Datatype="DInt" /><Member Name="I_ErrorStepNumber" Datatype="DInt" /><Member Name="I_TimeOutStepNumber" Datatype="DInt" /><Member Name="I_Condition" Datatype="Bool" /><Member Name="I_ErrorConditon" Datatype="Bool" /><Member Name="I_ConditionTIme" Datatype="Time" /><Member Name="I_TimeOutTime" Datatype="Time" /><Member Name="I_ErrorTime" Datatype="Time" /><Member Name="I_IgnoreTimeOut" Datatype="Bool" /><Member Name="I_AccumulateConditionTIme" Datatype="Bool" /><Member Name="I_PauseTimeOut" Datatype="Bool" /></Section><Section Name="Output"><Member Name="O_ConditionTrans" Datatype="Bool" /><Member Name="O_ErrorTrans" Datatype="Bool" /><Member Name="O_TimeTrans" Datatype="Bool" /></Section><Section Name="InOut"><Member Name="IO_StepNumber" Datatype="DInt" /><Member Name="IO_PrevStepNumber" Datatype="DInt" /></Section><Section Name="Static"><Member Name="S_ConditionTime" Datatype="TON_TIME" Version="1.0"><Sections><Section Name="None"><Member Name="PT" Datatype="Time" /><Member Name="ET" Datatype="Time" /><Member Name="IN" Datatype="Bool" /><Member Name="Q" Datatype="Bool" /></Section></Sections></Member><Member Name="S_TimeOutTime" Datatype="TONR_TIME" Version="1.0"><Sections><Section Name="None"><Member Name="PT" Datatype="Time" /><Member Name="ET" Datatype="Time" /><Member Name="IN" Datatype="Bool" /><Member Name="Q" Datatype="Bool" /></Section></Sections></Member><Member Name="S_ErrorConditionTIme" Datatype="TON_TIME" Version="1.0"><Sections><Section Name="None"><Member Name="PT" Datatype="Time" /><Member Name="ET" Datatype="Time" /><Member Name="IN" Datatype="Bool" /><Member Name="Q" Datatype="Bool" /></Section></Sections></Member></Section></Sections></Member>
    <Member Name="stepc_120_waitForResult" Datatype="&quot;StepperController&quot;" Accessibility="Public"><AttributeList><BooleanAttribute Name="ExternalAccessible" SystemDefined="true">true</BooleanAttribute><BooleanAttribute Name="ExternalVisible" SystemDefined="true">true</BooleanAttribute><BooleanAttribute Name="ExternalWritable" SystemDefined="true">true</BooleanAttribute><BooleanAttribute Name="SetPoint" SystemDefined="true">true</BooleanAttribute></AttributeList><Sections><Section Name="Input"><Member Name="I_StepNumber" Datatype="DInt" /><Member Name="I_NextStepNumber" Datatype="DInt" /><Member Name="I_ErrorStepNumber" Datatype="DInt" /><Member Name="I_TimeOutStepNumber" Datatype="DInt" /><Member Name="I_Condition" Datatype="Bool" /><Member Name="I_ErrorConditon" Datatype="Bool" /><Member Name="I_ConditionTIme" Datatype="Time" /><Member Name="I_TimeOutTime" Datatype="Time" /><Member Name="I_ErrorTime" Datatype="Time" /><Member Name="I_IgnoreTimeOut" Datatype="Bool" /><Member Name="I_AccumulateConditionTIme" Datatype="Bool" /><Member Name="I_PauseTimeOut" Datatype="Bool" /></Section><Section Name="Output"><Member Name="O_ConditionTrans" Datatype="Bool" /><Member Name="O_ErrorTrans" Datatype="Bool" /><Member Name="O_TimeTrans" Datatype="Bool" /></Section><Section Name="InOut"><Member Name="IO_StepNumber" Datatype="DInt" /><Member Name="IO_PrevStepNumber" Datatype="DInt" /></Section><Section Name="Static"><Member Name="S_ConditionTime" Datatype="TON_TIME" Version="1.0"><Sections><Section Name="None"><Member Name="PT" Datatype="Time" /><Member Name="ET" Datatype="Time" /><Member Name="IN" Datatype="Bool" /><Member Name="Q" Datatype="Bool" /></Section></Sections></Member><Member Name="S_TimeOutTime" Datatype="TONR_TIME" Version="1.0"><Sections><Section Name="None"><Member Name="PT" Datatype="Time" /><Member Name="ET" Datatype="Time" /><Member Name="IN" Datatype="Bool" /><Member Name="Q" Datatype="Bool" /></Section></Sections></Member><Member Name="S_ErrorConditionTIme" Datatype="TON_TIME" Version="1.0"><Sections><Section Name="None"><Member Name="PT" Datatype="Time" /><Member Name="ET" Datatype="Time" /><Member Name="IN" Datatype="Bool" /><Member Name="Q" Datatype="Bool" /></Section></Sections></Member></Section></Sections></Member>
  </Section>
  <Section Name="Temp">
    <Member Name="T_ZoneInfo" Datatype="&quot;ZoneInfo&quot;">
      <Sections>
        <Section Name="None">
          <Member Name="AppStateIndex" Datatype="Int" />
          <Member Name="ZoneName" Datatype="String[40]" />
        </Section>
      </Sections>
    </Member>
    <Member Name="T_AppState" Datatype="&quot;ApplicationState_UDT&quot;">
      <Sections>
        <Section Name="None">
          <Member Name="Hmi_Buttons" Datatype="&quot;appButtons_UDT&quot;">
            <Sections>
              <Section Name="None">
                <Member Name="reset" Datatype="&quot;HMIButton_UDT&quot;">
                  <Sections>
                    <Section Name="None">
                      <Member Name="SignalFromHMI" Datatype="Bool" />
                      <Member Name="state" Datatype="&quot;SmartBooldt&quot;">
                        <Sections>
                          <Section Name="None">
                            <Member Name="State" Datatype="Bool" />
                            <Member Name="LE" Datatype="Bool" />
                            <Member Name="FE" Datatype="Bool" />
                            <Member Name="sensorTest" Datatype="Bool" />
                            <Member Name="IddleSignal" Datatype="Bool" />
                            <Member Name="testFailed" Datatype="Bool" />
                            <Member Name="Counter" Datatype="UInt" />
                          </Section>
                        </Sections>
                      </Member>
                      <Member Name="colorNumber" Datatype="Int" />
                      <Member Name="Hide" Datatype="Bool" />
                    </Section>
                  </Sections>
                </Member>
                <Member Name="StartAutoMode" Datatype="&quot;HMIButton_UDT&quot;">
                  <Sections>
                    <Section Name="None">
                      <Member Name="SignalFromHMI" Datatype="Bool" />
                      <Member Name="state" Datatype="&quot;SmartBooldt&quot;">
                        <Sections>
                          <Section Name="None">
                            <Member Name="State" Datatype="Bool" />
                            <Member Name="LE" Datatype="Bool" />
                            <Member Name="FE" Datatype="Bool" />
                            <Member Name="sensorTest" Datatype="Bool" />
                            <Member Name="IddleSignal" Datatype="Bool" />
                            <Member Name="testFailed" Datatype="Bool" />
                            <Member Name="Counter" Datatype="UInt" />
                          </Section>
                        </Sections>
                      </Member>
                      <Member Name="colorNumber" Datatype="Int" />
                      <Member Name="Hide" Datatype="Bool" />
                    </Section>
                  </Sections>
                </Member>
                <Member Name="ActivateManualMode" Datatype="&quot;HMIButton_UDT&quot;">
                  <Sections>
                    <Section Name="None">
                      <Member Name="SignalFromHMI" Datatype="Bool" />
                      <Member Name="state" Datatype="&quot;SmartBooldt&quot;">
                        <Sections>
                          <Section Name="None">
                            <Member Name="State" Datatype="Bool" />
                            <Member Name="LE" Datatype="Bool" />
                            <Member Name="FE" Datatype="Bool" />
                            <Member Name="sensorTest" Datatype="Bool" />
                            <Member Name="IddleSignal" Datatype="Bool" />
                            <Member Name="testFailed" Datatype="Bool" />
                            <Member Name="Counter" Datatype="UInt" />
                          </Section>
                        </Sections>
                      </Member>
                      <Member Name="colorNumber" Datatype="Int" />
                      <Member Name="Hide" Datatype="Bool" />
                    </Section>
                  </Sections>
                </Member>
                <Member Name="StopAutoMode" Datatype="&quot;HMIButton_UDT&quot;">
                  <Sections>
                    <Section Name="None">
                      <Member Name="SignalFromHMI" Datatype="Bool" />
                      <Member Name="state" Datatype="&quot;SmartBooldt&quot;">
                        <Sections>
                          <Section Name="None">
                            <Member Name="State" Datatype="Bool" />
                            <Member Name="LE" Datatype="Bool" />
                            <Member Name="FE" Datatype="Bool" />
                            <Member Name="sensorTest" Datatype="Bool" />
                            <Member Name="IddleSignal" Datatype="Bool" />
                            <Member Name="testFailed" Datatype="Bool" />
                            <Member Name="Counter" Datatype="UInt" />
                          </Section>
                        </Sections>
                      </Member>
                      <Member Name="colorNumber" Datatype="Int" />
                      <Member Name="Hide" Datatype="Bool" />
                    </Section>
                  </Sections>
                </Member>
                <Member Name="DeactivateManualMode" Datatype="&quot;HMIButton_UDT&quot;">
                  <Sections>
                    <Section Name="None">
                      <Member Name="SignalFromHMI" Datatype="Bool" />
                      <Member Name="state" Datatype="&quot;SmartBooldt&quot;">
                        <Sections>
                          <Section Name="None">
                            <Member Name="State" Datatype="Bool" />
                            <Member Name="LE" Datatype="Bool" />
                            <Member Name="FE" Datatype="Bool" />
                            <Member Name="sensorTest" Datatype="Bool" />
                            <Member Name="IddleSignal" Datatype="Bool" />
                            <Member Name="testFailed" Datatype="Bool" />
                            <Member Name="Counter" Datatype="UInt" />
                          </Section>
                        </Sections>
                      </Member>
                      <Member Name="colorNumber" Datatype="Int" />
                      <Member Name="Hide" Datatype="Bool" />
                    </Section>
                  </Sections>
                </Member>
                <Member Name="StartEmptyMode" Datatype="&quot;HMIButton_UDT&quot;">
                  <Sections>
                    <Section Name="None">
                      <Member Name="SignalFromHMI" Datatype="Bool" />
                      <Member Name="state" Datatype="&quot;SmartBooldt&quot;">
                        <Sections>
                          <Section Name="None">
                            <Member Name="State" Datatype="Bool" />
                            <Member Name="LE" Datatype="Bool" />
                            <Member Name="FE" Datatype="Bool" />
                            <Member Name="sensorTest" Datatype="Bool" />
                            <Member Name="IddleSignal" Datatype="Bool" />
                            <Member Name="testFailed" Datatype="Bool" />
                            <Member Name="Counter" Datatype="UInt" />
                          </Section>
                        </Sections>
                      </Member>
                      <Member Name="colorNumber" Datatype="Int" />
                      <Member Name="Hide" Datatype="Bool" />
                    </Section>
                  </Sections>
                </Member>
                <Member Name="StopEmptyMode" Datatype="&quot;HMIButton_UDT&quot;">
                  <Sections>
                    <Section Name="None">
                      <Member Name="SignalFromHMI" Datatype="Bool" />
                      <Member Name="state" Datatype="&quot;SmartBooldt&quot;">
                        <Sections>
                          <Section Name="None">
                            <Member Name="State" Datatype="Bool" />
                            <Member Name="LE" Datatype="Bool" />
                            <Member Name="FE" Datatype="Bool" />
                            <Member Name="sensorTest" Datatype="Bool" />
                            <Member Name="IddleSignal" Datatype="Bool" />
                            <Member Name="testFailed" Datatype="Bool" />
                            <Member Name="Counter" Datatype="UInt" />
                          </Section>
                        </Sections>
                      </Member>
                      <Member Name="colorNumber" Datatype="Int" />
                      <Member Name="Hide" Datatype="Bool" />
                    </Section>
                  </Sections>
                </Member>
                <Member Name="ActivateStandby" Datatype="&quot;HMIButton_UDT&quot;">
                  <Sections>
                    <Section Name="None">
                      <Member Name="SignalFromHMI" Datatype="Bool" />
                      <Member Name="state" Datatype="&quot;SmartBooldt&quot;">
                        <Sections>
                          <Section Name="None">
                            <Member Name="State" Datatype="Bool" />
                            <Member Name="LE" Datatype="Bool" />
                            <Member Name="FE" Datatype="Bool" />
                            <Member Name="sensorTest" Datatype="Bool" />
                            <Member Name="IddleSignal" Datatype="Bool" />
                            <Member Name="testFailed" Datatype="Bool" />
                            <Member Name="Counter" Datatype="UInt" />
                          </Section>
                        </Sections>
                      </Member>
                      <Member Name="colorNumber" Datatype="Int" />
                      <Member Name="Hide" Datatype="Bool" />
                    </Section>
                  </Sections>
                </Member>
              </Section>
            </Sections>
          </Member>
          <Member Name="States" Datatype="&quot;appStates_UDT&quot;">
            <Sections>
              <Section Name="None">
                <Member Name="ReadyForAutoMode" Datatype="Bool" />
                <Member Name="ReadyForStandby" Datatype="Bool" />
                <Member Name="RequestingAutoModeOff" Datatype="Bool" />
                <Member Name="Standby" Datatype="&quot;SmartBooldt&quot;">
                  <Sections>
                    <Section Name="None">
                      <Member Name="State" Datatype="Bool" />
                      <Member Name="LE" Datatype="Bool" />
                      <Member Name="FE" Datatype="Bool" />
                      <Member Name="sensorTest" Datatype="Bool" />
                      <Member Name="IddleSignal" Datatype="Bool" />
                      <Member Name="testFailed" Datatype="Bool" />
                      <Member Name="Counter" Datatype="UInt" />
                    </Section>
                  </Sections>
                </Member>
                <Member Name="AutoModeActivated" Datatype="&quot;SmartBooldt&quot;">
                  <Sections>
                    <Section Name="None">
                      <Member Name="State" Datatype="Bool" />
                      <Member Name="LE" Datatype="Bool" />
                      <Member Name="FE" Datatype="Bool" />
                      <Member Name="sensorTest" Datatype="Bool" />
                      <Member Name="IddleSignal" Datatype="Bool" />
                      <Member Name="testFailed" Datatype="Bool" />
                      <Member Name="Counter" Datatype="UInt" />
                    </Section>
                  </Sections>
                </Member>
                <Member Name="ManualModeActivated" Datatype="&quot;SmartBooldt&quot;">
                  <Sections>
                    <Section Name="None">
                      <Member Name="State" Datatype="Bool" />
                      <Member Name="LE" Datatype="Bool" />
                      <Member Name="FE" Datatype="Bool" />
                      <Member Name="sensorTest" Datatype="Bool" />
                      <Member Name="IddleSignal" Datatype="Bool" />
                      <Member Name="testFailed" Datatype="Bool" />
                      <Member Name="Counter" Datatype="UInt" />
                    </Section>
                  </Sections>
                </Member>
                <Member Name="EmptyApplicatoinMode" Datatype="&quot;SmartBooldt&quot;">
                  <Sections>
                    <Section Name="None">
                      <Member Name="State" Datatype="Bool" />
                      <Member Name="LE" Datatype="Bool" />
                      <Member Name="FE" Datatype="Bool" />
                      <Member Name="sensorTest" Datatype="Bool" />
                      <Member Name="IddleSignal" Datatype="Bool" />
                      <Member Name="testFailed" Datatype="Bool" />
                      <Member Name="Counter" Datatype="UInt" />
                    </Section>
                  </Sections>
                </Member>
                <Member Name="EmergencyOk" Datatype="&quot;SmartBooldt&quot;">
                  <Sections>
                    <Section Name="None">
                      <Member Name="State" Datatype="Bool" />
                      <Member Name="LE" Datatype="Bool" />
                      <Member Name="FE" Datatype="Bool" />
                      <Member Name="sensorTest" Datatype="Bool" />
                      <Member Name="IddleSignal" Datatype="Bool" />
                      <Member Name="testFailed" Datatype="Bool" />
                      <Member Name="Counter" Datatype="UInt" />
                    </Section>
                  </Sections>
                </Member>
                <Member Name="ManaulOverrideActive" Datatype="Struct">
                  <Member Name="Internal" Datatype="Bool" />
                  <Member Name="HMI" Datatype="Bool" />
                </Member>
              </Section>
            </Sections>
          </Member>
          <Member Name="Alarms" Datatype="Struct">
            <Member Name="AlarmActiveInternalPLC" Datatype="Bool" />
            <Member Name="AlarmsActiveForHmi" Datatype="Bool" />
          </Member>
        </Section>
      </Sections>
    </Member>
    <Member Name="T_NextStep" Datatype="DInt" />
    <Member Name="T_Condition" Datatype="Bool" />
  </Section>
  <Section Name="Constant" />
</Sections></Interface>
      <IsIECCheckEnabled>false</IsIECCheckEnabled>
      <IsRetainMemResEnabled>false</IsRetainMemResEnabled>
      <MemoryLayout>Optimized</MemoryLayout>
      <MemoryReserve>100</MemoryReserve>
      <Name>EM_Scale_FB</Name>
      <Number>123</Number>
      <ProgrammingLanguage>SCL</ProgrammingLanguage>
      <SetENOAutomatically>false</SetENOAutomatically>
      <UDABlockProperties />
      <UDAEnableTagReadback>false</UDAEnableTagReadback>
    </AttributeList>
    <ObjectList>
      <MultilingualText ID="1" CompositionName="Comment">
        <ObjectList>
          <MultilingualTextItem ID="2" CompositionName="Items">
            <AttributeList>
              <Culture>en-US</Culture>
              <Text />
            </AttributeList>
          </MultilingualTextItem>
          <MultilingualTextItem ID="3" CompositionName="Items">
            <AttributeList>
              <Culture>fr-BE</Culture>
              <Text />
            </AttributeList>
          </MultilingualTextItem>
        </ObjectList>
      </MultilingualText>
      <SW.Blocks.CompileUnit ID="4" CompositionName="CompileUnits">
        <AttributeList>
          <NetworkSource><StructuredText xmlns="http://www.siemens.com/automation/Openness/SW/NetworkSource/StructuredText/v3">
  <Access Scope="LocalVariable" UId="21">
    <Symbol UId="22">
      <Component Name="T_ZoneInfo" UId="23" />
    </Symbol>
  </Access>
  <Blank Num="1" UId="24" />
  <Token Text=":=" UId="25" />
  <Blank Num="1" UId="26" />
  <Access Scope="GlobalVariable" UId="27">
    <Symbol UId="28">
      <Component Name="ApplicationState_DB" UId="29" />
      <Token Text="." UId="30" />
      <Component Name="ZoneNames" UId="31">
        <Token Text="[" UId="32" />
        <Access Scope="LocalVariable" UId="33">
          <Symbol UId="34">
            <Component Name="IO_Scale" UId="35" />
            <Token Text="." UId="36" />
            <Component Name="zone" UId="37" />
          </Symbol>
        </Access>
        <Token Text="]" UId="38" />
      </Component>
    </Symbol>
  </Access>
  <Token Text=";" UId="39" />
  <NewLine Num="1" UId="40" />
  <Access Scope="LocalVariable" UId="41">
    <Symbol UId="42">
      <Component Name="T_AppState" UId="43" />
    </Symbol>
  </Access>
  <Blank Num="1" UId="44" />
  <Token Text=":=" UId="45" />
  <Blank Num="1" UId="46" />
  <Access Scope="GlobalVariable" UId="47">
    <Symbol UId="48">
      <Component Name="ApplicationState_DB" UId="49" />
      <Token Text="." UId="50" />
      <Component Name="Appstate" UId="51">
        <Token Text="[" UId="52" />
        <Access Scope="LocalVariable" UId="53">
          <Symbol UId="54">
            <Component Name="T_ZoneInfo" UId="55" />
            <Token Text="." UId="56" />
            <Component Name="AppStateIndex" UId="57" />
          </Symbol>
        </Access>
        <Token Text="]" UId="58" />
      </Component>
    </Symbol>
  </Access>
  <Token Text=";" UId="59" />
  <NewLine Num="2" UId="60" />
  <Token Text="REGION" UId="61" />
  <Blank Num="1" UId="62" />
  <Text UId="63">Auto mode</Text>
  <NewLine Num="1" UId="64" />
  <Blank Num="4" UId="65" />
  <NewLine Num="1" UId="66" />
  <Blank Num="4" UId="67" />
  <Token Text="IF" UId="68" />
  <Blank Num="1" UId="69" />
  <Access Scope="LocalVariable" UId="70">
    <Symbol UId="71">
      <Component Name="T_AppState" UId="72" />
      <Token Text="." UId="73" />
      <Component Name="States" UId="74" />
      <Token Text="." UId="75" />
      <Component Name="AutoModeActivated" UId="76" />
      <Token Text="." UId="77" />
      <Component Name="State" UId="78" />
    </Symbol>
  </Access>
  <Blank Num="1" UId="79" />
  <Token Text="AND" UId="80" />
  <Blank Num="1" UId="81" />
  <Token Text="(" UId="82" />
  <Access Scope="LocalVariable" UId="83">
    <Symbol UId="84">
      <Component Name="stepnumber" UId="85" />
    </Symbol>
  </Access>
  <Blank Num="1" UId="86" />
  <Token Text="&lt;" UId="87" />
  <Blank Num="1" UId="88" />
  <Access Scope="LiteralConstant" UId="89">
    <Constant UId="90">
      <ConstantValue UId="92">90</ConstantValue>
    </Constant>
  </Access>
  <Blank Num="1" UId="93" />
  <Token Text="OR" UId="94" />
  <Blank Num="1" UId="95" />
  <Access Scope="LocalVariable" UId="96">
    <Symbol UId="97">
      <Component Name="stepnumber" UId="98" />
    </Symbol>
  </Access>
  <Blank Num="1" UId="99" />
  <Token Text="&gt;" UId="100" />
  <Blank Num="1" UId="101" />
  <Access Scope="LiteralConstant" UId="102">
    <Constant UId="103">
      <ConstantValue UId="105">110</ConstantValue>
    </Constant>
  </Access>
  <Token Text=")" UId="106" />
  <Blank Num="1" UId="107" />
  <Token Text="THEN" UId="108" />
  <NewLine Num="1" UId="109" />
  <Blank Num="8" UId="110" />
  <Access Scope="LocalVariable" UId="111">
    <Symbol UId="112">
      <Component Name="stepnumber" UId="113" />
    </Symbol>
  </Access>
  <Blank Num="1" UId="114" />
  <Token Text=":=" UId="115" />
  <Blank Num="1" UId="116" />
  <Access Scope="LiteralConstant" UId="117">
    <Constant UId="118">
      <ConstantValue UId="120">90</ConstantValue>
    </Constant>
  </Access>
  <Token Text=";" UId="121" />
  <NewLine Num="1" UId="122" />
  <Blank Num="4" UId="123" />
  <Token Text="END_IF" UId="124" />
  <Token Text=";" UId="125" />
  <NewLine Num="1" UId="126" />
  <Blank Num="4" UId="127" />
  <NewLine Num="1" UId="128" />
  <Blank Num="4" UId="129" />
  <NewLine Num="1" UId="130" />
  <Blank Num="4" UId="131" />
  <Token Text="IF" UId="132" />
  <Blank Num="1" UId="133" />
  <Token Text="NOT" UId="134" />
  <Blank Num="1" UId="135" />
  <Access Scope="LocalVariable" UId="136">
    <Symbol UId="137">
      <Component Name="T_AppState" UId="138" />
      <Token Text="." UId="139" />
      <Component Name="States" UId="140" />
      <Token Text="." UId="141" />
      <Component Name="AutoModeActivated" UId="142" />
      <Token Text="." UId="143" />
      <Component Name="State" UId="144" />
    </Symbol>
  </Access>
  <Blank Num="1" UId="145" />
  <Token Text="THEN" UId="146" />
  <NewLine Num="1" UId="147" />
  <Blank Num="8" UId="148" />
  <Access Scope="LocalVariable" UId="149">
    <Symbol UId="150">
      <Component Name="stepnumber" UId="151" />
    </Symbol>
  </Access>
  <Blank Num="1" UId="152" />
  <Token Text=":=" UId="153" />
  <Blank Num="1" UId="154" />
  <Access Scope="LiteralConstant" UId="155">
    <Constant UId="156">
      <ConstantValue UId="158">0</ConstantValue>
    </Constant>
  </Access>
  <Token Text=";" UId="159" />
  <NewLine Num="1" UId="160" />
  <Blank Num="4" UId="161" />
  <Token Text="END_IF" UId="162" />
  <Token Text=";" UId="163" />
  <NewLine Num="1" UId="164" />
  <Blank Num="4" UId="165" />
  <NewLine Num="1" UId="166" />
  <Token Text="END_REGION" UId="167" />
  <NewLine Num="2" UId="168" />
  <Token Text="REGION" UId="169" />
  <Blank Num="1" UId="170" />
  <Text UId="171">Wait FOR the object to be at start of the conveyor</Text>
  <NewLine Num="1" UId="172" />
  <Blank Num="4" UId="173" />
  <NewLine Num="1" UId="174" />
  <Blank Num="4" UId="175" />
  <Access Scope="LocalVariable" UId="176">
    <Symbol UId="177">
      <Component Name="T_Condition" UId="178" />
    </Symbol>
  </Access>
  <Blank Num="1" UId="179" />
  <Token Text=":=" UId="180" />
  <NewLine Num="1" UId="181" />
  <Blank Num="4" UId="182" />
  <Access Scope="LocalVariable" UId="183">
    <Symbol UId="184">
      <Component Name="IO_COnv" UId="185" />
      <Token Text="." UId="186" />
      <Component Name="Input" UId="187" />
      <Token Text="." UId="188" />
      <Component Name="SensorAtStartLogic" UId="189" />
      <Token Text="." UId="190" />
      <Component Name="State" UId="191" />
    </Symbol>
  </Access>
  <Blank Num="1" UId="192" />
  <Token Text="AND" UId="193" />
  <NewLine Num="1" UId="194" />
  <Blank Num="4" UId="195" />
  <Token Text="NOT" UId="196" />
  <Blank Num="1" UId="197" />
  <Access Scope="LocalVariable" UId="198">
    <Symbol UId="199">
      <Component Name="IO_COnv" UId="200" />
      <Token Text="." UId="201" />
      <Component Name="Input" UId="202" />
      <Token Text="." UId="203" />
      <Component Name="SensorAtEndLogic" UId="204" />
      <Token Text="." UId="205" />
      <Component Name="State" UId="206" />
    </Symbol>
  </Access>
  <Blank Num="1" UId="207" />
  <Token Text="AND" UId="208" />
  <NewLine Num="1" UId="209" />
  <Blank Num="4" UId="210" />
  <Token Text="NOT" UId="211" />
  <Blank Num="1" UId="212" />
  <Access Scope="LocalVariable" UId="213">
    <Symbol UId="214">
      <Component Name="IO_COnv" UId="215" />
      <Token Text="." UId="216" />
      <Component Name="Status" UId="217" />
      <Token Text="." UId="218" />
      <Component Name="ExecutingReceiveSequence" UId="219" />
    </Symbol>
  </Access>
  <Blank Num="1" UId="220" />
  <Token Text="AND" UId="221" />
  <NewLine Num="1" UId="222" />
  <Blank Num="4" UId="223" />
  <Token Text="NOT" UId="224" />
  <Blank Num="1" UId="225" />
  <Access Scope="LocalVariable" UId="226">
    <Symbol UId="227">
      <Component Name="IO_COnv" UId="228" />
      <Token Text="." UId="229" />
      <Component Name="Status" UId="230" />
      <Token Text="." UId="231" />
      <Component Name="ExecutingSendingSequence" UId="232" />
    </Symbol>
  </Access>
  <Blank Num="1" UId="233" />
  <Token Text="AND" UId="234" />
  <NewLine Num="1" UId="235" />
  <Blank Num="4" UId="236" />
  <Token Text="NOT" UId="237" />
  <Blank Num="1" UId="238" />
  <Access Scope="LocalVariable" UId="239">
    <Symbol UId="240">
      <Component Name="IO_COnv" UId="241" />
      <Token Text="." UId="242" />
      <Component Name="Input" UId="243" />
      <Token Text="." UId="244" />
      <Component Name="Running_FB" UId="245" />
    </Symbol>
  </Access>
  <Blank Num="1" UId="246" />
  <Token Text="AND" UId="247" />
  <NewLine Num="1" UId="248" />
  <Blank Num="4" UId="249" />
  <Access Scope="LocalVariable" UId="250">
    <Symbol UId="251">
      <Component Name="IO_COnv" UId="252" />
      <Token Text="." UId="253" />
      <Component Name="Status" UId="254" />
      <Token Text="." UId="255" />
      <Component Name="Empty" UId="256" />
    </Symbol>
  </Access>
  <Token Text=";" UId="257" />
  <NewLine Num="1" UId="258" />
  <Blank Num="4" UId="259" />
  <NewLine Num="1" UId="260" />
  <Blank Num="4" UId="261" />
  <Access Scope="Call" UId="262">
    <CallInfo UId="263" BlockType="FB" Name="StepperController">
      <Instance Scope="LocalVariable" UId="264">
        <Component Name="stepWaitForObject" UId="265" />
      </Instance>
      <Token Text="(" UId="266" />
      <Parameter Name="I_StepNumber" UId="267">
        <Blank Num="1" UId="268" />
        <Token Text=":=" UId="269" />
        <Blank Num="1" UId="270" />
        <Access Scope="LiteralConstant" UId="271">
          <Constant UId="272">
            <ConstantValue UId="274">90</ConstantValue>
          </Constant>
        </Access>
      </Parameter>
      <Token Text="," UId="275" />
      <NewLine Num="1" UId="276" />
      <Blank Num="23" UId="277" />
      <Parameter Name="I_NextStepNumber" UId="278">
        <Blank Num="1" UId="279" />
        <Token Text=":=" UId="280" />
        <Blank Num="1" UId="281" />
        <Access Scope="LiteralConstant" UId="282">
          <Constant UId="283">
            <ConstantValue UId="285">95</ConstantValue>
          </Constant>
        </Access>
      </Parameter>
      <Token Text="," UId="286" />
      <NewLine Num="1" UId="287" />
      <Blank Num="23" UId="288" />
      <Parameter Name="I_ConditionTIme" UId="289">
        <Blank Num="1" UId="290" />
        <Token Text=":=" UId="291" />
        <Blank Num="1" UId="292" />
        <Access Scope="TypedConstant" UId="293">
          <Constant UId="294">
            <ConstantValue UId="295">T#0ms</ConstantValue>
          </Constant>
        </Access>
      </Parameter>
      <Token Text="," UId="296" />
      <NewLine Num="1" UId="297" />
      <Blank Num="23" UId="298" />
      <Parameter Name="I_Condition" UId="299">
        <Blank Num="1" UId="300" />
        <Token Text=":=" UId="301" />
        <Blank Num="1" UId="302" />
        <Access Scope="LocalVariable" UId="303">
          <Symbol UId="304">
            <Component Name="T_Condition" UId="305" />
          </Symbol>
        </Access>
      </Parameter>
      <Token Text="," UId="306" />
      <NewLine Num="1" UId="307" />
      <Blank Num="23" UId="308" />
      <Parameter Name="I_IgnoreTimeOut" UId="309">
        <Blank Num="1" UId="310" />
        <Token Text=":=" UId="311" />
        <Blank Num="1" UId="312" />
        <Access Scope="LiteralConstant" UId="313">
          <Constant UId="314">
            <ConstantValue UId="316">TRUE</ConstantValue>
          </Constant>
        </Access>
      </Parameter>
      <Token Text="," UId="317" />
      <NewLine Num="1" UId="318" />
      <Blank Num="23" UId="319" />
      <Parameter Name="IO_StepNumber" UId="320">
        <Blank Num="1" UId="321" />
        <Token Text=":=" UId="322" />
        <Blank Num="1" UId="323" />
        <Access Scope="LocalVariable" UId="324">
          <Symbol UId="325">
            <Component Name="stepnumber" UId="326" />
          </Symbol>
        </Access>
      </Parameter>
      <Token Text=")" UId="338" />
    </CallInfo>
  </Access>
  <Token Text=";" UId="339" />
  <NewLine Num="1" UId="340" />
  <Blank Num="4" UId="341" />
  <NewLine Num="1" UId="342" />
  <Token Text="END_REGION" UId="343" />
  <NewLine Num="2" UId="344" />
  <Token Text="REGION" UId="345" />
  <Blank Num="1" UId="346" />
  <Text UId="347">Execute zero command</Text>
  <NewLine Num="1" UId="348" />
  <Blank Num="4" UId="349" />
  <NewLine Num="1" UId="350" />
  <Blank Num="4" UId="351" />
  <Access Scope="Call" UId="352">
    <CallInfo UId="353" BlockType="FB" Name="StepperController">
      <Instance Scope="LocalVariable" UId="354">
        <Component Name="stepExecuteTare" UId="355" />
      </Instance>
      <Token Text="(" UId="356" />
      <Parameter Name="I_StepNumber" UId="357">
        <Blank Num="1" UId="358" />
        <Token Text=":=" UId="359" />
        <Blank Num="1" UId="360" />
        <Access Scope="LiteralConstant" UId="361">
          <Constant UId="362">
            <ConstantValue UId="364">95</ConstantValue>
          </Constant>
        </Access>
      </Parameter>
      <Token Text="," UId="365" />
      <NewLine Num="1" UId="366" />
      <Blank Num="23" UId="367" />
      <Parameter Name="I_NextStepNumber" UId="368">
        <Blank Num="1" UId="369" />
        <Token Text=":=" UId="370" />
        <Blank Num="1" UId="371" />
        <Access Scope="LiteralConstant" UId="372">
          <Constant UId="373">
            <ConstantValue UId="375">100</ConstantValue>
          </Constant>
        </Access>
      </Parameter>
      <Token Text="," UId="376" />
      <NewLine Num="1" UId="377" />
      <Blank Num="23" UId="378" />
      <Parameter Name="I_ConditionTIme" UId="379">
        <Blank Num="1" UId="380" />
        <Token Text=":=" UId="381" />
        <Blank Num="1" UId="382" />
        <Access Scope="TypedConstant" UId="383">
          <Constant UId="384">
            <ConstantValue UId="385">t#100ms</ConstantValue>
          </Constant>
        </Access>
      </Parameter>
      <Token Text="," UId="386" />
      <NewLine Num="1" UId="387" />
      <Blank Num="23" UId="388" />
      <Parameter Name="I_Condition" UId="389">
        <Blank Num="1" UId="390" />
        <Token Text=":=" UId="391" />
        <Blank Num="1" UId="392" />
        <Token Text="NOT" UId="393" />
        <Blank Num="1" UId="394" />
        <Access Scope="LocalVariable" UId="395">
          <Symbol UId="396">
            <Component Name="IO_COnv" UId="397" />
            <Token Text="." UId="398" />
            <Component Name="Input" UId="399" />
            <Token Text="." UId="400" />
            <Component Name="SensorAtEndLogic" UId="401" />
            <Token Text="." UId="402" />
            <Component Name="State" UId="403" />
          </Symbol>
        </Access>
      </Parameter>
      <Token Text="," UId="404" />
      <NewLine Num="1" UId="405" />
      <Blank Num="23" UId="406" />
      <Parameter Name="I_IgnoreTimeOut" UId="407">
        <Blank Num="1" UId="408" />
        <Token Text=":=" UId="409" />
        <Blank Num="1" UId="410" />
        <Access Scope="LiteralConstant" UId="411">
          <Constant UId="412">
            <ConstantValue UId="414">TRUE</ConstantValue>
          </Constant>
        </Access>
      </Parameter>
      <Token Text="," UId="415" />
      <NewLine Num="1" UId="416" />
      <Blank Num="23" UId="417" />
      <Parameter Name="IO_StepNumber" UId="418">
        <Blank Num="1" UId="419" />
        <Token Text=":=" UId="420" />
        <Blank Num="1" UId="421" />
        <Access Scope="LocalVariable" UId="422">
          <Symbol UId="423">
            <Component Name="stepnumber" UId="424" />
          </Symbol>
        </Access>
      </Parameter>
      <Token Text=")" UId="436" />
    </CallInfo>
  </Access>
  <Token Text=";" UId="437" />
  <NewLine Num="1" UId="438" />
  <Blank Num="6" UId="439" />
  <NewLine Num="1" UId="440" />
  <Token Text="END_REGION" UId="441" />
  <NewLine Num="2" UId="442" />
  <Token Text="REGION" UId="443" />
  <Blank Num="1" UId="444" />
  <Text UId="445">Wait FOR the object to be at the end of the conveyor</Text>
  <NewLine Num="1" UId="446" />
  <Blank Num="4" UId="447" />
  <NewLine Num="1" UId="448" />
  <Blank Num="4" UId="449" />
  <Access Scope="Call" UId="450">
    <CallInfo UId="451" BlockType="FB" Name="StepperController">
      <Instance Scope="LocalVariable" UId="452">
        <Component Name="stepWaitObjectAtEnd" UId="453" />
      </Instance>
      <Token Text="(" UId="454" />
      <Parameter Name="I_StepNumber" UId="455">
        <Blank Num="1" UId="456" />
        <Token Text=":=" UId="457" />
        <Blank Num="1" UId="458" />
        <Access Scope="LiteralConstant" UId="459">
          <Constant UId="460">
            <ConstantValue UId="462">100</ConstantValue>
          </Constant>
        </Access>
      </Parameter>
      <Token Text="," UId="463" />
      <NewLine Num="1" UId="464" />
      <Blank Num="23" UId="465" />
      <Parameter Name="I_NextStepNumber" UId="466">
        <Blank Num="1" UId="467" />
        <Token Text=":=" UId="468" />
        <Blank Num="1" UId="469" />
        <Access Scope="LiteralConstant" UId="470">
          <Constant UId="471">
            <ConstantValue UId="473">110</ConstantValue>
          </Constant>
        </Access>
      </Parameter>
      <Token Text="," UId="474" />
      <NewLine Num="1" UId="475" />
      <Blank Num="23" UId="476" />
      <Parameter Name="I_ConditionTIme" UId="477">
        <Blank Num="1" UId="478" />
        <Token Text=":=" UId="479" />
        <Blank Num="1" UId="480" />
        <Access Scope="TypedConstant" UId="481">
          <Constant UId="482">
            <ConstantValue UId="483">T#0s</ConstantValue>
          </Constant>
        </Access>
      </Parameter>
      <Token Text="," UId="484" />
      <NewLine Num="1" UId="485" />
      <Blank Num="23" UId="486" />
      <Parameter Name="I_Condition" UId="487">
        <Blank Num="1" UId="488" />
        <Token Text=":=" UId="489" />
        <Blank Num="1" UId="490" />
        <Access Scope="LocalVariable" UId="491">
          <Symbol UId="492">
            <Component Name="IO_COnv" UId="493" />
            <Token Text="." UId="494" />
            <Component Name="Input" UId="495" />
            <Token Text="." UId="496" />
            <Component Name="SensorAtEndLogic" UId="497" />
            <Token Text="." UId="498" />
            <Component Name="State" UId="499" />
          </Symbol>
        </Access>
      </Parameter>
      <Token Text="," UId="500" />
      <NewLine Num="1" UId="501" />
      <Blank Num="23" UId="502" />
      <Parameter Name="I_IgnoreTimeOut" UId="503">
        <Blank Num="1" UId="504" />
        <Token Text=":=" UId="505" />
        <Blank Num="1" UId="506" />
        <Access Scope="LiteralConstant" UId="507">
          <Constant UId="508">
            <ConstantValue UId="510">TRUE</ConstantValue>
          </Constant>
        </Access>
      </Parameter>
      <Token Text="," UId="511" />
      <NewLine Num="1" UId="512" />
      <Blank Num="23" UId="513" />
      <Parameter Name="IO_StepNumber" UId="514">
        <Blank Num="1" UId="515" />
        <Token Text=":=" UId="516" />
        <Blank Num="1" UId="517" />
        <Access Scope="LocalVariable" UId="518">
          <Symbol UId="519">
            <Component Name="stepnumber" UId="520" />
          </Symbol>
        </Access>
      </Parameter>
      <Token Text=")" UId="532" />
    </CallInfo>
  </Access>
  <Token Text=";" UId="533" />
  <NewLine Num="1" UId="534" />
  <Blank Num="4" UId="535" />
  <NewLine Num="1" UId="536" />
  <Blank Num="4" UId="537" />
  <NewLine Num="1" UId="538" />
  <Blank Num="4" UId="539" />
  <NewLine Num="1" UId="540" />
  <Token Text="END_REGION" UId="541" />
  <NewLine Num="2" UId="542" />
  <Token Text="REGION" UId="543" />
  <Blank Num="1" UId="544" />
  <Text UId="545">Wait untill the conveyor is not running and try to weigh the object in 500ms</Text>
  <NewLine Num="1" UId="546" />
  <Blank Num="4" UId="547" />
  <NewLine Num="1" UId="548" />
  <Blank Num="4" UId="549" />
  <Token Text="IF" UId="550" />
  <Blank Num="1" UId="551" />
  <Access Scope="LocalVariable" UId="552">
    <Symbol UId="553">
      <Component Name="I_WaitResult" UId="554" />
    </Symbol>
  </Access>
  <Blank Num="1" UId="555" />
  <Token Text="THEN" UId="556" />
  <NewLine Num="1" UId="557" />
  <Blank Num="8" UId="558" />
  <LineComment Inserted="false" NoClosingBracket="false" UId="559">
    <Text UId="560">For seen for stand alone weighing</Text>
  </LineComment>
  <NewLine Num="1" UId="561" />
  <Blank Num="8" UId="562" />
  <Access Scope="LocalVariable" UId="563">
    <Symbol UId="564">
      <Component Name="T_NextStep" UId="565" />
    </Symbol>
  </Access>
  <Blank Num="1" UId="566" />
  <Token Text=":=" UId="567" />
  <Blank Num="1" UId="568" />
  <Access Scope="LiteralConstant" UId="569">
    <Constant UId="570">
      <ConstantValue UId="572">120</ConstantValue>
    </Constant>
  </Access>
  <Token Text=";" UId="573" />
  <NewLine Num="1" UId="574" />
  <Blank Num="4" UId="575" />
  <Token Text="ELSE" UId="576" />
  <NewLine Num="1" UId="577" />
  <Blank Num="8" UId="578" />
  <Access Scope="LocalVariable" UId="579">
    <Symbol UId="580">
      <Component Name="T_NextStep" UId="581" />
    </Symbol>
  </Access>
  <Blank Num="1" UId="582" />
  <Token Text=":=" UId="583" />
  <Blank Num="1" UId="584" />
  <Access Scope="LiteralConstant" UId="585">
    <Constant UId="586">
      <ConstantValue UId="588">90</ConstantValue>
    </Constant>
  </Access>
  <Token Text=";" UId="589" />
  <NewLine Num="1" UId="590" />
  <Blank Num="4" UId="591" />
  <Token Text="END_IF" UId="592" />
  <Token Text=";" UId="593" />
  <NewLine Num="1" UId="594" />
  <Blank Num="4" UId="595" />
  <NewLine Num="1" UId="596" />
  <Blank Num="4" UId="597" />
  <NewLine Num="1" UId="598" />
  <Blank Num="4" UId="599" />
  <Access Scope="Call" UId="600">
    <CallInfo UId="601" BlockType="FB" Name="StepperController">
      <Instance Scope="LocalVariable" UId="602">
        <Component Name="stepObjectAtEnd" UId="603" />
      </Instance>
      <Token Text="(" UId="604" />
      <Parameter Name="I_StepNumber" UId="605">
        <Blank Num="1" UId="606" />
        <Token Text=":=" UId="607" />
        <Blank Num="1" UId="608" />
        <Access Scope="LiteralConstant" UId="609">
          <Constant UId="610">
            <ConstantValue UId="612">110</ConstantValue>
          </Constant>
        </Access>
      </Parameter>
      <Token Text="," UId="613" />
      <NewLine Num="1" UId="614" />
      <Blank Num="21" UId="615" />
      <Parameter Name="I_NextStepNumber" UId="616">
        <Blank Num="1" UId="617" />
        <Token Text=":=" UId="618" />
        <Blank Num="1" UId="619" />
        <Access Scope="LocalVariable" UId="620">
          <Symbol UId="621">
            <Component Name="T_NextStep" UId="622" />
          </Symbol>
        </Access>
      </Parameter>
      <Token Text="," UId="623" />
      <NewLine Num="1" UId="624" />
      <Blank Num="21" UId="625" />
      <Parameter Name="I_ConditionTIme" UId="626">
        <Blank Num="1" UId="627" />
        <Token Text=":=" UId="628" />
        <Blank Num="1" UId="629" />
        <Access Scope="TypedConstant" UId="630">
          <Constant UId="631">
            <ConstantValue UId="632">T#2000ms</ConstantValue>
          </Constant>
        </Access>
      </Parameter>
      <Token Text="," UId="633" />
      <NewLine Num="1" UId="634" />
      <Blank Num="21" UId="635" />
      <Parameter Name="I_Condition" UId="636">
        <Blank Num="1" UId="637" />
        <Token Text=":=" UId="638" />
        <Blank Num="1" UId="639" />
        <Token Text="NOT" UId="640" />
        <Blank Num="1" UId="641" />
        <Access Scope="LocalVariable" UId="642">
          <Symbol UId="643">
            <Component Name="IO_COnv" UId="644" />
            <Token Text="." UId="645" />
            <Component Name="Input" UId="646" />
            <Token Text="." UId="647" />
            <Component Name="Running_FB" UId="648" />
          </Symbol>
        </Access>
      </Parameter>
      <Token Text="," UId="649" />
      <NewLine Num="1" UId="650" />
      <Blank Num="21" UId="651" />
      <Parameter Name="I_IgnoreTimeOut" UId="652">
        <Blank Num="1" UId="653" />
        <Token Text=":=" UId="654" />
        <Blank Num="1" UId="655" />
        <Access Scope="LiteralConstant" UId="656">
          <Constant UId="657">
            <ConstantValue UId="659">TRUE</ConstantValue>
          </Constant>
        </Access>
      </Parameter>
      <Token Text="," UId="660" />
      <NewLine Num="1" UId="661" />
      <Blank Num="21" UId="662" />
      <Parameter Name="IO_StepNumber" UId="663">
        <Blank Num="1" UId="664" />
        <Token Text=":=" UId="665" />
        <Blank Num="1" UId="666" />
        <Access Scope="LocalVariable" UId="667">
          <Symbol UId="668">
            <Component Name="stepnumber" UId="669" />
          </Symbol>
        </Access>
      </Parameter>
      <Token Text=")" UId="681" />
    </CallInfo>
  </Access>
  <Token Text=";" UId="682" />
  <NewLine Num="1" UId="683" />
  <Blank Num="4" UId="684" />
  <NewLine Num="1" UId="685" />
  <Token Text="END_REGION" UId="686" />
  <NewLine Num="2" UId="687" />
  <Token Text="REGION" UId="688" />
  <Blank Num="1" UId="689" />
  <Text UId="690">STEP 120 Wait for result</Text>
  <NewLine Num="1" UId="691" />
  <Blank Num="4" UId="692" />
  <NewLine Num="1" UId="693" />
  <Blank Num="4" UId="694" />
  <Access Scope="Call" UId="695">
    <CallInfo UId="696" BlockType="FB" Name="StepperController">
      <Instance Scope="LocalVariable" UId="697">
        <Component Name="stepc_120_waitForResult" UId="698" />
      </Instance>
      <Token Text="(" UId="699" />
      <Parameter Name="I_StepNumber" UId="700">
        <Blank Num="1" UId="701" />
        <Token Text=":=" UId="702" />
        <Blank Num="1" UId="703" />
        <Access Scope="LiteralConstant" UId="704">
          <Constant UId="705">
            <ConstantValue UId="707">120</ConstantValue>
          </Constant>
        </Access>
      </Parameter>
      <Token Text="," UId="708" />
      <NewLine Num="1" UId="709" />
      <Blank Num="21" UId="710" />
      <Parameter Name="I_NextStepNumber" UId="711">
        <Blank Num="1" UId="712" />
        <Token Text=":=" UId="713" />
        <Blank Num="1" UId="714" />
        <Access Scope="LiteralConstant" UId="715">
          <Constant UId="716">
            <ConstantValue UId="718">90</ConstantValue>
          </Constant>
        </Access>
      </Parameter>
      <Token Text="," UId="719" />
      <NewLine Num="1" UId="720" />
      <Blank Num="21" UId="721" />
      <Parameter Name="I_TimeOutStepNumber" UId="722">
        <Blank Num="1" UId="723" />
        <Token Text=":=" UId="724" />
        <Blank Num="1" UId="725" />
        <Access Scope="LiteralConstant" UId="726">
          <Constant UId="727">
            <ConstantValue UId="729">90</ConstantValue>
          </Constant>
        </Access>
      </Parameter>
      <Token Text="," UId="730" />
      <NewLine Num="1" UId="731" />
      <Blank Num="21" UId="732" />
      <Parameter Name="I_ConditionTIme" UId="733">
        <Blank Num="1" UId="734" />
        <Token Text=":=" UId="735" />
        <Blank Num="1" UId="736" />
        <Access Scope="TypedConstant" UId="737">
          <Constant UId="738">
            <ConstantValue UId="739">t#0ms</ConstantValue>
          </Constant>
        </Access>
      </Parameter>
      <Token Text="," UId="740" />
      <NewLine Num="1" UId="741" />
      <Blank Num="21" UId="742" />
      <Parameter Name="I_TimeOutTime" UId="743">
        <Blank Num="1" UId="744" />
        <Token Text=":=" UId="745" />
        <Blank Num="1" UId="746" />
        <Access Scope="TypedConstant" UId="747">
          <Constant UId="748">
            <ConstantValue UId="749">T#2s</ConstantValue>
          </Constant>
        </Access>
      </Parameter>
      <Token Text="," UId="750" />
      <NewLine Num="1" UId="751" />
      <Blank Num="21" UId="752" />
      <Parameter Name="I_Condition" UId="753">
        <Blank Num="1" UId="754" />
        <Token Text=":=" UId="755" />
        <Blank Num="1" UId="756" />
        <Access Scope="LocalVariable" UId="757">
          <Symbol UId="758">
            <Component Name="IO_Scale" UId="759" />
            <Token Text="." UId="760" />
            <Component Name="ReadResult" UId="761" />
            <Token Text="." UId="762" />
            <Component Name="NewResult_Flag" UId="763" />
          </Symbol>
        </Access>
      </Parameter>
      <Token Text="," UId="764" />
      <NewLine Num="1" UId="765" />
      <Blank Num="21" UId="766" />
      <Parameter Name="I_IgnoreTimeOut" UId="767">
        <Blank Num="1" UId="768" />
        <Token Text=":=" UId="769" />
        <Blank Num="1" UId="770" />
        <Access Scope="LiteralConstant" UId="771">
          <Constant UId="772">
            <ConstantValue UId="774">TRUE</ConstantValue>
          </Constant>
        </Access>
      </Parameter>
      <Token Text="," UId="775" />
      <NewLine Num="1" UId="776" />
      <Blank Num="21" UId="777" />
      <Parameter Name="IO_StepNumber" UId="778">
        <Blank Num="1" UId="779" />
        <Token Text=":=" UId="780" />
        <Blank Num="1" UId="781" />
        <Access Scope="LocalVariable" UId="782">
          <Symbol UId="783">
            <Component Name="stepnumber" UId="784" />
          </Symbol>
        </Access>
      </Parameter>
      <Token Text=")" UId="794" />
    </CallInfo>
  </Access>
  <Token Text=";" UId="795" />
  <NewLine Num="1" UId="796" />
  <Blank Num="4" UId="797" />
  <NewLine Num="1" UId="798" />
  <Token Text="END_REGION" UId="799" />
  <NewLine Num="2" UId="800" />
  <Token Text="REGION" UId="801" />
  <Blank Num="1" UId="802" />
  <Text UId="803">Command scale</Text>
  <NewLine Num="1" UId="804" />
  <Blank Num="4" UId="805" />
  <NewLine Num="1" UId="806" />
  <Blank Num="4" UId="807" />
  <Access Scope="LocalVariable" UId="808">
    <Symbol UId="809">
      <Component Name="IO_Scale" UId="810" />
      <Token Text="." UId="811" />
      <Component Name="Cmd" UId="812" />
      <Token Text="." UId="813" />
      <Component Name="Auto" UId="814" />
      <Token Text="." UId="815" />
      <Component Name="WeighObject" UId="816" />
    </Symbol>
  </Access>
  <Blank Num="1" UId="817" />
  <Token Text=":=" UId="818" />
  <Blank Num="1" UId="819" />
  <Access Scope="LocalVariable" UId="820">
    <Symbol UId="821">
      <Component Name="stepnumber" UId="822" />
    </Symbol>
  </Access>
  <Blank Num="1" UId="823" />
  <Token Text="=" UId="824" />
  <Blank Num="1" UId="825" />
  <Access Scope="LiteralConstant" UId="826">
    <Constant UId="827">
      <ConstantValue UId="829">110</ConstantValue>
    </Constant>
  </Access>
  <Token Text=";" UId="830" />
  <NewLine Num="1" UId="831" />
  <Blank Num="4" UId="832" />
  <NewLine Num="1" UId="833" />
  <Blank Num="4" UId="834" />
  <Access Scope="LocalVariable" UId="835">
    <Symbol UId="836">
      <Component Name="IO_Scale" UId="837" />
      <Token Text="." UId="838" />
      <Component Name="Cmd" UId="839" />
      <Token Text="." UId="840" />
      <Component Name="Auto" UId="841" />
      <Token Text="." UId="842" />
      <Component Name="Zero" UId="843" />
    </Symbol>
  </Access>
  <Blank Num="1" UId="844" />
  <Token Text=":=" UId="845" />
  <Blank Num="1" UId="846" />
  <Access Scope="LiteralConstant" UId="847">
    <Constant UId="848">
      <ConstantValue UId="850">FALSE</ConstantValue>
    </Constant>
  </Access>
  <Token Text=";" UId="851" />
  <NewLine Num="1" UId="852" />
  <Blank Num="4" UId="853" />
  <Token Text="IF" UId="854" />
  <Blank Num="1" UId="855" />
  <Access Scope="LocalVariable" UId="856">
    <Symbol UId="857">
      <Component Name="stepWaitForObject" UId="858" />
      <Token Text="." UId="859" />
      <Component Name="O_ConditionTrans" UId="860" />
    </Symbol>
  </Access>
  <Blank Num="1" UId="861" />
  <Token Text="THEN" UId="862" />
  <NewLine Num="1" UId="863" />
  <Blank Num="8" UId="864" />
  <Access Scope="LocalVariable" UId="865">
    <Symbol UId="866">
      <Component Name="IO_Scale" UId="867" />
      <Token Text="." UId="868" />
      <Component Name="Cmd" UId="869" />
      <Token Text="." UId="870" />
      <Component Name="Auto" UId="871" />
      <Token Text="." UId="872" />
      <Component Name="Zero" UId="873" />
    </Symbol>
  </Access>
  <Blank Num="1" UId="874" />
  <Token Text=":=" UId="875" />
  <Blank Num="1" UId="876" />
  <Access Scope="LiteralConstant" UId="877">
    <Constant UId="878">
      <ConstantValue UId="880">true</ConstantValue>
    </Constant>
  </Access>
  <Token Text=";" UId="881" />
  <NewLine Num="1" UId="882" />
  <Blank Num="4" UId="883" />
  <Token Text="END_IF" UId="884" />
  <Token Text=";" UId="885" />
  <NewLine Num="1" UId="886" />
  <Blank Num="4" UId="887" />
  <NewLine Num="1" UId="888" />
  <Token Text="END_REGION" UId="889" />
  <NewLine Num="2" UId="890" />
  <Token Text="REGION" UId="891" />
  <Blank Num="1" UId="892" />
  <Text UId="893">Accumulations</Text>
  <NewLine Num="1" UId="894" />
  <Blank Num="4" UId="895" />
  <NewLine Num="1" UId="896" />
  <Blank Num="4" UId="897" />
  <Access Scope="LocalVariable" UId="898">
    <Symbol UId="899">
      <Component Name="O_AccumulateUpstrream" UId="900" />
    </Symbol>
  </Access>
  <Blank Num="1" UId="901" />
  <Token Text=":=" UId="902" />
  <NewLine Num="1" UId="903" />
  <Blank Num="4" UId="904" />
  <Access Scope="LocalVariable" UId="905">
    <Symbol UId="906">
      <Component Name="stepnumber" UId="907" />
    </Symbol>
  </Access>
  <Blank Num="1" UId="908" />
  <Token Text="=" UId="909" />
  <Blank Num="1" UId="910" />
  <Access Scope="LiteralConstant" UId="911">
    <Constant UId="912">
      <ConstantValue UId="914">90</ConstantValue>
    </Constant>
  </Access>
  <Blank Num="1" UId="915" />
  <Token Text="OR" UId="916" />
  <NewLine Num="1" UId="917" />
  <Blank Num="4" UId="918" />
  <Access Scope="LocalVariable" UId="919">
    <Symbol UId="920">
      <Component Name="stepnumber" UId="921" />
    </Symbol>
  </Access>
  <Blank Num="1" UId="922" />
  <Token Text="=" UId="923" />
  <Blank Num="1" UId="924" />
  <Access Scope="LiteralConstant" UId="925">
    <Constant UId="926">
      <ConstantValue UId="928">95</ConstantValue>
    </Constant>
  </Access>
  <Blank Num="1" UId="929" />
  <Token Text="OR" UId="930" />
  <NewLine Num="1" UId="931" />
  <Blank Num="4" UId="932" />
  <Access Scope="LocalVariable" UId="933">
    <Symbol UId="934">
      <Component Name="stepnumber" UId="935" />
    </Symbol>
  </Access>
  <Blank Num="1" UId="936" />
  <Token Text="=" UId="937" />
  <Blank Num="1" UId="938" />
  <Access Scope="LiteralConstant" UId="939">
    <Constant UId="940">
      <ConstantValue UId="942">110</ConstantValue>
    </Constant>
  </Access>
  <Blank Num="1" UId="943" />
  <Token Text="OR" UId="944" />
  <NewLine Num="1" UId="945" />
  <Blank Num="4" UId="946" />
  <Access Scope="LocalVariable" UId="947">
    <Symbol UId="948">
      <Component Name="stepnumber" UId="949" />
    </Symbol>
  </Access>
  <Blank Num="1" UId="950" />
  <Token Text="=" UId="951" />
  <Blank Num="1" UId="952" />
  <Access Scope="LiteralConstant" UId="953">
    <Constant UId="954">
      <ConstantValue UId="956">120</ConstantValue>
    </Constant>
  </Access>
  <Token Text=";" UId="957" />
  <NewLine Num="1" UId="958" />
  <Blank Num="4" UId="959" />
  <NewLine Num="1" UId="960" />
  <Blank Num="4" UId="961" />
  <Access Scope="LocalVariable" UId="962">
    <Symbol UId="963">
      <Component Name="O_AccumulateStream" UId="964" />
    </Symbol>
  </Access>
  <Blank Num="1" UId="965" />
  <Token Text=":=" UId="966" />
  <NewLine Num="1" UId="967" />
  <Blank Num="4" UId="968" />
  <Access Scope="LocalVariable" UId="969">
    <Symbol UId="970">
      <Component Name="stepnumber" UId="971" />
    </Symbol>
  </Access>
  <Blank Num="1" UId="972" />
  <Token Text="=" UId="973" />
  <Blank Num="1" UId="974" />
  <Access Scope="LiteralConstant" UId="975">
    <Constant UId="976">
      <ConstantValue UId="978">100</ConstantValue>
    </Constant>
  </Access>
  <Blank Num="1" UId="979" />
  <Token Text="OR" UId="980" />
  <NewLine Num="1" UId="981" />
  <Blank Num="4" UId="982" />
  <Access Scope="LocalVariable" UId="983">
    <Symbol UId="984">
      <Component Name="stepnumber" UId="985" />
    </Symbol>
  </Access>
  <Blank Num="1" UId="986" />
  <Token Text="=" UId="987" />
  <Blank Num="1" UId="988" />
  <Access Scope="LiteralConstant" UId="989">
    <Constant UId="990">
      <ConstantValue UId="992">110</ConstantValue>
    </Constant>
  </Access>
  <Blank Num="1" UId="993" />
  <Token Text="OR" UId="994" />
  <NewLine Num="1" UId="995" />
  <Blank Num="4" UId="996" />
  <Access Scope="LocalVariable" UId="997">
    <Symbol UId="998">
      <Component Name="stepnumber" UId="999" />
    </Symbol>
  </Access>
  <Blank Num="1" UId="1000" />
  <Token Text="=" UId="1001" />
  <Blank Num="1" UId="1002" />
  <Access Scope="LiteralConstant" UId="1003">
    <Constant UId="1004">
      <ConstantValue UId="1006">120</ConstantValue>
    </Constant>
  </Access>
  <Token Text=";" UId="1007" />
  <NewLine Num="1" UId="1008" />
  <Blank Num="4" UId="1009" />
  <NewLine Num="1" UId="1010" />
  <Token Text="END_REGION" UId="1011" />
  <NewLine Num="1" UId="1012" />
</StructuredText></NetworkSource>
          <ProgrammingLanguage>SCL</ProgrammingLanguage>
        </AttributeList>
        <ObjectList>
          <MultilingualText ID="5" CompositionName="Comment">
            <ObjectList>
              <MultilingualTextItem ID="6" CompositionName="Items">
                <AttributeList>
                  <Culture>en-US</Culture>
                  <Text />
                </AttributeList>
              </MultilingualTextItem>
              <MultilingualTextItem ID="7" CompositionName="Items">
                <AttributeList>
                  <Culture>fr-BE</Culture>
                  <Text />
                </AttributeList>
              </MultilingualTextItem>
            </ObjectList>
          </MultilingualText>
          <MultilingualText ID="8" CompositionName="Title">
            <ObjectList>
              <MultilingualTextItem ID="9" CompositionName="Items">
                <AttributeList>
                  <Culture>en-US</Culture>
                  <Text />
                </AttributeList>
              </MultilingualTextItem>
              <MultilingualTextItem ID="A" CompositionName="Items">
                <AttributeList>
                  <Culture>fr-BE</Culture>
                  <Text />
                </AttributeList>
              </MultilingualTextItem>
            </ObjectList>
          </MultilingualText>
        </ObjectList>
      </SW.Blocks.CompileUnit>
      <MultilingualText ID="B" CompositionName="Title">
        <ObjectList>
          <MultilingualTextItem ID="C" CompositionName="Items">
            <AttributeList>
              <Culture>en-US</Culture>
              <Text />
            </AttributeList>
          </MultilingualTextItem>
          <MultilingualTextItem ID="D" CompositionName="Items">
            <AttributeList>
              <Culture>fr-BE</Culture>
              <Text />
            </AttributeList>
          </MultilingualTextItem>
        </ObjectList>
      </MultilingualText>
    </ObjectList>
  </SW.Blocks.FB>
</Document>