﻿<?xml version="1.0" encoding="utf-8"?>
<Document>
  <Engineering version="V16" />
  <DocumentInfo>
    <Created>2023-11-13T10:46:17.3331306Z</Created>
    <ExportSetting>WithDefaults</ExportSetting>
    <InstalledProducts>
      <Product>
        <DisplayName>Totally Integrated Automation Portal</DisplayName>
        <DisplayVersion>V16 Update 6</DisplayVersion>
      </Product>
      <OptionPackage>
        <DisplayName>TIA Portal Version Control Interface</DisplayName>
        <DisplayVersion>V16 Update 2</DisplayVersion>
      </OptionPackage>
      <OptionPackage>
        <DisplayName>TIA Portal Openness</DisplayName>
        <DisplayVersion>V16 Update 6</DisplayVersion>
      </OptionPackage>
      <OptionPackage>
        <DisplayName>TIA Portal Teamcenter Gateway</DisplayName>
        <DisplayVersion>V16</DisplayVersion>
      </OptionPackage>
      <Product>
        <DisplayName>SINAMICS Startdrive Advanced</DisplayName>
        <DisplayVersion>V16 Update 5</DisplayVersion>
      </Product>
      <OptionPackage>
        <DisplayName>SINAMICS Startdrive G130, G150, S120, S150, SINAMICS MV, S210</DisplayName>
        <DisplayVersion>V16 Update 5</DisplayVersion>
      </OptionPackage>
      <OptionPackage>
        <DisplayName>SINAMICS Startdrive G110M, G120, G120C, G120D, G120P, G115D</DisplayName>
        <DisplayVersion>V16 Update 5</DisplayVersion>
      </OptionPackage>
      <Product>
        <DisplayName>STEP 7 Professional</DisplayName>
        <DisplayVersion>V16 Update 6</DisplayVersion>
      </Product>
      <OptionPackage>
        <DisplayName>STEP 7 Safety</DisplayName>
        <DisplayVersion>V16</DisplayVersion>
      </OptionPackage>
      <Product>
        <DisplayName>WinCC Advanced / Unified PC</DisplayName>
        <DisplayVersion>V16 Update 6</DisplayVersion>
      </Product>
    </InstalledProducts>
  </DocumentInfo>
  <SW.Blocks.GlobalDB ID="0">
    <AttributeList>
      <AutoNumber>true</AutoNumber>
      <DBAccessibleFromOPCUA>true</DBAccessibleFromOPCUA>
      <HeaderAuthor />
      <HeaderFamily />
      <HeaderName />
      <HeaderVersion>0.1</HeaderVersion>
      <Interface><Sections xmlns="http://www.siemens.com/automation/Openness/SW/Interface/v4">
  <Section Name="Static">
    <Member Name="SCALE_418" Datatype="&quot;Scale_UDT&quot;" Remanence="NonRetain" Accessibility="Public"><AttributeList><BooleanAttribute Name="ExternalAccessible" SystemDefined="true">true</BooleanAttribute><BooleanAttribute Name="ExternalVisible" SystemDefined="true">true</BooleanAttribute><BooleanAttribute Name="ExternalWritable" SystemDefined="true">true</BooleanAttribute><BooleanAttribute Name="SetPoint" SystemDefined="true">false</BooleanAttribute></AttributeList><Sections><Section Name="None"><Member Name="Cmd" Datatype="Struct"><Member Name="Reset" Datatype="Bool" /><Member Name="ResetDiagnostics" Datatype="Bool" /><Member Name="Manual" Datatype="&quot;Scale_CMD_UDT&quot;"><Sections><Section Name="None"><Member Name="Zero" Datatype="Bool" /><Member Name="Tare" Datatype="Bool" /><Member Name="ResetTare" Datatype="Bool" /><Member Name="WeighObject" Datatype="Bool" /><Member Name="Command" Datatype="Int" /></Section></Sections></Member><Member Name="Auto" Datatype="&quot;Scale_CMD_UDT&quot;"><Sections><Section Name="None"><Member Name="Zero" Datatype="Bool" /><Member Name="Tare" Datatype="Bool" /><Member Name="ResetTare" Datatype="Bool" /><Member Name="WeighObject" Datatype="Bool" /><Member Name="Command" Datatype="Int" /></Section></Sections></Member></Member><Member Name="settings" Datatype="Struct"><Member Name="offset" Datatype="Real" /><Member Name="stabWeight" Datatype="Real" /><Member Name="stabilizationTime" Datatype="Time"><StartValue>T#400MS</StartValue></Member></Member><Member Name="status" Datatype="Struct"><Member Name="ManualModeActive" Datatype="Bool" /><Member Name="ReadyForNewCommand" Datatype="Bool" /><Member Name="ExecutingCommand" Datatype="Bool" /><Member Name="GrossWeight" Datatype="Real" /><Member Name="NetWeight" Datatype="Real" /></Member><Member Name="diagnostics" Datatype="Struct"><Member Name="stableMeasurements" Datatype="DInt" /><Member Name="unstableMeasurements" Datatype="DInt" /><Member Name="totalMeasurements" Datatype="DInt" /></Member><Member Name="ReadResult" Datatype="Struct"><Member Name="NewResult" Datatype="Bool" /><Member Name="NewResult_Flag" Datatype="Bool" /><Member Name="Stable" Datatype="Bool" /><Member Name="netWeightGrams" Datatype="DInt" /><Member Name="netWeightGrams_Flag" Datatype="DInt" /></Member><Member Name="alarms" Datatype="Struct"><Member Name="Error" Datatype="&quot;HmiAlarm&quot;"><Sections><Section Name="None"><Member Name="Active" Datatype="Bool" /><Member Name="Acknowledge" Datatype="Bool" /><Member Name="type" Datatype="Int" /></Section></Sections></Member><Member Name="notConnected" Datatype="&quot;HmiAlarm&quot;"><Sections><Section Name="None"><Member Name="Active" Datatype="Bool" /><Member Name="Acknowledge" Datatype="Bool" /><Member Name="type" Datatype="Int" /></Section></Sections></Member><Member Name="Status" Datatype="Word" /></Member><Member Name="Name" Datatype="String[40]" /><Member Name="zone" Datatype="Int" /></Section></Sections></Member>
    <Member Name="EmptyScaleCommands" Datatype="&quot;Scale_CMD_UDT&quot;" Remanence="NonRetain" Accessibility="Public"><AttributeList><BooleanAttribute Name="ExternalAccessible" SystemDefined="true">true</BooleanAttribute><BooleanAttribute Name="ExternalVisible" SystemDefined="true">true</BooleanAttribute><BooleanAttribute Name="ExternalWritable" SystemDefined="true">true</BooleanAttribute><BooleanAttribute Name="SetPoint" SystemDefined="true">true</BooleanAttribute></AttributeList><Sections><Section Name="None"><Member Name="Zero" Datatype="Bool" /><Member Name="Tare" Datatype="Bool" /><Member Name="ResetTare" Datatype="Bool" /><Member Name="WeighObject" Datatype="Bool" /><Member Name="Command" Datatype="Int" /></Section></Sections></Member>
  </Section>
</Sections></Interface>
      <IsOnlyStoredInLoadMemory>false</IsOnlyStoredInLoadMemory>
      <IsWriteProtectedInAS>false</IsWriteProtectedInAS>
      <MemoryLayout>Standard</MemoryLayout>
      <Name>Scale_DB</Name>
      <Number>78</Number>
      <ProgrammingLanguage>DB</ProgrammingLanguage>
    </AttributeList>
    <ObjectList>
      <MultilingualText ID="1" CompositionName="Comment">
        <ObjectList>
          <MultilingualTextItem ID="2" CompositionName="Items">
            <AttributeList>
              <Culture>en-US</Culture>
              <Text />
            </AttributeList>
          </MultilingualTextItem>
          <MultilingualTextItem ID="3" CompositionName="Items">
            <AttributeList>
              <Culture>fr-BE</Culture>
              <Text />
            </AttributeList>
          </MultilingualTextItem>
        </ObjectList>
      </MultilingualText>
      <MultilingualText ID="4" CompositionName="Title">
        <ObjectList>
          <MultilingualTextItem ID="5" CompositionName="Items">
            <AttributeList>
              <Culture>en-US</Culture>
              <Text />
            </AttributeList>
          </MultilingualTextItem>
          <MultilingualTextItem ID="6" CompositionName="Items">
            <AttributeList>
              <Culture>fr-BE</Culture>
              <Text />
            </AttributeList>
          </MultilingualTextItem>
        </ObjectList>
      </MultilingualText>
    </ObjectList>
  </SW.Blocks.GlobalDB>
</Document>