{
  "Name": "Scale_DB",
  "Number": 78,
  "Id": [
    0,
    30
  ],
  "Tags": [
    {
      "Value": [
        {
          "Type": "Struct",
          "ParseMessage": "",
          "ParseFailed": false,
          "Value": [
            {
              "Type": "Bool",
              "LengthBits": 1,
              "ParseMessage": "",
              "ParseFailed": false,
              "Value": null,
              "WriteValue": false,
              "TypeTypeScript": "BoolPlcTag",
              "ParentTag": false,
              "WriteMessage": null,
              "Name": "_Reset",
              "Id": [
                0,
                30,
                0,
                0,
                0
              ],
              "Comment": "",
              "OpcNode": ";s=\"Scale_DB\".\"_SCALE_418\".\"_Cmd\".\"_Reset\"",
              "DbName": "Scale_DB",
              "ByteAdress": 0,
              "BitAdress": 0,
              "DbNumber": 78,
              "PlcMemoryType": "DB",
              "Lengthytes": 1,
              "StartAdressBits": 0,
              "EndAdressBits": 1
            },
            {
              "Type": "Bool",
              "LengthBits": 1,
              "ParseMessage": "",
              "ParseFailed": false,
              "Value": null,
              "WriteValue": false,
              "TypeTypeScript": "BoolPlcTag",
              "ParentTag": false,
              "WriteMessage": null,
              "Name": "_ResetDiagnostics",
              "Id": [
                0,
                30,
                0,
                0,
                1
              ],
              "Comment": "",
              "OpcNode": ";s=\"Scale_DB\".\"_SCALE_418\".\"_Cmd\".\"_ResetDiagnostics\"",
              "DbName": "Scale_DB",
              "ByteAdress": 0,
              "BitAdress": 1,
              "DbNumber": 78,
              "PlcMemoryType": "DB",
              "Lengthytes": 1,
              "StartAdressBits": 1,
              "EndAdressBits": 2
            },
            {
              "Value": [
                {
                  "Type": "Bool",
                  "LengthBits": 1,
                  "ParseMessage": "",
                  "ParseFailed": false,
                  "Value": null,
                  "WriteValue": false,
                  "TypeTypeScript": "BoolPlcTag",
                  "ParentTag": false,
                  "WriteMessage": null,
                  "Name": "_Zero",
                  "Id": [
                    0,
                    30,
                    0,
                    0,
                    2,
                    0
                  ],
                  "Comment": "execute a zero command on the scale",
                  "OpcNode": ";s=\"Scale_DB\".\"_SCALE_418\".\"_Cmd\".\"_Manual\".\"_Zero\"",
                  "DbName": "Scale_DB",
                  "ByteAdress": 2,
                  "BitAdress": 0,
                  "DbNumber": 78,
                  "PlcMemoryType": "DB",
                  "Lengthytes": 1,
                  "StartAdressBits": 16,
                  "EndAdressBits": 17
                },
                {
                  "Type": "Bool",
                  "LengthBits": 1,
                  "ParseMessage": "",
                  "ParseFailed": false,
                  "Value": null,
                  "WriteValue": false,
                  "TypeTypeScript": "BoolPlcTag",
                  "ParentTag": false,
                  "WriteMessage": null,
                  "Name": "_Tare",
                  "Id": [
                    0,
                    30,
                    0,
                    0,
                    2,
                    1
                  ],
                  "Comment": "execute a tare command on the scale",
                  "OpcNode": ";s=\"Scale_DB\".\"_SCALE_418\".\"_Cmd\".\"_Manual\".\"_Tare\"",
                  "DbName": "Scale_DB",
                  "ByteAdress": 2,
                  "BitAdress": 1,
                  "DbNumber": 78,
                  "PlcMemoryType": "DB",
                  "Lengthytes": 1,
                  "StartAdressBits": 17,
                  "EndAdressBits": 18
                },
                {
                  "Type": "Bool",
                  "LengthBits": 1,
                  "ParseMessage": "",
                  "ParseFailed": false,
                  "Value": null,
                  "WriteValue": false,
                  "TypeTypeScript": "BoolPlcTag",
                  "ParentTag": false,
                  "WriteMessage": null,
                  "Name": "_ResetTare",
                  "Id": [
                    0,
                    30,
                    0,
                    0,
                    2,
                    2
                  ],
                  "Comment": "suppress an existing tare",
                  "OpcNode": ";s=\"Scale_DB\".\"_SCALE_418\".\"_Cmd\".\"_Manual\".\"_ResetTare\"",
                  "DbName": "Scale_DB",
                  "ByteAdress": 2,
                  "BitAdress": 2,
                  "DbNumber": 78,
                  "PlcMemoryType": "DB",
                  "Lengthytes": 1,
                  "StartAdressBits": 18,
                  "EndAdressBits": 19
                },
                {
                  "Type": "Bool",
                  "LengthBits": 1,
                  "ParseMessage": "",
                  "ParseFailed": false,
                  "Value": null,
                  "WriteValue": false,
                  "TypeTypeScript": "BoolPlcTag",
                  "ParentTag": false,
                  "WriteMessage": null,
                  "Name": "_WeighObject",
                  "Id": [
                    0,
                    30,
                    0,
                    0,
                    2,
                    3
                  ],
                  "Comment": "",
                  "OpcNode": ";s=\"Scale_DB\".\"_SCALE_418\".\"_Cmd\".\"_Manual\".\"_WeighObject\"",
                  "DbName": "Scale_DB",
                  "ByteAdress": 2,
                  "BitAdress": 3,
                  "DbNumber": 78,
                  "PlcMemoryType": "DB",
                  "Lengthytes": 1,
                  "StartAdressBits": 19,
                  "EndAdressBits": 20
                },
                {
                  "Type": "Int",
                  "LengthBits": 16,
                  "ParseMessage": "",
                  "ParseFailed": false,
                  "Value": null,
                  "WriteValue": 0,
                  "TypeTypeScript": "Int16PlcTag",
                  "ParentTag": false,
                  "WriteMessage": null,
                  "Name": "_Command",
                  "Id": [
                    0,
                    30,
                    0,
                    0,
                    2,
                    4
                  ],
                  "Comment": "send a command to the scale. List of available commands are described Scaime documentation",
                  "OpcNode": ";s=\"Scale_DB\".\"_SCALE_418\".\"_Cmd\".\"_Manual\".\"_Command\"",
                  "DbName": "Scale_DB",
                  "ByteAdress": 4,
                  "BitAdress": 0,
                  "DbNumber": 78,
                  "PlcMemoryType": "DB",
                  "Lengthytes": 2,
                  "StartAdressBits": 32,
                  "EndAdressBits": 48
                }
              ],
              "ParseMessage": "",
              "ParseFailed": false,
              "ParentTag": true,
              "TypeTypeScript": "Scale_CMD_UDT",
              "EndAdressBits": 48,
              "LengthBits": 32,
              "WriteValue": null,
              "WriteMessage": null,
              "Name": "_Manual",
              "Id": [
                0,
                30,
                0,
                0,
                2
              ],
              "Type": "Scale_CMD_UDT",
              "Comment": "",
              "OpcNode": ";s=\"Scale_DB\".\"_SCALE_418\".\"_Cmd\".\"_Manual\"",
              "DbName": "Scale_DB",
              "ByteAdress": 2,
              "BitAdress": 0,
              "DbNumber": 78,
              "PlcMemoryType": "DB",
              "Lengthytes": 4,
              "StartAdressBits": 16
            },
            {
              "Value": [
                {
                  "Type": "Bool",
                  "LengthBits": 1,
                  "ParseMessage": "",
                  "ParseFailed": false,
                  "Value": null,
                  "WriteValue": false,
                  "TypeTypeScript": "BoolPlcTag",
                  "ParentTag": false,
                  "WriteMessage": null,
                  "Name": "_Zero",
                  "Id": [
                    0,
                    30,
                    0,
                    0,
                    3,
                    0
                  ],
                  "Comment": "execute a zero command on the scale",
                  "OpcNode": ";s=\"Scale_DB\".\"_SCALE_418\".\"_Cmd\".\"_Auto\".\"_Zero\"",
                  "DbName": "Scale_DB",
                  "ByteAdress": 6,
                  "BitAdress": 0,
                  "DbNumber": 78,
                  "PlcMemoryType": "DB",
                  "Lengthytes": 1,
                  "StartAdressBits": 48,
                  "EndAdressBits": 49
                },
                {
                  "Type": "Bool",
                  "LengthBits": 1,
                  "ParseMessage": "",
                  "ParseFailed": false,
                  "Value": null,
                  "WriteValue": false,
                  "TypeTypeScript": "BoolPlcTag",
                  "ParentTag": false,
                  "WriteMessage": null,
                  "Name": "_Tare",
                  "Id": [
                    0,
                    30,
                    0,
                    0,
                    3,
                    1
                  ],
                  "Comment": "execute a tare command on the scale",
                  "OpcNode": ";s=\"Scale_DB\".\"_SCALE_418\".\"_Cmd\".\"_Auto\".\"_Tare\"",
                  "DbName": "Scale_DB",
                  "ByteAdress": 6,
                  "BitAdress": 1,
                  "DbNumber": 78,
                  "PlcMemoryType": "DB",
                  "Lengthytes": 1,
                  "StartAdressBits": 49,
                  "EndAdressBits": 50
                },
                {
                  "Type": "Bool",
                  "LengthBits": 1,
                  "ParseMessage": "",
                  "ParseFailed": false,
                  "Value": null,
                  "WriteValue": false,
                  "TypeTypeScript": "BoolPlcTag",
                  "ParentTag": false,
                  "WriteMessage": null,
                  "Name": "_ResetTare",
                  "Id": [
                    0,
                    30,
                    0,
                    0,
                    3,
                    2
                  ],
                  "Comment": "suppress an existing tare",
                  "OpcNode": ";s=\"Scale_DB\".\"_SCALE_418\".\"_Cmd\".\"_Auto\".\"_ResetTare\"",
                  "DbName": "Scale_DB",
                  "ByteAdress": 6,
                  "BitAdress": 2,
                  "DbNumber": 78,
                  "PlcMemoryType": "DB",
                  "Lengthytes": 1,
                  "StartAdressBits": 50,
                  "EndAdressBits": 51
                },
                {
                  "Type": "Bool",
                  "LengthBits": 1,
                  "ParseMessage": "",
                  "ParseFailed": false,
                  "Value": null,
                  "WriteValue": false,
                  "TypeTypeScript": "BoolPlcTag",
                  "ParentTag": false,
                  "WriteMessage": null,
                  "Name": "_WeighObject",
                  "Id": [
                    0,
                    30,
                    0,
                    0,
                    3,
                    3
                  ],
                  "Comment": "",
                  "OpcNode": ";s=\"Scale_DB\".\"_SCALE_418\".\"_Cmd\".\"_Auto\".\"_WeighObject\"",
                  "DbName": "Scale_DB",
                  "ByteAdress": 6,
                  "BitAdress": 3,
                  "DbNumber": 78,
                  "PlcMemoryType": "DB",
                  "Lengthytes": 1,
                  "StartAdressBits": 51,
                  "EndAdressBits": 52
                },
                {
                  "Type": "Int",
                  "LengthBits": 16,
                  "ParseMessage": "",
                  "ParseFailed": false,
                  "Value": null,
                  "WriteValue": 0,
                  "TypeTypeScript": "Int16PlcTag",
                  "ParentTag": false,
                  "WriteMessage": null,
                  "Name": "_Command",
                  "Id": [
                    0,
                    30,
                    0,
                    0,
                    3,
                    4
                  ],
                  "Comment": "send a command to the scale. List of available commands are described Scaime documentation",
                  "OpcNode": ";s=\"Scale_DB\".\"_SCALE_418\".\"_Cmd\".\"_Auto\".\"_Command\"",
                  "DbName": "Scale_DB",
                  "ByteAdress": 8,
                  "BitAdress": 0,
                  "DbNumber": 78,
                  "PlcMemoryType": "DB",
                  "Lengthytes": 2,
                  "StartAdressBits": 64,
                  "EndAdressBits": 80
                }
              ],
              "ParseMessage": "",
              "ParseFailed": false,
              "ParentTag": true,
              "TypeTypeScript": "Scale_CMD_UDT",
              "EndAdressBits": 80,
              "LengthBits": 32,
              "WriteValue": null,
              "WriteMessage": null,
              "Name": "_Auto",
              "Id": [
                0,
                30,
                0,
                0,
                3
              ],
              "Type": "Scale_CMD_UDT",
              "Comment": "",
              "OpcNode": ";s=\"Scale_DB\".\"_SCALE_418\".\"_Cmd\".\"_Auto\"",
              "DbName": "Scale_DB",
              "ByteAdress": 6,
              "BitAdress": 0,
              "DbNumber": 78,
              "PlcMemoryType": "DB",
              "Lengthytes": 4,
              "StartAdressBits": 48
            }
          ],
          "ParentTag": true,
          "LengthBits": 80,
          "EndAdressBits": 80,
          "TypeTypeScript": "StructPlcTag",
          "WriteValue": null,
          "WriteMessage": null,
          "Name": "_Cmd",
          "Id": [
            0,
            30,
            0,
            0
          ],
          "Comment": "",
          "OpcNode": ";s=\"Scale_DB\".\"_SCALE_418\".\"_Cmd\"",
          "DbName": "Scale_DB",
          "ByteAdress": 0,
          "BitAdress": 0,
          "DbNumber": 78,
          "PlcMemoryType": "DB",
          "Lengthytes": 10,
          "StartAdressBits": 0
        },
        {
          "Type": "Struct",
          "ParseMessage": "",
          "ParseFailed": false,
          "Value": [
            {
              "Type": "Real",
              "LengthBits": 32,
              "ParseMessage": "",
              "ParseFailed": false,
              "Value": 0.0,
              "WriteValue": 0.0,
              "TypeTypeScript": "RealPlcTag",
              "ParentTag": false,
              "WriteMessage": null,
              "Name": "_offset",
              "Id": [
                0,
                30,
                0,
                1,
                0
              ],
              "Comment": "",
              "OpcNode": ";s=\"Scale_DB\".\"_SCALE_418\".\"_settings\".\"_offset\"",
              "DbName": "Scale_DB",
              "ByteAdress": 10,
              "BitAdress": 0,
              "DbNumber": 78,
              "PlcMemoryType": "DB",
              "Lengthytes": 4,
              "StartAdressBits": 80,
              "EndAdressBits": 112
            },
            {
              "Type": "Real",
              "LengthBits": 32,
              "ParseMessage": "",
              "ParseFailed": false,
              "Value": 0.0,
              "WriteValue": 0.0,
              "TypeTypeScript": "RealPlcTag",
              "ParentTag": false,
              "WriteMessage": null,
              "Name": "_stabWeight",
              "Id": [
                0,
                30,
                0,
                1,
                1
              ],
              "Comment": "",
              "OpcNode": ";s=\"Scale_DB\".\"_SCALE_418\".\"_settings\".\"_stabWeight\"",
              "DbName": "Scale_DB",
              "ByteAdress": 14,
              "BitAdress": 0,
              "DbNumber": 78,
              "PlcMemoryType": "DB",
              "Lengthytes": 4,
              "StartAdressBits": 112,
              "EndAdressBits": 144
            },
            {
              "Type": "Time",
              "LengthBits": 32,
              "ParseMessage": "",
              "ParseFailed": false,
              "Value": 0,
              "WriteValue": 0,
              "TypeTypeScript": "TimeMsPlcTag",
              "ParentTag": false,
              "WriteMessage": null,
              "Name": "_stabilizationTime",
              "Id": [
                0,
                30,
                0,
                1,
                2
              ],
              "Comment": "",
              "OpcNode": ";s=\"Scale_DB\".\"_SCALE_418\".\"_settings\".\"_stabilizationTime\"",
              "DbName": "Scale_DB",
              "ByteAdress": 18,
              "BitAdress": 0,
              "DbNumber": 78,
              "PlcMemoryType": "DB",
              "Lengthytes": 4,
              "StartAdressBits": 144,
              "EndAdressBits": 176
            }
          ],
          "ParentTag": true,
          "LengthBits": 96,
          "EndAdressBits": 176,
          "TypeTypeScript": "StructPlcTag",
          "WriteValue": null,
          "WriteMessage": null,
          "Name": "_settings",
          "Id": [
            0,
            30,
            0,
            1
          ],
          "Comment": "",
          "OpcNode": ";s=\"Scale_DB\".\"_SCALE_418\".\"_settings\"",
          "DbName": "Scale_DB",
          "ByteAdress": 10,
          "BitAdress": 0,
          "DbNumber": 78,
          "PlcMemoryType": "DB",
          "Lengthytes": 12,
          "StartAdressBits": 80
        },
        {
          "Type": "Struct",
          "ParseMessage": "",
          "ParseFailed": false,
          "Value": [
            {
              "Type": "Bool",
              "LengthBits": 1,
              "ParseMessage": "",
              "ParseFailed": false,
              "Value": null,
              "WriteValue": false,
              "TypeTypeScript": "BoolPlcTag",
              "ParentTag": false,
              "WriteMessage": null,
              "Name": "_ManualModeActive",
              "Id": [
                0,
                30,
                0,
                2,
                0
              ],
              "Comment": "",
              "OpcNode": ";s=\"Scale_DB\".\"_SCALE_418\".\"_status\".\"_ManualModeActive\"",
              "DbName": "Scale_DB",
              "ByteAdress": 22,
              "BitAdress": 0,
              "DbNumber": 78,
              "PlcMemoryType": "DB",
              "Lengthytes": 1,
              "StartAdressBits": 176,
              "EndAdressBits": 177
            },
            {
              "Type": "Bool",
              "LengthBits": 1,
              "ParseMessage": "",
              "ParseFailed": false,
              "Value": null,
              "WriteValue": false,
              "TypeTypeScript": "BoolPlcTag",
              "ParentTag": false,
              "WriteMessage": null,
              "Name": "_ReadyForNewCommand",
              "Id": [
                0,
                30,
                0,
                2,
                1
              ],
              "Comment": "Ready”, thus status indicates a new command can be done. This includes “Zero”, “Tare”, “ResetTare” and “Command” inputs parameters. If you use other add-on instructions, the “Ready” status can also change when other blocs send commands to the scale. It is recommended to test “Ready” status before sending a command",
              "OpcNode": ";s=\"Scale_DB\".\"_SCALE_418\".\"_status\".\"_ReadyForNewCommand\"",
              "DbName": "Scale_DB",
              "ByteAdress": 22,
              "BitAdress": 1,
              "DbNumber": 78,
              "PlcMemoryType": "DB",
              "Lengthytes": 1,
              "StartAdressBits": 177,
              "EndAdressBits": 178
            },
            {
              "Type": "Bool",
              "LengthBits": 1,
              "ParseMessage": "",
              "ParseFailed": false,
              "Value": null,
              "WriteValue": false,
              "TypeTypeScript": "BoolPlcTag",
              "ParentTag": false,
              "WriteMessage": null,
              "Name": "_ExecutingCommand",
              "Id": [
                0,
                30,
                0,
                2,
                2
              ],
              "Comment": "",
              "OpcNode": ";s=\"Scale_DB\".\"_SCALE_418\".\"_status\".\"_ExecutingCommand\"",
              "DbName": "Scale_DB",
              "ByteAdress": 22,
              "BitAdress": 2,
              "DbNumber": 78,
              "PlcMemoryType": "DB",
              "Lengthytes": 1,
              "StartAdressBits": 178,
              "EndAdressBits": 179
            },
            {
              "Type": "Real",
              "LengthBits": 32,
              "ParseMessage": "",
              "ParseFailed": false,
              "Value": 0.0,
              "WriteValue": 0.0,
              "TypeTypeScript": "RealPlcTag",
              "ParentTag": false,
              "WriteMessage": null,
              "Name": "_GrossWeight",
              "Id": [
                0,
                30,
                0,
                2,
                3
              ],
              "Comment": "",
              "OpcNode": ";s=\"Scale_DB\".\"_SCALE_418\".\"_status\".\"_GrossWeight\"",
              "DbName": "Scale_DB",
              "ByteAdress": 24,
              "BitAdress": 0,
              "DbNumber": 78,
              "PlcMemoryType": "DB",
              "Lengthytes": 4,
              "StartAdressBits": 192,
              "EndAdressBits": 224
            },
            {
              "Type": "Real",
              "LengthBits": 32,
              "ParseMessage": "",
              "ParseFailed": false,
              "Value": 0.0,
              "WriteValue": 0.0,
              "TypeTypeScript": "RealPlcTag",
              "ParentTag": false,
              "WriteMessage": null,
              "Name": "_NetWeight",
              "Id": [
                0,
                30,
                0,
                2,
                4
              ],
              "Comment": "",
              "OpcNode": ";s=\"Scale_DB\".\"_SCALE_418\".\"_status\".\"_NetWeight\"",
              "DbName": "Scale_DB",
              "ByteAdress": 28,
              "BitAdress": 0,
              "DbNumber": 78,
              "PlcMemoryType": "DB",
              "Lengthytes": 4,
              "StartAdressBits": 224,
              "EndAdressBits": 256
            }
          ],
          "ParentTag": true,
          "LengthBits": 80,
          "EndAdressBits": 256,
          "TypeTypeScript": "StructPlcTag",
          "WriteValue": null,
          "WriteMessage": null,
          "Name": "_status",
          "Id": [
            0,
            30,
            0,
            2
          ],
          "Comment": "",
          "OpcNode": ";s=\"Scale_DB\".\"_SCALE_418\".\"_status\"",
          "DbName": "Scale_DB",
          "ByteAdress": 22,
          "BitAdress": 0,
          "DbNumber": 78,
          "PlcMemoryType": "DB",
          "Lengthytes": 10,
          "StartAdressBits": 176
        },
        {
          "Type": "Struct",
          "ParseMessage": "",
          "ParseFailed": false,
          "Value": [
            {
              "Type": "DInt",
              "LengthBits": 32,
              "ParseMessage": "",
              "ParseFailed": false,
              "Value": 0,
              "WriteValue": 0,
              "TypeTypeScript": "DIntPlcTag",
              "ParentTag": false,
              "WriteMessage": null,
              "Name": "_stableMeasurements",
              "Id": [
                0,
                30,
                0,
                3,
                0
              ],
              "Comment": "",
              "OpcNode": ";s=\"Scale_DB\".\"_SCALE_418\".\"_diagnostics\".\"_stableMeasurements\"",
              "DbName": "Scale_DB",
              "ByteAdress": 32,
              "BitAdress": 0,
              "DbNumber": 78,
              "PlcMemoryType": "DB",
              "Lengthytes": 4,
              "StartAdressBits": 256,
              "EndAdressBits": 288
            },
            {
              "Type": "DInt",
              "LengthBits": 32,
              "ParseMessage": "",
              "ParseFailed": false,
              "Value": 0,
              "WriteValue": 0,
              "TypeTypeScript": "DIntPlcTag",
              "ParentTag": false,
              "WriteMessage": null,
              "Name": "_unstableMeasurements",
              "Id": [
                0,
                30,
                0,
                3,
                1
              ],
              "Comment": "",
              "OpcNode": ";s=\"Scale_DB\".\"_SCALE_418\".\"_diagnostics\".\"_unstableMeasurements\"",
              "DbName": "Scale_DB",
              "ByteAdress": 36,
              "BitAdress": 0,
              "DbNumber": 78,
              "PlcMemoryType": "DB",
              "Lengthytes": 4,
              "StartAdressBits": 288,
              "EndAdressBits": 320
            },
            {
              "Type": "DInt",
              "LengthBits": 32,
              "ParseMessage": "",
              "ParseFailed": false,
              "Value": 0,
              "WriteValue": 0,
              "TypeTypeScript": "DIntPlcTag",
              "ParentTag": false,
              "WriteMessage": null,
              "Name": "_totalMeasurements",
              "Id": [
                0,
                30,
                0,
                3,
                2
              ],
              "Comment": "",
              "OpcNode": ";s=\"Scale_DB\".\"_SCALE_418\".\"_diagnostics\".\"_totalMeasurements\"",
              "DbName": "Scale_DB",
              "ByteAdress": 40,
              "BitAdress": 0,
              "DbNumber": 78,
              "PlcMemoryType": "DB",
              "Lengthytes": 4,
              "StartAdressBits": 320,
              "EndAdressBits": 352
            }
          ],
          "ParentTag": true,
          "LengthBits": 96,
          "EndAdressBits": 352,
          "TypeTypeScript": "StructPlcTag",
          "WriteValue": null,
          "WriteMessage": null,
          "Name": "_diagnostics",
          "Id": [
            0,
            30,
            0,
            3
          ],
          "Comment": "",
          "OpcNode": ";s=\"Scale_DB\".\"_SCALE_418\".\"_diagnostics\"",
          "DbName": "Scale_DB",
          "ByteAdress": 32,
          "BitAdress": 0,
          "DbNumber": 78,
          "PlcMemoryType": "DB",
          "Lengthytes": 12,
          "StartAdressBits": 256
        },
        {
          "Type": "Struct",
          "ParseMessage": "",
          "ParseFailed": false,
          "Value": [
            {
              "Type": "Bool",
              "LengthBits": 1,
              "ParseMessage": "",
              "ParseFailed": false,
              "Value": null,
              "WriteValue": false,
              "TypeTypeScript": "BoolPlcTag",
              "ParentTag": false,
              "WriteMessage": null,
              "Name": "_NewResult",
              "Id": [
                0,
                30,
                0,
                4,
                0
              ],
              "Comment": "",
              "OpcNode": ";s=\"Scale_DB\".\"_SCALE_418\".\"_ReadResult\".\"_NewResult\"",
              "DbName": "Scale_DB",
              "ByteAdress": 44,
              "BitAdress": 0,
              "DbNumber": 78,
              "PlcMemoryType": "DB",
              "Lengthytes": 1,
              "StartAdressBits": 352,
              "EndAdressBits": 353
            },
            {
              "Type": "Bool",
              "LengthBits": 1,
              "ParseMessage": "",
              "ParseFailed": false,
              "Value": null,
              "WriteValue": false,
              "TypeTypeScript": "BoolPlcTag",
              "ParentTag": false,
              "WriteMessage": null,
              "Name": "_NewResult_Flag",
              "Id": [
                0,
                30,
                0,
                4,
                1
              ],
              "Comment": "",
              "OpcNode": ";s=\"Scale_DB\".\"_SCALE_418\".\"_ReadResult\".\"_NewResult_Flag\"",
              "DbName": "Scale_DB",
              "ByteAdress": 44,
              "BitAdress": 1,
              "DbNumber": 78,
              "PlcMemoryType": "DB",
              "Lengthytes": 1,
              "StartAdressBits": 353,
              "EndAdressBits": 354
            },
            {
              "Type": "Bool",
              "LengthBits": 1,
              "ParseMessage": "",
              "ParseFailed": false,
              "Value": null,
              "WriteValue": false,
              "TypeTypeScript": "BoolPlcTag",
              "ParentTag": false,
              "WriteMessage": null,
              "Name": "_Stable",
              "Id": [
                0,
                30,
                0,
                4,
                2
              ],
              "Comment": "",
              "OpcNode": ";s=\"Scale_DB\".\"_SCALE_418\".\"_ReadResult\".\"_Stable\"",
              "DbName": "Scale_DB",
              "ByteAdress": 44,
              "BitAdress": 2,
              "DbNumber": 78,
              "PlcMemoryType": "DB",
              "Lengthytes": 1,
              "StartAdressBits": 354,
              "EndAdressBits": 355
            },
            {
              "Type": "DInt",
              "LengthBits": 32,
              "ParseMessage": "",
              "ParseFailed": false,
              "Value": 0,
              "WriteValue": 0,
              "TypeTypeScript": "DIntPlcTag",
              "ParentTag": false,
              "WriteMessage": null,
              "Name": "_netWeightGrams",
              "Id": [
                0,
                30,
                0,
                4,
                3
              ],
              "Comment": "",
              "OpcNode": ";s=\"Scale_DB\".\"_SCALE_418\".\"_ReadResult\".\"_netWeightGrams\"",
              "DbName": "Scale_DB",
              "ByteAdress": 46,
              "BitAdress": 0,
              "DbNumber": 78,
              "PlcMemoryType": "DB",
              "Lengthytes": 4,
              "StartAdressBits": 368,
              "EndAdressBits": 400
            },
            {
              "Type": "DInt",
              "LengthBits": 32,
              "ParseMessage": "",
              "ParseFailed": false,
              "Value": 0,
              "WriteValue": 0,
              "TypeTypeScript": "DIntPlcTag",
              "ParentTag": false,
              "WriteMessage": null,
              "Name": "_netWeightGrams_Flag",
              "Id": [
                0,
                30,
                0,
                4,
                4
              ],
              "Comment": "",
              "OpcNode": ";s=\"Scale_DB\".\"_SCALE_418\".\"_ReadResult\".\"_netWeightGrams_Flag\"",
              "DbName": "Scale_DB",
              "ByteAdress": 50,
              "BitAdress": 0,
              "DbNumber": 78,
              "PlcMemoryType": "DB",
              "Lengthytes": 4,
              "StartAdressBits": 400,
              "EndAdressBits": 432
            }
          ],
          "ParentTag": true,
          "LengthBits": 80,
          "EndAdressBits": 432,
          "TypeTypeScript": "StructPlcTag",
          "WriteValue": null,
          "WriteMessage": null,
          "Name": "_ReadResult",
          "Id": [
            0,
            30,
            0,
            4
          ],
          "Comment": "",
          "OpcNode": ";s=\"Scale_DB\".\"_SCALE_418\".\"_ReadResult\"",
          "DbName": "Scale_DB",
          "ByteAdress": 44,
          "BitAdress": 0,
          "DbNumber": 78,
          "PlcMemoryType": "DB",
          "Lengthytes": 10,
          "StartAdressBits": 352
        },
        {
          "Type": "Struct",
          "ParseMessage": "",
          "ParseFailed": false,
          "Value": [
            {
              "Value": [
                {
                  "Type": "Bool",
                  "LengthBits": 1,
                  "ParseMessage": "",
                  "ParseFailed": false,
                  "Value": null,
                  "WriteValue": false,
                  "TypeTypeScript": "BoolPlcTag",
                  "ParentTag": false,
                  "WriteMessage": null,
                  "Name": "_Active",
                  "Id": [
                    0,
                    30,
                    0,
                    5,
                    0,
                    0
                  ],
                  "Comment": "",
                  "OpcNode": ";s=\"Scale_DB\".\"_SCALE_418\".\"_alarms\".\"_Error\".\"_Active\"",
                  "DbName": "Scale_DB",
                  "ByteAdress": 54,
                  "BitAdress": 0,
                  "DbNumber": 78,
                  "PlcMemoryType": "DB",
                  "Lengthytes": 1,
                  "StartAdressBits": 432,
                  "EndAdressBits": 433
                },
                {
                  "Type": "Bool",
                  "LengthBits": 1,
                  "ParseMessage": "",
                  "ParseFailed": false,
                  "Value": null,
                  "WriteValue": false,
                  "TypeTypeScript": "BoolPlcTag",
                  "ParentTag": false,
                  "WriteMessage": null,
                  "Name": "_Acknowledge",
                  "Id": [
                    0,
                    30,
                    0,
                    5,
                    0,
                    1
                  ],
                  "Comment": "",
                  "OpcNode": ";s=\"Scale_DB\".\"_SCALE_418\".\"_alarms\".\"_Error\".\"_Acknowledge\"",
                  "DbName": "Scale_DB",
                  "ByteAdress": 54,
                  "BitAdress": 1,
                  "DbNumber": 78,
                  "PlcMemoryType": "DB",
                  "Lengthytes": 1,
                  "StartAdressBits": 433,
                  "EndAdressBits": 434
                },
                {
                  "Type": "Int",
                  "LengthBits": 16,
                  "ParseMessage": "",
                  "ParseFailed": false,
                  "Value": null,
                  "WriteValue": 0,
                  "TypeTypeScript": "Int16PlcTag",
                  "ParentTag": false,
                  "WriteMessage": null,
                  "Name": "_type",
                  "Id": [
                    0,
                    30,
                    0,
                    5,
                    0,
                    2
                  ],
                  "Comment": "",
                  "OpcNode": ";s=\"Scale_DB\".\"_SCALE_418\".\"_alarms\".\"_Error\".\"_type\"",
                  "DbName": "Scale_DB",
                  "ByteAdress": 56,
                  "BitAdress": 0,
                  "DbNumber": 78,
                  "PlcMemoryType": "DB",
                  "Lengthytes": 2,
                  "StartAdressBits": 448,
                  "EndAdressBits": 464
                }
              ],
              "ParseMessage": "",
              "ParseFailed": false,
              "ParentTag": true,
              "TypeTypeScript": "HmiAlarm",
              "EndAdressBits": 464,
              "LengthBits": 32,
              "WriteValue": null,
              "WriteMessage": null,
              "Name": "_Error",
              "Id": [
                0,
                30,
                0,
                5,
                0
              ],
              "Type": "HmiAlarm",
              "Comment": "",
              "OpcNode": ";s=\"Scale_DB\".\"_SCALE_418\".\"_alarms\".\"_Error\"",
              "DbName": "Scale_DB",
              "ByteAdress": 54,
              "BitAdress": 0,
              "DbNumber": 78,
              "PlcMemoryType": "DB",
              "Lengthytes": 4,
              "StartAdressBits": 432
            },
            {
              "Value": [
                {
                  "Type": "Bool",
                  "LengthBits": 1,
                  "ParseMessage": "",
                  "ParseFailed": false,
                  "Value": null,
                  "WriteValue": false,
                  "TypeTypeScript": "BoolPlcTag",
                  "ParentTag": false,
                  "WriteMessage": null,
                  "Name": "_Active",
                  "Id": [
                    0,
                    30,
                    0,
                    5,
                    1,
                    0
                  ],
                  "Comment": "",
                  "OpcNode": ";s=\"Scale_DB\".\"_SCALE_418\".\"_alarms\".\"_notConnected\".\"_Active\"",
                  "DbName": "Scale_DB",
                  "ByteAdress": 58,
                  "BitAdress": 0,
                  "DbNumber": 78,
                  "PlcMemoryType": "DB",
                  "Lengthytes": 1,
                  "StartAdressBits": 464,
                  "EndAdressBits": 465
                },
                {
                  "Type": "Bool",
                  "LengthBits": 1,
                  "ParseMessage": "",
                  "ParseFailed": false,
                  "Value": null,
                  "WriteValue": false,
                  "TypeTypeScript": "BoolPlcTag",
                  "ParentTag": false,
                  "WriteMessage": null,
                  "Name": "_Acknowledge",
                  "Id": [
                    0,
                    30,
                    0,
                    5,
                    1,
                    1
                  ],
                  "Comment": "",
                  "OpcNode": ";s=\"Scale_DB\".\"_SCALE_418\".\"_alarms\".\"_notConnected\".\"_Acknowledge\"",
                  "DbName": "Scale_DB",
                  "ByteAdress": 58,
                  "BitAdress": 1,
                  "DbNumber": 78,
                  "PlcMemoryType": "DB",
                  "Lengthytes": 1,
                  "StartAdressBits": 465,
                  "EndAdressBits": 466
                },
                {
                  "Type": "Int",
                  "LengthBits": 16,
                  "ParseMessage": "",
                  "ParseFailed": false,
                  "Value": null,
                  "WriteValue": 0,
                  "TypeTypeScript": "Int16PlcTag",
                  "ParentTag": false,
                  "WriteMessage": null,
                  "Name": "_type",
                  "Id": [
                    0,
                    30,
                    0,
                    5,
                    1,
                    2
                  ],
                  "Comment": "",
                  "OpcNode": ";s=\"Scale_DB\".\"_SCALE_418\".\"_alarms\".\"_notConnected\".\"_type\"",
                  "DbName": "Scale_DB",
                  "ByteAdress": 60,
                  "BitAdress": 0,
                  "DbNumber": 78,
                  "PlcMemoryType": "DB",
                  "Lengthytes": 2,
                  "StartAdressBits": 480,
                  "EndAdressBits": 496
                }
              ],
              "ParseMessage": "",
              "ParseFailed": false,
              "ParentTag": true,
              "TypeTypeScript": "HmiAlarm",
              "EndAdressBits": 496,
              "LengthBits": 32,
              "WriteValue": null,
              "WriteMessage": null,
              "Name": "_notConnected",
              "Id": [
                0,
                30,
                0,
                5,
                1
              ],
              "Type": "HmiAlarm",
              "Comment": "",
              "OpcNode": ";s=\"Scale_DB\".\"_SCALE_418\".\"_alarms\".\"_notConnected\"",
              "DbName": "Scale_DB",
              "ByteAdress": 58,
              "BitAdress": 0,
              "DbNumber": 78,
              "PlcMemoryType": "DB",
              "Lengthytes": 4,
              "StartAdressBits": 464
            },
            {
              "Type": "Word",
              "LengthBits": 16,
              "ParseMessage": "",
              "ParseFailed": false,
              "Value": null,
              "WriteValue": null,
              "TypeTypeScript": "WordlcTag",
              "ParentTag": false,
              "WriteMessage": null,
              "Name": "_Status",
              "Id": [
                0,
                30,
                0,
                5,
                2
              ],
              "Comment": "",
              "OpcNode": ";s=\"Scale_DB\".\"_SCALE_418\".\"_alarms\".\"_Status\"",
              "DbName": "Scale_DB",
              "ByteAdress": 62,
              "BitAdress": 0,
              "DbNumber": 78,
              "PlcMemoryType": "DB",
              "Lengthytes": 2,
              "StartAdressBits": 496,
              "EndAdressBits": 512
            }
          ],
          "ParentTag": true,
          "LengthBits": 80,
          "EndAdressBits": 512,
          "TypeTypeScript": "StructPlcTag",
          "WriteValue": null,
          "WriteMessage": null,
          "Name": "_alarms",
          "Id": [
            0,
            30,
            0,
            5
          ],
          "Comment": "",
          "OpcNode": ";s=\"Scale_DB\".\"_SCALE_418\".\"_alarms\"",
          "DbName": "Scale_DB",
          "ByteAdress": 54,
          "BitAdress": 0,
          "DbNumber": 78,
          "PlcMemoryType": "DB",
          "Lengthytes": 10,
          "StartAdressBits": 432
        },
        {
          "Length": 40,
          "Chars": [],
          "Type": "String",
          "ParseMessage": "",
          "ParseFailed": false,
          "Value": null,
          "TypeTypeScript": "StringPlcTag",
          "ParentTag": false,
          "WriteValue": null,
          "WriteMessage": null,
          "Name": "_Name",
          "Id": [
            0,
            30,
            0,
            6
          ],
          "Comment": "",
          "OpcNode": ";s=\"Scale_DB\".\"_SCALE_418\".\"_Name\"",
          "DbName": "Scale_DB",
          "ByteAdress": 64,
          "BitAdress": 0,
          "DbNumber": 78,
          "PlcMemoryType": "DB",
          "LengthBits": 336,
          "Lengthytes": 42,
          "StartAdressBits": 512,
          "EndAdressBits": 848
        },
        {
          "Type": "Int",
          "LengthBits": 16,
          "ParseMessage": "",
          "ParseFailed": false,
          "Value": null,
          "WriteValue": 0,
          "TypeTypeScript": "Int16PlcTag",
          "ParentTag": false,
          "WriteMessage": null,
          "Name": "_zone",
          "Id": [
            0,
            30,
            0,
            7
          ],
          "Comment": "",
          "OpcNode": ";s=\"Scale_DB\".\"_SCALE_418\".\"_zone\"",
          "DbName": "Scale_DB",
          "ByteAdress": 106,
          "BitAdress": 0,
          "DbNumber": 78,
          "PlcMemoryType": "DB",
          "Lengthytes": 2,
          "StartAdressBits": 848,
          "EndAdressBits": 864
        }
      ],
      "ParseMessage": "",
      "ParseFailed": false,
      "ParentTag": true,
      "TypeTypeScript": "Scale_UDT",
      "EndAdressBits": 864,
      "LengthBits": 864,
      "WriteValue": null,
      "WriteMessage": null,
      "Name": "_SCALE_418",
      "Id": [
        0,
        30,
        0
      ],
      "Type": "Scale_UDT",
      "Comment": "",
      "OpcNode": ";s=\"Scale_DB\".\"_SCALE_418\"",
      "DbName": "Scale_DB",
      "ByteAdress": 0,
      "BitAdress": 0,
      "DbNumber": 78,
      "PlcMemoryType": "DB",
      "Lengthytes": 108,
      "StartAdressBits": 0
    },
    {
      "Value": [
        {
          "Type": "Bool",
          "LengthBits": 1,
          "ParseMessage": "",
          "ParseFailed": false,
          "Value": null,
          "WriteValue": false,
          "TypeTypeScript": "BoolPlcTag",
          "ParentTag": false,
          "WriteMessage": null,
          "Name": "_Zero",
          "Id": [
            0,
            30,
            1,
            0
          ],
          "Comment": "execute a zero command on the scale",
          "OpcNode": ";s=\"Scale_DB\".\"_EmptyScaleCommands\".\"_Zero\"",
          "DbName": "Scale_DB",
          "ByteAdress": 108,
          "BitAdress": 0,
          "DbNumber": 78,
          "PlcMemoryType": "DB",
          "Lengthytes": 1,
          "StartAdressBits": 864,
          "EndAdressBits": 865
        },
        {
          "Type": "Bool",
          "LengthBits": 1,
          "ParseMessage": "",
          "ParseFailed": false,
          "Value": null,
          "WriteValue": false,
          "TypeTypeScript": "BoolPlcTag",
          "ParentTag": false,
          "WriteMessage": null,
          "Name": "_Tare",
          "Id": [
            0,
            30,
            1,
            1
          ],
          "Comment": "execute a tare command on the scale",
          "OpcNode": ";s=\"Scale_DB\".\"_EmptyScaleCommands\".\"_Tare\"",
          "DbName": "Scale_DB",
          "ByteAdress": 108,
          "BitAdress": 1,
          "DbNumber": 78,
          "PlcMemoryType": "DB",
          "Lengthytes": 1,
          "StartAdressBits": 865,
          "EndAdressBits": 866
        },
        {
          "Type": "Bool",
          "LengthBits": 1,
          "ParseMessage": "",
          "ParseFailed": false,
          "Value": null,
          "WriteValue": false,
          "TypeTypeScript": "BoolPlcTag",
          "ParentTag": false,
          "WriteMessage": null,
          "Name": "_ResetTare",
          "Id": [
            0,
            30,
            1,
            2
          ],
          "Comment": "suppress an existing tare",
          "OpcNode": ";s=\"Scale_DB\".\"_EmptyScaleCommands\".\"_ResetTare\"",
          "DbName": "Scale_DB",
          "ByteAdress": 108,
          "BitAdress": 2,
          "DbNumber": 78,
          "PlcMemoryType": "DB",
          "Lengthytes": 1,
          "StartAdressBits": 866,
          "EndAdressBits": 867
        },
        {
          "Type": "Bool",
          "LengthBits": 1,
          "ParseMessage": "",
          "ParseFailed": false,
          "Value": null,
          "WriteValue": false,
          "TypeTypeScript": "BoolPlcTag",
          "ParentTag": false,
          "WriteMessage": null,
          "Name": "_WeighObject",
          "Id": [
            0,
            30,
            1,
            3
          ],
          "Comment": "",
          "OpcNode": ";s=\"Scale_DB\".\"_EmptyScaleCommands\".\"_WeighObject\"",
          "DbName": "Scale_DB",
          "ByteAdress": 108,
          "BitAdress": 3,
          "DbNumber": 78,
          "PlcMemoryType": "DB",
          "Lengthytes": 1,
          "StartAdressBits": 867,
          "EndAdressBits": 868
        },
        {
          "Type": "Int",
          "LengthBits": 16,
          "ParseMessage": "",
          "ParseFailed": false,
          "Value": null,
          "WriteValue": 0,
          "TypeTypeScript": "Int16PlcTag",
          "ParentTag": false,
          "WriteMessage": null,
          "Name": "_Command",
          "Id": [
            0,
            30,
            1,
            4
          ],
          "Comment": "send a command to the scale. List of available commands are described Scaime documentation",
          "OpcNode": ";s=\"Scale_DB\".\"_EmptyScaleCommands\".\"_Command\"",
          "DbName": "Scale_DB",
          "ByteAdress": 110,
          "BitAdress": 0,
          "DbNumber": 78,
          "PlcMemoryType": "DB",
          "Lengthytes": 2,
          "StartAdressBits": 880,
          "EndAdressBits": 896
        }
      ],
      "ParseMessage": "",
      "ParseFailed": false,
      "ParentTag": true,
      "TypeTypeScript": "Scale_CMD_UDT",
      "EndAdressBits": 896,
      "LengthBits": 32,
      "WriteValue": null,
      "WriteMessage": null,
      "Name": "_EmptyScaleCommands",
      "Id": [
        0,
        30,
        1
      ],
      "Type": "Scale_CMD_UDT",
      "Comment": "",
      "OpcNode": ";s=\"Scale_DB\".\"_EmptyScaleCommands\"",
      "DbName": "Scale_DB",
      "ByteAdress": 108,
      "BitAdress": 0,
      "DbNumber": 78,
      "PlcMemoryType": "DB",
      "Lengthytes": 4,
      "StartAdressBits": 864
    }
  ],
  "KeyName": "Scale_DB_DB78"
}