﻿<?xml version="1.0" encoding="utf-8"?>
<Document>
  <Engineering version="V16" />
  <DocumentInfo>
    <Created>2023-11-13T10:46:19.4773864Z</Created>
    <ExportSetting>WithReadOnly</ExportSetting>
    <InstalledProducts>
      <Product>
        <DisplayName>Totally Integrated Automation Portal</DisplayName>
        <DisplayVersion>V16 Update 6</DisplayVersion>
      </Product>
      <OptionPackage>
        <DisplayName>TIA Portal Version Control Interface</DisplayName>
        <DisplayVersion>V16 Update 2</DisplayVersion>
      </OptionPackage>
      <OptionPackage>
        <DisplayName>TIA Portal Openness</DisplayName>
        <DisplayVersion>V16 Update 6</DisplayVersion>
      </OptionPackage>
      <OptionPackage>
        <DisplayName>TIA Portal Teamcenter Gateway</DisplayName>
        <DisplayVersion>V16</DisplayVersion>
      </OptionPackage>
      <Product>
        <DisplayName>SINAMICS Startdrive Advanced</DisplayName>
        <DisplayVersion>V16 Update 5</DisplayVersion>
      </Product>
      <OptionPackage>
        <DisplayName>SINAMICS Startdrive G130, G150, S120, S150, SINAMICS MV, S210</DisplayName>
        <DisplayVersion>V16 Update 5</DisplayVersion>
      </OptionPackage>
      <OptionPackage>
        <DisplayName>SINAMICS Startdrive G110M, G120, G120C, G120D, G120P, G115D</DisplayName>
        <DisplayVersion>V16 Update 5</DisplayVersion>
      </OptionPackage>
      <Product>
        <DisplayName>STEP 7 Professional</DisplayName>
        <DisplayVersion>V16 Update 6</DisplayVersion>
      </Product>
      <OptionPackage>
        <DisplayName>STEP 7 Safety</DisplayName>
        <DisplayVersion>V16</DisplayVersion>
      </OptionPackage>
      <Product>
        <DisplayName>WinCC Advanced / Unified PC</DisplayName>
        <DisplayVersion>V16 Update 6</DisplayVersion>
      </Product>
    </InstalledProducts>
  </DocumentInfo>
  <SW.Types.PlcStruct ID="0">
    <AttributeList>
      <CreationDate ReadOnly="true">2021-07-13T07:41:36.2278727Z</CreationDate>
      <Interface><Sections xmlns="http://www.siemens.com/automation/Openness/SW/Interface/v4">
  <Section Name="None">
    <Member Name="Infeed_1" Datatype="UInt" />
    <Member Name="Infeed_2" Datatype="UInt" />
    <Member Name="Infeed_3" Datatype="UInt" />
    <Member Name="Infeed_4" Datatype="UInt" />
    <Member Name="Infeed_5" Datatype="UInt" />
    <Member Name="MainLane_Total" Datatype="UInt" />
    <Member Name="Scan100_Reject" Datatype="UInt" />
    <Member Name="Scan100_Exit1" Datatype="UInt" />
    <Member Name="Scan100_Exit2" Datatype="UInt" />
    <Member Name="Scan100MainLane" Datatype="UInt" />
    <Member Name="Scan200_Rejct" Datatype="UInt" />
    <Member Name="Scan200_Printer1" Datatype="UInt" />
    <Member Name="Scan200_Printer2" Datatype="UInt" />
    <Member Name="Scan200_Printer3" Datatype="UInt" />
    <Member Name="Scan200_MainLane" Datatype="UInt" />
    <Member Name="MezzanineRetour_Printer1" Datatype="UInt" />
    <Member Name="MezzanineRetour_Printer2" Datatype="UInt" />
    <Member Name="Printer1_OK" Datatype="UInt" />
    <Member Name="Printer1_NOK" Datatype="UInt" />
    <Member Name="Printer2_OK" Datatype="UInt" />
    <Member Name="Printer2_NOK" Datatype="UInt" />
    <Member Name="Printer3_OK" Datatype="UInt" />
    <Member Name="Printer3_NOK" Datatype="UInt" />
  </Section>
</Sections></Interface>
      <InterfaceModifiedDate ReadOnly="true">2021-03-11T07:33:04.7322472Z</InterfaceModifiedDate>
      <IsConsistent ReadOnly="true">true</IsConsistent>
      <LibraryConformanceStatus ReadOnly="true">The object is library-conformant.</LibraryConformanceStatus>
      <ModifiedDate ReadOnly="true">2021-03-27T07:36:47.4918093Z</ModifiedDate>
      <Name>System_Counters_UDT</Name>
    </AttributeList>
    <ObjectList>
      <MultilingualText ID="1" CompositionName="Comment">
        <ObjectList>
          <MultilingualTextItem ID="2" CompositionName="Items">
            <AttributeList>
              <Culture>en-US</Culture>
              <Text />
            </AttributeList>
          </MultilingualTextItem>
          <MultilingualTextItem ID="3" CompositionName="Items">
            <AttributeList>
              <Culture>fr-BE</Culture>
              <Text />
            </AttributeList>
          </MultilingualTextItem>
        </ObjectList>
      </MultilingualText>
      <MultilingualText ID="4" CompositionName="Title">
        <ObjectList>
          <MultilingualTextItem ID="5" CompositionName="Items">
            <AttributeList>
              <Culture>en-US</Culture>
              <Text />
            </AttributeList>
          </MultilingualTextItem>
          <MultilingualTextItem ID="6" CompositionName="Items">
            <AttributeList>
              <Culture>fr-BE</Culture>
              <Text />
            </AttributeList>
          </MultilingualTextItem>
        </ObjectList>
      </MultilingualText>
    </ObjectList>
  </SW.Types.PlcStruct>
</Document>