﻿<?xml version="1.0" encoding="utf-8"?>
<Document>
  <Engineering version="V16" />
  <DocumentInfo>
    <Created>2023-11-13T10:46:12.0677622Z</Created>
    <ExportSetting>WithDefaults</ExportSetting>
    <InstalledProducts>
      <Product>
        <DisplayName>Totally Integrated Automation Portal</DisplayName>
        <DisplayVersion>V16 Update 6</DisplayVersion>
      </Product>
      <OptionPackage>
        <DisplayName>TIA Portal Version Control Interface</DisplayName>
        <DisplayVersion>V16 Update 2</DisplayVersion>
      </OptionPackage>
      <OptionPackage>
        <DisplayName>TIA Portal Openness</DisplayName>
        <DisplayVersion>V16 Update 6</DisplayVersion>
      </OptionPackage>
      <OptionPackage>
        <DisplayName>TIA Portal Teamcenter Gateway</DisplayName>
        <DisplayVersion>V16</DisplayVersion>
      </OptionPackage>
      <Product>
        <DisplayName>SINAMICS Startdrive Advanced</DisplayName>
        <DisplayVersion>V16 Update 5</DisplayVersion>
      </Product>
      <OptionPackage>
        <DisplayName>SINAMICS Startdrive G130, G150, S120, S150, SINAMICS MV, S210</DisplayName>
        <DisplayVersion>V16 Update 5</DisplayVersion>
      </OptionPackage>
      <OptionPackage>
        <DisplayName>SINAMICS Startdrive G110M, G120, G120C, G120D, G120P, G115D</DisplayName>
        <DisplayVersion>V16 Update 5</DisplayVersion>
      </OptionPackage>
      <Product>
        <DisplayName>STEP 7 Professional</DisplayName>
        <DisplayVersion>V16 Update 6</DisplayVersion>
      </Product>
      <OptionPackage>
        <DisplayName>STEP 7 Safety</DisplayName>
        <DisplayVersion>V16</DisplayVersion>
      </OptionPackage>
      <Product>
        <DisplayName>WinCC Advanced / Unified PC</DisplayName>
        <DisplayVersion>V16 Update 6</DisplayVersion>
      </Product>
    </InstalledProducts>
  </DocumentInfo>
  <SW.Blocks.FB ID="0">
    <AttributeList>
      <AutoNumber>true</AutoNumber>
      <HeaderAuthor />
      <HeaderFamily />
      <HeaderName />
      <HeaderVersion>0.1</HeaderVersion>
      <Interface><Sections xmlns="http://www.siemens.com/automation/Openness/SW/Interface/v4">
  <Section Name="Input" />
  <Section Name="Output" />
  <Section Name="InOut">
    <Member Name="IO_Upstream" Datatype="&quot;Conveyor_UDT&quot;" Accessibility="Public">
      <Sections>
        <Section Name="None">
          <Member Name="Settings" Datatype="Struct">
            <Member Name="Mode" Datatype="Int" />
            <Member Name="AutomaticBuffering" Datatype="Bool" />
            <Member Name="Direction" Datatype="Bool" />
            <Member Name="EnergySave" Datatype="Bool" />
            <Member Name="RunIddle" Datatype="Bool" />
            <Member Name="AutoReset" Datatype="Bool" />
            <Member Name="SentHoldOnCheckReceive" Datatype="Bool" />
            <Member Name="Timings" Datatype="&quot;ConveyorTimes_UDT&quot;">
              <Sections>
                <Section Name="None">
                  <Member Name="DelayedStart" Datatype="Time" />
                  <Member Name="ConveyorLength" Datatype="Real" />
                  <Member Name="InitDistance" Datatype="Real" />
                  <Member Name="ReceiveDistance" Datatype="Real" />
                  <Member Name="SendDistance" Datatype="Real" />
                  <Member Name="SleepDistance" Datatype="Real" />
                  <Member Name="GapDistance" Datatype="Real" />
                  <Member Name="StartupDelay" Datatype="Time" />
                </Section>
              </Sections>
            </Member>
            <Member Name="Speed" Datatype="Struct">
              <Member Name="speed" Datatype="Real" />
              <Member Name="UpstreamGain" Datatype="Real" />
              <Member Name="speedController" Datatype="Bool" />
            </Member>
            <Member Name="Alarms" Datatype="Struct">
              <Member Name="BlockDetectionOn" Datatype="Bool" />
              <Member Name="BlockedAtStartSensor" Datatype="Bool" />
              <Member Name="ParcelsToCloseDetectionOn" Datatype="Bool" />
              <Member Name="ParcelsToLongDetectionOn" Datatype="Bool" />
              <Member Name="ParcelToShortDetectionOn" Datatype="Bool" />
              <Member Name="BlockRetrys" Datatype="Int" />
              <Member Name="SentTimeError" Datatype="Real" />
              <Member Name="TimeBetweenParcels" Datatype="Real" />
              <Member Name="MinSizeParcel" Datatype="Real" />
              <Member Name="MaxSizeParcel" Datatype="Real" />
            </Member>
          </Member>
          <Member Name="Cmd" Datatype="Struct">
            <Member Name="Reset" Datatype="Bool" />
            <Member Name="ReInitialize" Datatype="Bool" />
            <Member Name="RunAuto" Datatype="Bool" />
            <Member Name="RunManual" Datatype="Bool" />
            <Member Name="SpeedAuto" Datatype="Real" />
            <Member Name="SpeedManual" Datatype="Real" />
            <Member Name="ReadyToReceive" Datatype="Bool" />
            <Member Name="ReadyToSent" Datatype="Bool" />
            <Member Name="InvertFlow" Datatype="Bool" />
            <Member Name="Direction" Datatype="Bool" />
            <Member Name="Accumulate" Datatype="Struct">
              <Member Name="Acc_ext_1" Datatype="Bool" />
              <Member Name="Acc_ext_2" Datatype="Bool" />
              <Member Name="Acc_ext_3" Datatype="Bool" />
              <Member Name="Acc_ext_4" Datatype="Bool" />
              <Member Name="Acc_ext_5" Datatype="Bool" />
              <Member Name="Acc_TC_1" Datatype="Bool" />
              <Member Name="Acc_TC_2" Datatype="Bool" />
              <Member Name="Acc_TC_3" Datatype="Bool" />
              <Member Name="Acc_Scan_1" Datatype="Bool" />
              <Member Name="Acc_Scan_2" Datatype="Bool" />
              <Member Name="Acc_Scan_3" Datatype="Bool" />
              <Member Name="Acc_Scale_1" Datatype="Bool" />
              <Member Name="Acc_Scale_2" Datatype="Bool" />
              <Member Name="Acc_Scale_3" Datatype="Bool" />
            </Member>
            <Member Name="StartRequestObject" Datatype="Bool" />
            <Member Name="StopRequestObject" Datatype="Bool" />
            <Member Name="IgnoreStandby" Datatype="Bool" />
            <Member Name="ManualOverride" Datatype="Bool" />
            <Member Name="Interlock" Datatype="Bool" />
          </Member>
          <Member Name="Input" Datatype="Struct">
            <Member Name="SensorStartHMI" Datatype="Bool" />
            <Member Name="SensorEndHMI" Datatype="Bool" />
            <Member Name="SensorAtStartLogic" Datatype="&quot;SmartBooldt&quot;">
              <Sections>
                <Section Name="None">
                  <Member Name="State" Datatype="Bool" />
                  <Member Name="LE" Datatype="Bool" />
                  <Member Name="FE" Datatype="Bool" />
                  <Member Name="sensorTest" Datatype="Bool" />
                  <Member Name="IddleSignal" Datatype="Bool" />
                  <Member Name="testFailed" Datatype="Bool" />
                  <Member Name="Counter" Datatype="UInt" />
                </Section>
              </Sections>
            </Member>
            <Member Name="SensorAtEndLogic" Datatype="&quot;SmartBooldt&quot;">
              <Sections>
                <Section Name="None">
                  <Member Name="State" Datatype="Bool" />
                  <Member Name="LE" Datatype="Bool" />
                  <Member Name="FE" Datatype="Bool" />
                  <Member Name="sensorTest" Datatype="Bool" />
                  <Member Name="IddleSignal" Datatype="Bool" />
                  <Member Name="testFailed" Datatype="Bool" />
                  <Member Name="Counter" Datatype="UInt" />
                </Section>
              </Sections>
            </Member>
            <Member Name="Running_FB" Datatype="Bool" />
            <Member Name="Interlock" Datatype="Bool" />
          </Member>
          <Member Name="Alarms" Datatype="Struct">
            <Member Name="BlockedReceive" Datatype="&quot;HmiAlarm&quot;">
              <Sections>
                <Section Name="None">
                  <Member Name="Active" Datatype="Bool" />
                  <Member Name="Acknowledge" Datatype="Bool" />
                  <Member Name="type" Datatype="Int" />
                </Section>
              </Sections>
            </Member>
            <Member Name="BlockedSending" Datatype="&quot;HmiAlarm&quot;">
              <Sections>
                <Section Name="None">
                  <Member Name="Active" Datatype="Bool" />
                  <Member Name="Acknowledge" Datatype="Bool" />
                  <Member Name="type" Datatype="Int" />
                </Section>
              </Sections>
            </Member>
            <Member Name="ToClose" Datatype="&quot;HmiAlarm&quot;">
              <Sections>
                <Section Name="None">
                  <Member Name="Active" Datatype="Bool" />
                  <Member Name="Acknowledge" Datatype="Bool" />
                  <Member Name="type" Datatype="Int" />
                </Section>
              </Sections>
            </Member>
            <Member Name="ToSmall" Datatype="&quot;HmiAlarm&quot;">
              <Sections>
                <Section Name="None">
                  <Member Name="Active" Datatype="Bool" />
                  <Member Name="Acknowledge" Datatype="Bool" />
                  <Member Name="type" Datatype="Int" />
                </Section>
              </Sections>
            </Member>
            <Member Name="ToLong" Datatype="&quot;HmiAlarm&quot;">
              <Sections>
                <Section Name="None">
                  <Member Name="Active" Datatype="Bool" />
                  <Member Name="Acknowledge" Datatype="Bool" />
                  <Member Name="type" Datatype="Int" />
                </Section>
              </Sections>
            </Member>
            <Member Name="MotorAlarm" Datatype="&quot;HmiAlarm&quot;">
              <Sections>
                <Section Name="None">
                  <Member Name="Active" Datatype="Bool" />
                  <Member Name="Acknowledge" Datatype="Bool" />
                  <Member Name="type" Datatype="Int" />
                </Section>
              </Sections>
            </Member>
            <Member Name="AlarmActive" Datatype="&quot;HmiAlarm&quot;">
              <Sections>
                <Section Name="None">
                  <Member Name="Active" Datatype="Bool" />
                  <Member Name="Acknowledge" Datatype="Bool" />
                  <Member Name="type" Datatype="Int" />
                </Section>
              </Sections>
            </Member>
            <Member Name="Status" Datatype="Word" />
          </Member>
          <Member Name="Status" Datatype="Struct">
            <Member Name="AccumulationOn" Datatype="Bool" />
            <Member Name="StartedAutoMode" Datatype="Bool" />
            <Member Name="ReadyForStandby" Datatype="Bool" />
            <Member Name="RequestForSending" Datatype="Bool" />
            <Member Name="ExecutingReceiveSequence" Datatype="Bool" />
            <Member Name="ExecutingSendingSequence" Datatype="Bool" />
            <Member Name="ObjectSentPulse" Datatype="Bool" />
            <Member Name="ObjectReceivePulse" Datatype="Bool" />
            <Member Name="GapTimeOk" Datatype="Bool" />
            <Member Name="Empty" Datatype="Bool" />
            <Member Name="ObjectOnConveyor" Datatype="Bool" />
            <Member Name="Initialized" Datatype="Bool" />
            <Member Name="ManualMode" Datatype="Bool" />
          </Member>
          <Member Name="TrackingCmd" Datatype="Struct">
            <Member Name="InductNewTracking" Datatype="Bool" />
            <Member Name="ClearTracking" Datatype="Bool" />
            <Member Name="NewTrackingId" Datatype="&quot;Tracking_Simple_UDT_1&quot;">
              <Sections>
                <Section Name="None">
                  <Member Name="ID" Datatype="UInt" />
                  <Member Name="PLC_Dest" Datatype="Int" />
                  <Member Name="WMS_Dest" Datatype="String[20]" />
                  <Member Name="Barcode" Datatype="String" />
                  <Member Name="GoodRead" Datatype="Bool" />
                  <Member Name="weightGram" Datatype="Real" />
                  <Member Name="prio" Datatype="Bool" />
                </Section>
              </Sections>
            </Member>
          </Member>
          <Member Name="TrackingStat" Datatype="Struct">
            <Member Name="Current" Datatype="&quot;Tracking_Simple_UDT_1&quot;">
              <Sections>
                <Section Name="None">
                  <Member Name="ID" Datatype="UInt" />
                  <Member Name="PLC_Dest" Datatype="Int" />
                  <Member Name="WMS_Dest" Datatype="String[20]" />
                  <Member Name="Barcode" Datatype="String" />
                  <Member Name="GoodRead" Datatype="Bool" />
                  <Member Name="weightGram" Datatype="Real" />
                  <Member Name="prio" Datatype="Bool" />
                </Section>
              </Sections>
            </Member>
            <Member Name="InSending" Datatype="&quot;Tracking_Simple_UDT_1&quot;">
              <Sections>
                <Section Name="None">
                  <Member Name="ID" Datatype="UInt" />
                  <Member Name="PLC_Dest" Datatype="Int" />
                  <Member Name="WMS_Dest" Datatype="String[20]" />
                  <Member Name="Barcode" Datatype="String" />
                  <Member Name="GoodRead" Datatype="Bool" />
                  <Member Name="weightGram" Datatype="Real" />
                  <Member Name="prio" Datatype="Bool" />
                </Section>
              </Sections>
            </Member>
            <Member Name="TrackingReceived" Datatype="Bool" />
            <Member Name="TrackingCleared" Datatype="Bool" />
          </Member>
          <Member Name="Encoder" Datatype="&quot;VirtualEncoder_UDT&quot;">
            <Sections>
              <Section Name="None">
                <Member Name="Distance_mm" Datatype="Real" />
                <Member Name="Speed_mm_ms" Datatype="Real" />
                <Member Name="Settings" Datatype="Struct">
                  <Member Name="Base_M_min" Datatype="Real" />
                  <Member Name="BaseRelative" Datatype="Real" />
                </Member>
              </Section>
            </Sections>
          </Member>
          <Member Name="DiagNostics" Datatype="Struct">
            <Member Name="ReceivedCounter" Datatype="UDInt" />
            <Member Name="SendingCounter" Datatype="UDInt" />
          </Member>
          <Member Name="Index" Datatype="Int" />
          <Member Name="Name" Datatype="String[25]" />
          <Member Name="Zone" Datatype="Int" />
        </Section>
      </Sections>
    </Member>
    <Member Name="IO_CurrentStream" Datatype="&quot;Conveyor_UDT&quot;" Accessibility="Public">
      <Sections>
        <Section Name="None">
          <Member Name="Settings" Datatype="Struct">
            <Member Name="Mode" Datatype="Int" />
            <Member Name="AutomaticBuffering" Datatype="Bool" />
            <Member Name="Direction" Datatype="Bool" />
            <Member Name="EnergySave" Datatype="Bool" />
            <Member Name="RunIddle" Datatype="Bool" />
            <Member Name="AutoReset" Datatype="Bool" />
            <Member Name="SentHoldOnCheckReceive" Datatype="Bool" />
            <Member Name="Timings" Datatype="&quot;ConveyorTimes_UDT&quot;">
              <Sections>
                <Section Name="None">
                  <Member Name="DelayedStart" Datatype="Time" />
                  <Member Name="ConveyorLength" Datatype="Real" />
                  <Member Name="InitDistance" Datatype="Real" />
                  <Member Name="ReceiveDistance" Datatype="Real" />
                  <Member Name="SendDistance" Datatype="Real" />
                  <Member Name="SleepDistance" Datatype="Real" />
                  <Member Name="GapDistance" Datatype="Real" />
                  <Member Name="StartupDelay" Datatype="Time" />
                </Section>
              </Sections>
            </Member>
            <Member Name="Speed" Datatype="Struct">
              <Member Name="speed" Datatype="Real" />
              <Member Name="UpstreamGain" Datatype="Real" />
              <Member Name="speedController" Datatype="Bool" />
            </Member>
            <Member Name="Alarms" Datatype="Struct">
              <Member Name="BlockDetectionOn" Datatype="Bool" />
              <Member Name="BlockedAtStartSensor" Datatype="Bool" />
              <Member Name="ParcelsToCloseDetectionOn" Datatype="Bool" />
              <Member Name="ParcelsToLongDetectionOn" Datatype="Bool" />
              <Member Name="ParcelToShortDetectionOn" Datatype="Bool" />
              <Member Name="BlockRetrys" Datatype="Int" />
              <Member Name="SentTimeError" Datatype="Real" />
              <Member Name="TimeBetweenParcels" Datatype="Real" />
              <Member Name="MinSizeParcel" Datatype="Real" />
              <Member Name="MaxSizeParcel" Datatype="Real" />
            </Member>
          </Member>
          <Member Name="Cmd" Datatype="Struct">
            <Member Name="Reset" Datatype="Bool" />
            <Member Name="ReInitialize" Datatype="Bool" />
            <Member Name="RunAuto" Datatype="Bool" />
            <Member Name="RunManual" Datatype="Bool" />
            <Member Name="SpeedAuto" Datatype="Real" />
            <Member Name="SpeedManual" Datatype="Real" />
            <Member Name="ReadyToReceive" Datatype="Bool" />
            <Member Name="ReadyToSent" Datatype="Bool" />
            <Member Name="InvertFlow" Datatype="Bool" />
            <Member Name="Direction" Datatype="Bool" />
            <Member Name="Accumulate" Datatype="Struct">
              <Member Name="Acc_ext_1" Datatype="Bool" />
              <Member Name="Acc_ext_2" Datatype="Bool" />
              <Member Name="Acc_ext_3" Datatype="Bool" />
              <Member Name="Acc_ext_4" Datatype="Bool" />
              <Member Name="Acc_ext_5" Datatype="Bool" />
              <Member Name="Acc_TC_1" Datatype="Bool" />
              <Member Name="Acc_TC_2" Datatype="Bool" />
              <Member Name="Acc_TC_3" Datatype="Bool" />
              <Member Name="Acc_Scan_1" Datatype="Bool" />
              <Member Name="Acc_Scan_2" Datatype="Bool" />
              <Member Name="Acc_Scan_3" Datatype="Bool" />
              <Member Name="Acc_Scale_1" Datatype="Bool" />
              <Member Name="Acc_Scale_2" Datatype="Bool" />
              <Member Name="Acc_Scale_3" Datatype="Bool" />
            </Member>
            <Member Name="StartRequestObject" Datatype="Bool" />
            <Member Name="StopRequestObject" Datatype="Bool" />
            <Member Name="IgnoreStandby" Datatype="Bool" />
            <Member Name="ManualOverride" Datatype="Bool" />
            <Member Name="Interlock" Datatype="Bool" />
          </Member>
          <Member Name="Input" Datatype="Struct">
            <Member Name="SensorStartHMI" Datatype="Bool" />
            <Member Name="SensorEndHMI" Datatype="Bool" />
            <Member Name="SensorAtStartLogic" Datatype="&quot;SmartBooldt&quot;">
              <Sections>
                <Section Name="None">
                  <Member Name="State" Datatype="Bool" />
                  <Member Name="LE" Datatype="Bool" />
                  <Member Name="FE" Datatype="Bool" />
                  <Member Name="sensorTest" Datatype="Bool" />
                  <Member Name="IddleSignal" Datatype="Bool" />
                  <Member Name="testFailed" Datatype="Bool" />
                  <Member Name="Counter" Datatype="UInt" />
                </Section>
              </Sections>
            </Member>
            <Member Name="SensorAtEndLogic" Datatype="&quot;SmartBooldt&quot;">
              <Sections>
                <Section Name="None">
                  <Member Name="State" Datatype="Bool" />
                  <Member Name="LE" Datatype="Bool" />
                  <Member Name="FE" Datatype="Bool" />
                  <Member Name="sensorTest" Datatype="Bool" />
                  <Member Name="IddleSignal" Datatype="Bool" />
                  <Member Name="testFailed" Datatype="Bool" />
                  <Member Name="Counter" Datatype="UInt" />
                </Section>
              </Sections>
            </Member>
            <Member Name="Running_FB" Datatype="Bool" />
            <Member Name="Interlock" Datatype="Bool" />
          </Member>
          <Member Name="Alarms" Datatype="Struct">
            <Member Name="BlockedReceive" Datatype="&quot;HmiAlarm&quot;">
              <Sections>
                <Section Name="None">
                  <Member Name="Active" Datatype="Bool" />
                  <Member Name="Acknowledge" Datatype="Bool" />
                  <Member Name="type" Datatype="Int" />
                </Section>
              </Sections>
            </Member>
            <Member Name="BlockedSending" Datatype="&quot;HmiAlarm&quot;">
              <Sections>
                <Section Name="None">
                  <Member Name="Active" Datatype="Bool" />
                  <Member Name="Acknowledge" Datatype="Bool" />
                  <Member Name="type" Datatype="Int" />
                </Section>
              </Sections>
            </Member>
            <Member Name="ToClose" Datatype="&quot;HmiAlarm&quot;">
              <Sections>
                <Section Name="None">
                  <Member Name="Active" Datatype="Bool" />
                  <Member Name="Acknowledge" Datatype="Bool" />
                  <Member Name="type" Datatype="Int" />
                </Section>
              </Sections>
            </Member>
            <Member Name="ToSmall" Datatype="&quot;HmiAlarm&quot;">
              <Sections>
                <Section Name="None">
                  <Member Name="Active" Datatype="Bool" />
                  <Member Name="Acknowledge" Datatype="Bool" />
                  <Member Name="type" Datatype="Int" />
                </Section>
              </Sections>
            </Member>
            <Member Name="ToLong" Datatype="&quot;HmiAlarm&quot;">
              <Sections>
                <Section Name="None">
                  <Member Name="Active" Datatype="Bool" />
                  <Member Name="Acknowledge" Datatype="Bool" />
                  <Member Name="type" Datatype="Int" />
                </Section>
              </Sections>
            </Member>
            <Member Name="MotorAlarm" Datatype="&quot;HmiAlarm&quot;">
              <Sections>
                <Section Name="None">
                  <Member Name="Active" Datatype="Bool" />
                  <Member Name="Acknowledge" Datatype="Bool" />
                  <Member Name="type" Datatype="Int" />
                </Section>
              </Sections>
            </Member>
            <Member Name="AlarmActive" Datatype="&quot;HmiAlarm&quot;">
              <Sections>
                <Section Name="None">
                  <Member Name="Active" Datatype="Bool" />
                  <Member Name="Acknowledge" Datatype="Bool" />
                  <Member Name="type" Datatype="Int" />
                </Section>
              </Sections>
            </Member>
            <Member Name="Status" Datatype="Word" />
          </Member>
          <Member Name="Status" Datatype="Struct">
            <Member Name="AccumulationOn" Datatype="Bool" />
            <Member Name="StartedAutoMode" Datatype="Bool" />
            <Member Name="ReadyForStandby" Datatype="Bool" />
            <Member Name="RequestForSending" Datatype="Bool" />
            <Member Name="ExecutingReceiveSequence" Datatype="Bool" />
            <Member Name="ExecutingSendingSequence" Datatype="Bool" />
            <Member Name="ObjectSentPulse" Datatype="Bool" />
            <Member Name="ObjectReceivePulse" Datatype="Bool" />
            <Member Name="GapTimeOk" Datatype="Bool" />
            <Member Name="Empty" Datatype="Bool" />
            <Member Name="ObjectOnConveyor" Datatype="Bool" />
            <Member Name="Initialized" Datatype="Bool" />
            <Member Name="ManualMode" Datatype="Bool" />
          </Member>
          <Member Name="TrackingCmd" Datatype="Struct">
            <Member Name="InductNewTracking" Datatype="Bool" />
            <Member Name="ClearTracking" Datatype="Bool" />
            <Member Name="NewTrackingId" Datatype="&quot;Tracking_Simple_UDT_1&quot;">
              <Sections>
                <Section Name="None">
                  <Member Name="ID" Datatype="UInt" />
                  <Member Name="PLC_Dest" Datatype="Int" />
                  <Member Name="WMS_Dest" Datatype="String[20]" />
                  <Member Name="Barcode" Datatype="String" />
                  <Member Name="GoodRead" Datatype="Bool" />
                  <Member Name="weightGram" Datatype="Real" />
                  <Member Name="prio" Datatype="Bool" />
                </Section>
              </Sections>
            </Member>
          </Member>
          <Member Name="TrackingStat" Datatype="Struct">
            <Member Name="Current" Datatype="&quot;Tracking_Simple_UDT_1&quot;">
              <Sections>
                <Section Name="None">
                  <Member Name="ID" Datatype="UInt" />
                  <Member Name="PLC_Dest" Datatype="Int" />
                  <Member Name="WMS_Dest" Datatype="String[20]" />
                  <Member Name="Barcode" Datatype="String" />
                  <Member Name="GoodRead" Datatype="Bool" />
                  <Member Name="weightGram" Datatype="Real" />
                  <Member Name="prio" Datatype="Bool" />
                </Section>
              </Sections>
            </Member>
            <Member Name="InSending" Datatype="&quot;Tracking_Simple_UDT_1&quot;">
              <Sections>
                <Section Name="None">
                  <Member Name="ID" Datatype="UInt" />
                  <Member Name="PLC_Dest" Datatype="Int" />
                  <Member Name="WMS_Dest" Datatype="String[20]" />
                  <Member Name="Barcode" Datatype="String" />
                  <Member Name="GoodRead" Datatype="Bool" />
                  <Member Name="weightGram" Datatype="Real" />
                  <Member Name="prio" Datatype="Bool" />
                </Section>
              </Sections>
            </Member>
            <Member Name="TrackingReceived" Datatype="Bool" />
            <Member Name="TrackingCleared" Datatype="Bool" />
          </Member>
          <Member Name="Encoder" Datatype="&quot;VirtualEncoder_UDT&quot;">
            <Sections>
              <Section Name="None">
                <Member Name="Distance_mm" Datatype="Real" />
                <Member Name="Speed_mm_ms" Datatype="Real" />
                <Member Name="Settings" Datatype="Struct">
                  <Member Name="Base_M_min" Datatype="Real" />
                  <Member Name="BaseRelative" Datatype="Real" />
                </Member>
              </Section>
            </Sections>
          </Member>
          <Member Name="DiagNostics" Datatype="Struct">
            <Member Name="ReceivedCounter" Datatype="UDInt" />
            <Member Name="SendingCounter" Datatype="UDInt" />
          </Member>
          <Member Name="Index" Datatype="Int" />
          <Member Name="Name" Datatype="String[25]" />
          <Member Name="Zone" Datatype="Int" />
        </Section>
      </Sections>
    </Member>
    <Member Name="IO_Scanner" Datatype="&quot;COGNEX_DATAMAN_LOGIC_UDT&quot;" Accessibility="Public">
      <Sections>
        <Section Name="None">
          <Member Name="Cmd" Datatype="Struct">
            <Member Name="Reset" Datatype="Bool" />
            <Member Name="ScanAuto" Datatype="Bool" />
            <Member Name="ScanManual" Datatype="Bool" />
          </Member>
          <Member Name="Status" Datatype="Struct">
            <Member Name="ReadyForNewScan" Datatype="Bool" />
            <Member Name="ReqDone" Datatype="Bool" />
            <Member Name="ReqBusy" Datatype="Bool" />
            <Member Name="ManualModeActive" Datatype="Bool" />
          </Member>
          <Member Name="Alarms" Datatype="Struct">
            <Member Name="NotConnected" Datatype="&quot;HmiAlarm&quot;">
              <Sections>
                <Section Name="None">
                  <Member Name="Active" Datatype="Bool" />
                  <Member Name="Acknowledge" Datatype="Bool" />
                  <Member Name="type" Datatype="Int" />
                </Section>
              </Sections>
            </Member>
            <Member Name="TimeOutReading" Datatype="&quot;HmiAlarm&quot;">
              <Sections>
                <Section Name="None">
                  <Member Name="Active" Datatype="Bool" />
                  <Member Name="Acknowledge" Datatype="Bool" />
                  <Member Name="type" Datatype="Int" />
                </Section>
              </Sections>
            </Member>
            <Member Name="TriggerGuard" Datatype="&quot;HmiAlarm&quot;">
              <Sections>
                <Section Name="None">
                  <Member Name="Active" Datatype="Bool" />
                  <Member Name="Acknowledge" Datatype="Bool" />
                  <Member Name="type" Datatype="Int" />
                </Section>
              </Sections>
            </Member>
            <Member Name="ErrorFromScanner" Datatype="&quot;HmiAlarm&quot;">
              <Sections>
                <Section Name="None">
                  <Member Name="Active" Datatype="Bool" />
                  <Member Name="Acknowledge" Datatype="Bool" />
                  <Member Name="type" Datatype="Int" />
                </Section>
              </Sections>
            </Member>
            <Member Name="SerialBufferOverFlow" Datatype="&quot;HmiAlarm&quot;">
              <Sections>
                <Section Name="None">
                  <Member Name="Active" Datatype="Bool" />
                  <Member Name="Acknowledge" Datatype="Bool" />
                  <Member Name="type" Datatype="Int" />
                </Section>
              </Sections>
            </Member>
            <Member Name="status" Datatype="Word" />
          </Member>
          <Member Name="DiagNostic" Datatype="Struct">
            <Member Name="GoodReads" Datatype="UDInt" />
            <Member Name="BadReads" Datatype="UDInt" />
            <Member Name="TimeOuts" Datatype="UDInt" />
            <Member Name="MissedTrigger" Datatype="UDInt" />
            <Member Name="OutOfSync" Datatype="UDInt" />
            <Member Name="Scans" Datatype="UDInt" />
            <Member Name="ParsingTime" Datatype="Time" />
          </Member>
          <Member Name="Settings" Datatype="Struct">
            <Member Name="OnDelay" Datatype="Time" />
            <Member Name="OffDelay" Datatype="Time" />
            <Member Name="TimeOut" Datatype="Time" />
          </Member>
          <Member Name="ReadingResult" Datatype="Struct">
            <Member Name="NewResult_Pulse" Datatype="Bool" />
            <Member Name="GoodRead" Datatype="Bool" />
            <Member Name="BadRead" Datatype="Bool" />
            <Member Name="TimeOut" Datatype="Bool" />
            <Member Name="MissedTrigger" Datatype="Bool" />
            <Member Name="OutOfSync" Datatype="Bool" />
            <Member Name="Barcode" Datatype="String[136]" />
            <Member Name="GoodRead_Pulse" Datatype="Bool" />
            <Member Name="BadRead_Pulse" Datatype="Bool" />
            <Member Name="TimeOut_Pulse" Datatype="Bool" />
            <Member Name="MissedTrigger_Pulse" Datatype="Bool" />
            <Member Name="OutOfSync_Pulse" Datatype="Bool" />
            <Member Name="Barcode_Pulse" Datatype="String[136]" />
            <Member Name="Counter" Datatype="USInt" />
            <Member Name="Length" Datatype="Int" />
            <Member Name="chars" Datatype="Array[1..136] of Char" />
          </Member>
          <Member Name="Tracking" Datatype="&quot;Tracking_UDT&quot;">
            <Sections>
              <Section Name="None">
                <Member Name="ID" Datatype="UInt" />
                <Member Name="Barcode" Datatype="String" />
                <Member Name="GoodRead" Datatype="Bool" />
                <Member Name="DestinationReceived" Datatype="Bool" />
                <Member Name="TargetConveyor" Datatype="Int" />
                <Member Name="MESDestination" Datatype="Int" />
                <Member Name="Position" Datatype="Struct">
                  <Member Name="EncoderLocation" Datatype="Real" />
                  <Member Name="ExitIndex" Datatype="UInt" />
                </Member>
              </Section>
            </Sections>
          </Member>
          <Member Name="Zone" Datatype="Int" />
          <Member Name="Name" Datatype="String[40]" />
        </Section>
      </Sections>
    </Member>
  </Section>
  <Section Name="Static">
    <Member Name="scanner" Datatype="&quot;LC_Cognex_DataMan_FB&quot;" Accessibility="Public"><AttributeList><BooleanAttribute Name="ExternalAccessible" SystemDefined="true">true</BooleanAttribute><BooleanAttribute Name="ExternalVisible" SystemDefined="true">true</BooleanAttribute><BooleanAttribute Name="ExternalWritable" SystemDefined="true">true</BooleanAttribute><BooleanAttribute Name="SetPoint" SystemDefined="true">false</BooleanAttribute></AttributeList><Sections><Section Name="Input" /><Section Name="Output"><Member Name="O_Tracking" Datatype="&quot;Tracking_Simple_UDT_1&quot;"><Sections><Section Name="None"><Member Name="ID" Datatype="UInt" /><Member Name="PLC_Dest" Datatype="Int" /><Member Name="WMS_Dest" Datatype="String[20]" /><Member Name="Barcode" Datatype="String" /><Member Name="GoodRead" Datatype="Bool" /><Member Name="weightGram" Datatype="Real" /><Member Name="prio" Datatype="Bool" /></Section></Sections></Member><Member Name="O_NewResult" Datatype="Bool" /></Section><Section Name="InOut"><Member Name="IO_BarcodeScanner" Datatype="&quot;COGNEX_DATAMAN_LOGIC_UDT&quot;"><Sections><Section Name="None" /></Sections></Member><Member Name="IO_UpstreamConv" Datatype="&quot;Conveyor_UDT&quot;"><Sections><Section Name="None" /></Sections></Member><Member Name="IO_CurrentStream" Datatype="&quot;Conveyor_UDT&quot;"><Sections><Section Name="None" /></Sections></Member></Section><Section Name="Static"><Member Name="measureBoxTimer" Datatype="TONR_TIME" Version="1.0"><Sections><Section Name="None"><Member Name="PT" Datatype="Time" /><Member Name="ET" Datatype="Time" /><Member Name="IN" Datatype="Bool" /><Member Name="Q" Datatype="Bool" /></Section></Sections></Member><Member Name="scanTimer" Datatype="TONR_TIME" Version="1.0"><Sections><Section Name="None"><Member Name="PT" Datatype="Time" /><Member Name="ET" Datatype="Time" /><Member Name="IN" Datatype="Bool" /><Member Name="Q" Datatype="Bool" /></Section></Sections></Member><Member Name="boxLength" Datatype="Time" /><Member Name="stepNumber" Datatype="DInt" /><Member Name="Step_10_WaitForTrigger" Datatype="&quot;StepperController&quot;"><Sections><Section Name="Input"><Member Name="I_StepNumber" Datatype="DInt" /><Member Name="I_NextStepNumber" Datatype="DInt" /><Member Name="I_ErrorStepNumber" Datatype="DInt" /><Member Name="I_TimeOutStepNumber" Datatype="DInt" /><Member Name="I_Condition" Datatype="Bool" /><Member Name="I_ErrorConditon" Datatype="Bool" /><Member Name="I_ConditionTIme" Datatype="Time" /><Member Name="I_TimeOutTime" Datatype="Time" /><Member Name="I_ErrorTime" Datatype="Time" /><Member Name="I_IgnoreTimeOut" Datatype="Bool" /><Member Name="I_AccumulateConditionTIme" Datatype="Bool" /><Member Name="I_PauseTimeOut" Datatype="Bool" /></Section><Section Name="Output"><Member Name="O_ConditionTrans" Datatype="Bool" /><Member Name="O_ErrorTrans" Datatype="Bool" /><Member Name="O_TimeTrans" Datatype="Bool" /></Section><Section Name="InOut"><Member Name="IO_StepNumber" Datatype="DInt" /><Member Name="IO_PrevStepNumber" Datatype="DInt" /></Section><Section Name="Static"><Member Name="S_ConditionTime" Datatype="TON_TIME" Version="1.0"><Sections><Section Name="None"><Member Name="PT" Datatype="Time" /><Member Name="ET" Datatype="Time" /><Member Name="IN" Datatype="Bool" /><Member Name="Q" Datatype="Bool" /></Section></Sections></Member><Member Name="S_TimeOutTime" Datatype="TONR_TIME" Version="1.0"><Sections><Section Name="None"><Member Name="PT" Datatype="Time" /><Member Name="ET" Datatype="Time" /><Member Name="IN" Datatype="Bool" /><Member Name="Q" Datatype="Bool" /></Section></Sections></Member><Member Name="S_ErrorConditionTIme" Datatype="TON_TIME" Version="1.0"><Sections><Section Name="None"><Member Name="PT" Datatype="Time" /><Member Name="ET" Datatype="Time" /><Member Name="IN" Datatype="Bool" /><Member Name="Q" Datatype="Bool" /></Section></Sections></Member></Section></Sections></Member><Member Name="Step_20_OnDelay" Datatype="&quot;StepperController&quot;"><Sections><Section Name="Input"><Member Name="I_StepNumber" Datatype="DInt" /><Member Name="I_NextStepNumber" Datatype="DInt" /><Member Name="I_ErrorStepNumber" Datatype="DInt" /><Member Name="I_TimeOutStepNumber" Datatype="DInt" /><Member Name="I_Condition" Datatype="Bool" /><Member Name="I_ErrorConditon" Datatype="Bool" /><Member Name="I_ConditionTIme" Datatype="Time" /><Member Name="I_TimeOutTime" Datatype="Time" /><Member Name="I_ErrorTime" Datatype="Time" /><Member Name="I_IgnoreTimeOut" Datatype="Bool" /><Member Name="I_AccumulateConditionTIme" Datatype="Bool" /><Member Name="I_PauseTimeOut" Datatype="Bool" /></Section><Section Name="Output"><Member Name="O_ConditionTrans" Datatype="Bool" /><Member Name="O_ErrorTrans" Datatype="Bool" /><Member Name="O_TimeTrans" Datatype="Bool" /></Section><Section Name="InOut"><Member Name="IO_StepNumber" Datatype="DInt" /><Member Name="IO_PrevStepNumber" Datatype="DInt" /></Section><Section Name="Static"><Member Name="S_ConditionTime" Datatype="TON_TIME" Version="1.0"><Sections><Section Name="None"><Member Name="PT" Datatype="Time" /><Member Name="ET" Datatype="Time" /><Member Name="IN" Datatype="Bool" /><Member Name="Q" Datatype="Bool" /></Section></Sections></Member><Member Name="S_TimeOutTime" Datatype="TONR_TIME" Version="1.0"><Sections><Section Name="None"><Member Name="PT" Datatype="Time" /><Member Name="ET" Datatype="Time" /><Member Name="IN" Datatype="Bool" /><Member Name="Q" Datatype="Bool" /></Section></Sections></Member><Member Name="S_ErrorConditionTIme" Datatype="TON_TIME" Version="1.0"><Sections><Section Name="None"><Member Name="PT" Datatype="Time" /><Member Name="ET" Datatype="Time" /><Member Name="IN" Datatype="Bool" /><Member Name="Q" Datatype="Bool" /></Section></Sections></Member></Section></Sections></Member><Member Name="Step_30_Scan" Datatype="&quot;StepperController&quot;"><Sections><Section Name="Input"><Member Name="I_StepNumber" Datatype="DInt" /><Member Name="I_NextStepNumber" Datatype="DInt" /><Member Name="I_ErrorStepNumber" Datatype="DInt" /><Member Name="I_TimeOutStepNumber" Datatype="DInt" /><Member Name="I_Condition" Datatype="Bool" /><Member Name="I_ErrorConditon" Datatype="Bool" /><Member Name="I_ConditionTIme" Datatype="Time" /><Member Name="I_TimeOutTime" Datatype="Time" /><Member Name="I_ErrorTime" Datatype="Time" /><Member Name="I_IgnoreTimeOut" Datatype="Bool" /><Member Name="I_AccumulateConditionTIme" Datatype="Bool" /><Member Name="I_PauseTimeOut" Datatype="Bool" /></Section><Section Name="Output"><Member Name="O_ConditionTrans" Datatype="Bool" /><Member Name="O_ErrorTrans" Datatype="Bool" /><Member Name="O_TimeTrans" Datatype="Bool" /></Section><Section Name="InOut"><Member Name="IO_StepNumber" Datatype="DInt" /><Member Name="IO_PrevStepNumber" Datatype="DInt" /></Section><Section Name="Static"><Member Name="S_ConditionTime" Datatype="TON_TIME" Version="1.0"><Sections><Section Name="None"><Member Name="PT" Datatype="Time" /><Member Name="ET" Datatype="Time" /><Member Name="IN" Datatype="Bool" /><Member Name="Q" Datatype="Bool" /></Section></Sections></Member><Member Name="S_TimeOutTime" Datatype="TONR_TIME" Version="1.0"><Sections><Section Name="None"><Member Name="PT" Datatype="Time" /><Member Name="ET" Datatype="Time" /><Member Name="IN" Datatype="Bool" /><Member Name="Q" Datatype="Bool" /></Section></Sections></Member><Member Name="S_ErrorConditionTIme" Datatype="TON_TIME" Version="1.0"><Sections><Section Name="None"><Member Name="PT" Datatype="Time" /><Member Name="ET" Datatype="Time" /><Member Name="IN" Datatype="Bool" /><Member Name="Q" Datatype="Bool" /></Section></Sections></Member></Section></Sections></Member><Member Name="Step_40_ParseResult" Datatype="&quot;StepperController&quot;"><Sections><Section Name="Input"><Member Name="I_StepNumber" Datatype="DInt" /><Member Name="I_NextStepNumber" Datatype="DInt" /><Member Name="I_ErrorStepNumber" Datatype="DInt" /><Member Name="I_TimeOutStepNumber" Datatype="DInt" /><Member Name="I_Condition" Datatype="Bool" /><Member Name="I_ErrorConditon" Datatype="Bool" /><Member Name="I_ConditionTIme" Datatype="Time" /><Member Name="I_TimeOutTime" Datatype="Time" /><Member Name="I_ErrorTime" Datatype="Time" /><Member Name="I_IgnoreTimeOut" Datatype="Bool" /><Member Name="I_AccumulateConditionTIme" Datatype="Bool" /><Member Name="I_PauseTimeOut" Datatype="Bool" /></Section><Section Name="Output"><Member Name="O_ConditionTrans" Datatype="Bool" /><Member Name="O_ErrorTrans" Datatype="Bool" /><Member Name="O_TimeTrans" Datatype="Bool" /></Section><Section Name="InOut"><Member Name="IO_StepNumber" Datatype="DInt" /><Member Name="IO_PrevStepNumber" Datatype="DInt" /></Section><Section Name="Static"><Member Name="S_ConditionTime" Datatype="TON_TIME" Version="1.0"><Sections><Section Name="None"><Member Name="PT" Datatype="Time" /><Member Name="ET" Datatype="Time" /><Member Name="IN" Datatype="Bool" /><Member Name="Q" Datatype="Bool" /></Section></Sections></Member><Member Name="S_TimeOutTime" Datatype="TONR_TIME" Version="1.0"><Sections><Section Name="None"><Member Name="PT" Datatype="Time" /><Member Name="ET" Datatype="Time" /><Member Name="IN" Datatype="Bool" /><Member Name="Q" Datatype="Bool" /></Section></Sections></Member><Member Name="S_ErrorConditionTIme" Datatype="TON_TIME" Version="1.0"><Sections><Section Name="None"><Member Name="PT" Datatype="Time" /><Member Name="ET" Datatype="Time" /><Member Name="IN" Datatype="Bool" /><Member Name="Q" Datatype="Bool" /></Section></Sections></Member></Section></Sections></Member><Member Name="Step_50_ParcelsToClose" Datatype="&quot;StepperController&quot;"><Sections><Section Name="Input"><Member Name="I_StepNumber" Datatype="DInt" /><Member Name="I_NextStepNumber" Datatype="DInt" /><Member Name="I_ErrorStepNumber" Datatype="DInt" /><Member Name="I_TimeOutStepNumber" Datatype="DInt" /><Member Name="I_Condition" Datatype="Bool" /><Member Name="I_ErrorConditon" Datatype="Bool" /><Member Name="I_ConditionTIme" Datatype="Time" /><Member Name="I_TimeOutTime" Datatype="Time" /><Member Name="I_ErrorTime" Datatype="Time" /><Member Name="I_IgnoreTimeOut" Datatype="Bool" /><Member Name="I_AccumulateConditionTIme" Datatype="Bool" /><Member Name="I_PauseTimeOut" Datatype="Bool" /></Section><Section Name="Output"><Member Name="O_ConditionTrans" Datatype="Bool" /><Member Name="O_ErrorTrans" Datatype="Bool" /><Member Name="O_TimeTrans" Datatype="Bool" /></Section><Section Name="InOut"><Member Name="IO_StepNumber" Datatype="DInt" /><Member Name="IO_PrevStepNumber" Datatype="DInt" /></Section><Section Name="Static"><Member Name="S_ConditionTime" Datatype="TON_TIME" Version="1.0"><Sections><Section Name="None"><Member Name="PT" Datatype="Time" /><Member Name="ET" Datatype="Time" /><Member Name="IN" Datatype="Bool" /><Member Name="Q" Datatype="Bool" /></Section></Sections></Member><Member Name="S_TimeOutTime" Datatype="TONR_TIME" Version="1.0"><Sections><Section Name="None"><Member Name="PT" Datatype="Time" /><Member Name="ET" Datatype="Time" /><Member Name="IN" Datatype="Bool" /><Member Name="Q" Datatype="Bool" /></Section></Sections></Member><Member Name="S_ErrorConditionTIme" Datatype="TON_TIME" Version="1.0"><Sections><Section Name="None"><Member Name="PT" Datatype="Time" /><Member Name="ET" Datatype="Time" /><Member Name="IN" Datatype="Bool" /><Member Name="Q" Datatype="Bool" /></Section></Sections></Member></Section></Sections></Member></Section></Sections></Member>
  </Section>
  <Section Name="Temp">
    <Member Name="T_ZoneInfo" Datatype="&quot;ZoneInfo&quot;">
      <Sections>
        <Section Name="None">
          <Member Name="AppStateIndex" Datatype="Int" />
          <Member Name="ZoneName" Datatype="String[40]" />
        </Section>
      </Sections>
    </Member>
    <Member Name="T_AppState" Datatype="&quot;ApplicationState_UDT&quot;">
      <Sections>
        <Section Name="None">
          <Member Name="Hmi_Buttons" Datatype="&quot;appButtons_UDT&quot;">
            <Sections>
              <Section Name="None">
                <Member Name="reset" Datatype="&quot;HMIButton_UDT&quot;">
                  <Sections>
                    <Section Name="None">
                      <Member Name="SignalFromHMI" Datatype="Bool" />
                      <Member Name="state" Datatype="&quot;SmartBooldt&quot;">
                        <Sections>
                          <Section Name="None">
                            <Member Name="State" Datatype="Bool" />
                            <Member Name="LE" Datatype="Bool" />
                            <Member Name="FE" Datatype="Bool" />
                            <Member Name="sensorTest" Datatype="Bool" />
                            <Member Name="IddleSignal" Datatype="Bool" />
                            <Member Name="testFailed" Datatype="Bool" />
                            <Member Name="Counter" Datatype="UInt" />
                          </Section>
                        </Sections>
                      </Member>
                      <Member Name="colorNumber" Datatype="Int" />
                      <Member Name="Hide" Datatype="Bool" />
                    </Section>
                  </Sections>
                </Member>
                <Member Name="StartAutoMode" Datatype="&quot;HMIButton_UDT&quot;">
                  <Sections>
                    <Section Name="None">
                      <Member Name="SignalFromHMI" Datatype="Bool" />
                      <Member Name="state" Datatype="&quot;SmartBooldt&quot;">
                        <Sections>
                          <Section Name="None">
                            <Member Name="State" Datatype="Bool" />
                            <Member Name="LE" Datatype="Bool" />
                            <Member Name="FE" Datatype="Bool" />
                            <Member Name="sensorTest" Datatype="Bool" />
                            <Member Name="IddleSignal" Datatype="Bool" />
                            <Member Name="testFailed" Datatype="Bool" />
                            <Member Name="Counter" Datatype="UInt" />
                          </Section>
                        </Sections>
                      </Member>
                      <Member Name="colorNumber" Datatype="Int" />
                      <Member Name="Hide" Datatype="Bool" />
                    </Section>
                  </Sections>
                </Member>
                <Member Name="ActivateManualMode" Datatype="&quot;HMIButton_UDT&quot;">
                  <Sections>
                    <Section Name="None">
                      <Member Name="SignalFromHMI" Datatype="Bool" />
                      <Member Name="state" Datatype="&quot;SmartBooldt&quot;">
                        <Sections>
                          <Section Name="None">
                            <Member Name="State" Datatype="Bool" />
                            <Member Name="LE" Datatype="Bool" />
                            <Member Name="FE" Datatype="Bool" />
                            <Member Name="sensorTest" Datatype="Bool" />
                            <Member Name="IddleSignal" Datatype="Bool" />
                            <Member Name="testFailed" Datatype="Bool" />
                            <Member Name="Counter" Datatype="UInt" />
                          </Section>
                        </Sections>
                      </Member>
                      <Member Name="colorNumber" Datatype="Int" />
                      <Member Name="Hide" Datatype="Bool" />
                    </Section>
                  </Sections>
                </Member>
                <Member Name="StopAutoMode" Datatype="&quot;HMIButton_UDT&quot;">
                  <Sections>
                    <Section Name="None">
                      <Member Name="SignalFromHMI" Datatype="Bool" />
                      <Member Name="state" Datatype="&quot;SmartBooldt&quot;">
                        <Sections>
                          <Section Name="None">
                            <Member Name="State" Datatype="Bool" />
                            <Member Name="LE" Datatype="Bool" />
                            <Member Name="FE" Datatype="Bool" />
                            <Member Name="sensorTest" Datatype="Bool" />
                            <Member Name="IddleSignal" Datatype="Bool" />
                            <Member Name="testFailed" Datatype="Bool" />
                            <Member Name="Counter" Datatype="UInt" />
                          </Section>
                        </Sections>
                      </Member>
                      <Member Name="colorNumber" Datatype="Int" />
                      <Member Name="Hide" Datatype="Bool" />
                    </Section>
                  </Sections>
                </Member>
                <Member Name="DeactivateManualMode" Datatype="&quot;HMIButton_UDT&quot;">
                  <Sections>
                    <Section Name="None">
                      <Member Name="SignalFromHMI" Datatype="Bool" />
                      <Member Name="state" Datatype="&quot;SmartBooldt&quot;">
                        <Sections>
                          <Section Name="None">
                            <Member Name="State" Datatype="Bool" />
                            <Member Name="LE" Datatype="Bool" />
                            <Member Name="FE" Datatype="Bool" />
                            <Member Name="sensorTest" Datatype="Bool" />
                            <Member Name="IddleSignal" Datatype="Bool" />
                            <Member Name="testFailed" Datatype="Bool" />
                            <Member Name="Counter" Datatype="UInt" />
                          </Section>
                        </Sections>
                      </Member>
                      <Member Name="colorNumber" Datatype="Int" />
                      <Member Name="Hide" Datatype="Bool" />
                    </Section>
                  </Sections>
                </Member>
                <Member Name="StartEmptyMode" Datatype="&quot;HMIButton_UDT&quot;">
                  <Sections>
                    <Section Name="None">
                      <Member Name="SignalFromHMI" Datatype="Bool" />
                      <Member Name="state" Datatype="&quot;SmartBooldt&quot;">
                        <Sections>
                          <Section Name="None">
                            <Member Name="State" Datatype="Bool" />
                            <Member Name="LE" Datatype="Bool" />
                            <Member Name="FE" Datatype="Bool" />
                            <Member Name="sensorTest" Datatype="Bool" />
                            <Member Name="IddleSignal" Datatype="Bool" />
                            <Member Name="testFailed" Datatype="Bool" />
                            <Member Name="Counter" Datatype="UInt" />
                          </Section>
                        </Sections>
                      </Member>
                      <Member Name="colorNumber" Datatype="Int" />
                      <Member Name="Hide" Datatype="Bool" />
                    </Section>
                  </Sections>
                </Member>
                <Member Name="StopEmptyMode" Datatype="&quot;HMIButton_UDT&quot;">
                  <Sections>
                    <Section Name="None">
                      <Member Name="SignalFromHMI" Datatype="Bool" />
                      <Member Name="state" Datatype="&quot;SmartBooldt&quot;">
                        <Sections>
                          <Section Name="None">
                            <Member Name="State" Datatype="Bool" />
                            <Member Name="LE" Datatype="Bool" />
                            <Member Name="FE" Datatype="Bool" />
                            <Member Name="sensorTest" Datatype="Bool" />
                            <Member Name="IddleSignal" Datatype="Bool" />
                            <Member Name="testFailed" Datatype="Bool" />
                            <Member Name="Counter" Datatype="UInt" />
                          </Section>
                        </Sections>
                      </Member>
                      <Member Name="colorNumber" Datatype="Int" />
                      <Member Name="Hide" Datatype="Bool" />
                    </Section>
                  </Sections>
                </Member>
                <Member Name="ActivateStandby" Datatype="&quot;HMIButton_UDT&quot;">
                  <Sections>
                    <Section Name="None">
                      <Member Name="SignalFromHMI" Datatype="Bool" />
                      <Member Name="state" Datatype="&quot;SmartBooldt&quot;">
                        <Sections>
                          <Section Name="None">
                            <Member Name="State" Datatype="Bool" />
                            <Member Name="LE" Datatype="Bool" />
                            <Member Name="FE" Datatype="Bool" />
                            <Member Name="sensorTest" Datatype="Bool" />
                            <Member Name="IddleSignal" Datatype="Bool" />
                            <Member Name="testFailed" Datatype="Bool" />
                            <Member Name="Counter" Datatype="UInt" />
                          </Section>
                        </Sections>
                      </Member>
                      <Member Name="colorNumber" Datatype="Int" />
                      <Member Name="Hide" Datatype="Bool" />
                    </Section>
                  </Sections>
                </Member>
              </Section>
            </Sections>
          </Member>
          <Member Name="States" Datatype="&quot;appStates_UDT&quot;">
            <Sections>
              <Section Name="None">
                <Member Name="ReadyForAutoMode" Datatype="Bool" />
                <Member Name="ReadyForStandby" Datatype="Bool" />
                <Member Name="RequestingAutoModeOff" Datatype="Bool" />
                <Member Name="Standby" Datatype="&quot;SmartBooldt&quot;">
                  <Sections>
                    <Section Name="None">
                      <Member Name="State" Datatype="Bool" />
                      <Member Name="LE" Datatype="Bool" />
                      <Member Name="FE" Datatype="Bool" />
                      <Member Name="sensorTest" Datatype="Bool" />
                      <Member Name="IddleSignal" Datatype="Bool" />
                      <Member Name="testFailed" Datatype="Bool" />
                      <Member Name="Counter" Datatype="UInt" />
                    </Section>
                  </Sections>
                </Member>
                <Member Name="AutoModeActivated" Datatype="&quot;SmartBooldt&quot;">
                  <Sections>
                    <Section Name="None">
                      <Member Name="State" Datatype="Bool" />
                      <Member Name="LE" Datatype="Bool" />
                      <Member Name="FE" Datatype="Bool" />
                      <Member Name="sensorTest" Datatype="Bool" />
                      <Member Name="IddleSignal" Datatype="Bool" />
                      <Member Name="testFailed" Datatype="Bool" />
                      <Member Name="Counter" Datatype="UInt" />
                    </Section>
                  </Sections>
                </Member>
                <Member Name="ManualModeActivated" Datatype="&quot;SmartBooldt&quot;">
                  <Sections>
                    <Section Name="None">
                      <Member Name="State" Datatype="Bool" />
                      <Member Name="LE" Datatype="Bool" />
                      <Member Name="FE" Datatype="Bool" />
                      <Member Name="sensorTest" Datatype="Bool" />
                      <Member Name="IddleSignal" Datatype="Bool" />
                      <Member Name="testFailed" Datatype="Bool" />
                      <Member Name="Counter" Datatype="UInt" />
                    </Section>
                  </Sections>
                </Member>
                <Member Name="EmptyApplicatoinMode" Datatype="&quot;SmartBooldt&quot;">
                  <Sections>
                    <Section Name="None">
                      <Member Name="State" Datatype="Bool" />
                      <Member Name="LE" Datatype="Bool" />
                      <Member Name="FE" Datatype="Bool" />
                      <Member Name="sensorTest" Datatype="Bool" />
                      <Member Name="IddleSignal" Datatype="Bool" />
                      <Member Name="testFailed" Datatype="Bool" />
                      <Member Name="Counter" Datatype="UInt" />
                    </Section>
                  </Sections>
                </Member>
                <Member Name="EmergencyOk" Datatype="&quot;SmartBooldt&quot;">
                  <Sections>
                    <Section Name="None">
                      <Member Name="State" Datatype="Bool" />
                      <Member Name="LE" Datatype="Bool" />
                      <Member Name="FE" Datatype="Bool" />
                      <Member Name="sensorTest" Datatype="Bool" />
                      <Member Name="IddleSignal" Datatype="Bool" />
                      <Member Name="testFailed" Datatype="Bool" />
                      <Member Name="Counter" Datatype="UInt" />
                    </Section>
                  </Sections>
                </Member>
                <Member Name="ManaulOverrideActive" Datatype="Struct">
                  <Member Name="Internal" Datatype="Bool" />
                  <Member Name="HMI" Datatype="Bool" />
                </Member>
              </Section>
            </Sections>
          </Member>
          <Member Name="Alarms" Datatype="Struct">
            <Member Name="AlarmActiveInternalPLC" Datatype="Bool" />
            <Member Name="AlarmsActiveForHmi" Datatype="Bool" />
          </Member>
        </Section>
      </Sections>
    </Member>
    <Member Name="T_Tracking" Datatype="&quot;Tracking_Simple_UDT_1&quot;">
      <Sections>
        <Section Name="None">
          <Member Name="ID" Datatype="UInt" />
          <Member Name="PLC_Dest" Datatype="Int" />
          <Member Name="WMS_Dest" Datatype="String[20]" />
          <Member Name="Barcode" Datatype="String" />
          <Member Name="GoodRead" Datatype="Bool" />
          <Member Name="weightGram" Datatype="Real" />
          <Member Name="prio" Datatype="Bool" />
        </Section>
      </Sections>
    </Member>
    <Member Name="T_NewResult" Datatype="Bool" />
  </Section>
  <Section Name="Constant" />
</Sections></Interface>
      <IsIECCheckEnabled>false</IsIECCheckEnabled>
      <IsRetainMemResEnabled>false</IsRetainMemResEnabled>
      <MemoryLayout>Optimized</MemoryLayout>
      <MemoryReserve>100</MemoryReserve>
      <Name>Barcode_CONV_Wrapper</Name>
      <Number>70</Number>
      <ProgrammingLanguage>SCL</ProgrammingLanguage>
      <SetENOAutomatically>false</SetENOAutomatically>
      <UDABlockProperties />
      <UDAEnableTagReadback>false</UDAEnableTagReadback>
    </AttributeList>
    <ObjectList>
      <MultilingualText ID="1" CompositionName="Comment">
        <ObjectList>
          <MultilingualTextItem ID="2" CompositionName="Items">
            <AttributeList>
              <Culture>en-US</Culture>
              <Text />
            </AttributeList>
          </MultilingualTextItem>
          <MultilingualTextItem ID="3" CompositionName="Items">
            <AttributeList>
              <Culture>fr-BE</Culture>
              <Text />
            </AttributeList>
          </MultilingualTextItem>
        </ObjectList>
      </MultilingualText>
      <SW.Blocks.CompileUnit ID="4" CompositionName="CompileUnits">
        <AttributeList>
          <NetworkSource><StructuredText xmlns="http://www.siemens.com/automation/Openness/SW/NetworkSource/StructuredText/v3">
  <Access Scope="LocalVariable" UId="21">
    <Symbol UId="22">
      <Component Name="T_ZoneInfo" UId="23" />
    </Symbol>
  </Access>
  <Blank Num="1" UId="24" />
  <Token Text=":=" UId="25" />
  <Blank Num="1" UId="26" />
  <Access Scope="GlobalVariable" UId="27">
    <Symbol UId="28">
      <Component Name="ApplicationState_DB" UId="29" />
      <Token Text="." UId="30" />
      <Component Name="ZoneNames" UId="31">
        <Token Text="[" UId="32" />
        <Access Scope="LocalVariable" UId="33">
          <Symbol UId="34">
            <Component Name="IO_CurrentStream" UId="35" />
            <Token Text="." UId="36" />
            <Component Name="Zone" UId="37" />
          </Symbol>
        </Access>
        <Token Text="]" UId="38" />
      </Component>
    </Symbol>
  </Access>
  <Token Text=";" UId="39" />
  <NewLine Num="1" UId="40" />
  <Access Scope="LocalVariable" UId="41">
    <Symbol UId="42">
      <Component Name="T_AppState" UId="43" />
    </Symbol>
  </Access>
  <Blank Num="1" UId="44" />
  <Token Text=":=" UId="45" />
  <Blank Num="1" UId="46" />
  <Access Scope="GlobalVariable" UId="47">
    <Symbol UId="48">
      <Component Name="ApplicationState_DB" UId="49" />
      <Token Text="." UId="50" />
      <Component Name="Appstate" UId="51">
        <Token Text="[" UId="52" />
        <Access Scope="LocalVariable" UId="53">
          <Symbol UId="54">
            <Component Name="T_ZoneInfo" UId="55" />
            <Token Text="." UId="56" />
            <Component Name="AppStateIndex" UId="57" />
          </Symbol>
        </Access>
        <Token Text="]" UId="58" />
      </Component>
    </Symbol>
  </Access>
  <Token Text=";" UId="59" />
  <NewLine Num="2" UId="60" />
  <Access Scope="LocalVariable" UId="61">
    <Symbol UId="62">
      <Component Name="IO_Scanner" UId="63" />
      <Token Text="." UId="64" />
      <Component Name="Settings" UId="65" />
      <Token Text="." UId="66" />
      <Component Name="OffDelay" UId="67" />
    </Symbol>
  </Access>
  <Blank Num="1" UId="68" />
  <Token Text=":=" UId="69" />
  <Blank Num="1" UId="70" />
  <Access Scope="TypedConstant" UId="71">
    <Constant UId="72">
      <ConstantValue UId="73">t#500ms</ConstantValue>
    </Constant>
  </Access>
  <Token Text=";" UId="74" />
  <NewLine Num="2" UId="75" />
  <Token Text="REGION" UId="76" />
  <Blank Num="1" UId="77" />
  <Text UId="78">Scanner</Text>
  <NewLine Num="1" UId="79" />
  <Blank Num="4" UId="80" />
  <NewLine Num="1" UId="81" />
  <Blank Num="4" UId="82" />
  <Access Scope="Call" UId="83">
    <CallInfo UId="84" BlockType="FB" Name="LC_Cognex_DataMan_FB">
      <Instance Scope="LocalVariable" UId="85">
        <Component Name="scanner" UId="86" />
      </Instance>
      <Token Text="(" UId="87" />
      <Parameter Name="IO_BarcodeScanner" UId="88">
        <Token Text=":=" UId="89" />
        <Access Scope="LocalVariable" UId="90">
          <Symbol UId="91">
            <Component Name="IO_Scanner" UId="92" />
          </Symbol>
        </Access>
      </Parameter>
      <Token Text="," UId="93" />
      <NewLine Num="1" UId="94" />
      <Blank Num="13" UId="95" />
      <Parameter Name="IO_UpstreamConv" UId="96">
        <Token Text=":=" UId="97" />
        <Access Scope="LocalVariable" UId="98">
          <Symbol UId="99">
            <Component Name="IO_Upstream" UId="100" />
          </Symbol>
        </Access>
      </Parameter>
      <Token Text="," UId="101" />
      <NewLine Num="1" UId="102" />
      <Blank Num="13" UId="103" />
      <Parameter Name="O_Tracking" UId="104">
        <Token Text="=&gt;" UId="105" />
        <Blank Num="1" UId="106" />
        <Access Scope="LocalVariable" UId="107">
          <Symbol UId="108">
            <Component Name="T_Tracking" UId="109" />
          </Symbol>
        </Access>
      </Parameter>
      <Token Text="," UId="110" />
      <NewLine Num="1" UId="111" />
      <Blank Num="13" UId="112" />
      <Parameter Name="O_NewResult" UId="113">
        <Blank Num="1" UId="114" />
        <Token Text="=&gt;" UId="115" />
        <Blank Num="1" UId="116" />
        <Access Scope="LocalVariable" UId="117">
          <Symbol UId="118">
            <Component Name="T_NewResult" UId="119" />
          </Symbol>
        </Access>
      </Parameter>
      <Token Text="," UId="120" />
      <NewLine Num="1" UId="121" />
      <Blank Num="13" UId="122" />
      <Parameter Name="IO_CurrentStream" UId="123">
        <Token Text=":=" UId="124" />
        <Access Scope="LocalVariable" UId="125">
          <Symbol UId="126">
            <Component Name="IO_CurrentStream" UId="127" />
          </Symbol>
        </Access>
      </Parameter>
      <Token Text=")" UId="128" />
    </CallInfo>
  </Access>
  <Token Text=";" UId="129" />
  <NewLine Num="2" UId="130" />
  <Token Text="END_REGION" UId="131" />
  <NewLine Num="2" UId="132" />
  <Token Text="REGION" UId="133" />
  <Blank Num="1" UId="134" />
  <Text UId="135">COPY DATA</Text>
  <NewLine Num="1" UId="136" />
  <Blank Num="4" UId="137" />
  <NewLine Num="1" UId="138" />
  <Blank Num="4" UId="139" />
  <Access Scope="LocalVariable" UId="140">
    <Symbol UId="141">
      <Component Name="IO_CurrentStream" UId="142" />
      <Token Text="." UId="143" />
      <Component Name="Status" UId="144" />
      <Token Text="." UId="145" />
      <Component Name="ObjectOnConveyor" UId="146" />
    </Symbol>
  </Access>
  <Blank Num="1" UId="147" />
  <Token Text=":=" UId="148" />
  <Blank Num="1" UId="149" />
  <Access Scope="LiteralConstant" UId="150">
    <Constant UId="151">
      <ConstantValue UId="153">TRUE</ConstantValue>
    </Constant>
  </Access>
  <Token Text=";" UId="154" />
  <NewLine Num="1" UId="155" />
  <Blank Num="4" UId="156" />
  <NewLine Num="1" UId="157" />
  <Blank Num="4" UId="158" />
  <Token Text="IF" UId="159" />
  <Blank Num="1" UId="160" />
  <Access Scope="LocalVariable" UId="161">
    <Symbol UId="162">
      <Component Name="T_NewResult" UId="163" />
    </Symbol>
  </Access>
  <Blank Num="1" UId="164" />
  <Token Text="THEN" UId="165" />
  <NewLine Num="1" UId="166" />
  <Blank Num="8" UId="167" />
  <Access Scope="LocalVariable" UId="168">
    <Symbol UId="169">
      <Component Name="IO_CurrentStream" UId="170" />
      <Token Text="." UId="171" />
      <Component Name="TrackingStat" UId="172" />
      <Token Text="." UId="173" />
      <Component Name="Current" UId="174" />
      <Token Text="." UId="175" />
      <Component Name="Barcode" UId="176" />
    </Symbol>
  </Access>
  <Blank Num="1" UId="177" />
  <Token Text=":=" UId="178" />
  <Blank Num="1" UId="179" />
  <Access Scope="LocalVariable" UId="180">
    <Symbol UId="181">
      <Component Name="T_Tracking" UId="182" />
      <Token Text="." UId="183" />
      <Component Name="Barcode" UId="184" />
    </Symbol>
  </Access>
  <Token Text=";" UId="185" />
  <NewLine Num="1" UId="186" />
  <Blank Num="8" UId="187" />
  <Access Scope="LocalVariable" UId="188">
    <Symbol UId="189">
      <Component Name="IO_CurrentStream" UId="190" />
      <Token Text="." UId="191" />
      <Component Name="TrackingCmd" UId="192" />
      <Token Text="." UId="193" />
      <Component Name="InductNewTracking" UId="194" />
    </Symbol>
  </Access>
  <Blank Num="1" UId="195" />
  <Token Text=":=" UId="196" />
  <Blank Num="1" UId="197" />
  <Access Scope="LiteralConstant" UId="198">
    <Constant UId="199">
      <ConstantValue UId="201">true</ConstantValue>
    </Constant>
  </Access>
  <Token Text=";" UId="202" />
  <NewLine Num="1" UId="203" />
  <Blank Num="8" UId="204" />
  <Access Scope="LocalVariable" UId="205">
    <Symbol UId="206">
      <Component Name="IO_CurrentStream" UId="207" />
      <Token Text="." UId="208" />
      <Component Name="TrackingCmd" UId="209" />
      <Token Text="." UId="210" />
      <Component Name="NewTrackingId" UId="211" />
    </Symbol>
  </Access>
  <Blank Num="1" UId="212" />
  <Token Text=":=" UId="213" />
  <Blank Num="1" UId="214" />
  <Access Scope="LocalVariable" UId="215">
    <Symbol UId="216">
      <Component Name="IO_CurrentStream" UId="217" />
      <Token Text="." UId="218" />
      <Component Name="TrackingStat" UId="219" />
      <Token Text="." UId="220" />
      <Component Name="Current" UId="221" />
    </Symbol>
  </Access>
  <Token Text=";" UId="222" />
  <NewLine Num="1" UId="223" />
  <Blank Num="8" UId="224" />
  <NewLine Num="1" UId="225" />
  <Blank Num="4" UId="226" />
  <Token Text="END_IF" UId="227" />
  <Token Text=";" UId="228" />
  <NewLine Num="1" UId="229" />
  <Blank Num="4" UId="230" />
  <NewLine Num="1" UId="231" />
  <Token Text="END_REGION" UId="232" />
  <NewLine Num="2" UId="233" />
  <Token Text="REGION" UId="234" />
  <Blank Num="1" UId="235" />
  <Text UId="236">ACCUMULATE CURRENT STREAM </Text>
  <NewLine Num="1" UId="237" />
  <Blank Num="4" UId="238" />
  <NewLine Num="1" UId="239" />
  <Blank Num="4" UId="240" />
  <Token Text="IF" UId="241" />
  <Blank Num="1" UId="242" />
  <Access Scope="LocalVariable" UId="243">
    <Symbol UId="244">
      <Component Name="IO_Scanner" UId="245" />
      <Token Text="." UId="246" />
      <Component Name="Cmd" UId="247" />
      <Token Text="." UId="248" />
      <Component Name="ScanAuto" UId="249" />
    </Symbol>
  </Access>
  <Blank Num="1" UId="250" />
  <Token Text="THEN" UId="251" />
  <NewLine Num="1" UId="252" />
  <Blank Num="8" UId="253" />
  <Access Scope="LocalVariable" UId="254">
    <Symbol UId="255">
      <Component Name="IO_CurrentStream" UId="256" />
      <Token Text="." UId="257" />
      <Component Name="Cmd" UId="258" />
      <Token Text="." UId="259" />
      <Component Name="Accumulate" UId="260" />
      <Token Text="." UId="261" />
      <Component Name="Acc_Scan_1" UId="262" />
    </Symbol>
  </Access>
  <Blank Num="1" UId="263" />
  <Token Text=":=" UId="264" />
  <Blank Num="1" UId="265" />
  <Access Scope="LiteralConstant" UId="266">
    <Constant UId="267">
      <ConstantValue UId="269">TRUE</ConstantValue>
    </Constant>
  </Access>
  <Token Text=";" UId="270" />
  <NewLine Num="1" UId="271" />
  <Blank Num="4" UId="272" />
  <Token Text="END_IF" UId="273" />
  <Token Text=";" UId="274" />
  <NewLine Num="1" UId="275" />
  <Blank Num="4" UId="276" />
  <NewLine Num="1" UId="277" />
  <Blank Num="4" UId="278" />
  <Token Text="IF" UId="279" />
  <Blank Num="1" UId="280" />
  <Access Scope="LocalVariable" UId="281">
    <Symbol UId="282">
      <Component Name="T_NewResult" UId="283" />
    </Symbol>
  </Access>
  <Blank Num="1" UId="284" />
  <Token Text="THEN" UId="285" />
  <NewLine Num="1" UId="286" />
  <Blank Num="8" UId="287" />
  <Access Scope="LocalVariable" UId="288">
    <Symbol UId="289">
      <Component Name="IO_CurrentStream" UId="290" />
      <Token Text="." UId="291" />
      <Component Name="Cmd" UId="292" />
      <Token Text="." UId="293" />
      <Component Name="Accumulate" UId="294" />
      <Token Text="." UId="295" />
      <Component Name="Acc_Scan_1" UId="296" />
    </Symbol>
  </Access>
  <Blank Num="1" UId="297" />
  <Token Text=":=" UId="298" />
  <Blank Num="1" UId="299" />
  <Access Scope="LiteralConstant" UId="300">
    <Constant UId="301">
      <ConstantValue UId="303">FALSE</ConstantValue>
    </Constant>
  </Access>
  <Token Text=";" UId="304" />
  <NewLine Num="1" UId="305" />
  <Blank Num="4" UId="306" />
  <Token Text="END_IF" UId="307" />
  <Token Text=";" UId="308" />
  <NewLine Num="1" UId="309" />
  <Blank Num="4" UId="310" />
  <NewLine Num="1" UId="311" />
  <Token Text="END_REGION" UId="312" />
</StructuredText></NetworkSource>
          <ProgrammingLanguage>SCL</ProgrammingLanguage>
        </AttributeList>
        <ObjectList>
          <MultilingualText ID="5" CompositionName="Comment">
            <ObjectList>
              <MultilingualTextItem ID="6" CompositionName="Items">
                <AttributeList>
                  <Culture>en-US</Culture>
                  <Text />
                </AttributeList>
              </MultilingualTextItem>
              <MultilingualTextItem ID="7" CompositionName="Items">
                <AttributeList>
                  <Culture>fr-BE</Culture>
                  <Text />
                </AttributeList>
              </MultilingualTextItem>
            </ObjectList>
          </MultilingualText>
          <MultilingualText ID="8" CompositionName="Title">
            <ObjectList>
              <MultilingualTextItem ID="9" CompositionName="Items">
                <AttributeList>
                  <Culture>en-US</Culture>
                  <Text />
                </AttributeList>
              </MultilingualTextItem>
              <MultilingualTextItem ID="A" CompositionName="Items">
                <AttributeList>
                  <Culture>fr-BE</Culture>
                  <Text />
                </AttributeList>
              </MultilingualTextItem>
            </ObjectList>
          </MultilingualText>
        </ObjectList>
      </SW.Blocks.CompileUnit>
      <MultilingualText ID="B" CompositionName="Title">
        <ObjectList>
          <MultilingualTextItem ID="C" CompositionName="Items">
            <AttributeList>
              <Culture>en-US</Culture>
              <Text />
            </AttributeList>
          </MultilingualTextItem>
          <MultilingualTextItem ID="D" CompositionName="Items">
            <AttributeList>
              <Culture>fr-BE</Culture>
              <Text />
            </AttributeList>
          </MultilingualTextItem>
        </ObjectList>
      </MultilingualText>
    </ObjectList>
  </SW.Blocks.FB>
</Document>