﻿<?xml version="1.0" encoding="utf-8"?>
<Document>
  <Engineering version="V16" />
  <DocumentInfo>
    <Created>2023-11-13T10:46:11.8559307Z</Created>
    <ExportSetting>WithDefaults</ExportSetting>
    <InstalledProducts>
      <Product>
        <DisplayName>Totally Integrated Automation Portal</DisplayName>
        <DisplayVersion>V16 Update 6</DisplayVersion>
      </Product>
      <OptionPackage>
        <DisplayName>TIA Portal Version Control Interface</DisplayName>
        <DisplayVersion>V16 Update 2</DisplayVersion>
      </OptionPackage>
      <OptionPackage>
        <DisplayName>TIA Portal Openness</DisplayName>
        <DisplayVersion>V16 Update 6</DisplayVersion>
      </OptionPackage>
      <OptionPackage>
        <DisplayName>TIA Portal Teamcenter Gateway</DisplayName>
        <DisplayVersion>V16</DisplayVersion>
      </OptionPackage>
      <Product>
        <DisplayName>SINAMICS Startdrive Advanced</DisplayName>
        <DisplayVersion>V16 Update 5</DisplayVersion>
      </Product>
      <OptionPackage>
        <DisplayName>SINAMICS Startdrive G130, G150, S120, S150, SINAMICS MV, S210</DisplayName>
        <DisplayVersion>V16 Update 5</DisplayVersion>
      </OptionPackage>
      <OptionPackage>
        <DisplayName>SINAMICS Startdrive G110M, G120, G120C, G120D, G120P, G115D</DisplayName>
        <DisplayVersion>V16 Update 5</DisplayVersion>
      </OptionPackage>
      <Product>
        <DisplayName>STEP 7 Professional</DisplayName>
        <DisplayVersion>V16 Update 6</DisplayVersion>
      </Product>
      <OptionPackage>
        <DisplayName>STEP 7 Safety</DisplayName>
        <DisplayVersion>V16</DisplayVersion>
      </OptionPackage>
      <Product>
        <DisplayName>WinCC Advanced / Unified PC</DisplayName>
        <DisplayVersion>V16 Update 6</DisplayVersion>
      </Product>
    </InstalledProducts>
  </DocumentInfo>
  <SW.Blocks.FB ID="0">
    <AttributeList>
      <AutoNumber>true</AutoNumber>
      <HeaderAuthor />
      <HeaderFamily />
      <HeaderName />
      <HeaderVersion>0.1</HeaderVersion>
      <Interface><Sections xmlns="http://www.siemens.com/automation/Openness/SW/Interface/v4">
  <Section Name="Input">
    <Member Name="I_InterfaceGrav" Datatype="Bool" Remanence="NonRetain" Accessibility="Public"><AttributeList><BooleanAttribute Name="ExternalAccessible" SystemDefined="true">true</BooleanAttribute><BooleanAttribute Name="ExternalVisible" SystemDefined="true">true</BooleanAttribute><BooleanAttribute Name="ExternalWritable" SystemDefined="true">true</BooleanAttribute></AttributeList></Member>
    <Member Name="I_Conveyor" Datatype="&quot;Conveyor_UDT&quot;" Remanence="NonRetain" Accessibility="Public"><AttributeList><BooleanAttribute Name="ExternalAccessible" SystemDefined="true">true</BooleanAttribute><BooleanAttribute Name="ExternalVisible" SystemDefined="true">true</BooleanAttribute><BooleanAttribute Name="ExternalWritable" SystemDefined="true">true</BooleanAttribute></AttributeList><Sections><Section Name="None"><Member Name="Settings" Datatype="Struct"><Member Name="Mode" Datatype="Int" /><Member Name="AutomaticBuffering" Datatype="Bool" /><Member Name="Direction" Datatype="Bool" /><Member Name="EnergySave" Datatype="Bool" /><Member Name="RunIddle" Datatype="Bool" /><Member Name="AutoReset" Datatype="Bool" /><Member Name="SentHoldOnCheckReceive" Datatype="Bool" /><Member Name="Timings" Datatype="&quot;ConveyorTimes_UDT&quot;"><Sections><Section Name="None"><Member Name="DelayedStart" Datatype="Time" /><Member Name="ConveyorLength" Datatype="Real" /><Member Name="InitDistance" Datatype="Real" /><Member Name="ReceiveDistance" Datatype="Real" /><Member Name="SendDistance" Datatype="Real" /><Member Name="SleepDistance" Datatype="Real" /><Member Name="GapDistance" Datatype="Real" /><Member Name="StartupDelay" Datatype="Time" /></Section></Sections></Member><Member Name="Speed" Datatype="Struct"><Member Name="speed" Datatype="Real" /><Member Name="UpstreamGain" Datatype="Real" /><Member Name="speedController" Datatype="Bool" /></Member><Member Name="Alarms" Datatype="Struct"><Member Name="BlockDetectionOn" Datatype="Bool" /><Member Name="BlockedAtStartSensor" Datatype="Bool" /><Member Name="ParcelsToCloseDetectionOn" Datatype="Bool" /><Member Name="ParcelsToLongDetectionOn" Datatype="Bool" /><Member Name="ParcelToShortDetectionOn" Datatype="Bool" /><Member Name="BlockRetrys" Datatype="Int" /><Member Name="SentTimeError" Datatype="Real" /><Member Name="TimeBetweenParcels" Datatype="Real" /><Member Name="MinSizeParcel" Datatype="Real" /><Member Name="MaxSizeParcel" Datatype="Real" /></Member></Member><Member Name="Cmd" Datatype="Struct"><Member Name="Reset" Datatype="Bool" /><Member Name="ReInitialize" Datatype="Bool" /><Member Name="RunAuto" Datatype="Bool" /><Member Name="RunManual" Datatype="Bool" /><Member Name="SpeedAuto" Datatype="Real" /><Member Name="SpeedManual" Datatype="Real" /><Member Name="ReadyToReceive" Datatype="Bool" /><Member Name="ReadyToSent" Datatype="Bool" /><Member Name="InvertFlow" Datatype="Bool" /><Member Name="Direction" Datatype="Bool" /><Member Name="Accumulate" Datatype="Struct"><Member Name="Acc_ext_1" Datatype="Bool" /><Member Name="Acc_ext_2" Datatype="Bool" /><Member Name="Acc_ext_3" Datatype="Bool" /><Member Name="Acc_ext_4" Datatype="Bool" /><Member Name="Acc_ext_5" Datatype="Bool" /><Member Name="Acc_TC_1" Datatype="Bool" /><Member Name="Acc_TC_2" Datatype="Bool" /><Member Name="Acc_TC_3" Datatype="Bool" /><Member Name="Acc_Scan_1" Datatype="Bool" /><Member Name="Acc_Scan_2" Datatype="Bool" /><Member Name="Acc_Scan_3" Datatype="Bool" /><Member Name="Acc_Scale_1" Datatype="Bool" /><Member Name="Acc_Scale_2" Datatype="Bool" /><Member Name="Acc_Scale_3" Datatype="Bool" /></Member><Member Name="StartRequestObject" Datatype="Bool" /><Member Name="StopRequestObject" Datatype="Bool" /><Member Name="IgnoreStandby" Datatype="Bool" /><Member Name="ManualOverride" Datatype="Bool" /><Member Name="Interlock" Datatype="Bool" /></Member><Member Name="Input" Datatype="Struct"><Member Name="SensorStartHMI" Datatype="Bool" /><Member Name="SensorEndHMI" Datatype="Bool" /><Member Name="SensorAtStartLogic" Datatype="&quot;SmartBooldt&quot;"><Sections><Section Name="None"><Member Name="State" Datatype="Bool" /><Member Name="LE" Datatype="Bool" /><Member Name="FE" Datatype="Bool" /><Member Name="sensorTest" Datatype="Bool" /><Member Name="IddleSignal" Datatype="Bool" /><Member Name="testFailed" Datatype="Bool" /><Member Name="Counter" Datatype="UInt" /></Section></Sections></Member><Member Name="SensorAtEndLogic" Datatype="&quot;SmartBooldt&quot;"><Sections><Section Name="None"><Member Name="State" Datatype="Bool" /><Member Name="LE" Datatype="Bool" /><Member Name="FE" Datatype="Bool" /><Member Name="sensorTest" Datatype="Bool" /><Member Name="IddleSignal" Datatype="Bool" /><Member Name="testFailed" Datatype="Bool" /><Member Name="Counter" Datatype="UInt" /></Section></Sections></Member><Member Name="Running_FB" Datatype="Bool" /><Member Name="Interlock" Datatype="Bool" /></Member><Member Name="Alarms" Datatype="Struct"><Member Name="BlockedReceive" Datatype="&quot;HmiAlarm&quot;"><Sections><Section Name="None"><Member Name="Active" Datatype="Bool" /><Member Name="Acknowledge" Datatype="Bool" /><Member Name="type" Datatype="Int" /></Section></Sections></Member><Member Name="BlockedSending" Datatype="&quot;HmiAlarm&quot;"><Sections><Section Name="None"><Member Name="Active" Datatype="Bool" /><Member Name="Acknowledge" Datatype="Bool" /><Member Name="type" Datatype="Int" /></Section></Sections></Member><Member Name="ToClose" Datatype="&quot;HmiAlarm&quot;"><Sections><Section Name="None"><Member Name="Active" Datatype="Bool" /><Member Name="Acknowledge" Datatype="Bool" /><Member Name="type" Datatype="Int" /></Section></Sections></Member><Member Name="ToSmall" Datatype="&quot;HmiAlarm&quot;"><Sections><Section Name="None"><Member Name="Active" Datatype="Bool" /><Member Name="Acknowledge" Datatype="Bool" /><Member Name="type" Datatype="Int" /></Section></Sections></Member><Member Name="ToLong" Datatype="&quot;HmiAlarm&quot;"><Sections><Section Name="None"><Member Name="Active" Datatype="Bool" /><Member Name="Acknowledge" Datatype="Bool" /><Member Name="type" Datatype="Int" /></Section></Sections></Member><Member Name="MotorAlarm" Datatype="&quot;HmiAlarm&quot;"><Sections><Section Name="None"><Member Name="Active" Datatype="Bool" /><Member Name="Acknowledge" Datatype="Bool" /><Member Name="type" Datatype="Int" /></Section></Sections></Member><Member Name="AlarmActive" Datatype="&quot;HmiAlarm&quot;"><Sections><Section Name="None"><Member Name="Active" Datatype="Bool" /><Member Name="Acknowledge" Datatype="Bool" /><Member Name="type" Datatype="Int" /></Section></Sections></Member><Member Name="Status" Datatype="Word" /></Member><Member Name="Status" Datatype="Struct"><Member Name="AccumulationOn" Datatype="Bool" /><Member Name="StartedAutoMode" Datatype="Bool" /><Member Name="ReadyForStandby" Datatype="Bool" /><Member Name="RequestForSending" Datatype="Bool" /><Member Name="ExecutingReceiveSequence" Datatype="Bool" /><Member Name="ExecutingSendingSequence" Datatype="Bool" /><Member Name="ObjectSentPulse" Datatype="Bool" /><Member Name="ObjectReceivePulse" Datatype="Bool" /><Member Name="GapTimeOk" Datatype="Bool" /><Member Name="Empty" Datatype="Bool" /><Member Name="ObjectOnConveyor" Datatype="Bool" /><Member Name="Initialized" Datatype="Bool" /><Member Name="ManualMode" Datatype="Bool" /></Member><Member Name="TrackingCmd" Datatype="Struct"><Member Name="InductNewTracking" Datatype="Bool" /><Member Name="ClearTracking" Datatype="Bool" /><Member Name="NewTrackingId" Datatype="&quot;Tracking_Simple_UDT_1&quot;"><Sections><Section Name="None"><Member Name="ID" Datatype="UInt" /><Member Name="PLC_Dest" Datatype="Int" /><Member Name="WMS_Dest" Datatype="String[20]" /><Member Name="Barcode" Datatype="String" /><Member Name="GoodRead" Datatype="Bool" /><Member Name="weightGram" Datatype="Real" /><Member Name="prio" Datatype="Bool" /></Section></Sections></Member></Member><Member Name="TrackingStat" Datatype="Struct"><Member Name="Current" Datatype="&quot;Tracking_Simple_UDT_1&quot;"><Sections><Section Name="None"><Member Name="ID" Datatype="UInt" /><Member Name="PLC_Dest" Datatype="Int" /><Member Name="WMS_Dest" Datatype="String[20]" /><Member Name="Barcode" Datatype="String" /><Member Name="GoodRead" Datatype="Bool" /><Member Name="weightGram" Datatype="Real" /><Member Name="prio" Datatype="Bool" /></Section></Sections></Member><Member Name="InSending" Datatype="&quot;Tracking_Simple_UDT_1&quot;"><Sections><Section Name="None"><Member Name="ID" Datatype="UInt" /><Member Name="PLC_Dest" Datatype="Int" /><Member Name="WMS_Dest" Datatype="String[20]" /><Member Name="Barcode" Datatype="String" /><Member Name="GoodRead" Datatype="Bool" /><Member Name="weightGram" Datatype="Real" /><Member Name="prio" Datatype="Bool" /></Section></Sections></Member><Member Name="TrackingReceived" Datatype="Bool" /><Member Name="TrackingCleared" Datatype="Bool" /></Member><Member Name="Encoder" Datatype="&quot;VirtualEncoder_UDT&quot;"><Sections><Section Name="None"><Member Name="Distance_mm" Datatype="Real" /><Member Name="Speed_mm_ms" Datatype="Real" /><Member Name="Settings" Datatype="Struct"><Member Name="Base_M_min" Datatype="Real" /><Member Name="BaseRelative" Datatype="Real" /></Member></Section></Sections></Member><Member Name="DiagNostics" Datatype="Struct"><Member Name="ReceivedCounter" Datatype="UDInt" /><Member Name="SendingCounter" Datatype="UDInt" /></Member><Member Name="Index" Datatype="Int" /><Member Name="Name" Datatype="String[25]" /><Member Name="Zone" Datatype="Int" /></Section></Sections></Member>
  </Section>
  <Section Name="Output" />
  <Section Name="InOut">
    <Member Name="IO_IPC" Datatype="&quot;PLC_IPC_ROUTING_DATA_UDT&quot;" Accessibility="Public">
      <Sections>
        <Section Name="None">
          <Member Name="PLC" Datatype="&quot;PLC_ROUTING_DATA_UDT&quot;">
            <Sections>
              <Section Name="None">
                <Member Name="REQ_STATUS" Datatype="&quot;PLC_IPC_STANDARD_REQ_RES_UDT&quot;">
                  <Sections>
                    <Section Name="None">
                      <Member Name="newData" Datatype="Bool" />
                      <Member Name="messageId" Datatype="UInt" />
                    </Section>
                  </Sections>
                </Member>
                <Member Name="REQ_DATA" Datatype="&quot;PLC_GETDATA_REQ_DATA_UDT&quot;">
                  <Sections>
                    <Section Name="None">
                      <Member Name="barcode" Datatype="String" />
                      <Member Name="weightGrams" Datatype="Real" />
                    </Section>
                  </Sections>
                </Member>
                <Member Name="PLC_DATA" Datatype="&quot;IPC_GETDATA_RES_DATA_UDT&quot;">
                  <Sections>
                    <Section Name="None">
                      <Member Name="destination" Datatype="String[20]" />
                      <Member Name="prio" Datatype="Bool" />
                    </Section>
                  </Sections>
                </Member>
                <Member Name="IPC_STATUS" Datatype="&quot;IPC_INTERFACE_STATUS_UDT&quot;">
                  <Sections>
                    <Section Name="None">
                      <Member Name="Diagnostics" Datatype="Struct">
                        <Member Name="TimeOuts" Datatype="DInt" />
                        <Member Name="Successes" Datatype="DInt" />
                        <Member Name="OutOfSync" Datatype="DInt" />
                        <Member Name="CommunicationTime" Datatype="Time" />
                        <Member Name="LastCommunicationTime" Datatype="Time" />
                      </Member>
                      <Member Name="ResultStatus" Datatype="Struct">
                        <Member Name="static" Datatype="&quot;IPC_RES_STATUS_UDT&quot;">
                          <Sections>
                            <Section Name="None">
                              <Member Name="NewResult" Datatype="Bool" />
                              <Member Name="Success" Datatype="Bool" />
                              <Member Name="OutOfSync" Datatype="Bool" />
                              <Member Name="TimeOut" Datatype="Bool" />
                              <Member Name="Fail" Datatype="Bool" />
                            </Section>
                          </Sections>
                        </Member>
                        <Member Name="pulse" Datatype="&quot;IPC_RES_STATUS_UDT&quot;">
                          <Sections>
                            <Section Name="None">
                              <Member Name="NewResult" Datatype="Bool" />
                              <Member Name="Success" Datatype="Bool" />
                              <Member Name="OutOfSync" Datatype="Bool" />
                              <Member Name="TimeOut" Datatype="Bool" />
                              <Member Name="Fail" Datatype="Bool" />
                            </Section>
                          </Sections>
                        </Member>
                      </Member>
                      <Member Name="Status" Datatype="Struct">
                        <Member Name="online" Datatype="Bool" />
                        <Member Name="ReadyForSendingData" Datatype="Bool" />
                        <Member Name="ReceivingData" Datatype="Bool" />
                      </Member>
                      <Member Name="Settings" Datatype="Struct">
                        <Member Name="TimeOut" Datatype="Time" />
                        <Member Name="RetrySending" Datatype="Bool" />
                        <Member Name="RetryThreshold" Datatype="Int" />
                        <Member Name="RetryCounter" Datatype="Int" />
                        <Member Name="ResendMessage" Datatype="Time" />
                      </Member>
                      <Member Name="Zone" Datatype="UInt" />
                      <Member Name="name" Datatype="String[20]" />
                    </Section>
                  </Sections>
                </Member>
                <Member Name="id" Datatype="String[20]" />
              </Section>
            </Sections>
          </Member>
          <Member Name="PC" Datatype="&quot;IPC_ROUTING_DATA_UDT&quot;">
            <Sections>
              <Section Name="None">
                <Member Name="RES_STATUS" Datatype="&quot;PLC_IPC_STANDARD_REQ_RES_UDT&quot;">
                  <Sections>
                    <Section Name="None">
                      <Member Name="newData" Datatype="Bool" />
                      <Member Name="messageId" Datatype="UInt" />
                    </Section>
                  </Sections>
                </Member>
                <Member Name="RES_DATA" Datatype="&quot;IPC_GETDATA_RES_DATA_UDT&quot;">
                  <Sections>
                    <Section Name="None">
                      <Member Name="destination" Datatype="String[20]" />
                      <Member Name="prio" Datatype="Bool" />
                    </Section>
                  </Sections>
                </Member>
              </Section>
            </Sections>
          </Member>
          <Member Name="id" Datatype="String[20]" />
        </Section>
      </Sections>
    </Member>
  </Section>
  <Section Name="Static">
    <Member Name="IPC_Arrival" Datatype="&quot;IPC_Request&quot;" Accessibility="Public"><AttributeList><BooleanAttribute Name="ExternalAccessible" SystemDefined="true">true</BooleanAttribute><BooleanAttribute Name="ExternalVisible" SystemDefined="true">true</BooleanAttribute><BooleanAttribute Name="ExternalWritable" SystemDefined="true">true</BooleanAttribute><BooleanAttribute Name="SetPoint" SystemDefined="true">false</BooleanAttribute></AttributeList><Sections><Section Name="Input"><Member Name="I_StartRequestFlag" Datatype="Bool" /><Member Name="I_AbortResend" Datatype="Bool" /><Member Name="I_Data" Datatype="Variant" /><Member Name="I_ResStatus" Datatype="&quot;PLC_IPC_STANDARD_REQ_RES_UDT&quot;"><Sections><Section Name="None"><Member Name="newData" Datatype="Bool" /><Member Name="messageId" Datatype="UInt" /></Section></Sections></Member><Member Name="I_ResData" Datatype="Variant" /></Section><Section Name="Output" /><Section Name="InOut"><Member Name="IO_IPC_Interface" Datatype="&quot;IPC_INTERFACE_STATUS_UDT&quot;"><Sections><Section Name="None" /></Sections></Member><Member Name="IO_ReqStatus" Datatype="&quot;PLC_IPC_STANDARD_REQ_RES_UDT&quot;"><Sections><Section Name="None" /></Sections></Member><Member Name="IO_ReqData" Datatype="Variant" /><Member Name="IO_ResultData" Datatype="Variant" /></Section><Section Name="Static"><Member Name="Alarm" Datatype="&quot;AlarmInfo_UDT&quot;"><Sections><Section Name="None"><Member Name="info" Datatype="String" /><Member Name="init" Datatype="Bool" /></Section></Sections></Member><Member Name="TriggerReader" Datatype="&quot;SmartBool&quot;"><Sections><Section Name="Input"><Member Name="I_Sensor" Datatype="Bool" /><Member Name="I_Simulate" Datatype="Bool" /><Member Name="HoldOnTIme" Datatype="Time" /><Member Name="DelayOnTime" Datatype="Time" /></Section><Section Name="Output"><Member Name="O_data" Datatype="&quot;SmartBooldt&quot;"><Sections><Section Name="None"><Member Name="State" Datatype="Bool" /><Member Name="LE" Datatype="Bool" /><Member Name="FE" Datatype="Bool" /><Member Name="sensorTest" Datatype="Bool" /><Member Name="IddleSignal" Datatype="Bool" /><Member Name="testFailed" Datatype="Bool" /><Member Name="Counter" Datatype="UInt" /></Section></Sections></Member></Section><Section Name="InOut" /><Section Name="Static"><Member Name="S_Prev_Val" Datatype="Bool" /><Member Name="S_DelayOnTime" Datatype="TON_TIME" Version="1.0"><Sections><Section Name="None"><Member Name="PT" Datatype="Time" /><Member Name="ET" Datatype="Time" /><Member Name="IN" Datatype="Bool" /><Member Name="Q" Datatype="Bool" /></Section></Sections></Member><Member Name="S_HoldOnTimer" Datatype="TOF_TIME" Version="1.0"><Sections><Section Name="None"><Member Name="PT" Datatype="Time" /><Member Name="ET" Datatype="Time" /><Member Name="IN" Datatype="Bool" /><Member Name="Q" Datatype="Bool" /></Section></Sections></Member><Member Name="S_LE" Datatype="Bool" /><Member Name="S_FE" Datatype="Bool" /><Member Name="S_SensorState" Datatype="Bool" /><Member Name="S_HoldOn" Datatype="Bool" /></Section></Sections></Member><Member Name="StepNumber" Datatype="DInt" /><Member Name="MessageID" Datatype="UInt" /><Member Name="Step_100_SentData" Datatype="&quot;StepperController&quot;"><Sections><Section Name="Input"><Member Name="I_StepNumber" Datatype="DInt" /><Member Name="I_NextStepNumber" Datatype="DInt" /><Member Name="I_ErrorStepNumber" Datatype="DInt" /><Member Name="I_TimeOutStepNumber" Datatype="DInt" /><Member Name="I_Condition" Datatype="Bool" /><Member Name="I_ErrorConditon" Datatype="Bool" /><Member Name="I_ConditionTIme" Datatype="Time" /><Member Name="I_TimeOutTime" Datatype="Time" /><Member Name="I_ErrorTime" Datatype="Time" /><Member Name="I_IgnoreTimeOut" Datatype="Bool" /><Member Name="I_AccumulateConditionTIme" Datatype="Bool" /><Member Name="I_PauseTimeOut" Datatype="Bool" /></Section><Section Name="Output"><Member Name="O_ConditionTrans" Datatype="Bool" /><Member Name="O_ErrorTrans" Datatype="Bool" /><Member Name="O_TimeTrans" Datatype="Bool" /></Section><Section Name="InOut"><Member Name="IO_StepNumber" Datatype="DInt" /><Member Name="IO_PrevStepNumber" Datatype="DInt" /></Section><Section Name="Static"><Member Name="S_ConditionTime" Datatype="TON_TIME" Version="1.0"><Sections><Section Name="None"><Member Name="PT" Datatype="Time" /><Member Name="ET" Datatype="Time" /><Member Name="IN" Datatype="Bool" /><Member Name="Q" Datatype="Bool" /></Section></Sections></Member><Member Name="S_TimeOutTime" Datatype="TONR_TIME" Version="1.0"><Sections><Section Name="None"><Member Name="PT" Datatype="Time" /><Member Name="ET" Datatype="Time" /><Member Name="IN" Datatype="Bool" /><Member Name="Q" Datatype="Bool" /></Section></Sections></Member><Member Name="S_ErrorConditionTIme" Datatype="TON_TIME" Version="1.0"><Sections><Section Name="None"><Member Name="PT" Datatype="Time" /><Member Name="ET" Datatype="Time" /><Member Name="IN" Datatype="Bool" /><Member Name="Q" Datatype="Bool" /></Section></Sections></Member></Section></Sections></Member><Member Name="Step_200_ReceiveData" Datatype="&quot;StepperController&quot;"><Sections><Section Name="Input"><Member Name="I_StepNumber" Datatype="DInt" /><Member Name="I_NextStepNumber" Datatype="DInt" /><Member Name="I_ErrorStepNumber" Datatype="DInt" /><Member Name="I_TimeOutStepNumber" Datatype="DInt" /><Member Name="I_Condition" Datatype="Bool" /><Member Name="I_ErrorConditon" Datatype="Bool" /><Member Name="I_ConditionTIme" Datatype="Time" /><Member Name="I_TimeOutTime" Datatype="Time" /><Member Name="I_ErrorTime" Datatype="Time" /><Member Name="I_IgnoreTimeOut" Datatype="Bool" /><Member Name="I_AccumulateConditionTIme" Datatype="Bool" /><Member Name="I_PauseTimeOut" Datatype="Bool" /></Section><Section Name="Output"><Member Name="O_ConditionTrans" Datatype="Bool" /><Member Name="O_ErrorTrans" Datatype="Bool" /><Member Name="O_TimeTrans" Datatype="Bool" /></Section><Section Name="InOut"><Member Name="IO_StepNumber" Datatype="DInt" /><Member Name="IO_PrevStepNumber" Datatype="DInt" /></Section><Section Name="Static"><Member Name="S_ConditionTime" Datatype="TON_TIME" Version="1.0"><Sections><Section Name="None"><Member Name="PT" Datatype="Time" /><Member Name="ET" Datatype="Time" /><Member Name="IN" Datatype="Bool" /><Member Name="Q" Datatype="Bool" /></Section></Sections></Member><Member Name="S_TimeOutTime" Datatype="TONR_TIME" Version="1.0"><Sections><Section Name="None"><Member Name="PT" Datatype="Time" /><Member Name="ET" Datatype="Time" /><Member Name="IN" Datatype="Bool" /><Member Name="Q" Datatype="Bool" /></Section></Sections></Member><Member Name="S_ErrorConditionTIme" Datatype="TON_TIME" Version="1.0"><Sections><Section Name="None"><Member Name="PT" Datatype="Time" /><Member Name="ET" Datatype="Time" /><Member Name="IN" Datatype="Bool" /><Member Name="Q" Datatype="Bool" /></Section></Sections></Member></Section></Sections></Member><Member Name="Step_300_ResendingPhase" Datatype="&quot;StepperController&quot;"><Sections><Section Name="Input"><Member Name="I_StepNumber" Datatype="DInt" /><Member Name="I_NextStepNumber" Datatype="DInt" /><Member Name="I_ErrorStepNumber" Datatype="DInt" /><Member Name="I_TimeOutStepNumber" Datatype="DInt" /><Member Name="I_Condition" Datatype="Bool" /><Member Name="I_ErrorConditon" Datatype="Bool" /><Member Name="I_ConditionTIme" Datatype="Time" /><Member Name="I_TimeOutTime" Datatype="Time" /><Member Name="I_ErrorTime" Datatype="Time" /><Member Name="I_IgnoreTimeOut" Datatype="Bool" /><Member Name="I_AccumulateConditionTIme" Datatype="Bool" /><Member Name="I_PauseTimeOut" Datatype="Bool" /></Section><Section Name="Output"><Member Name="O_ConditionTrans" Datatype="Bool" /><Member Name="O_ErrorTrans" Datatype="Bool" /><Member Name="O_TimeTrans" Datatype="Bool" /></Section><Section Name="InOut"><Member Name="IO_StepNumber" Datatype="DInt" /><Member Name="IO_PrevStepNumber" Datatype="DInt" /></Section><Section Name="Static"><Member Name="S_ConditionTime" Datatype="TON_TIME" Version="1.0"><Sections><Section Name="None"><Member Name="PT" Datatype="Time" /><Member Name="ET" Datatype="Time" /><Member Name="IN" Datatype="Bool" /><Member Name="Q" Datatype="Bool" /></Section></Sections></Member><Member Name="S_TimeOutTime" Datatype="TONR_TIME" Version="1.0"><Sections><Section Name="None"><Member Name="PT" Datatype="Time" /><Member Name="ET" Datatype="Time" /><Member Name="IN" Datatype="Bool" /><Member Name="Q" Datatype="Bool" /></Section></Sections></Member><Member Name="S_ErrorConditionTIme" Datatype="TON_TIME" Version="1.0"><Sections><Section Name="None"><Member Name="PT" Datatype="Time" /><Member Name="ET" Datatype="Time" /><Member Name="IN" Datatype="Bool" /><Member Name="Q" Datatype="Bool" /></Section></Sections></Member></Section></Sections></Member><Member Name="wmsError" Datatype="TON_TIME" Version="1.0"><Sections><Section Name="None"><Member Name="PT" Datatype="Time" /><Member Name="ET" Datatype="Time" /><Member Name="IN" Datatype="Bool" /><Member Name="Q" Datatype="Bool" /></Section></Sections></Member><Member Name="alarmWmsError" Datatype="Program_Alarm" Version="1.0"><Sections><Section Name="Base"><Sections Datatype="ALARM_BASE" Version="1.0"><Section Name="Input" /><Section Name="Output" /><Section Name="InOut" /><Section Name="Static"><Member Name="Alarm_ID" Datatype="Event_ID" Version="1.0"><Sections><Section Name="None"><Member Name="ALID" Datatype="Word" /><Member Name="ARID" Datatype="Word" /></Section></Sections></Member><Member Name="HANDLE" Datatype="DWord" /></Section></Sections></Section><Section Name="Input"><Member Name="SIG" Datatype="Bool" /><Member Name="TIMESTAMP" Datatype="LDT" /><Member Name="SD_1" Datatype="Variant" /><Member Name="SD_2" Datatype="Variant" /><Member Name="SD_3" Datatype="Variant" /><Member Name="SD_4" Datatype="Variant" /><Member Name="SD_5" Datatype="Variant" /><Member Name="SD_6" Datatype="Variant" /><Member Name="SD_7" Datatype="Variant" /><Member Name="SD_8" Datatype="Variant" /><Member Name="SD_9" Datatype="Variant" /><Member Name="SD_10" Datatype="Variant" /></Section><Section Name="Output"><Member Name="Error" Datatype="Bool" /><Member Name="Status" Datatype="Word" /></Section><Section Name="InOut" /><Section Name="Static"><Member Name="SD_0" Datatype="AssocValue_0" Version="1.0"><Sections><Section Name="None"><Member Name="Syntax" Datatype="UInt" /><Member Name="Aap" Datatype="Byte" /></Section></Sections></Member><Member Name="SIG_Edge_History" Datatype="Bool" /><Member Name="INIT_FB_State" Datatype="DWord" /></Section></Sections></Member></Section></Sections></Member>
  </Section>
  <Section Name="Temp">
    <Member Name="T_Trigger" Datatype="Bool" />
    <Member Name="T_data" Datatype="&quot;PLC_GETDATA_REQ_DATA_UDT&quot;">
      <Sections>
        <Section Name="None">
          <Member Name="barcode" Datatype="String" />
          <Member Name="weightGrams" Datatype="Real" />
        </Section>
      </Sections>
    </Member>
  </Section>
  <Section Name="Constant" />
</Sections></Interface>
      <IsIECCheckEnabled>false</IsIECCheckEnabled>
      <IsRetainMemResEnabled>false</IsRetainMemResEnabled>
      <MemoryLayout>Optimized</MemoryLayout>
      <MemoryReserve>100</MemoryReserve>
      <Name>Conveyor_IPC_Arrival_Wrapper_FB</Name>
      <Number>53</Number>
      <ProgrammingLanguage>SCL</ProgrammingLanguage>
      <SetENOAutomatically>false</SetENOAutomatically>
      <UDABlockProperties />
      <UDAEnableTagReadback>false</UDAEnableTagReadback>
    </AttributeList>
    <ObjectList>
      <MultilingualText ID="1" CompositionName="Comment">
        <ObjectList>
          <MultilingualTextItem ID="2" CompositionName="Items">
            <AttributeList>
              <Culture>en-US</Culture>
              <Text />
            </AttributeList>
          </MultilingualTextItem>
          <MultilingualTextItem ID="3" CompositionName="Items">
            <AttributeList>
              <Culture>fr-BE</Culture>
              <Text />
            </AttributeList>
          </MultilingualTextItem>
        </ObjectList>
      </MultilingualText>
      <SW.Blocks.CompileUnit ID="4" CompositionName="CompileUnits">
        <AttributeList>
          <NetworkSource><StructuredText xmlns="http://www.siemens.com/automation/Openness/SW/NetworkSource/StructuredText/v3">
  <LineComment Inserted="false" NoClosingBracket="false" UId="21">
    <Text UId="22"> #T_Trigger := #I_Conveyor.Status.ObjectSentPulse AND #I_InterfaceGrav;</Text>
  </LineComment>
  <NewLine Num="1" UId="23" />
  <LineComment Inserted="false" NoClosingBracket="false" UId="24">
    <Text UId="25"> #T_data.barcode := #I_Conveyor.TrackingStat.Current.Barcode;</Text>
  </LineComment>
  <NewLine Num="2" UId="26" />
  <LineComment Inserted="false" NoClosingBracket="false" UId="27">
    <Text UId="28"> #IPC_Arrival(I_StartRequestFlag:=#T_Trigger,</Text>
  </LineComment>
  <NewLine Num="1" UId="29" />
  <LineComment Inserted="false" NoClosingBracket="false" UId="30">
    <Text UId="31">              I_Data:=#T_data,</Text>
  </LineComment>
  <NewLine Num="1" UId="32" />
  <LineComment Inserted="false" NoClosingBracket="false" UId="33">
    <Text UId="34">              IO_IPC_Interface:=#IO_IPC.IPC_STATUS,</Text>
  </LineComment>
  <NewLine Num="1" UId="35" />
  <LineComment Inserted="false" NoClosingBracket="false" UId="36">
    <Text UId="37">              IO_ReqStatus:=#IO_IPC.REQ_STATUS,</Text>
  </LineComment>
  <NewLine Num="1" UId="38" />
  <LineComment Inserted="false" NoClosingBracket="false" UId="39">
    <Text UId="40">              IO_ResStatus:=#IO_IPC.RES_STATUS,</Text>
  </LineComment>
  <NewLine Num="1" UId="41" />
  <LineComment Inserted="false" NoClosingBracket="false" UId="42">
    <Text UId="43">              IO_ReqData:=#IO_IPC.REQ_DATA,</Text>
  </LineComment>
  <NewLine Num="1" UId="44" />
  <LineComment Inserted="false" NoClosingBracket="false" UId="45">
    <Text UId="46">              IO_ResData:=#IO_IPC.RES_DATA,</Text>
  </LineComment>
  <NewLine Num="1" UId="47" />
  <LineComment Inserted="false" NoClosingBracket="false" UId="48">
    <Text UId="49">              IO_ResultData:=#IO_IPC.PLC_DATA);</Text>
  </LineComment>
  <NewLine Num="2" UId="50" />
</StructuredText></NetworkSource>
          <ProgrammingLanguage>SCL</ProgrammingLanguage>
        </AttributeList>
        <ObjectList>
          <MultilingualText ID="5" CompositionName="Comment">
            <ObjectList>
              <MultilingualTextItem ID="6" CompositionName="Items">
                <AttributeList>
                  <Culture>en-US</Culture>
                  <Text />
                </AttributeList>
              </MultilingualTextItem>
              <MultilingualTextItem ID="7" CompositionName="Items">
                <AttributeList>
                  <Culture>fr-BE</Culture>
                  <Text />
                </AttributeList>
              </MultilingualTextItem>
            </ObjectList>
          </MultilingualText>
          <MultilingualText ID="8" CompositionName="Title">
            <ObjectList>
              <MultilingualTextItem ID="9" CompositionName="Items">
                <AttributeList>
                  <Culture>en-US</Culture>
                  <Text />
                </AttributeList>
              </MultilingualTextItem>
              <MultilingualTextItem ID="A" CompositionName="Items">
                <AttributeList>
                  <Culture>fr-BE</Culture>
                  <Text />
                </AttributeList>
              </MultilingualTextItem>
            </ObjectList>
          </MultilingualText>
        </ObjectList>
      </SW.Blocks.CompileUnit>
      <MultilingualText ID="B" CompositionName="Title">
        <ObjectList>
          <MultilingualTextItem ID="C" CompositionName="Items">
            <AttributeList>
              <Culture>en-US</Culture>
              <Text />
            </AttributeList>
          </MultilingualTextItem>
          <MultilingualTextItem ID="D" CompositionName="Items">
            <AttributeList>
              <Culture>fr-BE</Culture>
              <Text />
            </AttributeList>
          </MultilingualTextItem>
        </ObjectList>
      </MultilingualText>
    </ObjectList>
  </SW.Blocks.FB>
</Document>