﻿<?xml version="1.0" encoding="utf-8"?>
<Document>
  <Engineering version="V16" />
  <DocumentInfo>
    <Created>2023-11-13T10:46:11.9826932Z</Created>
    <ExportSetting>WithDefaults</ExportSetting>
    <InstalledProducts>
      <Product>
        <DisplayName>Totally Integrated Automation Portal</DisplayName>
        <DisplayVersion>V16 Update 6</DisplayVersion>
      </Product>
      <OptionPackage>
        <DisplayName>TIA Portal Version Control Interface</DisplayName>
        <DisplayVersion>V16 Update 2</DisplayVersion>
      </OptionPackage>
      <OptionPackage>
        <DisplayName>TIA Portal Openness</DisplayName>
        <DisplayVersion>V16 Update 6</DisplayVersion>
      </OptionPackage>
      <OptionPackage>
        <DisplayName>TIA Portal Teamcenter Gateway</DisplayName>
        <DisplayVersion>V16</DisplayVersion>
      </OptionPackage>
      <Product>
        <DisplayName>SINAMICS Startdrive Advanced</DisplayName>
        <DisplayVersion>V16 Update 5</DisplayVersion>
      </Product>
      <OptionPackage>
        <DisplayName>SINAMICS Startdrive G130, G150, S120, S150, SINAMICS MV, S210</DisplayName>
        <DisplayVersion>V16 Update 5</DisplayVersion>
      </OptionPackage>
      <OptionPackage>
        <DisplayName>SINAMICS Startdrive G110M, G120, G120C, G120D, G120P, G115D</DisplayName>
        <DisplayVersion>V16 Update 5</DisplayVersion>
      </OptionPackage>
      <Product>
        <DisplayName>STEP 7 Professional</DisplayName>
        <DisplayVersion>V16 Update 6</DisplayVersion>
      </Product>
      <OptionPackage>
        <DisplayName>STEP 7 Safety</DisplayName>
        <DisplayVersion>V16</DisplayVersion>
      </OptionPackage>
      <Product>
        <DisplayName>WinCC Advanced / Unified PC</DisplayName>
        <DisplayVersion>V16 Update 6</DisplayVersion>
      </Product>
    </InstalledProducts>
  </DocumentInfo>
  <SW.Blocks.FB ID="0">
    <AttributeList>
      <AutoNumber>true</AutoNumber>
      <HeaderAuthor />
      <HeaderFamily />
      <HeaderName />
      <HeaderVersion>0.1</HeaderVersion>
      <Interface><Sections xmlns="http://www.siemens.com/automation/Openness/SW/Interface/v4">
  <Section Name="Input" />
  <Section Name="Output" />
  <Section Name="InOut">
    <Member Name="IO_CONV" Datatype="&quot;Conveyor_UDT&quot;" Accessibility="Public">
      <Sections>
        <Section Name="None">
          <Member Name="Settings" Datatype="Struct">
            <Member Name="Mode" Datatype="Int" />
            <Member Name="AutomaticBuffering" Datatype="Bool" />
            <Member Name="Direction" Datatype="Bool" />
            <Member Name="EnergySave" Datatype="Bool" />
            <Member Name="RunIddle" Datatype="Bool" />
            <Member Name="AutoReset" Datatype="Bool" />
            <Member Name="SentHoldOnCheckReceive" Datatype="Bool" />
            <Member Name="Timings" Datatype="&quot;ConveyorTimes_UDT&quot;">
              <Sections>
                <Section Name="None">
                  <Member Name="DelayedStart" Datatype="Time" />
                  <Member Name="ConveyorLength" Datatype="Real" />
                  <Member Name="InitDistance" Datatype="Real" />
                  <Member Name="ReceiveDistance" Datatype="Real" />
                  <Member Name="SendDistance" Datatype="Real" />
                  <Member Name="SleepDistance" Datatype="Real" />
                  <Member Name="GapDistance" Datatype="Real" />
                  <Member Name="StartupDelay" Datatype="Time" />
                </Section>
              </Sections>
            </Member>
            <Member Name="Speed" Datatype="Struct">
              <Member Name="speed" Datatype="Real" />
              <Member Name="UpstreamGain" Datatype="Real" />
              <Member Name="speedController" Datatype="Bool" />
            </Member>
            <Member Name="Alarms" Datatype="Struct">
              <Member Name="BlockDetectionOn" Datatype="Bool" />
              <Member Name="BlockedAtStartSensor" Datatype="Bool" />
              <Member Name="ParcelsToCloseDetectionOn" Datatype="Bool" />
              <Member Name="ParcelsToLongDetectionOn" Datatype="Bool" />
              <Member Name="ParcelToShortDetectionOn" Datatype="Bool" />
              <Member Name="BlockRetrys" Datatype="Int" />
              <Member Name="SentTimeError" Datatype="Real" />
              <Member Name="TimeBetweenParcels" Datatype="Real" />
              <Member Name="MinSizeParcel" Datatype="Real" />
              <Member Name="MaxSizeParcel" Datatype="Real" />
            </Member>
          </Member>
          <Member Name="Cmd" Datatype="Struct">
            <Member Name="Reset" Datatype="Bool" />
            <Member Name="ReInitialize" Datatype="Bool" />
            <Member Name="RunAuto" Datatype="Bool" />
            <Member Name="RunManual" Datatype="Bool" />
            <Member Name="SpeedAuto" Datatype="Real" />
            <Member Name="SpeedManual" Datatype="Real" />
            <Member Name="ReadyToReceive" Datatype="Bool" />
            <Member Name="ReadyToSent" Datatype="Bool" />
            <Member Name="InvertFlow" Datatype="Bool" />
            <Member Name="Direction" Datatype="Bool" />
            <Member Name="Accumulate" Datatype="Struct">
              <Member Name="Acc_ext_1" Datatype="Bool" />
              <Member Name="Acc_ext_2" Datatype="Bool" />
              <Member Name="Acc_ext_3" Datatype="Bool" />
              <Member Name="Acc_ext_4" Datatype="Bool" />
              <Member Name="Acc_ext_5" Datatype="Bool" />
              <Member Name="Acc_TC_1" Datatype="Bool" />
              <Member Name="Acc_TC_2" Datatype="Bool" />
              <Member Name="Acc_TC_3" Datatype="Bool" />
              <Member Name="Acc_Scan_1" Datatype="Bool" />
              <Member Name="Acc_Scan_2" Datatype="Bool" />
              <Member Name="Acc_Scan_3" Datatype="Bool" />
              <Member Name="Acc_Scale_1" Datatype="Bool" />
              <Member Name="Acc_Scale_2" Datatype="Bool" />
              <Member Name="Acc_Scale_3" Datatype="Bool" />
            </Member>
            <Member Name="StartRequestObject" Datatype="Bool" />
            <Member Name="StopRequestObject" Datatype="Bool" />
            <Member Name="IgnoreStandby" Datatype="Bool" />
            <Member Name="ManualOverride" Datatype="Bool" />
            <Member Name="Interlock" Datatype="Bool" />
          </Member>
          <Member Name="Input" Datatype="Struct">
            <Member Name="SensorStartHMI" Datatype="Bool" />
            <Member Name="SensorEndHMI" Datatype="Bool" />
            <Member Name="SensorAtStartLogic" Datatype="&quot;SmartBooldt&quot;">
              <Sections>
                <Section Name="None">
                  <Member Name="State" Datatype="Bool" />
                  <Member Name="LE" Datatype="Bool" />
                  <Member Name="FE" Datatype="Bool" />
                  <Member Name="sensorTest" Datatype="Bool" />
                  <Member Name="IddleSignal" Datatype="Bool" />
                  <Member Name="testFailed" Datatype="Bool" />
                  <Member Name="Counter" Datatype="UInt" />
                </Section>
              </Sections>
            </Member>
            <Member Name="SensorAtEndLogic" Datatype="&quot;SmartBooldt&quot;">
              <Sections>
                <Section Name="None">
                  <Member Name="State" Datatype="Bool" />
                  <Member Name="LE" Datatype="Bool" />
                  <Member Name="FE" Datatype="Bool" />
                  <Member Name="sensorTest" Datatype="Bool" />
                  <Member Name="IddleSignal" Datatype="Bool" />
                  <Member Name="testFailed" Datatype="Bool" />
                  <Member Name="Counter" Datatype="UInt" />
                </Section>
              </Sections>
            </Member>
            <Member Name="Running_FB" Datatype="Bool" />
            <Member Name="Interlock" Datatype="Bool" />
          </Member>
          <Member Name="Alarms" Datatype="Struct">
            <Member Name="BlockedReceive" Datatype="&quot;HmiAlarm&quot;">
              <Sections>
                <Section Name="None">
                  <Member Name="Active" Datatype="Bool" />
                  <Member Name="Acknowledge" Datatype="Bool" />
                  <Member Name="type" Datatype="Int" />
                </Section>
              </Sections>
            </Member>
            <Member Name="BlockedSending" Datatype="&quot;HmiAlarm&quot;">
              <Sections>
                <Section Name="None">
                  <Member Name="Active" Datatype="Bool" />
                  <Member Name="Acknowledge" Datatype="Bool" />
                  <Member Name="type" Datatype="Int" />
                </Section>
              </Sections>
            </Member>
            <Member Name="ToClose" Datatype="&quot;HmiAlarm&quot;">
              <Sections>
                <Section Name="None">
                  <Member Name="Active" Datatype="Bool" />
                  <Member Name="Acknowledge" Datatype="Bool" />
                  <Member Name="type" Datatype="Int" />
                </Section>
              </Sections>
            </Member>
            <Member Name="ToSmall" Datatype="&quot;HmiAlarm&quot;">
              <Sections>
                <Section Name="None">
                  <Member Name="Active" Datatype="Bool" />
                  <Member Name="Acknowledge" Datatype="Bool" />
                  <Member Name="type" Datatype="Int" />
                </Section>
              </Sections>
            </Member>
            <Member Name="ToLong" Datatype="&quot;HmiAlarm&quot;">
              <Sections>
                <Section Name="None">
                  <Member Name="Active" Datatype="Bool" />
                  <Member Name="Acknowledge" Datatype="Bool" />
                  <Member Name="type" Datatype="Int" />
                </Section>
              </Sections>
            </Member>
            <Member Name="MotorAlarm" Datatype="&quot;HmiAlarm&quot;">
              <Sections>
                <Section Name="None">
                  <Member Name="Active" Datatype="Bool" />
                  <Member Name="Acknowledge" Datatype="Bool" />
                  <Member Name="type" Datatype="Int" />
                </Section>
              </Sections>
            </Member>
            <Member Name="AlarmActive" Datatype="&quot;HmiAlarm&quot;">
              <Sections>
                <Section Name="None">
                  <Member Name="Active" Datatype="Bool" />
                  <Member Name="Acknowledge" Datatype="Bool" />
                  <Member Name="type" Datatype="Int" />
                </Section>
              </Sections>
            </Member>
            <Member Name="Status" Datatype="Word" />
          </Member>
          <Member Name="Status" Datatype="Struct">
            <Member Name="AccumulationOn" Datatype="Bool" />
            <Member Name="StartedAutoMode" Datatype="Bool" />
            <Member Name="ReadyForStandby" Datatype="Bool" />
            <Member Name="RequestForSending" Datatype="Bool" />
            <Member Name="ExecutingReceiveSequence" Datatype="Bool" />
            <Member Name="ExecutingSendingSequence" Datatype="Bool" />
            <Member Name="ObjectSentPulse" Datatype="Bool" />
            <Member Name="ObjectReceivePulse" Datatype="Bool" />
            <Member Name="GapTimeOk" Datatype="Bool" />
            <Member Name="Empty" Datatype="Bool" />
            <Member Name="ObjectOnConveyor" Datatype="Bool" />
            <Member Name="Initialized" Datatype="Bool" />
            <Member Name="ManualMode" Datatype="Bool" />
          </Member>
          <Member Name="TrackingCmd" Datatype="Struct">
            <Member Name="InductNewTracking" Datatype="Bool" />
            <Member Name="ClearTracking" Datatype="Bool" />
            <Member Name="NewTrackingId" Datatype="&quot;Tracking_Simple_UDT_1&quot;">
              <Sections>
                <Section Name="None">
                  <Member Name="ID" Datatype="UInt" />
                  <Member Name="PLC_Dest" Datatype="Int" />
                  <Member Name="WMS_Dest" Datatype="String[20]" />
                  <Member Name="Barcode" Datatype="String" />
                  <Member Name="GoodRead" Datatype="Bool" />
                  <Member Name="weightGram" Datatype="Real" />
                  <Member Name="prio" Datatype="Bool" />
                </Section>
              </Sections>
            </Member>
          </Member>
          <Member Name="TrackingStat" Datatype="Struct">
            <Member Name="Current" Datatype="&quot;Tracking_Simple_UDT_1&quot;">
              <Sections>
                <Section Name="None">
                  <Member Name="ID" Datatype="UInt" />
                  <Member Name="PLC_Dest" Datatype="Int" />
                  <Member Name="WMS_Dest" Datatype="String[20]" />
                  <Member Name="Barcode" Datatype="String" />
                  <Member Name="GoodRead" Datatype="Bool" />
                  <Member Name="weightGram" Datatype="Real" />
                  <Member Name="prio" Datatype="Bool" />
                </Section>
              </Sections>
            </Member>
            <Member Name="InSending" Datatype="&quot;Tracking_Simple_UDT_1&quot;">
              <Sections>
                <Section Name="None">
                  <Member Name="ID" Datatype="UInt" />
                  <Member Name="PLC_Dest" Datatype="Int" />
                  <Member Name="WMS_Dest" Datatype="String[20]" />
                  <Member Name="Barcode" Datatype="String" />
                  <Member Name="GoodRead" Datatype="Bool" />
                  <Member Name="weightGram" Datatype="Real" />
                  <Member Name="prio" Datatype="Bool" />
                </Section>
              </Sections>
            </Member>
            <Member Name="TrackingReceived" Datatype="Bool" />
            <Member Name="TrackingCleared" Datatype="Bool" />
          </Member>
          <Member Name="Encoder" Datatype="&quot;VirtualEncoder_UDT&quot;">
            <Sections>
              <Section Name="None">
                <Member Name="Distance_mm" Datatype="Real" />
                <Member Name="Speed_mm_ms" Datatype="Real" />
                <Member Name="Settings" Datatype="Struct">
                  <Member Name="Base_M_min" Datatype="Real" />
                  <Member Name="BaseRelative" Datatype="Real" />
                </Member>
              </Section>
            </Sections>
          </Member>
          <Member Name="DiagNostics" Datatype="Struct">
            <Member Name="ReceivedCounter" Datatype="UDInt" />
            <Member Name="SendingCounter" Datatype="UDInt" />
          </Member>
          <Member Name="Index" Datatype="Int" />
          <Member Name="Name" Datatype="String[25]" />
          <Member Name="Zone" Datatype="Int" />
        </Section>
      </Sections>
    </Member>
  </Section>
  <Section Name="Static" />
  <Section Name="Temp">
    <Member Name="T_WmsDest" Datatype="String[20]" />
    <Member Name="T_PLCDest" Datatype="Int" />
    <Member Name="T_Prio" Datatype="Bool" />
    <Member Name="T_Exit" Datatype="String" />
  </Section>
  <Section Name="Constant" />
</Sections></Interface>
      <IsIECCheckEnabled>false</IsIECCheckEnabled>
      <IsRetainMemResEnabled>false</IsRetainMemResEnabled>
      <MemoryLayout>Optimized</MemoryLayout>
      <MemoryReserve>100</MemoryReserve>
      <Name>Z_GRAV_EXIT_ROUTER_FB</Name>
      <Number>56</Number>
      <ProgrammingLanguage>SCL</ProgrammingLanguage>
      <SetENOAutomatically>false</SetENOAutomatically>
      <UDABlockProperties />
      <UDAEnableTagReadback>false</UDAEnableTagReadback>
    </AttributeList>
    <ObjectList>
      <MultilingualText ID="1" CompositionName="Comment">
        <ObjectList>
          <MultilingualTextItem ID="2" CompositionName="Items">
            <AttributeList>
              <Culture>en-US</Culture>
              <Text />
            </AttributeList>
          </MultilingualTextItem>
          <MultilingualTextItem ID="3" CompositionName="Items">
            <AttributeList>
              <Culture>fr-BE</Culture>
              <Text />
            </AttributeList>
          </MultilingualTextItem>
        </ObjectList>
      </MultilingualText>
      <SW.Blocks.CompileUnit ID="4" CompositionName="CompileUnits">
        <AttributeList>
          <NetworkSource><StructuredText xmlns="http://www.siemens.com/automation/Openness/SW/NetworkSource/StructuredText/v3">
  <Access Scope="LocalVariable" UId="21">
    <Symbol UId="22">
      <Component Name="T_WmsDest" UId="23" />
    </Symbol>
  </Access>
  <Blank Num="1" UId="24" />
  <Token Text=":=" UId="25" />
  <Blank Num="1" UId="26" />
  <Access Scope="LocalVariable" UId="27">
    <Symbol UId="28">
      <Component Name="IO_CONV" UId="29" />
      <Token Text="." UId="30" />
      <Component Name="TrackingStat" UId="31" />
      <Token Text="." UId="32" />
      <Component Name="Current" UId="33" />
      <Token Text="." UId="34" />
      <Component Name="WMS_Dest" UId="35" />
    </Symbol>
  </Access>
  <Token Text=";" UId="36" />
  <NewLine Num="1" UId="37" />
  <Access Scope="LocalVariable" UId="38">
    <Symbol UId="39">
      <Component Name="T_Prio" UId="40" />
    </Symbol>
  </Access>
  <Blank Num="1" UId="41" />
  <Token Text=":=" UId="42" />
  <Blank Num="1" UId="43" />
  <Access Scope="LocalVariable" UId="44">
    <Symbol UId="45">
      <Component Name="IO_CONV" UId="46" />
      <Token Text="." UId="47" />
      <Component Name="TrackingStat" UId="48" />
      <Token Text="." UId="49" />
      <Component Name="Current" UId="50" />
      <Token Text="." UId="51" />
      <Component Name="prio" UId="52" />
    </Symbol>
  </Access>
  <Token Text=";" UId="53" />
  <NewLine Num="1" UId="54" />
  <Access Scope="LocalVariable" UId="55">
    <Symbol UId="56">
      <Component Name="T_PLCDest" UId="57" />
    </Symbol>
  </Access>
  <Blank Num="1" UId="58" />
  <Token Text=":=" UId="59" />
  <Blank Num="1" UId="60" />
  <Access Scope="LiteralConstant" UId="61">
    <Constant UId="62">
      <ConstantValue UId="64">0</ConstantValue>
    </Constant>
  </Access>
  <Token Text=";" UId="65" />
  <NewLine Num="3" UId="66" />
  <Access Scope="LocalVariable" UId="67">
    <Symbol UId="68">
      <Component Name="T_Exit" UId="69" />
    </Symbol>
  </Access>
  <Blank Num="1" UId="70" />
  <Token Text=":=" UId="71" />
  <Blank Num="1" UId="72" />
  <Access Scope="Call" UId="73">
    <Instruction Name="RIGHT" UId="74">
      <Token Text="(" UId="75" />
      <Parameter Name="IN" UId="76">
        <Blank Num="1" UId="77" />
        <Token Text=":=" UId="78" />
        <Blank Num="1" UId="79" />
        <Access Scope="LocalVariable" UId="80">
          <Symbol UId="81">
            <Component Name="T_WmsDest" UId="82" />
          </Symbol>
        </Access>
      </Parameter>
      <Token Text="," UId="83" />
      <Blank Num="1" UId="84" />
      <Parameter Name="L" UId="85">
        <Blank Num="1" UId="86" />
        <Token Text=":=" UId="87" />
        <Blank Num="1" UId="88" />
        <Access Scope="LiteralConstant" UId="89">
          <Constant UId="90">
            <ConstantValue UId="92">1</ConstantValue>
          </Constant>
        </Access>
      </Parameter>
      <Token Text=")" UId="94" />
    </Instruction>
  </Access>
  <Token Text=";" UId="95" />
  <NewLine Num="3" UId="96" />
  <LineComment Inserted="false" NoClosingBracket="false" UId="97">
    <Text UId="98">Check locations in front</Text>
  </LineComment>
  <NewLine Num="1" UId="99" />
  <Token Text="IF" UId="100" />
  <Blank Num="1" UId="101" />
  <Access Scope="LocalVariable" UId="102">
    <Symbol UId="103">
      <Component Name="T_Exit" UId="104" />
    </Symbol>
  </Access>
  <Blank Num="1" UId="105" />
  <Token Text="=" UId="106" />
  <Blank Num="1" UId="107" />
  <Access Scope="LiteralConstant" UId="108">
    <Constant UId="109">
      <ConstantValue UId="111">'2'</ConstantValue>
    </Constant>
  </Access>
  <Blank Num="1" UId="112" />
  <Token Text="THEN" UId="113" />
  <NewLine Num="1" UId="114" />
  <Blank Num="4" UId="115" />
  <NewLine Num="1" UId="116" />
  <Blank Num="4" UId="117" />
  <Access Scope="LocalVariable" UId="118">
    <Symbol UId="119">
      <Component Name="T_PLCDest" UId="120" />
    </Symbol>
  </Access>
  <Blank Num="1" UId="121" />
  <Token Text=":=" UId="122" />
  <Blank Num="1" UId="123" />
  <Access Scope="GlobalConstant" UId="124">
    <Constant Name="PLC_ROUTE_EXIT_XX1" UId="125" />
  </Access>
  <Token Text=";" UId="128" />
  <NewLine Num="1" UId="129" />
  <Blank Num="4" UId="130" />
  <NewLine Num="1" UId="131" />
  <Blank Num="4" UId="132" />
  <LineComment Inserted="false" NoClosingBracket="false" UId="133">
    <Text UId="134">Check locations exits </Text>
  </LineComment>
  <NewLine Num="1" UId="135" />
  <Token Text="ELSIF" UId="136" />
  <Blank Num="1" UId="137" />
  <Access Scope="LocalVariable" UId="138">
    <Symbol UId="139">
      <Component Name="T_Exit" UId="140" />
    </Symbol>
  </Access>
  <Blank Num="1" UId="141" />
  <Token Text="=" UId="142" />
  <Blank Num="1" UId="143" />
  <Access Scope="LiteralConstant" UId="144">
    <Constant UId="145">
      <ConstantValue UId="147">'1'</ConstantValue>
    </Constant>
  </Access>
  <Blank Num="1" UId="148" />
  <Token Text="THEN" UId="149" />
  <NewLine Num="1" UId="150" />
  <Blank Num="4" UId="151" />
  <NewLine Num="1" UId="152" />
  <Blank Num="4" UId="153" />
  <Access Scope="LocalVariable" UId="154">
    <Symbol UId="155">
      <Component Name="T_PLCDest" UId="156" />
    </Symbol>
  </Access>
  <Blank Num="1" UId="157" />
  <Token Text=":=" UId="158" />
  <Blank Num="1" UId="159" />
  <Access Scope="GlobalConstant" UId="160">
    <Constant Name="PLC_ROUTE_EXIT_XX2" UId="161" />
  </Access>
  <Token Text=";" UId="164" />
  <NewLine Num="1" UId="165" />
  <Blank Num="4" UId="166" />
  <NewLine Num="1" UId="167" />
  <Token Text="END_IF" UId="168" />
  <Token Text=";" UId="169" />
  <NewLine Num="2" UId="170" />
  <Token Text="IF" UId="171" />
  <Blank Num="1" UId="172" />
  <Access Scope="LocalVariable" UId="173">
    <Symbol UId="174">
      <Component Name="IO_CONV" UId="175" />
      <Token Text="." UId="176" />
      <Component Name="Status" UId="177" />
      <Token Text="." UId="178" />
      <Component Name="RequestForSending" UId="179" />
    </Symbol>
  </Access>
  <Blank Num="1" UId="180" />
  <Token Text="THEN" UId="181" />
  <NewLine Num="1" UId="182" />
  <Blank Num="4" UId="183" />
  <Access Scope="LocalVariable" UId="184">
    <Symbol UId="185">
      <Component Name="IO_CONV" UId="186" />
      <Token Text="." UId="187" />
      <Component Name="TrackingStat" UId="188" />
      <Token Text="." UId="189" />
      <Component Name="Current" UId="190" />
      <Token Text="." UId="191" />
      <Component Name="PLC_Dest" UId="192" />
    </Symbol>
  </Access>
  <Blank Num="1" UId="193" />
  <Token Text=":=" UId="194" />
  <Blank Num="1" UId="195" />
  <Access Scope="LocalVariable" UId="196">
    <Symbol UId="197">
      <Component Name="T_PLCDest" UId="198" />
    </Symbol>
  </Access>
  <Token Text=";" UId="199" />
  <NewLine Num="1" UId="200" />
  <Token Text="ELSE" UId="201" />
  <NewLine Num="1" UId="202" />
  <Blank Num="4" UId="203" />
  <Access Scope="LocalVariable" UId="204">
    <Symbol UId="205">
      <Component Name="IO_CONV" UId="206" />
      <Token Text="." UId="207" />
      <Component Name="TrackingStat" UId="208" />
      <Token Text="." UId="209" />
      <Component Name="Current" UId="210" />
      <Token Text="." UId="211" />
      <Component Name="PLC_Dest" UId="212" />
    </Symbol>
  </Access>
  <Blank Num="1" UId="213" />
  <Token Text=":=" UId="214" />
  <Blank Num="1" UId="215" />
  <Access Scope="LiteralConstant" UId="216">
    <Constant UId="217">
      <ConstantValue UId="219">0</ConstantValue>
    </Constant>
  </Access>
  <Token Text=";" UId="220" />
  <NewLine Num="1" UId="221" />
  <Token Text="END_IF" UId="222" />
  <Token Text=";" UId="223" />
</StructuredText></NetworkSource>
          <ProgrammingLanguage>SCL</ProgrammingLanguage>
        </AttributeList>
        <ObjectList>
          <MultilingualText ID="5" CompositionName="Comment">
            <ObjectList>
              <MultilingualTextItem ID="6" CompositionName="Items">
                <AttributeList>
                  <Culture>en-US</Culture>
                  <Text />
                </AttributeList>
              </MultilingualTextItem>
              <MultilingualTextItem ID="7" CompositionName="Items">
                <AttributeList>
                  <Culture>fr-BE</Culture>
                  <Text />
                </AttributeList>
              </MultilingualTextItem>
            </ObjectList>
          </MultilingualText>
          <MultilingualText ID="8" CompositionName="Title">
            <ObjectList>
              <MultilingualTextItem ID="9" CompositionName="Items">
                <AttributeList>
                  <Culture>en-US</Culture>
                  <Text />
                </AttributeList>
              </MultilingualTextItem>
              <MultilingualTextItem ID="A" CompositionName="Items">
                <AttributeList>
                  <Culture>fr-BE</Culture>
                  <Text />
                </AttributeList>
              </MultilingualTextItem>
            </ObjectList>
          </MultilingualText>
        </ObjectList>
      </SW.Blocks.CompileUnit>
      <MultilingualText ID="B" CompositionName="Title">
        <ObjectList>
          <MultilingualTextItem ID="C" CompositionName="Items">
            <AttributeList>
              <Culture>en-US</Culture>
              <Text />
            </AttributeList>
          </MultilingualTextItem>
          <MultilingualTextItem ID="D" CompositionName="Items">
            <AttributeList>
              <Culture>fr-BE</Culture>
              <Text />
            </AttributeList>
          </MultilingualTextItem>
        </ObjectList>
      </MultilingualText>
    </ObjectList>
  </SW.Blocks.FB>
</Document>