﻿<?xml version="1.0" encoding="utf-8"?>
<Document>
  <Engineering version="V16" />
  <DocumentInfo>
    <Created>2023-11-13T10:46:11.5664427Z</Created>
    <ExportSetting>WithDefaults</ExportSetting>
    <InstalledProducts>
      <Product>
        <DisplayName>Totally Integrated Automation Portal</DisplayName>
        <DisplayVersion>V16 Update 6</DisplayVersion>
      </Product>
      <OptionPackage>
        <DisplayName>TIA Portal Version Control Interface</DisplayName>
        <DisplayVersion>V16 Update 2</DisplayVersion>
      </OptionPackage>
      <OptionPackage>
        <DisplayName>TIA Portal Openness</DisplayName>
        <DisplayVersion>V16 Update 6</DisplayVersion>
      </OptionPackage>
      <OptionPackage>
        <DisplayName>TIA Portal Teamcenter Gateway</DisplayName>
        <DisplayVersion>V16</DisplayVersion>
      </OptionPackage>
      <Product>
        <DisplayName>SINAMICS Startdrive Advanced</DisplayName>
        <DisplayVersion>V16 Update 5</DisplayVersion>
      </Product>
      <OptionPackage>
        <DisplayName>SINAMICS Startdrive G130, G150, S120, S150, SINAMICS MV, S210</DisplayName>
        <DisplayVersion>V16 Update 5</DisplayVersion>
      </OptionPackage>
      <OptionPackage>
        <DisplayName>SINAMICS Startdrive G110M, G120, G120C, G120D, G120P, G115D</DisplayName>
        <DisplayVersion>V16 Update 5</DisplayVersion>
      </OptionPackage>
      <Product>
        <DisplayName>STEP 7 Professional</DisplayName>
        <DisplayVersion>V16 Update 6</DisplayVersion>
      </Product>
      <OptionPackage>
        <DisplayName>STEP 7 Safety</DisplayName>
        <DisplayVersion>V16</DisplayVersion>
      </OptionPackage>
      <Product>
        <DisplayName>WinCC Advanced / Unified PC</DisplayName>
        <DisplayVersion>V16 Update 6</DisplayVersion>
      </Product>
    </InstalledProducts>
  </DocumentInfo>
  <SW.Blocks.FB ID="0">
    <AttributeList>
      <AutoNumber>true</AutoNumber>
      <HeaderAuthor />
      <HeaderFamily />
      <HeaderName />
      <HeaderVersion>0.1</HeaderVersion>
      <Interface><Sections xmlns="http://www.siemens.com/automation/Openness/SW/Interface/v4">
  <Section Name="Input" />
  <Section Name="Output" />
  <Section Name="InOut">
    <Member Name="IO_StartAutoMode" Datatype="Bool" Remanence="SetInIDB" Accessibility="Public"><AttributeList><BooleanAttribute Name="ExternalAccessible" SystemDefined="true">true</BooleanAttribute><BooleanAttribute Name="ExternalVisible" SystemDefined="true">true</BooleanAttribute><BooleanAttribute Name="ExternalWritable" SystemDefined="true">true</BooleanAttribute></AttributeList></Member>
    <Member Name="IO_StopAutoMode" Datatype="Bool" Remanence="SetInIDB" Accessibility="Public"><AttributeList><BooleanAttribute Name="ExternalAccessible" SystemDefined="true">true</BooleanAttribute><BooleanAttribute Name="ExternalVisible" SystemDefined="true">true</BooleanAttribute><BooleanAttribute Name="ExternalWritable" SystemDefined="true">true</BooleanAttribute></AttributeList></Member>
  </Section>
  <Section Name="Static">
    <Member Name="zoneInstances" Datatype="Array[1..2] of &quot;InstallaitonControlInstance&quot;" Accessibility="Public"><AttributeList><BooleanAttribute Name="ExternalAccessible" SystemDefined="true">true</BooleanAttribute><BooleanAttribute Name="ExternalVisible" SystemDefined="true">true</BooleanAttribute><BooleanAttribute Name="ExternalWritable" SystemDefined="true">true</BooleanAttribute><BooleanAttribute Name="SetPoint" SystemDefined="true">true</BooleanAttribute></AttributeList><Sections><Section Name="Input" /><Section Name="Output" /><Section Name="InOut"><Member Name="IO_Appstate" Datatype="&quot;ApplicationState_UDT&quot;"><Sections><Section Name="None" /></Sections></Member></Section><Section Name="Static"><Member Name="HmiReset" Datatype="&quot;HmiButton&quot;"><Sections><Section Name="Input"><Member Name="I_Enable" Datatype="Bool" /><Member Name="I_Flash" Datatype="Bool" /><Member Name="I_Type" Datatype="Int" /></Section><Section Name="Output" /><Section Name="InOut"><Member Name="ButtonStatus" Datatype="&quot;HMIButton_UDT&quot;"><Sections><Section Name="None" /></Sections></Member></Section><Section Name="Static"><Member Name="S_smartbool" Datatype="&quot;SmartBool&quot;"><Sections><Section Name="Input"><Member Name="I_Sensor" Datatype="Bool" /><Member Name="I_Simulate" Datatype="Bool" /><Member Name="HoldOnTIme" Datatype="Time" /><Member Name="DelayOnTime" Datatype="Time" /></Section><Section Name="Output"><Member Name="O_data" Datatype="&quot;SmartBooldt&quot;"><Sections><Section Name="None"><Member Name="State" Datatype="Bool" /><Member Name="LE" Datatype="Bool" /><Member Name="FE" Datatype="Bool" /><Member Name="sensorTest" Datatype="Bool" /><Member Name="IddleSignal" Datatype="Bool" /><Member Name="testFailed" Datatype="Bool" /><Member Name="Counter" Datatype="UInt" /></Section></Sections></Member></Section><Section Name="InOut" /><Section Name="Static"><Member Name="S_Prev_Val" Datatype="Bool" /><Member Name="S_DelayOnTime" Datatype="TON_TIME" Version="1.0"><Sections><Section Name="None"><Member Name="PT" Datatype="Time" /><Member Name="ET" Datatype="Time" /><Member Name="IN" Datatype="Bool" /><Member Name="Q" Datatype="Bool" /></Section></Sections></Member><Member Name="S_HoldOnTimer" Datatype="TOF_TIME" Version="1.0"><Sections><Section Name="None"><Member Name="PT" Datatype="Time" /><Member Name="ET" Datatype="Time" /><Member Name="IN" Datatype="Bool" /><Member Name="Q" Datatype="Bool" /></Section></Sections></Member><Member Name="S_LE" Datatype="Bool" /><Member Name="S_FE" Datatype="Bool" /><Member Name="S_SensorState" Datatype="Bool" /><Member Name="S_HoldOn" Datatype="Bool" /></Section></Sections></Member></Section></Sections></Member><Member Name="HmiStartAutoMode" Datatype="&quot;HmiButton&quot;"><Sections><Section Name="Input"><Member Name="I_Enable" Datatype="Bool" /><Member Name="I_Flash" Datatype="Bool" /><Member Name="I_Type" Datatype="Int" /></Section><Section Name="Output" /><Section Name="InOut"><Member Name="ButtonStatus" Datatype="&quot;HMIButton_UDT&quot;"><Sections><Section Name="None" /></Sections></Member></Section><Section Name="Static"><Member Name="S_smartbool" Datatype="&quot;SmartBool&quot;"><Sections><Section Name="Input"><Member Name="I_Sensor" Datatype="Bool" /><Member Name="I_Simulate" Datatype="Bool" /><Member Name="HoldOnTIme" Datatype="Time" /><Member Name="DelayOnTime" Datatype="Time" /></Section><Section Name="Output"><Member Name="O_data" Datatype="&quot;SmartBooldt&quot;"><Sections><Section Name="None"><Member Name="State" Datatype="Bool" /><Member Name="LE" Datatype="Bool" /><Member Name="FE" Datatype="Bool" /><Member Name="sensorTest" Datatype="Bool" /><Member Name="IddleSignal" Datatype="Bool" /><Member Name="testFailed" Datatype="Bool" /><Member Name="Counter" Datatype="UInt" /></Section></Sections></Member></Section><Section Name="InOut" /><Section Name="Static"><Member Name="S_Prev_Val" Datatype="Bool" /><Member Name="S_DelayOnTime" Datatype="TON_TIME" Version="1.0"><Sections><Section Name="None"><Member Name="PT" Datatype="Time" /><Member Name="ET" Datatype="Time" /><Member Name="IN" Datatype="Bool" /><Member Name="Q" Datatype="Bool" /></Section></Sections></Member><Member Name="S_HoldOnTimer" Datatype="TOF_TIME" Version="1.0"><Sections><Section Name="None"><Member Name="PT" Datatype="Time" /><Member Name="ET" Datatype="Time" /><Member Name="IN" Datatype="Bool" /><Member Name="Q" Datatype="Bool" /></Section></Sections></Member><Member Name="S_LE" Datatype="Bool" /><Member Name="S_FE" Datatype="Bool" /><Member Name="S_SensorState" Datatype="Bool" /><Member Name="S_HoldOn" Datatype="Bool" /></Section></Sections></Member></Section></Sections></Member><Member Name="HmiStopAutoMode" Datatype="&quot;HmiButton&quot;"><Sections><Section Name="Input"><Member Name="I_Enable" Datatype="Bool" /><Member Name="I_Flash" Datatype="Bool" /><Member Name="I_Type" Datatype="Int" /></Section><Section Name="Output" /><Section Name="InOut"><Member Name="ButtonStatus" Datatype="&quot;HMIButton_UDT&quot;"><Sections><Section Name="None" /></Sections></Member></Section><Section Name="Static"><Member Name="S_smartbool" Datatype="&quot;SmartBool&quot;"><Sections><Section Name="Input"><Member Name="I_Sensor" Datatype="Bool" /><Member Name="I_Simulate" Datatype="Bool" /><Member Name="HoldOnTIme" Datatype="Time" /><Member Name="DelayOnTime" Datatype="Time" /></Section><Section Name="Output"><Member Name="O_data" Datatype="&quot;SmartBooldt&quot;"><Sections><Section Name="None"><Member Name="State" Datatype="Bool" /><Member Name="LE" Datatype="Bool" /><Member Name="FE" Datatype="Bool" /><Member Name="sensorTest" Datatype="Bool" /><Member Name="IddleSignal" Datatype="Bool" /><Member Name="testFailed" Datatype="Bool" /><Member Name="Counter" Datatype="UInt" /></Section></Sections></Member></Section><Section Name="InOut" /><Section Name="Static"><Member Name="S_Prev_Val" Datatype="Bool" /><Member Name="S_DelayOnTime" Datatype="TON_TIME" Version="1.0"><Sections><Section Name="None"><Member Name="PT" Datatype="Time" /><Member Name="ET" Datatype="Time" /><Member Name="IN" Datatype="Bool" /><Member Name="Q" Datatype="Bool" /></Section></Sections></Member><Member Name="S_HoldOnTimer" Datatype="TOF_TIME" Version="1.0"><Sections><Section Name="None"><Member Name="PT" Datatype="Time" /><Member Name="ET" Datatype="Time" /><Member Name="IN" Datatype="Bool" /><Member Name="Q" Datatype="Bool" /></Section></Sections></Member><Member Name="S_LE" Datatype="Bool" /><Member Name="S_FE" Datatype="Bool" /><Member Name="S_SensorState" Datatype="Bool" /><Member Name="S_HoldOn" Datatype="Bool" /></Section></Sections></Member></Section></Sections></Member><Member Name="HmiActivateManualMode" Datatype="&quot;HmiButton&quot;"><Sections><Section Name="Input"><Member Name="I_Enable" Datatype="Bool" /><Member Name="I_Flash" Datatype="Bool" /><Member Name="I_Type" Datatype="Int" /></Section><Section Name="Output" /><Section Name="InOut"><Member Name="ButtonStatus" Datatype="&quot;HMIButton_UDT&quot;"><Sections><Section Name="None" /></Sections></Member></Section><Section Name="Static"><Member Name="S_smartbool" Datatype="&quot;SmartBool&quot;"><Sections><Section Name="Input"><Member Name="I_Sensor" Datatype="Bool" /><Member Name="I_Simulate" Datatype="Bool" /><Member Name="HoldOnTIme" Datatype="Time" /><Member Name="DelayOnTime" Datatype="Time" /></Section><Section Name="Output"><Member Name="O_data" Datatype="&quot;SmartBooldt&quot;"><Sections><Section Name="None"><Member Name="State" Datatype="Bool" /><Member Name="LE" Datatype="Bool" /><Member Name="FE" Datatype="Bool" /><Member Name="sensorTest" Datatype="Bool" /><Member Name="IddleSignal" Datatype="Bool" /><Member Name="testFailed" Datatype="Bool" /><Member Name="Counter" Datatype="UInt" /></Section></Sections></Member></Section><Section Name="InOut" /><Section Name="Static"><Member Name="S_Prev_Val" Datatype="Bool" /><Member Name="S_DelayOnTime" Datatype="TON_TIME" Version="1.0"><Sections><Section Name="None"><Member Name="PT" Datatype="Time" /><Member Name="ET" Datatype="Time" /><Member Name="IN" Datatype="Bool" /><Member Name="Q" Datatype="Bool" /></Section></Sections></Member><Member Name="S_HoldOnTimer" Datatype="TOF_TIME" Version="1.0"><Sections><Section Name="None"><Member Name="PT" Datatype="Time" /><Member Name="ET" Datatype="Time" /><Member Name="IN" Datatype="Bool" /><Member Name="Q" Datatype="Bool" /></Section></Sections></Member><Member Name="S_LE" Datatype="Bool" /><Member Name="S_FE" Datatype="Bool" /><Member Name="S_SensorState" Datatype="Bool" /><Member Name="S_HoldOn" Datatype="Bool" /></Section></Sections></Member></Section></Sections></Member><Member Name="HmiDeactivateManualMode" Datatype="&quot;HmiButton&quot;"><Sections><Section Name="Input"><Member Name="I_Enable" Datatype="Bool" /><Member Name="I_Flash" Datatype="Bool" /><Member Name="I_Type" Datatype="Int" /></Section><Section Name="Output" /><Section Name="InOut"><Member Name="ButtonStatus" Datatype="&quot;HMIButton_UDT&quot;"><Sections><Section Name="None" /></Sections></Member></Section><Section Name="Static"><Member Name="S_smartbool" Datatype="&quot;SmartBool&quot;"><Sections><Section Name="Input"><Member Name="I_Sensor" Datatype="Bool" /><Member Name="I_Simulate" Datatype="Bool" /><Member Name="HoldOnTIme" Datatype="Time" /><Member Name="DelayOnTime" Datatype="Time" /></Section><Section Name="Output"><Member Name="O_data" Datatype="&quot;SmartBooldt&quot;"><Sections><Section Name="None"><Member Name="State" Datatype="Bool" /><Member Name="LE" Datatype="Bool" /><Member Name="FE" Datatype="Bool" /><Member Name="sensorTest" Datatype="Bool" /><Member Name="IddleSignal" Datatype="Bool" /><Member Name="testFailed" Datatype="Bool" /><Member Name="Counter" Datatype="UInt" /></Section></Sections></Member></Section><Section Name="InOut" /><Section Name="Static"><Member Name="S_Prev_Val" Datatype="Bool" /><Member Name="S_DelayOnTime" Datatype="TON_TIME" Version="1.0"><Sections><Section Name="None"><Member Name="PT" Datatype="Time" /><Member Name="ET" Datatype="Time" /><Member Name="IN" Datatype="Bool" /><Member Name="Q" Datatype="Bool" /></Section></Sections></Member><Member Name="S_HoldOnTimer" Datatype="TOF_TIME" Version="1.0"><Sections><Section Name="None"><Member Name="PT" Datatype="Time" /><Member Name="ET" Datatype="Time" /><Member Name="IN" Datatype="Bool" /><Member Name="Q" Datatype="Bool" /></Section></Sections></Member><Member Name="S_LE" Datatype="Bool" /><Member Name="S_FE" Datatype="Bool" /><Member Name="S_SensorState" Datatype="Bool" /><Member Name="S_HoldOn" Datatype="Bool" /></Section></Sections></Member></Section></Sections></Member><Member Name="HmiStartEmptyMode" Datatype="&quot;HmiButton&quot;"><Sections><Section Name="Input"><Member Name="I_Enable" Datatype="Bool" /><Member Name="I_Flash" Datatype="Bool" /><Member Name="I_Type" Datatype="Int" /></Section><Section Name="Output" /><Section Name="InOut"><Member Name="ButtonStatus" Datatype="&quot;HMIButton_UDT&quot;"><Sections><Section Name="None" /></Sections></Member></Section><Section Name="Static"><Member Name="S_smartbool" Datatype="&quot;SmartBool&quot;"><Sections><Section Name="Input"><Member Name="I_Sensor" Datatype="Bool" /><Member Name="I_Simulate" Datatype="Bool" /><Member Name="HoldOnTIme" Datatype="Time" /><Member Name="DelayOnTime" Datatype="Time" /></Section><Section Name="Output"><Member Name="O_data" Datatype="&quot;SmartBooldt&quot;"><Sections><Section Name="None"><Member Name="State" Datatype="Bool" /><Member Name="LE" Datatype="Bool" /><Member Name="FE" Datatype="Bool" /><Member Name="sensorTest" Datatype="Bool" /><Member Name="IddleSignal" Datatype="Bool" /><Member Name="testFailed" Datatype="Bool" /><Member Name="Counter" Datatype="UInt" /></Section></Sections></Member></Section><Section Name="InOut" /><Section Name="Static"><Member Name="S_Prev_Val" Datatype="Bool" /><Member Name="S_DelayOnTime" Datatype="TON_TIME" Version="1.0"><Sections><Section Name="None"><Member Name="PT" Datatype="Time" /><Member Name="ET" Datatype="Time" /><Member Name="IN" Datatype="Bool" /><Member Name="Q" Datatype="Bool" /></Section></Sections></Member><Member Name="S_HoldOnTimer" Datatype="TOF_TIME" Version="1.0"><Sections><Section Name="None"><Member Name="PT" Datatype="Time" /><Member Name="ET" Datatype="Time" /><Member Name="IN" Datatype="Bool" /><Member Name="Q" Datatype="Bool" /></Section></Sections></Member><Member Name="S_LE" Datatype="Bool" /><Member Name="S_FE" Datatype="Bool" /><Member Name="S_SensorState" Datatype="Bool" /><Member Name="S_HoldOn" Datatype="Bool" /></Section></Sections></Member></Section></Sections></Member><Member Name="HmiStopEmptyMode" Datatype="&quot;HmiButton&quot;"><Sections><Section Name="Input"><Member Name="I_Enable" Datatype="Bool" /><Member Name="I_Flash" Datatype="Bool" /><Member Name="I_Type" Datatype="Int" /></Section><Section Name="Output" /><Section Name="InOut"><Member Name="ButtonStatus" Datatype="&quot;HMIButton_UDT&quot;"><Sections><Section Name="None" /></Sections></Member></Section><Section Name="Static"><Member Name="S_smartbool" Datatype="&quot;SmartBool&quot;"><Sections><Section Name="Input"><Member Name="I_Sensor" Datatype="Bool" /><Member Name="I_Simulate" Datatype="Bool" /><Member Name="HoldOnTIme" Datatype="Time" /><Member Name="DelayOnTime" Datatype="Time" /></Section><Section Name="Output"><Member Name="O_data" Datatype="&quot;SmartBooldt&quot;"><Sections><Section Name="None"><Member Name="State" Datatype="Bool" /><Member Name="LE" Datatype="Bool" /><Member Name="FE" Datatype="Bool" /><Member Name="sensorTest" Datatype="Bool" /><Member Name="IddleSignal" Datatype="Bool" /><Member Name="testFailed" Datatype="Bool" /><Member Name="Counter" Datatype="UInt" /></Section></Sections></Member></Section><Section Name="InOut" /><Section Name="Static"><Member Name="S_Prev_Val" Datatype="Bool" /><Member Name="S_DelayOnTime" Datatype="TON_TIME" Version="1.0"><Sections><Section Name="None"><Member Name="PT" Datatype="Time" /><Member Name="ET" Datatype="Time" /><Member Name="IN" Datatype="Bool" /><Member Name="Q" Datatype="Bool" /></Section></Sections></Member><Member Name="S_HoldOnTimer" Datatype="TOF_TIME" Version="1.0"><Sections><Section Name="None"><Member Name="PT" Datatype="Time" /><Member Name="ET" Datatype="Time" /><Member Name="IN" Datatype="Bool" /><Member Name="Q" Datatype="Bool" /></Section></Sections></Member><Member Name="S_LE" Datatype="Bool" /><Member Name="S_FE" Datatype="Bool" /><Member Name="S_SensorState" Datatype="Bool" /><Member Name="S_HoldOn" Datatype="Bool" /></Section></Sections></Member></Section></Sections></Member><Member Name="HmiStandbyMode" Datatype="&quot;HmiButton&quot;"><Sections><Section Name="Input"><Member Name="I_Enable" Datatype="Bool" /><Member Name="I_Flash" Datatype="Bool" /><Member Name="I_Type" Datatype="Int" /></Section><Section Name="Output" /><Section Name="InOut"><Member Name="ButtonStatus" Datatype="&quot;HMIButton_UDT&quot;"><Sections><Section Name="None" /></Sections></Member></Section><Section Name="Static"><Member Name="S_smartbool" Datatype="&quot;SmartBool&quot;"><Sections><Section Name="Input"><Member Name="I_Sensor" Datatype="Bool" /><Member Name="I_Simulate" Datatype="Bool" /><Member Name="HoldOnTIme" Datatype="Time" /><Member Name="DelayOnTime" Datatype="Time" /></Section><Section Name="Output"><Member Name="O_data" Datatype="&quot;SmartBooldt&quot;"><Sections><Section Name="None"><Member Name="State" Datatype="Bool" /><Member Name="LE" Datatype="Bool" /><Member Name="FE" Datatype="Bool" /><Member Name="sensorTest" Datatype="Bool" /><Member Name="IddleSignal" Datatype="Bool" /><Member Name="testFailed" Datatype="Bool" /><Member Name="Counter" Datatype="UInt" /></Section></Sections></Member></Section><Section Name="InOut" /><Section Name="Static"><Member Name="S_Prev_Val" Datatype="Bool" /><Member Name="S_DelayOnTime" Datatype="TON_TIME" Version="1.0"><Sections><Section Name="None"><Member Name="PT" Datatype="Time" /><Member Name="ET" Datatype="Time" /><Member Name="IN" Datatype="Bool" /><Member Name="Q" Datatype="Bool" /></Section></Sections></Member><Member Name="S_HoldOnTimer" Datatype="TOF_TIME" Version="1.0"><Sections><Section Name="None"><Member Name="PT" Datatype="Time" /><Member Name="ET" Datatype="Time" /><Member Name="IN" Datatype="Bool" /><Member Name="Q" Datatype="Bool" /></Section></Sections></Member><Member Name="S_LE" Datatype="Bool" /><Member Name="S_FE" Datatype="Bool" /><Member Name="S_SensorState" Datatype="Bool" /><Member Name="S_HoldOn" Datatype="Bool" /></Section></Sections></Member></Section></Sections></Member><Member Name="AutModeActivated" Datatype="&quot;SmartBool&quot;"><Sections><Section Name="Input"><Member Name="I_Sensor" Datatype="Bool" /><Member Name="I_Simulate" Datatype="Bool" /><Member Name="HoldOnTIme" Datatype="Time" /><Member Name="DelayOnTime" Datatype="Time" /></Section><Section Name="Output"><Member Name="O_data" Datatype="&quot;SmartBooldt&quot;"><Sections><Section Name="None"><Member Name="State" Datatype="Bool" /><Member Name="LE" Datatype="Bool" /><Member Name="FE" Datatype="Bool" /><Member Name="sensorTest" Datatype="Bool" /><Member Name="IddleSignal" Datatype="Bool" /><Member Name="testFailed" Datatype="Bool" /><Member Name="Counter" Datatype="UInt" /></Section></Sections></Member></Section><Section Name="InOut" /><Section Name="Static"><Member Name="S_Prev_Val" Datatype="Bool" /><Member Name="S_DelayOnTime" Datatype="TON_TIME" Version="1.0"><Sections><Section Name="None"><Member Name="PT" Datatype="Time" /><Member Name="ET" Datatype="Time" /><Member Name="IN" Datatype="Bool" /><Member Name="Q" Datatype="Bool" /></Section></Sections></Member><Member Name="S_HoldOnTimer" Datatype="TOF_TIME" Version="1.0"><Sections><Section Name="None"><Member Name="PT" Datatype="Time" /><Member Name="ET" Datatype="Time" /><Member Name="IN" Datatype="Bool" /><Member Name="Q" Datatype="Bool" /></Section></Sections></Member><Member Name="S_LE" Datatype="Bool" /><Member Name="S_FE" Datatype="Bool" /><Member Name="S_SensorState" Datatype="Bool" /><Member Name="S_HoldOn" Datatype="Bool" /></Section></Sections></Member><Member Name="ManualModeActivated" Datatype="&quot;SmartBool&quot;"><Sections><Section Name="Input"><Member Name="I_Sensor" Datatype="Bool" /><Member Name="I_Simulate" Datatype="Bool" /><Member Name="HoldOnTIme" Datatype="Time" /><Member Name="DelayOnTime" Datatype="Time" /></Section><Section Name="Output"><Member Name="O_data" Datatype="&quot;SmartBooldt&quot;"><Sections><Section Name="None"><Member Name="State" Datatype="Bool" /><Member Name="LE" Datatype="Bool" /><Member Name="FE" Datatype="Bool" /><Member Name="sensorTest" Datatype="Bool" /><Member Name="IddleSignal" Datatype="Bool" /><Member Name="testFailed" Datatype="Bool" /><Member Name="Counter" Datatype="UInt" /></Section></Sections></Member></Section><Section Name="InOut" /><Section Name="Static"><Member Name="S_Prev_Val" Datatype="Bool" /><Member Name="S_DelayOnTime" Datatype="TON_TIME" Version="1.0"><Sections><Section Name="None"><Member Name="PT" Datatype="Time" /><Member Name="ET" Datatype="Time" /><Member Name="IN" Datatype="Bool" /><Member Name="Q" Datatype="Bool" /></Section></Sections></Member><Member Name="S_HoldOnTimer" Datatype="TOF_TIME" Version="1.0"><Sections><Section Name="None"><Member Name="PT" Datatype="Time" /><Member Name="ET" Datatype="Time" /><Member Name="IN" Datatype="Bool" /><Member Name="Q" Datatype="Bool" /></Section></Sections></Member><Member Name="S_LE" Datatype="Bool" /><Member Name="S_FE" Datatype="Bool" /><Member Name="S_SensorState" Datatype="Bool" /><Member Name="S_HoldOn" Datatype="Bool" /></Section></Sections></Member><Member Name="EmptyModeActivated" Datatype="&quot;SmartBool&quot;"><Sections><Section Name="Input"><Member Name="I_Sensor" Datatype="Bool" /><Member Name="I_Simulate" Datatype="Bool" /><Member Name="HoldOnTIme" Datatype="Time" /><Member Name="DelayOnTime" Datatype="Time" /></Section><Section Name="Output"><Member Name="O_data" Datatype="&quot;SmartBooldt&quot;"><Sections><Section Name="None"><Member Name="State" Datatype="Bool" /><Member Name="LE" Datatype="Bool" /><Member Name="FE" Datatype="Bool" /><Member Name="sensorTest" Datatype="Bool" /><Member Name="IddleSignal" Datatype="Bool" /><Member Name="testFailed" Datatype="Bool" /><Member Name="Counter" Datatype="UInt" /></Section></Sections></Member></Section><Section Name="InOut" /><Section Name="Static"><Member Name="S_Prev_Val" Datatype="Bool" /><Member Name="S_DelayOnTime" Datatype="TON_TIME" Version="1.0"><Sections><Section Name="None"><Member Name="PT" Datatype="Time" /><Member Name="ET" Datatype="Time" /><Member Name="IN" Datatype="Bool" /><Member Name="Q" Datatype="Bool" /></Section></Sections></Member><Member Name="S_HoldOnTimer" Datatype="TOF_TIME" Version="1.0"><Sections><Section Name="None"><Member Name="PT" Datatype="Time" /><Member Name="ET" Datatype="Time" /><Member Name="IN" Datatype="Bool" /><Member Name="Q" Datatype="Bool" /></Section></Sections></Member><Member Name="S_LE" Datatype="Bool" /><Member Name="S_FE" Datatype="Bool" /><Member Name="S_SensorState" Datatype="Bool" /><Member Name="S_HoldOn" Datatype="Bool" /></Section></Sections></Member><Member Name="StandbyMode" Datatype="&quot;SmartBool&quot;"><Sections><Section Name="Input"><Member Name="I_Sensor" Datatype="Bool" /><Member Name="I_Simulate" Datatype="Bool" /><Member Name="HoldOnTIme" Datatype="Time" /><Member Name="DelayOnTime" Datatype="Time" /></Section><Section Name="Output"><Member Name="O_data" Datatype="&quot;SmartBooldt&quot;"><Sections><Section Name="None"><Member Name="State" Datatype="Bool" /><Member Name="LE" Datatype="Bool" /><Member Name="FE" Datatype="Bool" /><Member Name="sensorTest" Datatype="Bool" /><Member Name="IddleSignal" Datatype="Bool" /><Member Name="testFailed" Datatype="Bool" /><Member Name="Counter" Datatype="UInt" /></Section></Sections></Member></Section><Section Name="InOut" /><Section Name="Static"><Member Name="S_Prev_Val" Datatype="Bool" /><Member Name="S_DelayOnTime" Datatype="TON_TIME" Version="1.0"><Sections><Section Name="None"><Member Name="PT" Datatype="Time" /><Member Name="ET" Datatype="Time" /><Member Name="IN" Datatype="Bool" /><Member Name="Q" Datatype="Bool" /></Section></Sections></Member><Member Name="S_HoldOnTimer" Datatype="TOF_TIME" Version="1.0"><Sections><Section Name="None"><Member Name="PT" Datatype="Time" /><Member Name="ET" Datatype="Time" /><Member Name="IN" Datatype="Bool" /><Member Name="Q" Datatype="Bool" /></Section></Sections></Member><Member Name="S_LE" Datatype="Bool" /><Member Name="S_FE" Datatype="Bool" /><Member Name="S_SensorState" Datatype="Bool" /><Member Name="S_HoldOn" Datatype="Bool" /></Section></Sections></Member><Member Name="OnDelayAutoMode" Datatype="TON_TIME" Version="1.0"><Sections><Section Name="None"><Member Name="PT" Datatype="Time" /><Member Name="ET" Datatype="Time" /><Member Name="IN" Datatype="Bool" /><Member Name="Q" Datatype="Bool" /></Section></Sections></Member><Member Name="AutoMode" Datatype="Bool" /><Member Name="ManualMode" Datatype="Bool" /><Member Name="EmptyMode" Datatype="Bool" /><Member Name="Standby" Datatype="Bool" /></Section></Sections></Member>
  </Section>
  <Section Name="Temp">
    <Member Name="T_Index" Datatype="Int" />
  </Section>
  <Section Name="Constant">
    <Member Name="lenght" Datatype="Int" Accessibility="Public">
      <StartValue>2</StartValue>
    </Member>
  </Section>
</Sections></Interface>
      <IsIECCheckEnabled>false</IsIECCheckEnabled>
      <MemoryLayout>Standard</MemoryLayout>
      <Name>InstallationControl</Name>
      <Number>38</Number>
      <ProgrammingLanguage>SCL</ProgrammingLanguage>
      <SetENOAutomatically>false</SetENOAutomatically>
      <UDABlockProperties />
      <UDAEnableTagReadback>false</UDAEnableTagReadback>
    </AttributeList>
    <ObjectList>
      <MultilingualText ID="1" CompositionName="Comment">
        <ObjectList>
          <MultilingualTextItem ID="2" CompositionName="Items">
            <AttributeList>
              <Culture>en-US</Culture>
              <Text />
            </AttributeList>
          </MultilingualTextItem>
          <MultilingualTextItem ID="3" CompositionName="Items">
            <AttributeList>
              <Culture>fr-BE</Culture>
              <Text />
            </AttributeList>
          </MultilingualTextItem>
        </ObjectList>
      </MultilingualText>
      <SW.Blocks.CompileUnit ID="4" CompositionName="CompileUnits">
        <AttributeList>
          <NetworkSource><StructuredText xmlns="http://www.siemens.com/automation/Openness/SW/NetworkSource/StructuredText/v3">
  <Token Text="REGION" UId="21" />
  <Blank Num="1" UId="22" />
  <Text UId="23">GLOBAL STATE</Text>
  <NewLine Num="1" UId="24" />
  <Blank Num="4" UId="25" />
  <NewLine Num="1" UId="26" />
  <Blank Num="4" UId="27" />
  <Access Scope="GlobalVariable" UId="28">
    <Symbol UId="29">
      <Component Name="ApplicationState_DB" UId="30" />
      <Token Text="." UId="31" />
      <Component Name="GlobalState" UId="32" />
      <Token Text="." UId="33" />
      <Component Name="States" UId="34" />
      <Token Text="." UId="35" />
      <Component Name="AlarmActive" UId="36" />
    </Symbol>
  </Access>
  <Blank Num="1" UId="37" />
  <Token Text=":=" UId="38" />
  <NewLine Num="1" UId="39" />
  <Blank Num="4" UId="40" />
  <Access Scope="GlobalVariable" UId="41">
    <Symbol UId="42">
      <Component Name="ApplicationState_DB" UId="43" />
      <Token Text="." UId="44" />
      <Component Name="Appstate" UId="45">
        <Token Text="[" UId="46" />
        <Access Scope="LiteralConstant" UId="47">
          <Constant UId="48">
            <ConstantValue UId="50">1</ConstantValue>
          </Constant>
        </Access>
        <Token Text="]" UId="51" />
      </Component>
      <Token Text="." UId="52" />
      <Component Name="Alarms" UId="53" />
      <Token Text="." UId="54" />
      <Component Name="AlarmsActiveForHmi" UId="55" />
    </Symbol>
  </Access>
  <Blank Num="1" UId="56" />
  <Token Text="OR" UId="57" />
  <NewLine Num="1" UId="58" />
  <Blank Num="4" UId="59" />
  <Access Scope="GlobalVariable" UId="60">
    <Symbol UId="61">
      <Component Name="ApplicationState_DB" UId="62" />
      <Token Text="." UId="63" />
      <Component Name="Appstate" UId="64">
        <Token Text="[" UId="65" />
        <Access Scope="LiteralConstant" UId="66">
          <Constant UId="67">
            <ConstantValue UId="69">2</ConstantValue>
          </Constant>
        </Access>
        <Token Text="]" UId="70" />
      </Component>
      <Token Text="." UId="71" />
      <Component Name="Alarms" UId="72" />
      <Token Text="." UId="73" />
      <Component Name="AlarmsActiveForHmi" UId="74" />
    </Symbol>
  </Access>
  <Blank Num="1" UId="75" />
  <Token Text="OR" UId="76" />
  <NewLine Num="1" UId="77" />
  <Blank Num="4" UId="78" />
  <Access Scope="GlobalVariable" UId="79">
    <Symbol UId="80">
      <Component Name="Alarms_DB" UId="81" />
      <Token Text="." UId="82" />
      <Component Name="AlarmActiveShared" UId="83" />
    </Symbol>
  </Access>
  <Token Text=";" UId="84" />
  <NewLine Num="1" UId="85" />
  <Blank Num="4" UId="86" />
  <NewLine Num="1" UId="87" />
  <Blank Num="4" UId="88" />
  <Access Scope="GlobalVariable" UId="89">
    <Symbol UId="90">
      <Component Name="ApplicationState_DB" UId="91" />
      <Token Text="." UId="92" />
      <Component Name="GlobalState" UId="93" />
      <Token Text="." UId="94" />
      <Component Name="States" UId="95" />
      <Token Text="." UId="96" />
      <Component Name="EmergencyOk" UId="97" />
    </Symbol>
  </Access>
  <Blank Num="1" UId="98" />
  <Token Text=":=" UId="99" />
  <NewLine Num="1" UId="100" />
  <Blank Num="4" UId="101" />
  <Access Scope="GlobalVariable" UId="102">
    <Symbol UId="103">
      <Component Name="ApplicationState_DB" UId="104" />
      <Token Text="." UId="105" />
      <Component Name="Appstate" UId="106">
        <Token Text="[" UId="107" />
        <Access Scope="LiteralConstant" UId="108">
          <Constant UId="109">
            <ConstantValue UId="111">1</ConstantValue>
          </Constant>
        </Access>
        <Token Text="]" UId="112" />
      </Component>
      <Token Text="." UId="113" />
      <Component Name="States" UId="114" />
      <Token Text="." UId="115" />
      <Component Name="EmergencyOk" UId="116" />
      <Token Text="." UId="117" />
      <Component Name="State" UId="118" />
    </Symbol>
  </Access>
  <Blank Num="1" UId="119" />
  <Token Text="OR" UId="120" />
  <NewLine Num="1" UId="121" />
  <Blank Num="4" UId="122" />
  <Access Scope="GlobalVariable" UId="123">
    <Symbol UId="124">
      <Component Name="ApplicationState_DB" UId="125" />
      <Token Text="." UId="126" />
      <Component Name="Appstate" UId="127">
        <Token Text="[" UId="128" />
        <Access Scope="LiteralConstant" UId="129">
          <Constant UId="130">
            <ConstantValue UId="132">2</ConstantValue>
          </Constant>
        </Access>
        <Token Text="]" UId="133" />
      </Component>
      <Token Text="." UId="134" />
      <Component Name="States" UId="135" />
      <Token Text="." UId="136" />
      <Component Name="EmergencyOk" UId="137" />
      <Token Text="." UId="138" />
      <Component Name="State" UId="139" />
    </Symbol>
  </Access>
  <Token Text=";" UId="140" />
  <NewLine Num="1" UId="141" />
  <Blank Num="4" UId="142" />
  <NewLine Num="1" UId="143" />
  <Blank Num="4" UId="144" />
  <Access Scope="GlobalVariable" UId="145">
    <Symbol UId="146">
      <Component Name="ApplicationState_DB" UId="147" />
      <Token Text="." UId="148" />
      <Component Name="GlobalState" UId="149" />
      <Token Text="." UId="150" />
      <Component Name="States" UId="151" />
      <Token Text="." UId="152" />
      <Component Name="AutoMode" UId="153" />
    </Symbol>
  </Access>
  <Blank Num="1" UId="154" />
  <Token Text=":=" UId="155" />
  <NewLine Num="1" UId="156" />
  <Blank Num="4" UId="157" />
  <Access Scope="GlobalVariable" UId="158">
    <Symbol UId="159">
      <Component Name="ApplicationState_DB" UId="160" />
      <Token Text="." UId="161" />
      <Component Name="Appstate" UId="162">
        <Token Text="[" UId="163" />
        <Access Scope="LiteralConstant" UId="164">
          <Constant UId="165">
            <ConstantValue UId="167">1</ConstantValue>
          </Constant>
        </Access>
        <Token Text="]" UId="168" />
      </Component>
      <Token Text="." UId="169" />
      <Component Name="States" UId="170" />
      <Token Text="." UId="171" />
      <Component Name="AutoModeActivated" UId="172" />
      <Token Text="." UId="173" />
      <Component Name="State" UId="174" />
    </Symbol>
  </Access>
  <Blank Num="1" UId="175" />
  <Token Text="OR" UId="176" />
  <NewLine Num="1" UId="177" />
  <Blank Num="4" UId="178" />
  <Access Scope="GlobalVariable" UId="179">
    <Symbol UId="180">
      <Component Name="ApplicationState_DB" UId="181" />
      <Token Text="." UId="182" />
      <Component Name="Appstate" UId="183">
        <Token Text="[" UId="184" />
        <Access Scope="LiteralConstant" UId="185">
          <Constant UId="186">
            <ConstantValue UId="188">2</ConstantValue>
          </Constant>
        </Access>
        <Token Text="]" UId="189" />
      </Component>
      <Token Text="." UId="190" />
      <Component Name="States" UId="191" />
      <Token Text="." UId="192" />
      <Component Name="AutoModeActivated" UId="193" />
      <Token Text="." UId="194" />
      <Component Name="State" UId="195" />
    </Symbol>
  </Access>
  <Token Text=";" UId="196" />
  <NewLine Num="1" UId="197" />
  <Blank Num="4" UId="198" />
  <NewLine Num="1" UId="199" />
  <Token Text="END_REGION" UId="200" />
  <NewLine Num="2" UId="201" />
  <Token Text="REGION" UId="202" />
  <Blank Num="1" UId="203" />
  <Text UId="204">MAIN STATE</Text>
  <NewLine Num="1" UId="205" />
  <Blank Num="4" UId="206" />
  <NewLine Num="1" UId="207" />
  <Blank Num="4" UId="208" />
  <Access Scope="GlobalVariable" UId="209">
    <Symbol UId="210">
      <Component Name="ApplicationState_DB" UId="211" />
      <Token Text="." UId="212" />
      <Component Name="Appstate" UId="213">
        <Token Text="[" UId="214" />
        <Access Scope="LiteralConstant" UId="215">
          <Constant UId="216">
            <ConstantValue UId="218">1</ConstantValue>
          </Constant>
        </Access>
        <Token Text="]" UId="219" />
      </Component>
      <Token Text="." UId="220" />
      <Component Name="States" UId="221" />
      <Token Text="." UId="222" />
      <Component Name="EmergencyOk" UId="223" />
    </Symbol>
  </Access>
  <Blank Num="1" UId="224" />
  <Token Text=":=" UId="225" />
  <Blank Num="1" UId="226" />
  <Access Scope="GlobalVariable" UId="227">
    <Symbol UId="228">
      <Component Name="Inputs_DB" UId="229" />
      <Token Text="." UId="230" />
      <Component Name="EMG_OK" UId="231" />
    </Symbol>
  </Access>
  <Token Text=";" UId="232" />
  <NewLine Num="1" UId="233" />
  <Blank Num="4" UId="234" />
  <NewLine Num="1" UId="235" />
  <Blank Num="4" UId="236" />
  <Access Scope="GlobalVariable" UId="237">
    <Symbol UId="238">
      <Component Name="ApplicationState_DB" UId="239" />
      <Token Text="." UId="240" />
      <Component Name="Appstate" UId="241">
        <Token Text="[" UId="242" />
        <Access Scope="LiteralConstant" UId="243">
          <Constant UId="244">
            <ConstantValue UId="246">1</ConstantValue>
          </Constant>
        </Access>
        <Token Text="]" UId="247" />
      </Component>
      <Token Text="." UId="248" />
      <Component Name="States" UId="249" />
      <Token Text="." UId="250" />
      <Component Name="ReadyForStandby" UId="251" />
    </Symbol>
  </Access>
  <Blank Num="1" UId="252" />
  <Token Text=":=" UId="253" />
  <Blank Num="1" UId="254" />
  <Access Scope="LiteralConstant" UId="255">
    <Constant UId="256">
      <ConstantValue UId="258">1</ConstantValue>
    </Constant>
  </Access>
  <Token Text=";" UId="259" />
  <NewLine Num="1" UId="260" />
  <Blank Num="4" UId="261" />
  <Access Scope="Call" UId="262">
    <CallInfo UId="263" BlockType="FB" Name="InstallaitonControlInstance">
      <Instance Scope="LocalVariable" UId="264">
        <Component Name="zoneInstances" UId="265">
          <Token Text="[" UId="266" />
          <Access Scope="LiteralConstant" UId="267">
            <Constant UId="268">
              <ConstantValue UId="270">1</ConstantValue>
            </Constant>
          </Access>
          <Token Text="]" UId="271" />
        </Component>
      </Instance>
      <Token Text="(" UId="272" />
      <Parameter Name="IO_Appstate" UId="273">
        <Blank Num="1" UId="274" />
        <Token Text=":=" UId="275" />
        <Blank Num="1" UId="276" />
        <Access Scope="GlobalVariable" UId="277">
          <Symbol UId="278">
            <Component Name="ApplicationState_DB" UId="279" />
            <Token Text="." UId="280" />
            <Component Name="Appstate" UId="281">
              <Token Text="[" UId="282" />
              <Access Scope="LiteralConstant" UId="283">
                <Constant UId="284">
                  <ConstantValue UId="286">1</ConstantValue>
                </Constant>
              </Access>
              <Token Text="]" UId="287" />
            </Component>
          </Symbol>
        </Access>
      </Parameter>
      <Token Text=")" UId="288" />
    </CallInfo>
  </Access>
  <Token Text=";" UId="289" />
  <NewLine Num="1" UId="290" />
  <Blank Num="4" UId="291" />
  <NewLine Num="1" UId="292" />
  <Blank Num="4" UId="293" />
  <Token Text="IF" UId="294" />
  <Blank Num="1" UId="295" />
  <Access Scope="GlobalVariable" UId="296">
    <Symbol UId="297">
      <Component Name="Inputs_DB" UId="298" />
      <Token Text="." UId="299" />
      <Component Name="Reset_System" UId="300" />
      <Token Text="." UId="301" />
      <Component Name="LE" UId="302" />
    </Symbol>
  </Access>
  <Blank Num="1" UId="303" />
  <Token Text="THEN" UId="304" />
  <NewLine Num="1" UId="305" />
  <Blank Num="8" UId="306" />
  <Access Scope="GlobalVariable" UId="307">
    <Symbol UId="308">
      <Component Name="ApplicationState_DB" UId="309" />
      <Token Text="." UId="310" />
      <Component Name="Appstate" UId="311">
        <Token Text="[" UId="312" />
        <Access Scope="LiteralConstant" UId="313">
          <Constant UId="314">
            <ConstantValue UId="316">1</ConstantValue>
          </Constant>
        </Access>
        <Token Text="]" UId="317" />
      </Component>
      <Token Text="." UId="318" />
      <Component Name="Hmi_Buttons" UId="319" />
      <Token Text="." UId="320" />
      <Component Name="reset" UId="321" />
      <Token Text="." UId="322" />
      <Component Name="SignalFromHMI" UId="323" />
    </Symbol>
  </Access>
  <Blank Num="1" UId="324" />
  <Token Text=":=" UId="325" />
  <Blank Num="1" UId="326" />
  <Access Scope="LiteralConstant" UId="327">
    <Constant UId="328">
      <ConstantValue UId="330">1</ConstantValue>
    </Constant>
  </Access>
  <Token Text=";" UId="331" />
  <NewLine Num="1" UId="332" />
  <Blank Num="8" UId="333" />
  <Access Scope="GlobalVariable" UId="334">
    <Symbol UId="335">
      <Component Name="ApplicationState_DB" UId="336" />
      <Token Text="." UId="337" />
      <Component Name="Appstate" UId="338">
        <Token Text="[" UId="339" />
        <Access Scope="LiteralConstant" UId="340">
          <Constant UId="341">
            <ConstantValue UId="343">2</ConstantValue>
          </Constant>
        </Access>
        <Token Text="]" UId="344" />
      </Component>
      <Token Text="." UId="345" />
      <Component Name="Hmi_Buttons" UId="346" />
      <Token Text="." UId="347" />
      <Component Name="reset" UId="348" />
      <Token Text="." UId="349" />
      <Component Name="SignalFromHMI" UId="350" />
    </Symbol>
  </Access>
  <Blank Num="1" UId="351" />
  <Token Text=":=" UId="352" />
  <Blank Num="1" UId="353" />
  <Access Scope="LiteralConstant" UId="354">
    <Constant UId="355">
      <ConstantValue UId="357">1</ConstantValue>
    </Constant>
  </Access>
  <Token Text=";" UId="358" />
  <NewLine Num="1" UId="359" />
  <Blank Num="4" UId="360" />
  <Token Text="END_IF" UId="361" />
  <Token Text=";" UId="362" />
  <NewLine Num="1" UId="363" />
  <Blank Num="4" UId="364" />
  <NewLine Num="1" UId="365" />
  <Blank Num="4" UId="366" />
  <NewLine Num="1" UId="367" />
  <Blank Num="4" UId="368" />
  <NewLine Num="1" UId="369" />
  <Token Text="END_REGION" UId="370" />
  <NewLine Num="2" UId="371" />
  <Token Text="REGION" UId="372" />
  <Blank Num="1" UId="373" />
  <Text UId="374">STATE COPY</Text>
  <NewLine Num="1" UId="375" />
  <Blank Num="4" UId="376" />
  <NewLine Num="1" UId="377" />
  <Blank Num="4" UId="378" />
  <Token Text="FOR" UId="379" />
  <Blank Num="1" UId="380" />
  <Access Scope="LocalVariable" UId="381">
    <Symbol UId="382">
      <Component Name="T_Index" UId="383" />
    </Symbol>
  </Access>
  <Blank Num="1" UId="384" />
  <Token Text=":=" UId="385" />
  <Blank Num="1" UId="386" />
  <Access Scope="LiteralConstant" UId="387">
    <Constant UId="388">
      <ConstantValue UId="390">10</ConstantValue>
    </Constant>
  </Access>
  <Blank Num="1" UId="391" />
  <Token Text="TO" UId="392" />
  <Blank Num="1" UId="393" />
  <Access Scope="LiteralConstant" UId="394">
    <Constant UId="395">
      <ConstantValue UId="397">19</ConstantValue>
    </Constant>
  </Access>
  <Blank Num="1" UId="398" />
  <Token Text="DO" UId="399" />
  <NewLine Num="1" UId="400" />
  <Blank Num="8" UId="401" />
  <Access Scope="GlobalVariable" UId="402">
    <Symbol UId="403">
      <Component Name="ApplicationState_DB" UId="404" />
      <Token Text="." UId="405" />
      <Component Name="Appstate" UId="406">
        <Token Text="[" UId="407" />
        <Access Scope="LocalVariable" UId="408">
          <Symbol UId="409">
            <Component Name="T_Index" UId="410" />
          </Symbol>
        </Access>
        <Token Text="]" UId="411" />
      </Component>
      <Token Text="." UId="412" />
      <Component Name="States" UId="413" />
    </Symbol>
  </Access>
  <Blank Num="1" UId="414" />
  <Token Text=":=" UId="415" />
  <Blank Num="1" UId="416" />
  <Access Scope="GlobalVariable" UId="417">
    <Symbol UId="418">
      <Component Name="ApplicationState_DB" UId="419" />
      <Token Text="." UId="420" />
      <Component Name="Appstate" UId="421">
        <Token Text="[" UId="422" />
        <Access Scope="LiteralConstant" UId="423">
          <Constant UId="424">
            <ConstantValue UId="426">1</ConstantValue>
          </Constant>
        </Access>
        <Token Text="]" UId="427" />
      </Component>
      <Token Text="." UId="428" />
      <Component Name="States" UId="429" />
    </Symbol>
  </Access>
  <Token Text=";" UId="430" />
  <NewLine Num="1" UId="431" />
  <Blank Num="8" UId="432" />
  <Access Scope="GlobalVariable" UId="433">
    <Symbol UId="434">
      <Component Name="ApplicationState_DB" UId="435" />
      <Token Text="." UId="436" />
      <Component Name="Appstate" UId="437">
        <Token Text="[" UId="438" />
        <Access Scope="LocalVariable" UId="439">
          <Symbol UId="440">
            <Component Name="T_Index" UId="441" />
          </Symbol>
        </Access>
        <Token Text="]" UId="442" />
      </Component>
      <Token Text="." UId="443" />
      <Component Name="Hmi_Buttons" UId="444" />
    </Symbol>
  </Access>
  <Blank Num="1" UId="445" />
  <Token Text=":=" UId="446" />
  <Blank Num="1" UId="447" />
  <Access Scope="GlobalVariable" UId="448">
    <Symbol UId="449">
      <Component Name="ApplicationState_DB" UId="450" />
      <Token Text="." UId="451" />
      <Component Name="Appstate" UId="452">
        <Token Text="[" UId="453" />
        <Access Scope="LiteralConstant" UId="454">
          <Constant UId="455">
            <ConstantValue UId="457">1</ConstantValue>
          </Constant>
        </Access>
        <Token Text="]" UId="458" />
      </Component>
      <Token Text="." UId="459" />
      <Component Name="Hmi_Buttons" UId="460" />
    </Symbol>
  </Access>
  <Token Text=";" UId="461" />
  <NewLine Num="1" UId="462" />
  <Blank Num="4" UId="463" />
  <Token Text="END_FOR" UId="464" />
  <Token Text=";" UId="465" />
  <NewLine Num="1" UId="466" />
  <Blank Num="4" UId="467" />
  <NewLine Num="1" UId="468" />
  <Blank Num="4" UId="469" />
  <Token Text="FOR" UId="470" />
  <Blank Num="1" UId="471" />
  <Access Scope="LocalVariable" UId="472">
    <Symbol UId="473">
      <Component Name="T_Index" UId="474" />
    </Symbol>
  </Access>
  <Blank Num="1" UId="475" />
  <Token Text=":=" UId="476" />
  <Blank Num="1" UId="477" />
  <Access Scope="LiteralConstant" UId="478">
    <Constant UId="479">
      <ConstantValue UId="481">20</ConstantValue>
    </Constant>
  </Access>
  <Blank Num="1" UId="482" />
  <Token Text="TO" UId="483" />
  <Blank Num="1" UId="484" />
  <Access Scope="LiteralConstant" UId="485">
    <Constant UId="486">
      <ConstantValue UId="488">29</ConstantValue>
    </Constant>
  </Access>
  <Blank Num="1" UId="489" />
  <Token Text="DO" UId="490" />
  <NewLine Num="1" UId="491" />
  <Blank Num="8" UId="492" />
  <Access Scope="GlobalVariable" UId="493">
    <Symbol UId="494">
      <Component Name="ApplicationState_DB" UId="495" />
      <Token Text="." UId="496" />
      <Component Name="Appstate" UId="497">
        <Token Text="[" UId="498" />
        <Access Scope="LocalVariable" UId="499">
          <Symbol UId="500">
            <Component Name="T_Index" UId="501" />
          </Symbol>
        </Access>
        <Token Text="]" UId="502" />
      </Component>
      <Token Text="." UId="503" />
      <Component Name="States" UId="504" />
    </Symbol>
  </Access>
  <Blank Num="1" UId="505" />
  <Token Text=":=" UId="506" />
  <Blank Num="1" UId="507" />
  <Access Scope="GlobalVariable" UId="508">
    <Symbol UId="509">
      <Component Name="ApplicationState_DB" UId="510" />
      <Token Text="." UId="511" />
      <Component Name="Appstate" UId="512">
        <Token Text="[" UId="513" />
        <Access Scope="LiteralConstant" UId="514">
          <Constant UId="515">
            <ConstantValue UId="517">1</ConstantValue>
          </Constant>
        </Access>
        <Token Text="]" UId="518" />
      </Component>
      <Token Text="." UId="519" />
      <Component Name="States" UId="520" />
    </Symbol>
  </Access>
  <Token Text=";" UId="521" />
  <NewLine Num="1" UId="522" />
  <Blank Num="8" UId="523" />
  <Access Scope="GlobalVariable" UId="524">
    <Symbol UId="525">
      <Component Name="ApplicationState_DB" UId="526" />
      <Token Text="." UId="527" />
      <Component Name="Appstate" UId="528">
        <Token Text="[" UId="529" />
        <Access Scope="LocalVariable" UId="530">
          <Symbol UId="531">
            <Component Name="T_Index" UId="532" />
          </Symbol>
        </Access>
        <Token Text="]" UId="533" />
      </Component>
      <Token Text="." UId="534" />
      <Component Name="Hmi_Buttons" UId="535" />
    </Symbol>
  </Access>
  <Blank Num="1" UId="536" />
  <Token Text=":=" UId="537" />
  <Blank Num="1" UId="538" />
  <Access Scope="GlobalVariable" UId="539">
    <Symbol UId="540">
      <Component Name="ApplicationState_DB" UId="541" />
      <Token Text="." UId="542" />
      <Component Name="Appstate" UId="543">
        <Token Text="[" UId="544" />
        <Access Scope="LiteralConstant" UId="545">
          <Constant UId="546">
            <ConstantValue UId="548">1</ConstantValue>
          </Constant>
        </Access>
        <Token Text="]" UId="549" />
      </Component>
      <Token Text="." UId="550" />
      <Component Name="Hmi_Buttons" UId="551" />
    </Symbol>
  </Access>
  <Token Text=";" UId="552" />
  <NewLine Num="1" UId="553" />
  <Blank Num="4" UId="554" />
  <Token Text="END_FOR" UId="555" />
  <Token Text=";" UId="556" />
  <NewLine Num="1" UId="557" />
  <Blank Num="4" UId="558" />
  <NewLine Num="1" UId="559" />
  <Blank Num="4" UId="560" />
  <Token Text="FOR" UId="561" />
  <Blank Num="1" UId="562" />
  <Access Scope="LocalVariable" UId="563">
    <Symbol UId="564">
      <Component Name="T_Index" UId="565" />
    </Symbol>
  </Access>
  <Blank Num="1" UId="566" />
  <Token Text=":=" UId="567" />
  <Blank Num="1" UId="568" />
  <Access Scope="LiteralConstant" UId="569">
    <Constant UId="570">
      <ConstantValue UId="572">30</ConstantValue>
    </Constant>
  </Access>
  <Blank Num="1" UId="573" />
  <Token Text="TO" UId="574" />
  <Blank Num="1" UId="575" />
  <Access Scope="LiteralConstant" UId="576">
    <Constant UId="577">
      <ConstantValue UId="579">39</ConstantValue>
    </Constant>
  </Access>
  <Blank Num="1" UId="580" />
  <Token Text="DO" UId="581" />
  <NewLine Num="1" UId="582" />
  <Blank Num="8" UId="583" />
  <Access Scope="GlobalVariable" UId="584">
    <Symbol UId="585">
      <Component Name="ApplicationState_DB" UId="586" />
      <Token Text="." UId="587" />
      <Component Name="Appstate" UId="588">
        <Token Text="[" UId="589" />
        <Access Scope="LocalVariable" UId="590">
          <Symbol UId="591">
            <Component Name="T_Index" UId="592" />
          </Symbol>
        </Access>
        <Token Text="]" UId="593" />
      </Component>
      <Token Text="." UId="594" />
      <Component Name="States" UId="595" />
    </Symbol>
  </Access>
  <Blank Num="1" UId="596" />
  <Token Text=":=" UId="597" />
  <Blank Num="1" UId="598" />
  <Access Scope="GlobalVariable" UId="599">
    <Symbol UId="600">
      <Component Name="ApplicationState_DB" UId="601" />
      <Token Text="." UId="602" />
      <Component Name="Appstate" UId="603">
        <Token Text="[" UId="604" />
        <Access Scope="LiteralConstant" UId="605">
          <Constant UId="606">
            <ConstantValue UId="608">1</ConstantValue>
          </Constant>
        </Access>
        <Token Text="]" UId="609" />
      </Component>
      <Token Text="." UId="610" />
      <Component Name="States" UId="611" />
    </Symbol>
  </Access>
  <Token Text=";" UId="612" />
  <NewLine Num="1" UId="613" />
  <Blank Num="8" UId="614" />
  <Access Scope="GlobalVariable" UId="615">
    <Symbol UId="616">
      <Component Name="ApplicationState_DB" UId="617" />
      <Token Text="." UId="618" />
      <Component Name="Appstate" UId="619">
        <Token Text="[" UId="620" />
        <Access Scope="LocalVariable" UId="621">
          <Symbol UId="622">
            <Component Name="T_Index" UId="623" />
          </Symbol>
        </Access>
        <Token Text="]" UId="624" />
      </Component>
      <Token Text="." UId="625" />
      <Component Name="Hmi_Buttons" UId="626" />
    </Symbol>
  </Access>
  <Blank Num="1" UId="627" />
  <Token Text=":=" UId="628" />
  <Blank Num="1" UId="629" />
  <Access Scope="GlobalVariable" UId="630">
    <Symbol UId="631">
      <Component Name="ApplicationState_DB" UId="632" />
      <Token Text="." UId="633" />
      <Component Name="Appstate" UId="634">
        <Token Text="[" UId="635" />
        <Access Scope="LiteralConstant" UId="636">
          <Constant UId="637">
            <ConstantValue UId="639">1</ConstantValue>
          </Constant>
        </Access>
        <Token Text="]" UId="640" />
      </Component>
      <Token Text="." UId="641" />
      <Component Name="Hmi_Buttons" UId="642" />
    </Symbol>
  </Access>
  <Token Text=";" UId="643" />
  <NewLine Num="1" UId="644" />
  <Blank Num="4" UId="645" />
  <Token Text="END_FOR" UId="646" />
  <Token Text=";" UId="647" />
  <NewLine Num="1" UId="648" />
  <Blank Num="4" UId="649" />
  <NewLine Num="1" UId="650" />
  <Blank Num="4" UId="651" />
  <Token Text="FOR" UId="652" />
  <Blank Num="1" UId="653" />
  <Access Scope="LocalVariable" UId="654">
    <Symbol UId="655">
      <Component Name="T_Index" UId="656" />
    </Symbol>
  </Access>
  <Blank Num="1" UId="657" />
  <Token Text=":=" UId="658" />
  <Blank Num="1" UId="659" />
  <Access Scope="LiteralConstant" UId="660">
    <Constant UId="661">
      <ConstantValue UId="663">40</ConstantValue>
    </Constant>
  </Access>
  <Blank Num="1" UId="664" />
  <Token Text="TO" UId="665" />
  <Blank Num="1" UId="666" />
  <Access Scope="LiteralConstant" UId="667">
    <Constant UId="668">
      <ConstantValue UId="670">49</ConstantValue>
    </Constant>
  </Access>
  <Blank Num="1" UId="671" />
  <Token Text="DO" UId="672" />
  <NewLine Num="1" UId="673" />
  <Blank Num="8" UId="674" />
  <Access Scope="GlobalVariable" UId="675">
    <Symbol UId="676">
      <Component Name="ApplicationState_DB" UId="677" />
      <Token Text="." UId="678" />
      <Component Name="Appstate" UId="679">
        <Token Text="[" UId="680" />
        <Access Scope="LocalVariable" UId="681">
          <Symbol UId="682">
            <Component Name="T_Index" UId="683" />
          </Symbol>
        </Access>
        <Token Text="]" UId="684" />
      </Component>
      <Token Text="." UId="685" />
      <Component Name="States" UId="686" />
    </Symbol>
  </Access>
  <Blank Num="1" UId="687" />
  <Token Text=":=" UId="688" />
  <Blank Num="1" UId="689" />
  <Access Scope="GlobalVariable" UId="690">
    <Symbol UId="691">
      <Component Name="ApplicationState_DB" UId="692" />
      <Token Text="." UId="693" />
      <Component Name="Appstate" UId="694">
        <Token Text="[" UId="695" />
        <Access Scope="LiteralConstant" UId="696">
          <Constant UId="697">
            <ConstantValue UId="699">1</ConstantValue>
          </Constant>
        </Access>
        <Token Text="]" UId="700" />
      </Component>
      <Token Text="." UId="701" />
      <Component Name="States" UId="702" />
    </Symbol>
  </Access>
  <Token Text=";" UId="703" />
  <NewLine Num="1" UId="704" />
  <Blank Num="8" UId="705" />
  <Access Scope="GlobalVariable" UId="706">
    <Symbol UId="707">
      <Component Name="ApplicationState_DB" UId="708" />
      <Token Text="." UId="709" />
      <Component Name="Appstate" UId="710">
        <Token Text="[" UId="711" />
        <Access Scope="LocalVariable" UId="712">
          <Symbol UId="713">
            <Component Name="T_Index" UId="714" />
          </Symbol>
        </Access>
        <Token Text="]" UId="715" />
      </Component>
      <Token Text="." UId="716" />
      <Component Name="Hmi_Buttons" UId="717" />
    </Symbol>
  </Access>
  <Blank Num="1" UId="718" />
  <Token Text=":=" UId="719" />
  <Blank Num="1" UId="720" />
  <Access Scope="GlobalVariable" UId="721">
    <Symbol UId="722">
      <Component Name="ApplicationState_DB" UId="723" />
      <Token Text="." UId="724" />
      <Component Name="Appstate" UId="725">
        <Token Text="[" UId="726" />
        <Access Scope="LiteralConstant" UId="727">
          <Constant UId="728">
            <ConstantValue UId="730">1</ConstantValue>
          </Constant>
        </Access>
        <Token Text="]" UId="731" />
      </Component>
      <Token Text="." UId="732" />
      <Component Name="Hmi_Buttons" UId="733" />
    </Symbol>
  </Access>
  <Token Text=";" UId="734" />
  <NewLine Num="1" UId="735" />
  <Blank Num="4" UId="736" />
  <Token Text="END_FOR" UId="737" />
  <Token Text=";" UId="738" />
  <NewLine Num="1" UId="739" />
  <Blank Num="4" UId="740" />
  <NewLine Num="1" UId="741" />
  <Blank Num="4" UId="742" />
  <Token Text="FOR" UId="743" />
  <Blank Num="1" UId="744" />
  <Access Scope="LocalVariable" UId="745">
    <Symbol UId="746">
      <Component Name="T_Index" UId="747" />
    </Symbol>
  </Access>
  <Blank Num="1" UId="748" />
  <Token Text=":=" UId="749" />
  <Blank Num="1" UId="750" />
  <Access Scope="LiteralConstant" UId="751">
    <Constant UId="752">
      <ConstantValue UId="754">50</ConstantValue>
    </Constant>
  </Access>
  <Blank Num="1" UId="755" />
  <Token Text="TO" UId="756" />
  <Blank Num="1" UId="757" />
  <Access Scope="LiteralConstant" UId="758">
    <Constant UId="759">
      <ConstantValue UId="761">52</ConstantValue>
    </Constant>
  </Access>
  <Blank Num="1" UId="762" />
  <Token Text="DO" UId="763" />
  <NewLine Num="1" UId="764" />
  <Blank Num="8" UId="765" />
  <Access Scope="GlobalVariable" UId="766">
    <Symbol UId="767">
      <Component Name="ApplicationState_DB" UId="768" />
      <Token Text="." UId="769" />
      <Component Name="Appstate" UId="770">
        <Token Text="[" UId="771" />
        <Access Scope="LocalVariable" UId="772">
          <Symbol UId="773">
            <Component Name="T_Index" UId="774" />
          </Symbol>
        </Access>
        <Token Text="]" UId="775" />
      </Component>
      <Token Text="." UId="776" />
      <Component Name="States" UId="777" />
    </Symbol>
  </Access>
  <Blank Num="1" UId="778" />
  <Token Text=":=" UId="779" />
  <Blank Num="1" UId="780" />
  <Access Scope="GlobalVariable" UId="781">
    <Symbol UId="782">
      <Component Name="ApplicationState_DB" UId="783" />
      <Token Text="." UId="784" />
      <Component Name="Appstate" UId="785">
        <Token Text="[" UId="786" />
        <Access Scope="LiteralConstant" UId="787">
          <Constant UId="788">
            <ConstantValue UId="790">1</ConstantValue>
          </Constant>
        </Access>
        <Token Text="]" UId="791" />
      </Component>
      <Token Text="." UId="792" />
      <Component Name="States" UId="793" />
    </Symbol>
  </Access>
  <Token Text=";" UId="794" />
  <NewLine Num="1" UId="795" />
  <Blank Num="8" UId="796" />
  <Access Scope="GlobalVariable" UId="797">
    <Symbol UId="798">
      <Component Name="ApplicationState_DB" UId="799" />
      <Token Text="." UId="800" />
      <Component Name="Appstate" UId="801">
        <Token Text="[" UId="802" />
        <Access Scope="LocalVariable" UId="803">
          <Symbol UId="804">
            <Component Name="T_Index" UId="805" />
          </Symbol>
        </Access>
        <Token Text="]" UId="806" />
      </Component>
      <Token Text="." UId="807" />
      <Component Name="Hmi_Buttons" UId="808" />
    </Symbol>
  </Access>
  <Blank Num="1" UId="809" />
  <Token Text=":=" UId="810" />
  <Blank Num="1" UId="811" />
  <Access Scope="GlobalVariable" UId="812">
    <Symbol UId="813">
      <Component Name="ApplicationState_DB" UId="814" />
      <Token Text="." UId="815" />
      <Component Name="Appstate" UId="816">
        <Token Text="[" UId="817" />
        <Access Scope="LiteralConstant" UId="818">
          <Constant UId="819">
            <ConstantValue UId="821">1</ConstantValue>
          </Constant>
        </Access>
        <Token Text="]" UId="822" />
      </Component>
      <Token Text="." UId="823" />
      <Component Name="Hmi_Buttons" UId="824" />
    </Symbol>
  </Access>
  <Token Text=";" UId="825" />
  <NewLine Num="1" UId="826" />
  <Blank Num="4" UId="827" />
  <Token Text="END_FOR" UId="828" />
  <Token Text=";" UId="829" />
  <NewLine Num="1" UId="830" />
  <Blank Num="4" UId="831" />
  <NewLine Num="1" UId="832" />
  <Blank Num="4" UId="833" />
  <NewLine Num="1" UId="834" />
  <Blank Num="4" UId="835" />
  <NewLine Num="1" UId="836" />
  <Token Text="END_REGION" UId="837" />
  <NewLine Num="2" UId="838" />
  <Token Text="REGION" UId="839" />
  <Blank Num="1" UId="840" />
  <Text UId="841">ALARM ACTIVE</Text>
  <NewLine Num="1" UId="842" />
  <Blank Num="4" UId="843" />
  <NewLine Num="1" UId="844" />
  <Blank Num="4" UId="845" />
  <Token Text="FOR" UId="846" />
  <Blank Num="1" UId="847" />
  <Access Scope="LocalVariable" UId="848">
    <Symbol UId="849">
      <Component Name="T_Index" UId="850" />
    </Symbol>
  </Access>
  <Blank Num="1" UId="851" />
  <Token Text=":=" UId="852" />
  <Blank Num="1" UId="853" />
  <Access Scope="LiteralConstant" UId="854">
    <Constant UId="855">
      <ConstantValue UId="857">10</ConstantValue>
    </Constant>
  </Access>
  <Blank Num="1" UId="858" />
  <Token Text="TO" UId="859" />
  <Blank Num="1" UId="860" />
  <Access Scope="LiteralConstant" UId="861">
    <Constant UId="862">
      <ConstantValue UId="864">52</ConstantValue>
    </Constant>
  </Access>
  <Blank Num="1" UId="865" />
  <Token Text="DO" UId="866" />
  <NewLine Num="1" UId="867" />
  <Blank Num="8" UId="868" />
  <NewLine Num="1" UId="869" />
  <Blank Num="8" UId="870" />
  <Access Scope="GlobalVariable" UId="871">
    <Symbol UId="872">
      <Component Name="ApplicationState_DB" UId="873" />
      <Token Text="." UId="874" />
      <Component Name="Appstate" UId="875">
        <Token Text="[" UId="876" />
        <Access Scope="LocalVariable" UId="877">
          <Symbol UId="878">
            <Component Name="T_Index" UId="879" />
          </Symbol>
        </Access>
        <Token Text="]" UId="880" />
      </Component>
      <Token Text="." UId="881" />
      <Component Name="Alarms" UId="882" />
      <Token Text="." UId="883" />
      <Component Name="AlarmsActiveForHmi" UId="884" />
    </Symbol>
  </Access>
  <Blank Num="1" UId="885" />
  <Token Text=":=" UId="886" />
  <NewLine Num="1" UId="887" />
  <Blank Num="8" UId="888" />
  <Access Scope="GlobalVariable" UId="889">
    <Symbol UId="890">
      <Component Name="ApplicationState_DB" UId="891" />
      <Token Text="." UId="892" />
      <Component Name="Appstate" UId="893">
        <Token Text="[" UId="894" />
        <Access Scope="LocalVariable" UId="895">
          <Symbol UId="896">
            <Component Name="T_Index" UId="897" />
          </Symbol>
        </Access>
        <Token Text="]" UId="898" />
      </Component>
      <Token Text="." UId="899" />
      <Component Name="Alarms" UId="900" />
      <Token Text="." UId="901" />
      <Component Name="AlarmActiveInternalPLC" UId="902" />
    </Symbol>
  </Access>
  <Token Text=";" UId="903" />
  <NewLine Num="1" UId="904" />
  <Blank Num="8" UId="905" />
  <NewLine Num="1" UId="906" />
  <Blank Num="8" UId="907" />
  <Access Scope="GlobalVariable" UId="908">
    <Symbol UId="909">
      <Component Name="ApplicationState_DB" UId="910" />
      <Token Text="." UId="911" />
      <Component Name="Appstate" UId="912">
        <Token Text="[" UId="913" />
        <Access Scope="LocalVariable" UId="914">
          <Symbol UId="915">
            <Component Name="T_Index" UId="916" />
          </Symbol>
        </Access>
        <Token Text="]" UId="917" />
      </Component>
      <Token Text="." UId="918" />
      <Component Name="Alarms" UId="919" />
      <Token Text="." UId="920" />
      <Component Name="AlarmActiveInternalPLC" UId="921" />
    </Symbol>
  </Access>
  <Blank Num="1" UId="922" />
  <Token Text=":=" UId="923" />
  <Blank Num="1" UId="924" />
  <Access Scope="LiteralConstant" UId="925">
    <Constant UId="926">
      <ConstantValue UId="928">0</ConstantValue>
    </Constant>
  </Access>
  <Token Text=";" UId="929" />
  <NewLine Num="1" UId="930" />
  <Blank Num="8" UId="931" />
  <NewLine Num="1" UId="932" />
  <Blank Num="8" UId="933" />
  <Token Text="IF" UId="934" />
  <Blank Num="1" UId="935" />
  <Access Scope="GlobalVariable" UId="936">
    <Symbol UId="937">
      <Component Name="ApplicationState_DB" UId="938" />
      <Token Text="." UId="939" />
      <Component Name="Appstate" UId="940">
        <Token Text="[" UId="941" />
        <Access Scope="LocalVariable" UId="942">
          <Symbol UId="943">
            <Component Name="T_Index" UId="944" />
          </Symbol>
        </Access>
        <Token Text="]" UId="945" />
      </Component>
      <Token Text="." UId="946" />
      <Component Name="Alarms" UId="947" />
      <Token Text="." UId="948" />
      <Component Name="AlarmsActiveForHmi" UId="949" />
    </Symbol>
  </Access>
  <Blank Num="1" UId="950" />
  <Token Text="THEN" UId="951" />
  <NewLine Num="1" UId="952" />
  <Blank Num="12" UId="953" />
  <Access Scope="GlobalVariable" UId="954">
    <Symbol UId="955">
      <Component Name="ApplicationState_DB" UId="956" />
      <Token Text="." UId="957" />
      <Component Name="Appstate" UId="958">
        <Token Text="[" UId="959" />
        <Access Scope="LiteralConstant" UId="960">
          <Constant UId="961">
            <ConstantValue UId="963">1</ConstantValue>
          </Constant>
        </Access>
        <Token Text="]" UId="964" />
      </Component>
      <Token Text="." UId="965" />
      <Component Name="Alarms" UId="966" />
      <Token Text="." UId="967" />
      <Component Name="AlarmActiveInternalPLC" UId="968" />
    </Symbol>
  </Access>
  <Blank Num="1" UId="969" />
  <Token Text=":=" UId="970" />
  <Blank Num="1" UId="971" />
  <Access Scope="LiteralConstant" UId="972">
    <Constant UId="973">
      <ConstantValue UId="975">1</ConstantValue>
    </Constant>
  </Access>
  <Token Text=";" UId="976" />
  <NewLine Num="1" UId="977" />
  <Blank Num="8" UId="978" />
  <Token Text="END_IF" UId="979" />
  <Token Text=";" UId="980" />
  <NewLine Num="1" UId="981" />
  <Blank Num="8" UId="982" />
  <NewLine Num="1" UId="983" />
  <Blank Num="4" UId="984" />
  <Token Text="END_FOR" UId="985" />
  <Token Text=";" UId="986" />
  <NewLine Num="1" UId="987" />
  <Blank Num="4" UId="988" />
  <NewLine Num="1" UId="989" />
  <Blank Num="4" UId="990" />
  <NewLine Num="1" UId="991" />
  <Token Text="END_REGION" UId="992" />
  <NewLine Num="2" UId="993" />
  <Token Text="REGION" UId="994" />
  <Blank Num="1" UId="995" />
  <Text UId="996">RESET CMD</Text>
  <NewLine Num="1" UId="997" />
  <Blank Num="4" UId="998" />
  <NewLine Num="1" UId="999" />
  <Blank Num="4" UId="1000" />
  <Token Text="IF" UId="1001" />
  <Blank Num="1" UId="1002" />
  <Access Scope="GlobalVariable" UId="1003">
    <Symbol UId="1004">
      <Component Name="HMI_DB" UId="1005" />
      <Token Text="." UId="1006" />
      <Component Name="ResetFromHMI" UId="1007" />
    </Symbol>
  </Access>
  <Blank Num="1" UId="1008" />
  <Token Text="OR" UId="1009" />
  <Blank Num="1" UId="1010" />
  <Access Scope="GlobalVariable" UId="1011">
    <Symbol UId="1012">
      <Component Name="ApplicationState_DB" UId="1013" />
      <Token Text="." UId="1014" />
      <Component Name="Appstate" UId="1015">
        <Token Text="[" UId="1016" />
        <Access Scope="LiteralConstant" UId="1017">
          <Constant UId="1018">
            <ConstantValue UId="1020">0</ConstantValue>
          </Constant>
        </Access>
        <Token Text="]" UId="1021" />
      </Component>
      <Token Text="." UId="1022" />
      <Component Name="Hmi_Buttons" UId="1023" />
      <Token Text="." UId="1024" />
      <Component Name="reset" UId="1025" />
      <Token Text="." UId="1026" />
      <Component Name="SignalFromHMI" UId="1027" />
    </Symbol>
  </Access>
  <Blank Num="1" UId="1028" />
  <Token Text="THEN" UId="1029" />
  <NewLine Num="1" UId="1030" />
  <Blank Num="8" UId="1031" />
  <Access Scope="GlobalVariable" UId="1032">
    <Symbol UId="1033">
      <Component Name="HMI_DB" UId="1034" />
      <Token Text="." UId="1035" />
      <Component Name="ResetFromHMI" UId="1036" />
    </Symbol>
  </Access>
  <Blank Num="1" UId="1037" />
  <Token Text=":=" UId="1038" />
  <Blank Num="1" UId="1039" />
  <Access Scope="LiteralConstant" UId="1040">
    <Constant UId="1041">
      <ConstantValue UId="1043">FALSE</ConstantValue>
    </Constant>
  </Access>
  <Token Text=";" UId="1044" />
  <NewLine Num="1" UId="1045" />
  <Blank Num="8" UId="1046" />
  <Access Scope="GlobalVariable" UId="1047">
    <Symbol UId="1048">
      <Component Name="ApplicationState_DB" UId="1049" />
      <Token Text="." UId="1050" />
      <Component Name="Appstate" UId="1051">
        <Token Text="[" UId="1052" />
        <Access Scope="LiteralConstant" UId="1053">
          <Constant UId="1054">
            <ConstantValue UId="1056">0</ConstantValue>
          </Constant>
        </Access>
        <Token Text="]" UId="1057" />
      </Component>
      <Token Text="." UId="1058" />
      <Component Name="Hmi_Buttons" UId="1059" />
      <Token Text="." UId="1060" />
      <Component Name="reset" UId="1061" />
      <Token Text="." UId="1062" />
      <Component Name="SignalFromHMI" UId="1063" />
    </Symbol>
  </Access>
  <Blank Num="1" UId="1064" />
  <Token Text=":=" UId="1065" />
  <Blank Num="1" UId="1066" />
  <Access Scope="LiteralConstant" UId="1067">
    <Constant UId="1068">
      <ConstantValue UId="1070">1</ConstantValue>
    </Constant>
  </Access>
  <Token Text=";" UId="1071" />
  <NewLine Num="1" UId="1072" />
  <Blank Num="4" UId="1073" />
  <Token Text="END_IF" UId="1074" />
  <Token Text=";" UId="1075" />
  <NewLine Num="1" UId="1076" />
  <Blank Num="4" UId="1077" />
  <NewLine Num="1" UId="1078" />
  <Token Text="END_REGION" UId="1079" />
  <NewLine Num="2" UId="1080" />
</StructuredText></NetworkSource>
          <ProgrammingLanguage>SCL</ProgrammingLanguage>
        </AttributeList>
        <ObjectList>
          <MultilingualText ID="5" CompositionName="Comment">
            <ObjectList>
              <MultilingualTextItem ID="6" CompositionName="Items">
                <AttributeList>
                  <Culture>en-US</Culture>
                  <Text />
                </AttributeList>
              </MultilingualTextItem>
              <MultilingualTextItem ID="7" CompositionName="Items">
                <AttributeList>
                  <Culture>fr-BE</Culture>
                  <Text />
                </AttributeList>
              </MultilingualTextItem>
            </ObjectList>
          </MultilingualText>
          <MultilingualText ID="8" CompositionName="Title">
            <ObjectList>
              <MultilingualTextItem ID="9" CompositionName="Items">
                <AttributeList>
                  <Culture>en-US</Culture>
                  <Text />
                </AttributeList>
              </MultilingualTextItem>
              <MultilingualTextItem ID="A" CompositionName="Items">
                <AttributeList>
                  <Culture>fr-BE</Culture>
                  <Text />
                </AttributeList>
              </MultilingualTextItem>
            </ObjectList>
          </MultilingualText>
        </ObjectList>
      </SW.Blocks.CompileUnit>
      <MultilingualText ID="B" CompositionName="Title">
        <ObjectList>
          <MultilingualTextItem ID="C" CompositionName="Items">
            <AttributeList>
              <Culture>en-US</Culture>
              <Text />
            </AttributeList>
          </MultilingualTextItem>
          <MultilingualTextItem ID="D" CompositionName="Items">
            <AttributeList>
              <Culture>fr-BE</Culture>
              <Text />
            </AttributeList>
          </MultilingualTextItem>
        </ObjectList>
      </MultilingualText>
    </ObjectList>
  </SW.Blocks.FB>
</Document>