﻿<?xml version="1.0" encoding="utf-8"?>
<Document>
  <Engineering version="V16" />
  <DocumentInfo>
    <Created>2023-11-13T10:46:06.9539612Z</Created>
    <ExportSetting>WithDefaults</ExportSetting>
    <InstalledProducts>
      <Product>
        <DisplayName>Totally Integrated Automation Portal</DisplayName>
        <DisplayVersion>V16 Update 6</DisplayVersion>
      </Product>
      <OptionPackage>
        <DisplayName>TIA Portal Version Control Interface</DisplayName>
        <DisplayVersion>V16 Update 2</DisplayVersion>
      </OptionPackage>
      <OptionPackage>
        <DisplayName>TIA Portal Openness</DisplayName>
        <DisplayVersion>V16 Update 6</DisplayVersion>
      </OptionPackage>
      <OptionPackage>
        <DisplayName>TIA Portal Teamcenter Gateway</DisplayName>
        <DisplayVersion>V16</DisplayVersion>
      </OptionPackage>
      <Product>
        <DisplayName>SINAMICS Startdrive Advanced</DisplayName>
        <DisplayVersion>V16 Update 5</DisplayVersion>
      </Product>
      <OptionPackage>
        <DisplayName>SINAMICS Startdrive G130, G150, S120, S150, SINAMICS MV, S210</DisplayName>
        <DisplayVersion>V16 Update 5</DisplayVersion>
      </OptionPackage>
      <OptionPackage>
        <DisplayName>SINAMICS Startdrive G110M, G120, G120C, G120D, G120P, G115D</DisplayName>
        <DisplayVersion>V16 Update 5</DisplayVersion>
      </OptionPackage>
      <Product>
        <DisplayName>STEP 7 Professional</DisplayName>
        <DisplayVersion>V16 Update 6</DisplayVersion>
      </Product>
      <OptionPackage>
        <DisplayName>STEP 7 Safety</DisplayName>
        <DisplayVersion>V16</DisplayVersion>
      </OptionPackage>
      <Product>
        <DisplayName>WinCC Advanced / Unified PC</DisplayName>
        <DisplayVersion>V16 Update 6</DisplayVersion>
      </Product>
    </InstalledProducts>
  </DocumentInfo>
  <SW.Blocks.FB ID="0">
    <AttributeList>
      <AutoNumber>true</AutoNumber>
      <HeaderAuthor />
      <HeaderFamily />
      <HeaderName />
      <HeaderVersion>0.1</HeaderVersion>
      <Interface><Sections xmlns="http://www.siemens.com/automation/Openness/SW/Interface/v4">
  <Section Name="Input">
    <Member Name="I_full" Datatype="&quot;SmartBooldt&quot;" Remanence="NonRetain" Accessibility="Public"><AttributeList><BooleanAttribute Name="ExternalAccessible" SystemDefined="true">true</BooleanAttribute><BooleanAttribute Name="ExternalVisible" SystemDefined="true">true</BooleanAttribute><BooleanAttribute Name="ExternalWritable" SystemDefined="true">true</BooleanAttribute></AttributeList><Sections><Section Name="None"><Member Name="State" Datatype="Bool" /><Member Name="LE" Datatype="Bool" /><Member Name="FE" Datatype="Bool" /><Member Name="sensorTest" Datatype="Bool" /><Member Name="IddleSignal" Datatype="Bool" /><Member Name="testFailed" Datatype="Bool" /><Member Name="Counter" Datatype="UInt" /></Section></Sections></Member>
    <Member Name="I_half_full" Datatype="&quot;SmartBooldt&quot;" Remanence="NonRetain" Accessibility="Public"><AttributeList><BooleanAttribute Name="ExternalAccessible" SystemDefined="true">true</BooleanAttribute><BooleanAttribute Name="ExternalVisible" SystemDefined="true">true</BooleanAttribute><BooleanAttribute Name="ExternalWritable" SystemDefined="true">true</BooleanAttribute></AttributeList><Sections><Section Name="None"><Member Name="State" Datatype="Bool" /><Member Name="LE" Datatype="Bool" /><Member Name="FE" Datatype="Bool" /><Member Name="sensorTest" Datatype="Bool" /><Member Name="IddleSignal" Datatype="Bool" /><Member Name="testFailed" Datatype="Bool" /><Member Name="Counter" Datatype="UInt" /></Section></Sections></Member>
  </Section>
  <Section Name="Output">
    <Member Name="O_GREEN" Datatype="Bool" Remanence="NonRetain" Accessibility="Public"><AttributeList><BooleanAttribute Name="ExternalAccessible" SystemDefined="true">true</BooleanAttribute><BooleanAttribute Name="ExternalVisible" SystemDefined="true">true</BooleanAttribute><BooleanAttribute Name="ExternalWritable" SystemDefined="true">true</BooleanAttribute></AttributeList></Member>
    <Member Name="O_ORGANGE" Datatype="Bool" Remanence="NonRetain" Accessibility="Public"><AttributeList><BooleanAttribute Name="ExternalAccessible" SystemDefined="true">true</BooleanAttribute><BooleanAttribute Name="ExternalVisible" SystemDefined="true">true</BooleanAttribute><BooleanAttribute Name="ExternalWritable" SystemDefined="true">true</BooleanAttribute></AttributeList></Member>
    <Member Name="O_RED" Datatype="Bool" Remanence="NonRetain" Accessibility="Public"><AttributeList><BooleanAttribute Name="ExternalAccessible" SystemDefined="true">true</BooleanAttribute><BooleanAttribute Name="ExternalVisible" SystemDefined="true">true</BooleanAttribute><BooleanAttribute Name="ExternalWritable" SystemDefined="true">true</BooleanAttribute></AttributeList></Member>
  </Section>
  <Section Name="InOut">
    <Member Name="IO_GRAV" Datatype="&quot;Conveyor_UDT&quot;" Accessibility="Public">
      <Sections>
        <Section Name="None">
          <Member Name="Settings" Datatype="Struct">
            <Member Name="Mode" Datatype="Int" />
            <Member Name="AutomaticBuffering" Datatype="Bool" />
            <Member Name="Direction" Datatype="Bool" />
            <Member Name="EnergySave" Datatype="Bool" />
            <Member Name="RunIddle" Datatype="Bool" />
            <Member Name="AutoReset" Datatype="Bool" />
            <Member Name="SentHoldOnCheckReceive" Datatype="Bool" />
            <Member Name="Timings" Datatype="&quot;ConveyorTimes_UDT&quot;">
              <Sections>
                <Section Name="None">
                  <Member Name="DelayedStart" Datatype="Time" />
                  <Member Name="ConveyorLength" Datatype="Real" />
                  <Member Name="InitDistance" Datatype="Real" />
                  <Member Name="ReceiveDistance" Datatype="Real" />
                  <Member Name="SendDistance" Datatype="Real" />
                  <Member Name="SleepDistance" Datatype="Real" />
                  <Member Name="GapDistance" Datatype="Real" />
                  <Member Name="StartupDelay" Datatype="Time" />
                </Section>
              </Sections>
            </Member>
            <Member Name="Speed" Datatype="Struct">
              <Member Name="speed" Datatype="Real" />
              <Member Name="UpstreamGain" Datatype="Real" />
              <Member Name="speedController" Datatype="Bool" />
            </Member>
            <Member Name="Alarms" Datatype="Struct">
              <Member Name="BlockDetectionOn" Datatype="Bool" />
              <Member Name="BlockedAtStartSensor" Datatype="Bool" />
              <Member Name="ParcelsToCloseDetectionOn" Datatype="Bool" />
              <Member Name="ParcelsToLongDetectionOn" Datatype="Bool" />
              <Member Name="ParcelToShortDetectionOn" Datatype="Bool" />
              <Member Name="BlockRetrys" Datatype="Int" />
              <Member Name="SentTimeError" Datatype="Real" />
              <Member Name="TimeBetweenParcels" Datatype="Real" />
              <Member Name="MinSizeParcel" Datatype="Real" />
              <Member Name="MaxSizeParcel" Datatype="Real" />
            </Member>
          </Member>
          <Member Name="Cmd" Datatype="Struct">
            <Member Name="Reset" Datatype="Bool" />
            <Member Name="ReInitialize" Datatype="Bool" />
            <Member Name="RunAuto" Datatype="Bool" />
            <Member Name="RunManual" Datatype="Bool" />
            <Member Name="SpeedAuto" Datatype="Real" />
            <Member Name="SpeedManual" Datatype="Real" />
            <Member Name="ReadyToReceive" Datatype="Bool" />
            <Member Name="ReadyToSent" Datatype="Bool" />
            <Member Name="InvertFlow" Datatype="Bool" />
            <Member Name="Direction" Datatype="Bool" />
            <Member Name="Accumulate" Datatype="Struct">
              <Member Name="Acc_ext_1" Datatype="Bool" />
              <Member Name="Acc_ext_2" Datatype="Bool" />
              <Member Name="Acc_ext_3" Datatype="Bool" />
              <Member Name="Acc_ext_4" Datatype="Bool" />
              <Member Name="Acc_ext_5" Datatype="Bool" />
              <Member Name="Acc_TC_1" Datatype="Bool" />
              <Member Name="Acc_TC_2" Datatype="Bool" />
              <Member Name="Acc_TC_3" Datatype="Bool" />
              <Member Name="Acc_Scan_1" Datatype="Bool" />
              <Member Name="Acc_Scan_2" Datatype="Bool" />
              <Member Name="Acc_Scan_3" Datatype="Bool" />
              <Member Name="Acc_Scale_1" Datatype="Bool" />
              <Member Name="Acc_Scale_2" Datatype="Bool" />
              <Member Name="Acc_Scale_3" Datatype="Bool" />
            </Member>
            <Member Name="StartRequestObject" Datatype="Bool" />
            <Member Name="StopRequestObject" Datatype="Bool" />
            <Member Name="IgnoreStandby" Datatype="Bool" />
            <Member Name="ManualOverride" Datatype="Bool" />
            <Member Name="Interlock" Datatype="Bool" />
          </Member>
          <Member Name="Input" Datatype="Struct">
            <Member Name="SensorStartHMI" Datatype="Bool" />
            <Member Name="SensorEndHMI" Datatype="Bool" />
            <Member Name="SensorAtStartLogic" Datatype="&quot;SmartBooldt&quot;">
              <Sections>
                <Section Name="None">
                  <Member Name="State" Datatype="Bool" />
                  <Member Name="LE" Datatype="Bool" />
                  <Member Name="FE" Datatype="Bool" />
                  <Member Name="sensorTest" Datatype="Bool" />
                  <Member Name="IddleSignal" Datatype="Bool" />
                  <Member Name="testFailed" Datatype="Bool" />
                  <Member Name="Counter" Datatype="UInt" />
                </Section>
              </Sections>
            </Member>
            <Member Name="SensorAtEndLogic" Datatype="&quot;SmartBooldt&quot;">
              <Sections>
                <Section Name="None">
                  <Member Name="State" Datatype="Bool" />
                  <Member Name="LE" Datatype="Bool" />
                  <Member Name="FE" Datatype="Bool" />
                  <Member Name="sensorTest" Datatype="Bool" />
                  <Member Name="IddleSignal" Datatype="Bool" />
                  <Member Name="testFailed" Datatype="Bool" />
                  <Member Name="Counter" Datatype="UInt" />
                </Section>
              </Sections>
            </Member>
            <Member Name="Running_FB" Datatype="Bool" />
            <Member Name="Interlock" Datatype="Bool" />
          </Member>
          <Member Name="Alarms" Datatype="Struct">
            <Member Name="BlockedReceive" Datatype="&quot;HmiAlarm&quot;">
              <Sections>
                <Section Name="None">
                  <Member Name="Active" Datatype="Bool" />
                  <Member Name="Acknowledge" Datatype="Bool" />
                  <Member Name="type" Datatype="Int" />
                </Section>
              </Sections>
            </Member>
            <Member Name="BlockedSending" Datatype="&quot;HmiAlarm&quot;">
              <Sections>
                <Section Name="None">
                  <Member Name="Active" Datatype="Bool" />
                  <Member Name="Acknowledge" Datatype="Bool" />
                  <Member Name="type" Datatype="Int" />
                </Section>
              </Sections>
            </Member>
            <Member Name="ToClose" Datatype="&quot;HmiAlarm&quot;">
              <Sections>
                <Section Name="None">
                  <Member Name="Active" Datatype="Bool" />
                  <Member Name="Acknowledge" Datatype="Bool" />
                  <Member Name="type" Datatype="Int" />
                </Section>
              </Sections>
            </Member>
            <Member Name="ToSmall" Datatype="&quot;HmiAlarm&quot;">
              <Sections>
                <Section Name="None">
                  <Member Name="Active" Datatype="Bool" />
                  <Member Name="Acknowledge" Datatype="Bool" />
                  <Member Name="type" Datatype="Int" />
                </Section>
              </Sections>
            </Member>
            <Member Name="ToLong" Datatype="&quot;HmiAlarm&quot;">
              <Sections>
                <Section Name="None">
                  <Member Name="Active" Datatype="Bool" />
                  <Member Name="Acknowledge" Datatype="Bool" />
                  <Member Name="type" Datatype="Int" />
                </Section>
              </Sections>
            </Member>
            <Member Name="MotorAlarm" Datatype="&quot;HmiAlarm&quot;">
              <Sections>
                <Section Name="None">
                  <Member Name="Active" Datatype="Bool" />
                  <Member Name="Acknowledge" Datatype="Bool" />
                  <Member Name="type" Datatype="Int" />
                </Section>
              </Sections>
            </Member>
            <Member Name="AlarmActive" Datatype="&quot;HmiAlarm&quot;">
              <Sections>
                <Section Name="None">
                  <Member Name="Active" Datatype="Bool" />
                  <Member Name="Acknowledge" Datatype="Bool" />
                  <Member Name="type" Datatype="Int" />
                </Section>
              </Sections>
            </Member>
            <Member Name="Status" Datatype="Word" />
          </Member>
          <Member Name="Status" Datatype="Struct">
            <Member Name="AccumulationOn" Datatype="Bool" />
            <Member Name="StartedAutoMode" Datatype="Bool" />
            <Member Name="ReadyForStandby" Datatype="Bool" />
            <Member Name="RequestForSending" Datatype="Bool" />
            <Member Name="ExecutingReceiveSequence" Datatype="Bool" />
            <Member Name="ExecutingSendingSequence" Datatype="Bool" />
            <Member Name="ObjectSentPulse" Datatype="Bool" />
            <Member Name="ObjectReceivePulse" Datatype="Bool" />
            <Member Name="GapTimeOk" Datatype="Bool" />
            <Member Name="Empty" Datatype="Bool" />
            <Member Name="ObjectOnConveyor" Datatype="Bool" />
            <Member Name="Initialized" Datatype="Bool" />
            <Member Name="ManualMode" Datatype="Bool" />
          </Member>
          <Member Name="TrackingCmd" Datatype="Struct">
            <Member Name="InductNewTracking" Datatype="Bool" />
            <Member Name="ClearTracking" Datatype="Bool" />
            <Member Name="NewTrackingId" Datatype="&quot;Tracking_Simple_UDT_1&quot;">
              <Sections>
                <Section Name="None">
                  <Member Name="ID" Datatype="UInt" />
                  <Member Name="PLC_Dest" Datatype="Int" />
                  <Member Name="WMS_Dest" Datatype="String[20]" />
                  <Member Name="Barcode" Datatype="String" />
                  <Member Name="GoodRead" Datatype="Bool" />
                  <Member Name="weightGram" Datatype="Real" />
                  <Member Name="prio" Datatype="Bool" />
                </Section>
              </Sections>
            </Member>
          </Member>
          <Member Name="TrackingStat" Datatype="Struct">
            <Member Name="Current" Datatype="&quot;Tracking_Simple_UDT_1&quot;">
              <Sections>
                <Section Name="None">
                  <Member Name="ID" Datatype="UInt" />
                  <Member Name="PLC_Dest" Datatype="Int" />
                  <Member Name="WMS_Dest" Datatype="String[20]" />
                  <Member Name="Barcode" Datatype="String" />
                  <Member Name="GoodRead" Datatype="Bool" />
                  <Member Name="weightGram" Datatype="Real" />
                  <Member Name="prio" Datatype="Bool" />
                </Section>
              </Sections>
            </Member>
            <Member Name="InSending" Datatype="&quot;Tracking_Simple_UDT_1&quot;">
              <Sections>
                <Section Name="None">
                  <Member Name="ID" Datatype="UInt" />
                  <Member Name="PLC_Dest" Datatype="Int" />
                  <Member Name="WMS_Dest" Datatype="String[20]" />
                  <Member Name="Barcode" Datatype="String" />
                  <Member Name="GoodRead" Datatype="Bool" />
                  <Member Name="weightGram" Datatype="Real" />
                  <Member Name="prio" Datatype="Bool" />
                </Section>
              </Sections>
            </Member>
            <Member Name="TrackingReceived" Datatype="Bool" />
            <Member Name="TrackingCleared" Datatype="Bool" />
          </Member>
          <Member Name="Encoder" Datatype="&quot;VirtualEncoder_UDT&quot;">
            <Sections>
              <Section Name="None">
                <Member Name="Distance_mm" Datatype="Real" />
                <Member Name="Speed_mm_ms" Datatype="Real" />
                <Member Name="Settings" Datatype="Struct">
                  <Member Name="Base_M_min" Datatype="Real" />
                  <Member Name="BaseRelative" Datatype="Real" />
                </Member>
              </Section>
            </Sections>
          </Member>
          <Member Name="DiagNostics" Datatype="Struct">
            <Member Name="ReceivedCounter" Datatype="UDInt" />
            <Member Name="SendingCounter" Datatype="UDInt" />
          </Member>
          <Member Name="Index" Datatype="Int" />
          <Member Name="Name" Datatype="String[25]" />
          <Member Name="Zone" Datatype="Int" />
        </Section>
      </Sections>
    </Member>
    <Member Name="IO_SUPPLY" Datatype="&quot;Conveyor_UDT&quot;" Accessibility="Public">
      <Sections>
        <Section Name="None">
          <Member Name="Settings" Datatype="Struct">
            <Member Name="Mode" Datatype="Int" />
            <Member Name="AutomaticBuffering" Datatype="Bool" />
            <Member Name="Direction" Datatype="Bool" />
            <Member Name="EnergySave" Datatype="Bool" />
            <Member Name="RunIddle" Datatype="Bool" />
            <Member Name="AutoReset" Datatype="Bool" />
            <Member Name="SentHoldOnCheckReceive" Datatype="Bool" />
            <Member Name="Timings" Datatype="&quot;ConveyorTimes_UDT&quot;">
              <Sections>
                <Section Name="None">
                  <Member Name="DelayedStart" Datatype="Time" />
                  <Member Name="ConveyorLength" Datatype="Real" />
                  <Member Name="InitDistance" Datatype="Real" />
                  <Member Name="ReceiveDistance" Datatype="Real" />
                  <Member Name="SendDistance" Datatype="Real" />
                  <Member Name="SleepDistance" Datatype="Real" />
                  <Member Name="GapDistance" Datatype="Real" />
                  <Member Name="StartupDelay" Datatype="Time" />
                </Section>
              </Sections>
            </Member>
            <Member Name="Speed" Datatype="Struct">
              <Member Name="speed" Datatype="Real" />
              <Member Name="UpstreamGain" Datatype="Real" />
              <Member Name="speedController" Datatype="Bool" />
            </Member>
            <Member Name="Alarms" Datatype="Struct">
              <Member Name="BlockDetectionOn" Datatype="Bool" />
              <Member Name="BlockedAtStartSensor" Datatype="Bool" />
              <Member Name="ParcelsToCloseDetectionOn" Datatype="Bool" />
              <Member Name="ParcelsToLongDetectionOn" Datatype="Bool" />
              <Member Name="ParcelToShortDetectionOn" Datatype="Bool" />
              <Member Name="BlockRetrys" Datatype="Int" />
              <Member Name="SentTimeError" Datatype="Real" />
              <Member Name="TimeBetweenParcels" Datatype="Real" />
              <Member Name="MinSizeParcel" Datatype="Real" />
              <Member Name="MaxSizeParcel" Datatype="Real" />
            </Member>
          </Member>
          <Member Name="Cmd" Datatype="Struct">
            <Member Name="Reset" Datatype="Bool" />
            <Member Name="ReInitialize" Datatype="Bool" />
            <Member Name="RunAuto" Datatype="Bool" />
            <Member Name="RunManual" Datatype="Bool" />
            <Member Name="SpeedAuto" Datatype="Real" />
            <Member Name="SpeedManual" Datatype="Real" />
            <Member Name="ReadyToReceive" Datatype="Bool" />
            <Member Name="ReadyToSent" Datatype="Bool" />
            <Member Name="InvertFlow" Datatype="Bool" />
            <Member Name="Direction" Datatype="Bool" />
            <Member Name="Accumulate" Datatype="Struct">
              <Member Name="Acc_ext_1" Datatype="Bool" />
              <Member Name="Acc_ext_2" Datatype="Bool" />
              <Member Name="Acc_ext_3" Datatype="Bool" />
              <Member Name="Acc_ext_4" Datatype="Bool" />
              <Member Name="Acc_ext_5" Datatype="Bool" />
              <Member Name="Acc_TC_1" Datatype="Bool" />
              <Member Name="Acc_TC_2" Datatype="Bool" />
              <Member Name="Acc_TC_3" Datatype="Bool" />
              <Member Name="Acc_Scan_1" Datatype="Bool" />
              <Member Name="Acc_Scan_2" Datatype="Bool" />
              <Member Name="Acc_Scan_3" Datatype="Bool" />
              <Member Name="Acc_Scale_1" Datatype="Bool" />
              <Member Name="Acc_Scale_2" Datatype="Bool" />
              <Member Name="Acc_Scale_3" Datatype="Bool" />
            </Member>
            <Member Name="StartRequestObject" Datatype="Bool" />
            <Member Name="StopRequestObject" Datatype="Bool" />
            <Member Name="IgnoreStandby" Datatype="Bool" />
            <Member Name="ManualOverride" Datatype="Bool" />
            <Member Name="Interlock" Datatype="Bool" />
          </Member>
          <Member Name="Input" Datatype="Struct">
            <Member Name="SensorStartHMI" Datatype="Bool" />
            <Member Name="SensorEndHMI" Datatype="Bool" />
            <Member Name="SensorAtStartLogic" Datatype="&quot;SmartBooldt&quot;">
              <Sections>
                <Section Name="None">
                  <Member Name="State" Datatype="Bool" />
                  <Member Name="LE" Datatype="Bool" />
                  <Member Name="FE" Datatype="Bool" />
                  <Member Name="sensorTest" Datatype="Bool" />
                  <Member Name="IddleSignal" Datatype="Bool" />
                  <Member Name="testFailed" Datatype="Bool" />
                  <Member Name="Counter" Datatype="UInt" />
                </Section>
              </Sections>
            </Member>
            <Member Name="SensorAtEndLogic" Datatype="&quot;SmartBooldt&quot;">
              <Sections>
                <Section Name="None">
                  <Member Name="State" Datatype="Bool" />
                  <Member Name="LE" Datatype="Bool" />
                  <Member Name="FE" Datatype="Bool" />
                  <Member Name="sensorTest" Datatype="Bool" />
                  <Member Name="IddleSignal" Datatype="Bool" />
                  <Member Name="testFailed" Datatype="Bool" />
                  <Member Name="Counter" Datatype="UInt" />
                </Section>
              </Sections>
            </Member>
            <Member Name="Running_FB" Datatype="Bool" />
            <Member Name="Interlock" Datatype="Bool" />
          </Member>
          <Member Name="Alarms" Datatype="Struct">
            <Member Name="BlockedReceive" Datatype="&quot;HmiAlarm&quot;">
              <Sections>
                <Section Name="None">
                  <Member Name="Active" Datatype="Bool" />
                  <Member Name="Acknowledge" Datatype="Bool" />
                  <Member Name="type" Datatype="Int" />
                </Section>
              </Sections>
            </Member>
            <Member Name="BlockedSending" Datatype="&quot;HmiAlarm&quot;">
              <Sections>
                <Section Name="None">
                  <Member Name="Active" Datatype="Bool" />
                  <Member Name="Acknowledge" Datatype="Bool" />
                  <Member Name="type" Datatype="Int" />
                </Section>
              </Sections>
            </Member>
            <Member Name="ToClose" Datatype="&quot;HmiAlarm&quot;">
              <Sections>
                <Section Name="None">
                  <Member Name="Active" Datatype="Bool" />
                  <Member Name="Acknowledge" Datatype="Bool" />
                  <Member Name="type" Datatype="Int" />
                </Section>
              </Sections>
            </Member>
            <Member Name="ToSmall" Datatype="&quot;HmiAlarm&quot;">
              <Sections>
                <Section Name="None">
                  <Member Name="Active" Datatype="Bool" />
                  <Member Name="Acknowledge" Datatype="Bool" />
                  <Member Name="type" Datatype="Int" />
                </Section>
              </Sections>
            </Member>
            <Member Name="ToLong" Datatype="&quot;HmiAlarm&quot;">
              <Sections>
                <Section Name="None">
                  <Member Name="Active" Datatype="Bool" />
                  <Member Name="Acknowledge" Datatype="Bool" />
                  <Member Name="type" Datatype="Int" />
                </Section>
              </Sections>
            </Member>
            <Member Name="MotorAlarm" Datatype="&quot;HmiAlarm&quot;">
              <Sections>
                <Section Name="None">
                  <Member Name="Active" Datatype="Bool" />
                  <Member Name="Acknowledge" Datatype="Bool" />
                  <Member Name="type" Datatype="Int" />
                </Section>
              </Sections>
            </Member>
            <Member Name="AlarmActive" Datatype="&quot;HmiAlarm&quot;">
              <Sections>
                <Section Name="None">
                  <Member Name="Active" Datatype="Bool" />
                  <Member Name="Acknowledge" Datatype="Bool" />
                  <Member Name="type" Datatype="Int" />
                </Section>
              </Sections>
            </Member>
            <Member Name="Status" Datatype="Word" />
          </Member>
          <Member Name="Status" Datatype="Struct">
            <Member Name="AccumulationOn" Datatype="Bool" />
            <Member Name="StartedAutoMode" Datatype="Bool" />
            <Member Name="ReadyForStandby" Datatype="Bool" />
            <Member Name="RequestForSending" Datatype="Bool" />
            <Member Name="ExecutingReceiveSequence" Datatype="Bool" />
            <Member Name="ExecutingSendingSequence" Datatype="Bool" />
            <Member Name="ObjectSentPulse" Datatype="Bool" />
            <Member Name="ObjectReceivePulse" Datatype="Bool" />
            <Member Name="GapTimeOk" Datatype="Bool" />
            <Member Name="Empty" Datatype="Bool" />
            <Member Name="ObjectOnConveyor" Datatype="Bool" />
            <Member Name="Initialized" Datatype="Bool" />
            <Member Name="ManualMode" Datatype="Bool" />
          </Member>
          <Member Name="TrackingCmd" Datatype="Struct">
            <Member Name="InductNewTracking" Datatype="Bool" />
            <Member Name="ClearTracking" Datatype="Bool" />
            <Member Name="NewTrackingId" Datatype="&quot;Tracking_Simple_UDT_1&quot;">
              <Sections>
                <Section Name="None">
                  <Member Name="ID" Datatype="UInt" />
                  <Member Name="PLC_Dest" Datatype="Int" />
                  <Member Name="WMS_Dest" Datatype="String[20]" />
                  <Member Name="Barcode" Datatype="String" />
                  <Member Name="GoodRead" Datatype="Bool" />
                  <Member Name="weightGram" Datatype="Real" />
                  <Member Name="prio" Datatype="Bool" />
                </Section>
              </Sections>
            </Member>
          </Member>
          <Member Name="TrackingStat" Datatype="Struct">
            <Member Name="Current" Datatype="&quot;Tracking_Simple_UDT_1&quot;">
              <Sections>
                <Section Name="None">
                  <Member Name="ID" Datatype="UInt" />
                  <Member Name="PLC_Dest" Datatype="Int" />
                  <Member Name="WMS_Dest" Datatype="String[20]" />
                  <Member Name="Barcode" Datatype="String" />
                  <Member Name="GoodRead" Datatype="Bool" />
                  <Member Name="weightGram" Datatype="Real" />
                  <Member Name="prio" Datatype="Bool" />
                </Section>
              </Sections>
            </Member>
            <Member Name="InSending" Datatype="&quot;Tracking_Simple_UDT_1&quot;">
              <Sections>
                <Section Name="None">
                  <Member Name="ID" Datatype="UInt" />
                  <Member Name="PLC_Dest" Datatype="Int" />
                  <Member Name="WMS_Dest" Datatype="String[20]" />
                  <Member Name="Barcode" Datatype="String" />
                  <Member Name="GoodRead" Datatype="Bool" />
                  <Member Name="weightGram" Datatype="Real" />
                  <Member Name="prio" Datatype="Bool" />
                </Section>
              </Sections>
            </Member>
            <Member Name="TrackingReceived" Datatype="Bool" />
            <Member Name="TrackingCleared" Datatype="Bool" />
          </Member>
          <Member Name="Encoder" Datatype="&quot;VirtualEncoder_UDT&quot;">
            <Sections>
              <Section Name="None">
                <Member Name="Distance_mm" Datatype="Real" />
                <Member Name="Speed_mm_ms" Datatype="Real" />
                <Member Name="Settings" Datatype="Struct">
                  <Member Name="Base_M_min" Datatype="Real" />
                  <Member Name="BaseRelative" Datatype="Real" />
                </Member>
              </Section>
            </Sections>
          </Member>
          <Member Name="DiagNostics" Datatype="Struct">
            <Member Name="ReceivedCounter" Datatype="UDInt" />
            <Member Name="SendingCounter" Datatype="UDInt" />
          </Member>
          <Member Name="Index" Datatype="Int" />
          <Member Name="Name" Datatype="String[25]" />
          <Member Name="Zone" Datatype="Int" />
        </Section>
      </Sections>
    </Member>
  </Section>
  <Section Name="Static">
    <Member Name="halfFull" Datatype="TON_TIME" Version="1.0" Remanence="NonRetain" Accessibility="Public"><AttributeList><BooleanAttribute Name="ExternalAccessible" SystemDefined="true">true</BooleanAttribute><BooleanAttribute Name="ExternalVisible" SystemDefined="true">true</BooleanAttribute><BooleanAttribute Name="ExternalWritable" SystemDefined="true">true</BooleanAttribute><BooleanAttribute Name="SetPoint" SystemDefined="true">false</BooleanAttribute></AttributeList><Sections><Section Name="None"><Member Name="PT" Datatype="Time" /><Member Name="ET" Datatype="Time" /><Member Name="IN" Datatype="Bool" /><Member Name="Q" Datatype="Bool" /></Section></Sections></Member>
    <Member Name="full" Datatype="TON_TIME" Version="1.0" Remanence="NonRetain" Accessibility="Public"><AttributeList><BooleanAttribute Name="ExternalAccessible" SystemDefined="true">true</BooleanAttribute><BooleanAttribute Name="ExternalVisible" SystemDefined="true">true</BooleanAttribute><BooleanAttribute Name="ExternalWritable" SystemDefined="true">true</BooleanAttribute><BooleanAttribute Name="SetPoint" SystemDefined="true">false</BooleanAttribute></AttributeList><Sections><Section Name="None"><Member Name="PT" Datatype="Time" /><Member Name="ET" Datatype="Time" /><Member Name="IN" Datatype="Bool" /><Member Name="Q" Datatype="Bool" /></Section></Sections></Member>
    <Member Name="empty" Datatype="TON_TIME" Version="1.0" Remanence="NonRetain" Accessibility="Public"><AttributeList><BooleanAttribute Name="ExternalAccessible" SystemDefined="true">true</BooleanAttribute><BooleanAttribute Name="ExternalVisible" SystemDefined="true">true</BooleanAttribute><BooleanAttribute Name="ExternalWritable" SystemDefined="true">true</BooleanAttribute><BooleanAttribute Name="SetPoint" SystemDefined="true">true</BooleanAttribute></AttributeList><Sections><Section Name="None"><Member Name="PT" Datatype="Time" /><Member Name="ET" Datatype="Time" /><Member Name="IN" Datatype="Bool" /><Member Name="Q" Datatype="Bool" /></Section></Sections></Member>
  </Section>
  <Section Name="Temp">
    <Member Name="T_Zone" Datatype="&quot;ZoneInfo&quot;">
      <Sections>
        <Section Name="None">
          <Member Name="AppStateIndex" Datatype="Int" />
          <Member Name="ZoneName" Datatype="String[40]" />
        </Section>
      </Sections>
    </Member>
    <Member Name="T_appstate" Datatype="&quot;ApplicationState_UDT&quot;">
      <Sections>
        <Section Name="None">
          <Member Name="Hmi_Buttons" Datatype="&quot;appButtons_UDT&quot;">
            <Sections>
              <Section Name="None">
                <Member Name="reset" Datatype="&quot;HMIButton_UDT&quot;">
                  <Sections>
                    <Section Name="None">
                      <Member Name="SignalFromHMI" Datatype="Bool" />
                      <Member Name="state" Datatype="&quot;SmartBooldt&quot;">
                        <Sections>
                          <Section Name="None">
                            <Member Name="State" Datatype="Bool" />
                            <Member Name="LE" Datatype="Bool" />
                            <Member Name="FE" Datatype="Bool" />
                            <Member Name="sensorTest" Datatype="Bool" />
                            <Member Name="IddleSignal" Datatype="Bool" />
                            <Member Name="testFailed" Datatype="Bool" />
                            <Member Name="Counter" Datatype="UInt" />
                          </Section>
                        </Sections>
                      </Member>
                      <Member Name="colorNumber" Datatype="Int" />
                      <Member Name="Hide" Datatype="Bool" />
                    </Section>
                  </Sections>
                </Member>
                <Member Name="StartAutoMode" Datatype="&quot;HMIButton_UDT&quot;">
                  <Sections>
                    <Section Name="None">
                      <Member Name="SignalFromHMI" Datatype="Bool" />
                      <Member Name="state" Datatype="&quot;SmartBooldt&quot;">
                        <Sections>
                          <Section Name="None">
                            <Member Name="State" Datatype="Bool" />
                            <Member Name="LE" Datatype="Bool" />
                            <Member Name="FE" Datatype="Bool" />
                            <Member Name="sensorTest" Datatype="Bool" />
                            <Member Name="IddleSignal" Datatype="Bool" />
                            <Member Name="testFailed" Datatype="Bool" />
                            <Member Name="Counter" Datatype="UInt" />
                          </Section>
                        </Sections>
                      </Member>
                      <Member Name="colorNumber" Datatype="Int" />
                      <Member Name="Hide" Datatype="Bool" />
                    </Section>
                  </Sections>
                </Member>
                <Member Name="ActivateManualMode" Datatype="&quot;HMIButton_UDT&quot;">
                  <Sections>
                    <Section Name="None">
                      <Member Name="SignalFromHMI" Datatype="Bool" />
                      <Member Name="state" Datatype="&quot;SmartBooldt&quot;">
                        <Sections>
                          <Section Name="None">
                            <Member Name="State" Datatype="Bool" />
                            <Member Name="LE" Datatype="Bool" />
                            <Member Name="FE" Datatype="Bool" />
                            <Member Name="sensorTest" Datatype="Bool" />
                            <Member Name="IddleSignal" Datatype="Bool" />
                            <Member Name="testFailed" Datatype="Bool" />
                            <Member Name="Counter" Datatype="UInt" />
                          </Section>
                        </Sections>
                      </Member>
                      <Member Name="colorNumber" Datatype="Int" />
                      <Member Name="Hide" Datatype="Bool" />
                    </Section>
                  </Sections>
                </Member>
                <Member Name="StopAutoMode" Datatype="&quot;HMIButton_UDT&quot;">
                  <Sections>
                    <Section Name="None">
                      <Member Name="SignalFromHMI" Datatype="Bool" />
                      <Member Name="state" Datatype="&quot;SmartBooldt&quot;">
                        <Sections>
                          <Section Name="None">
                            <Member Name="State" Datatype="Bool" />
                            <Member Name="LE" Datatype="Bool" />
                            <Member Name="FE" Datatype="Bool" />
                            <Member Name="sensorTest" Datatype="Bool" />
                            <Member Name="IddleSignal" Datatype="Bool" />
                            <Member Name="testFailed" Datatype="Bool" />
                            <Member Name="Counter" Datatype="UInt" />
                          </Section>
                        </Sections>
                      </Member>
                      <Member Name="colorNumber" Datatype="Int" />
                      <Member Name="Hide" Datatype="Bool" />
                    </Section>
                  </Sections>
                </Member>
                <Member Name="DeactivateManualMode" Datatype="&quot;HMIButton_UDT&quot;">
                  <Sections>
                    <Section Name="None">
                      <Member Name="SignalFromHMI" Datatype="Bool" />
                      <Member Name="state" Datatype="&quot;SmartBooldt&quot;">
                        <Sections>
                          <Section Name="None">
                            <Member Name="State" Datatype="Bool" />
                            <Member Name="LE" Datatype="Bool" />
                            <Member Name="FE" Datatype="Bool" />
                            <Member Name="sensorTest" Datatype="Bool" />
                            <Member Name="IddleSignal" Datatype="Bool" />
                            <Member Name="testFailed" Datatype="Bool" />
                            <Member Name="Counter" Datatype="UInt" />
                          </Section>
                        </Sections>
                      </Member>
                      <Member Name="colorNumber" Datatype="Int" />
                      <Member Name="Hide" Datatype="Bool" />
                    </Section>
                  </Sections>
                </Member>
                <Member Name="StartEmptyMode" Datatype="&quot;HMIButton_UDT&quot;">
                  <Sections>
                    <Section Name="None">
                      <Member Name="SignalFromHMI" Datatype="Bool" />
                      <Member Name="state" Datatype="&quot;SmartBooldt&quot;">
                        <Sections>
                          <Section Name="None">
                            <Member Name="State" Datatype="Bool" />
                            <Member Name="LE" Datatype="Bool" />
                            <Member Name="FE" Datatype="Bool" />
                            <Member Name="sensorTest" Datatype="Bool" />
                            <Member Name="IddleSignal" Datatype="Bool" />
                            <Member Name="testFailed" Datatype="Bool" />
                            <Member Name="Counter" Datatype="UInt" />
                          </Section>
                        </Sections>
                      </Member>
                      <Member Name="colorNumber" Datatype="Int" />
                      <Member Name="Hide" Datatype="Bool" />
                    </Section>
                  </Sections>
                </Member>
                <Member Name="StopEmptyMode" Datatype="&quot;HMIButton_UDT&quot;">
                  <Sections>
                    <Section Name="None">
                      <Member Name="SignalFromHMI" Datatype="Bool" />
                      <Member Name="state" Datatype="&quot;SmartBooldt&quot;">
                        <Sections>
                          <Section Name="None">
                            <Member Name="State" Datatype="Bool" />
                            <Member Name="LE" Datatype="Bool" />
                            <Member Name="FE" Datatype="Bool" />
                            <Member Name="sensorTest" Datatype="Bool" />
                            <Member Name="IddleSignal" Datatype="Bool" />
                            <Member Name="testFailed" Datatype="Bool" />
                            <Member Name="Counter" Datatype="UInt" />
                          </Section>
                        </Sections>
                      </Member>
                      <Member Name="colorNumber" Datatype="Int" />
                      <Member Name="Hide" Datatype="Bool" />
                    </Section>
                  </Sections>
                </Member>
                <Member Name="ActivateStandby" Datatype="&quot;HMIButton_UDT&quot;">
                  <Sections>
                    <Section Name="None">
                      <Member Name="SignalFromHMI" Datatype="Bool" />
                      <Member Name="state" Datatype="&quot;SmartBooldt&quot;">
                        <Sections>
                          <Section Name="None">
                            <Member Name="State" Datatype="Bool" />
                            <Member Name="LE" Datatype="Bool" />
                            <Member Name="FE" Datatype="Bool" />
                            <Member Name="sensorTest" Datatype="Bool" />
                            <Member Name="IddleSignal" Datatype="Bool" />
                            <Member Name="testFailed" Datatype="Bool" />
                            <Member Name="Counter" Datatype="UInt" />
                          </Section>
                        </Sections>
                      </Member>
                      <Member Name="colorNumber" Datatype="Int" />
                      <Member Name="Hide" Datatype="Bool" />
                    </Section>
                  </Sections>
                </Member>
              </Section>
            </Sections>
          </Member>
          <Member Name="States" Datatype="&quot;appStates_UDT&quot;">
            <Sections>
              <Section Name="None">
                <Member Name="ReadyForAutoMode" Datatype="Bool" />
                <Member Name="ReadyForStandby" Datatype="Bool" />
                <Member Name="RequestingAutoModeOff" Datatype="Bool" />
                <Member Name="Standby" Datatype="&quot;SmartBooldt&quot;">
                  <Sections>
                    <Section Name="None">
                      <Member Name="State" Datatype="Bool" />
                      <Member Name="LE" Datatype="Bool" />
                      <Member Name="FE" Datatype="Bool" />
                      <Member Name="sensorTest" Datatype="Bool" />
                      <Member Name="IddleSignal" Datatype="Bool" />
                      <Member Name="testFailed" Datatype="Bool" />
                      <Member Name="Counter" Datatype="UInt" />
                    </Section>
                  </Sections>
                </Member>
                <Member Name="AutoModeActivated" Datatype="&quot;SmartBooldt&quot;">
                  <Sections>
                    <Section Name="None">
                      <Member Name="State" Datatype="Bool" />
                      <Member Name="LE" Datatype="Bool" />
                      <Member Name="FE" Datatype="Bool" />
                      <Member Name="sensorTest" Datatype="Bool" />
                      <Member Name="IddleSignal" Datatype="Bool" />
                      <Member Name="testFailed" Datatype="Bool" />
                      <Member Name="Counter" Datatype="UInt" />
                    </Section>
                  </Sections>
                </Member>
                <Member Name="ManualModeActivated" Datatype="&quot;SmartBooldt&quot;">
                  <Sections>
                    <Section Name="None">
                      <Member Name="State" Datatype="Bool" />
                      <Member Name="LE" Datatype="Bool" />
                      <Member Name="FE" Datatype="Bool" />
                      <Member Name="sensorTest" Datatype="Bool" />
                      <Member Name="IddleSignal" Datatype="Bool" />
                      <Member Name="testFailed" Datatype="Bool" />
                      <Member Name="Counter" Datatype="UInt" />
                    </Section>
                  </Sections>
                </Member>
                <Member Name="EmptyApplicatoinMode" Datatype="&quot;SmartBooldt&quot;">
                  <Sections>
                    <Section Name="None">
                      <Member Name="State" Datatype="Bool" />
                      <Member Name="LE" Datatype="Bool" />
                      <Member Name="FE" Datatype="Bool" />
                      <Member Name="sensorTest" Datatype="Bool" />
                      <Member Name="IddleSignal" Datatype="Bool" />
                      <Member Name="testFailed" Datatype="Bool" />
                      <Member Name="Counter" Datatype="UInt" />
                    </Section>
                  </Sections>
                </Member>
                <Member Name="EmergencyOk" Datatype="&quot;SmartBooldt&quot;">
                  <Sections>
                    <Section Name="None">
                      <Member Name="State" Datatype="Bool" />
                      <Member Name="LE" Datatype="Bool" />
                      <Member Name="FE" Datatype="Bool" />
                      <Member Name="sensorTest" Datatype="Bool" />
                      <Member Name="IddleSignal" Datatype="Bool" />
                      <Member Name="testFailed" Datatype="Bool" />
                      <Member Name="Counter" Datatype="UInt" />
                    </Section>
                  </Sections>
                </Member>
                <Member Name="ManaulOverrideActive" Datatype="Struct">
                  <Member Name="Internal" Datatype="Bool" />
                  <Member Name="HMI" Datatype="Bool" />
                </Member>
              </Section>
            </Sections>
          </Member>
          <Member Name="Alarms" Datatype="Struct">
            <Member Name="AlarmActiveInternalPLC" Datatype="Bool" />
            <Member Name="AlarmsActiveForHmi" Datatype="Bool" />
          </Member>
        </Section>
      </Sections>
    </Member>
  </Section>
  <Section Name="Constant" />
</Sections></Interface>
      <IsIECCheckEnabled>false</IsIECCheckEnabled>
      <IsRetainMemResEnabled>false</IsRetainMemResEnabled>
      <MemoryLayout>Optimized</MemoryLayout>
      <MemoryReserve>100</MemoryReserve>
      <Name>LightTowerGravController</Name>
      <Number>34</Number>
      <ProgrammingLanguage>SCL</ProgrammingLanguage>
      <SetENOAutomatically>false</SetENOAutomatically>
      <UDABlockProperties />
      <UDAEnableTagReadback>false</UDAEnableTagReadback>
    </AttributeList>
    <ObjectList>
      <MultilingualText ID="1" CompositionName="Comment">
        <ObjectList>
          <MultilingualTextItem ID="2" CompositionName="Items">
            <AttributeList>
              <Culture>en-US</Culture>
              <Text />
            </AttributeList>
          </MultilingualTextItem>
          <MultilingualTextItem ID="3" CompositionName="Items">
            <AttributeList>
              <Culture>fr-BE</Culture>
              <Text />
            </AttributeList>
          </MultilingualTextItem>
        </ObjectList>
      </MultilingualText>
      <SW.Blocks.CompileUnit ID="4" CompositionName="CompileUnits">
        <AttributeList>
          <NetworkSource><StructuredText xmlns="http://www.siemens.com/automation/Openness/SW/NetworkSource/StructuredText/v3">
  <Token Text="REGION" UId="21" />
  <Blank Num="1" UId="22" />
  <Text UId="23">INIT</Text>
  <NewLine Num="1" UId="24" />
  <Blank Num="4" UId="25" />
  <NewLine Num="1" UId="26" />
  <Blank Num="4" UId="27" />
  <Access Scope="LocalVariable" UId="28">
    <Symbol UId="29">
      <Component Name="T_Zone" UId="30" />
    </Symbol>
  </Access>
  <Blank Num="1" UId="31" />
  <Token Text=":=" UId="32" />
  <Blank Num="1" UId="33" />
  <Access Scope="GlobalVariable" UId="34">
    <Symbol UId="35">
      <Component Name="ApplicationState_DB" UId="36" />
      <Token Text="." UId="37" />
      <Component Name="ZoneNames" UId="38">
        <Token Text="[" UId="39" />
        <Access Scope="LocalVariable" UId="40">
          <Symbol UId="41">
            <Component Name="IO_GRAV" UId="42" />
            <Token Text="." UId="43" />
            <Component Name="Zone" UId="44" />
          </Symbol>
        </Access>
        <Token Text="]" UId="45" />
      </Component>
    </Symbol>
  </Access>
  <Token Text=";" UId="46" />
  <NewLine Num="1" UId="47" />
  <Blank Num="4" UId="48" />
  <Access Scope="LocalVariable" UId="49">
    <Symbol UId="50">
      <Component Name="T_appstate" UId="51" />
    </Symbol>
  </Access>
  <Blank Num="1" UId="52" />
  <Token Text=":=" UId="53" />
  <Blank Num="1" UId="54" />
  <Access Scope="GlobalVariable" UId="55">
    <Symbol UId="56">
      <Component Name="ApplicationState_DB" UId="57" />
      <Token Text="." UId="58" />
      <Component Name="Appstate" UId="59">
        <Token Text="[" UId="60" />
        <Access Scope="LocalVariable" UId="61">
          <Symbol UId="62">
            <Component Name="T_Zone" UId="63" />
            <Token Text="." UId="64" />
            <Component Name="AppStateIndex" UId="65" />
          </Symbol>
        </Access>
        <Token Text="]" UId="66" />
      </Component>
    </Symbol>
  </Access>
  <Token Text=";" UId="67" />
  <NewLine Num="1" UId="68" />
  <Blank Num="4" UId="69" />
  <NewLine Num="1" UId="70" />
  <Token Text="END_REGION" UId="71" />
  <NewLine Num="2" UId="72" />
  <Token Text="REGION" UId="73" />
  <Blank Num="1" UId="74" />
  <Text UId="75">Led_control</Text>
  <NewLine Num="1" UId="76" />
  <Blank Num="4" UId="77" />
  <NewLine Num="1" UId="78" />
  <Blank Num="4" UId="79" />
  <Access Scope="LocalVariable" UId="80">
    <Symbol UId="81">
      <Component Name="empty" UId="82" />
    </Symbol>
  </Access>
  <Access Scope="Call" UId="83">
    <Instruction UId="84">
      <Token Text="(" UId="85" />
      <Parameter Name="IN" UId="86">
        <Blank Num="1" UId="87" />
        <Token Text=":=" UId="88" />
        <Blank Num="1" UId="89" />
        <Token Text="NOT" UId="90" />
        <Blank Num="1" UId="91" />
        <Access Scope="LocalVariable" UId="92">
          <Symbol UId="93">
            <Component Name="I_half_full" UId="94" />
            <Token Text="." UId="95" />
            <Component Name="State" UId="96" />
          </Symbol>
        </Access>
        <Blank Num="1" UId="97" />
        <Token Text="AND" UId="98" />
        <Blank Num="1" UId="99" />
        <Token Text="NOT" UId="100" />
        <Blank Num="1" UId="101" />
        <Access Scope="LocalVariable" UId="102">
          <Symbol UId="103">
            <Component Name="I_full" UId="104" />
            <Token Text="." UId="105" />
            <Component Name="State" UId="106" />
          </Symbol>
        </Access>
      </Parameter>
      <Token Text="," UId="107" />
      <NewLine Num="1" UId="108" />
      <Blank Num="11" UId="109" />
      <Parameter Name="PT" UId="110">
        <Blank Num="1" UId="111" />
        <Token Text=":=" UId="112" />
        <Blank Num="1" UId="113" />
        <Access Scope="TypedConstant" UId="114">
          <Constant UId="115">
            <ConstantValue UId="116">t#500ms</ConstantValue>
          </Constant>
        </Access>
      </Parameter>
      <Token Text=")" UId="117" />
    </Instruction>
  </Access>
  <Token Text=";" UId="118" />
  <NewLine Num="1" UId="119" />
  <Blank Num="4" UId="120" />
  <NewLine Num="1" UId="121" />
  <Blank Num="4" UId="122" />
  <Access Scope="LocalVariable" UId="123">
    <Symbol UId="124">
      <Component Name="halfFull" UId="125" />
    </Symbol>
  </Access>
  <Access Scope="Call" UId="126">
    <Instruction UId="127">
      <Token Text="(" UId="128" />
      <Parameter Name="IN" UId="129">
        <Blank Num="1" UId="130" />
        <Token Text=":=" UId="131" />
        <Blank Num="1" UId="132" />
        <Access Scope="LocalVariable" UId="133">
          <Symbol UId="134">
            <Component Name="I_half_full" UId="135" />
            <Token Text="." UId="136" />
            <Component Name="State" UId="137" />
          </Symbol>
        </Access>
        <Blank Num="1" UId="138" />
        <Token Text="OR" UId="139" />
        <Blank Num="1" UId="140" />
        <Access Scope="LocalVariable" UId="141">
          <Symbol UId="142">
            <Component Name="I_full" UId="143" />
            <Token Text="." UId="144" />
            <Component Name="State" UId="145" />
          </Symbol>
        </Access>
      </Parameter>
      <Token Text="," UId="146" />
      <NewLine Num="1" UId="147" />
      <Blank Num="14" UId="148" />
      <Parameter Name="PT" UId="149">
        <Blank Num="1" UId="150" />
        <Token Text=":=" UId="151" />
        <Blank Num="1" UId="152" />
        <Access Scope="TypedConstant" UId="153">
          <Constant UId="154">
            <ConstantValue UId="155">t#1s</ConstantValue>
          </Constant>
        </Access>
      </Parameter>
      <Token Text=")" UId="156" />
    </Instruction>
  </Access>
  <Token Text=";" UId="157" />
  <NewLine Num="1" UId="158" />
  <Blank Num="4" UId="159" />
  <NewLine Num="1" UId="160" />
  <Blank Num="4" UId="161" />
  <Access Scope="LocalVariable" UId="162">
    <Symbol UId="163">
      <Component Name="full" UId="164" />
    </Symbol>
  </Access>
  <Access Scope="Call" UId="165">
    <Instruction UId="166">
      <Token Text="(" UId="167" />
      <Parameter Name="IN" UId="168">
        <Blank Num="1" UId="169" />
        <Token Text=":=" UId="170" />
        <Blank Num="1" UId="171" />
        <Access Scope="LocalVariable" UId="172">
          <Symbol UId="173">
            <Component Name="I_full" UId="174" />
            <Token Text="." UId="175" />
            <Component Name="State" UId="176" />
          </Symbol>
        </Access>
        <Blank Num="1" UId="177" />
        <Token Text="AND" UId="178" />
        <Blank Num="1" UId="179" />
        <Access Scope="LocalVariable" UId="180">
          <Symbol UId="181">
            <Component Name="I_half_full" UId="182" />
            <Token Text="." UId="183" />
            <Component Name="State" UId="184" />
          </Symbol>
        </Access>
      </Parameter>
      <Token Text="," UId="185" />
      <NewLine Num="1" UId="186" />
      <Blank Num="10" UId="187" />
      <Parameter Name="PT" UId="188">
        <Blank Num="1" UId="189" />
        <Token Text=":=" UId="190" />
        <Blank Num="1" UId="191" />
        <Access Scope="TypedConstant" UId="192">
          <Constant UId="193">
            <ConstantValue UId="194">t#1s</ConstantValue>
          </Constant>
        </Access>
      </Parameter>
      <Token Text=")" UId="195" />
    </Instruction>
  </Access>
  <Token Text=";" UId="196" />
  <NewLine Num="1" UId="197" />
  <Blank Num="4" UId="198" />
  <NewLine Num="1" UId="199" />
  <Blank Num="4" UId="200" />
  <Access Scope="LocalVariable" UId="201">
    <Symbol UId="202">
      <Component Name="IO_GRAV" UId="203" />
      <Token Text="." UId="204" />
      <Component Name="Cmd" UId="205" />
      <Token Text="." UId="206" />
      <Component Name="Accumulate" UId="207" />
      <Token Text="." UId="208" />
      <Component Name="Acc_ext_1" UId="209" />
    </Symbol>
  </Access>
  <Blank Num="1" UId="210" />
  <Token Text=":=" UId="211" />
  <Blank Num="1" UId="212" />
  <Access Scope="LocalVariable" UId="213">
    <Symbol UId="214">
      <Component Name="full" UId="215" />
      <Token Text="." UId="216" />
      <Component Name="Q" UId="217" />
    </Symbol>
  </Access>
  <Token Text=";" UId="218" />
  <NewLine Num="1" UId="219" />
  <Blank Num="4" UId="220" />
  <NewLine Num="1" UId="221" />
  <Blank Num="4" UId="222" />
  <Access Scope="LocalVariable" UId="223">
    <Symbol UId="224">
      <Component Name="O_RED" UId="225" />
    </Symbol>
  </Access>
  <Blank Num="1" UId="226" />
  <Token Text=":=" UId="227" />
  <Blank Num="1" UId="228" />
  <Access Scope="LocalVariable" UId="229">
    <Symbol UId="230">
      <Component Name="full" UId="231" />
      <Token Text="." UId="232" />
      <Component Name="Q" UId="233" />
    </Symbol>
  </Access>
  <Token Text=";" UId="234" />
  <NewLine Num="1" UId="235" />
  <Blank Num="4" UId="236" />
  <Access Scope="LocalVariable" UId="237">
    <Symbol UId="238">
      <Component Name="O_ORGANGE" UId="239" />
    </Symbol>
  </Access>
  <Blank Num="1" UId="240" />
  <Token Text=":=" UId="241" />
  <Blank Num="1" UId="242" />
  <Access Scope="LocalVariable" UId="243">
    <Symbol UId="244">
      <Component Name="halfFull" UId="245" />
      <Token Text="." UId="246" />
      <Component Name="Q" UId="247" />
    </Symbol>
  </Access>
  <Blank Num="1" UId="248" />
  <Token Text="AND" UId="249" />
  <Blank Num="1" UId="250" />
  <Token Text="NOT" UId="251" />
  <Blank Num="1" UId="252" />
  <Access Scope="LocalVariable" UId="253">
    <Symbol UId="254">
      <Component Name="full" UId="255" />
      <Token Text="." UId="256" />
      <Component Name="Q" UId="257" />
    </Symbol>
  </Access>
  <Token Text=";" UId="258" />
  <NewLine Num="1" UId="259" />
  <Blank Num="4" UId="260" />
  <Access Scope="LocalVariable" UId="261">
    <Symbol UId="262">
      <Component Name="O_GREEN" UId="263" />
    </Symbol>
  </Access>
  <Blank Num="1" UId="264" />
  <Token Text=":=" UId="265" />
  <Blank Num="1" UId="266" />
  <Access Scope="LocalVariable" UId="267">
    <Symbol UId="268">
      <Component Name="empty" UId="269" />
      <Token Text="." UId="270" />
      <Component Name="Q" UId="271" />
    </Symbol>
  </Access>
  <Token Text=";" UId="272" />
  <NewLine Num="1" UId="273" />
  <Blank Num="4" UId="274" />
  <NewLine Num="1" UId="275" />
  <Token Text="END_REGION" UId="276" />
  <NewLine Num="2" UId="277" />
  <Token Text="REGION" UId="278" />
  <Blank Num="1" UId="279" />
  <Text UId="280">WAKE UP LANE</Text>
  <NewLine Num="1" UId="281" />
  <Blank Num="4" UId="282" />
  <NewLine Num="1" UId="283" />
  <Blank Num="4" UId="284" />
  <Token Text="IF" UId="285" />
  <Blank Num="1" UId="286" />
  <Access Scope="LocalVariable" UId="287">
    <Symbol UId="288">
      <Component Name="I_full" UId="289" />
      <Token Text="." UId="290" />
      <Component Name="FE" UId="291" />
    </Symbol>
  </Access>
  <Blank Num="1" UId="292" />
  <Token Text="OR" UId="293" />
  <Blank Num="1" UId="294" />
  <Access Scope="LocalVariable" UId="295">
    <Symbol UId="296">
      <Component Name="I_half_full" UId="297" />
      <Token Text="." UId="298" />
      <Component Name="FE" UId="299" />
    </Symbol>
  </Access>
  <Blank Num="1" UId="300" />
  <Token Text="THEN" UId="301" />
  <NewLine Num="1" UId="302" />
  <Blank Num="8" UId="303" />
  <Access Scope="LocalVariable" UId="304">
    <Symbol UId="305">
      <Component Name="IO_SUPPLY" UId="306" />
      <Token Text="." UId="307" />
      <Component Name="Cmd" UId="308" />
      <Token Text="." UId="309" />
      <Component Name="StartRequestObject" UId="310" />
    </Symbol>
  </Access>
  <Blank Num="1" UId="311" />
  <Token Text=":=" UId="312" />
  <Blank Num="1" UId="313" />
  <Access Scope="LiteralConstant" UId="314">
    <Constant UId="315">
      <ConstantValue UId="317">1</ConstantValue>
    </Constant>
  </Access>
  <Token Text=";" UId="318" />
  <NewLine Num="1" UId="319" />
  <Blank Num="4" UId="320" />
  <Token Text="END_IF" UId="321" />
  <Token Text=";" UId="322" />
  <NewLine Num="1" UId="323" />
  <Blank Num="4" UId="324" />
  <NewLine Num="1" UId="325" />
  <Token Text="END_REGION" UId="326" />
  <NewLine Num="2" UId="327" />
  <Token Text="REGION" UId="328" />
  <Blank Num="1" UId="329" />
  <Text UId="330">ALARM ACTIVE IN ZONE</Text>
  <NewLine Num="1" UId="331" />
  <Blank Num="4" UId="332" />
  <NewLine Num="1" UId="333" />
  <Blank Num="4" UId="334" />
  <Token Text="IF" UId="335" />
  <Blank Num="1" UId="336" />
  <Access Scope="LocalVariable" UId="337">
    <Symbol UId="338">
      <Component Name="T_appstate" UId="339" />
      <Token Text="." UId="340" />
      <Component Name="Alarms" UId="341" />
      <Token Text="." UId="342" />
      <Component Name="AlarmsActiveForHmi" UId="343" />
    </Symbol>
  </Access>
  <Blank Num="1" UId="344" />
  <Token Text="THEN" UId="345" />
  <NewLine Num="1" UId="346" />
  <Blank Num="8" UId="347" />
  <Access Scope="LocalVariable" UId="348">
    <Symbol UId="349">
      <Component Name="O_ORGANGE" UId="350" />
    </Symbol>
  </Access>
  <Blank Num="1" UId="351" />
  <Token Text=":=" UId="352" />
  <Blank Num="1" UId="353" />
  <Access Scope="GlobalVariable" UId="354">
    <Symbol UId="355">
      <Component Name="Clock_1Hz" UId="356" />
    </Symbol>
  </Access>
  <Token Text=";" UId="357" />
  <NewLine Num="1" UId="358" />
  <Blank Num="4" UId="359" />
  <Token Text="END_IF" UId="360" />
  <Token Text=";" UId="361" />
  <NewLine Num="1" UId="362" />
  <Blank Num="4" UId="363" />
  <NewLine Num="1" UId="364" />
  <Token Text="END_REGION" UId="365" />
</StructuredText></NetworkSource>
          <ProgrammingLanguage>SCL</ProgrammingLanguage>
        </AttributeList>
        <ObjectList>
          <MultilingualText ID="5" CompositionName="Comment">
            <ObjectList>
              <MultilingualTextItem ID="6" CompositionName="Items">
                <AttributeList>
                  <Culture>en-US</Culture>
                  <Text />
                </AttributeList>
              </MultilingualTextItem>
              <MultilingualTextItem ID="7" CompositionName="Items">
                <AttributeList>
                  <Culture>fr-BE</Culture>
                  <Text />
                </AttributeList>
              </MultilingualTextItem>
            </ObjectList>
          </MultilingualText>
          <MultilingualText ID="8" CompositionName="Title">
            <ObjectList>
              <MultilingualTextItem ID="9" CompositionName="Items">
                <AttributeList>
                  <Culture>en-US</Culture>
                  <Text />
                </AttributeList>
              </MultilingualTextItem>
              <MultilingualTextItem ID="A" CompositionName="Items">
                <AttributeList>
                  <Culture>fr-BE</Culture>
                  <Text />
                </AttributeList>
              </MultilingualTextItem>
            </ObjectList>
          </MultilingualText>
        </ObjectList>
      </SW.Blocks.CompileUnit>
      <MultilingualText ID="B" CompositionName="Title">
        <ObjectList>
          <MultilingualTextItem ID="C" CompositionName="Items">
            <AttributeList>
              <Culture>en-US</Culture>
              <Text />
            </AttributeList>
          </MultilingualTextItem>
          <MultilingualTextItem ID="D" CompositionName="Items">
            <AttributeList>
              <Culture>fr-BE</Culture>
              <Text />
            </AttributeList>
          </MultilingualTextItem>
        </ObjectList>
      </MultilingualText>
    </ObjectList>
  </SW.Blocks.FB>
</Document>