﻿<?xml version="1.0" encoding="utf-8"?>
<Document>
  <Engineering version="V16" />
  <DocumentInfo>
    <Created>2023-11-13T10:46:10.3263428Z</Created>
    <ExportSetting>WithDefaults</ExportSetting>
    <InstalledProducts>
      <Product>
        <DisplayName>Totally Integrated Automation Portal</DisplayName>
        <DisplayVersion>V16 Update 6</DisplayVersion>
      </Product>
      <OptionPackage>
        <DisplayName>TIA Portal Version Control Interface</DisplayName>
        <DisplayVersion>V16 Update 2</DisplayVersion>
      </OptionPackage>
      <OptionPackage>
        <DisplayName>TIA Portal Openness</DisplayName>
        <DisplayVersion>V16 Update 6</DisplayVersion>
      </OptionPackage>
      <OptionPackage>
        <DisplayName>TIA Portal Teamcenter Gateway</DisplayName>
        <DisplayVersion>V16</DisplayVersion>
      </OptionPackage>
      <Product>
        <DisplayName>SINAMICS Startdrive Advanced</DisplayName>
        <DisplayVersion>V16 Update 5</DisplayVersion>
      </Product>
      <OptionPackage>
        <DisplayName>SINAMICS Startdrive G130, G150, S120, S150, SINAMICS MV, S210</DisplayName>
        <DisplayVersion>V16 Update 5</DisplayVersion>
      </OptionPackage>
      <OptionPackage>
        <DisplayName>SINAMICS Startdrive G110M, G120, G120C, G120D, G120P, G115D</DisplayName>
        <DisplayVersion>V16 Update 5</DisplayVersion>
      </OptionPackage>
      <Product>
        <DisplayName>STEP 7 Professional</DisplayName>
        <DisplayVersion>V16 Update 6</DisplayVersion>
      </Product>
      <OptionPackage>
        <DisplayName>STEP 7 Safety</DisplayName>
        <DisplayVersion>V16</DisplayVersion>
      </OptionPackage>
      <Product>
        <DisplayName>WinCC Advanced / Unified PC</DisplayName>
        <DisplayVersion>V16 Update 6</DisplayVersion>
      </Product>
    </InstalledProducts>
  </DocumentInfo>
  <SW.Blocks.FB ID="0">
    <AttributeList>
      <AutoNumber>true</AutoNumber>
      <HeaderAuthor />
      <HeaderFamily />
      <HeaderName />
      <HeaderVersion>0.1</HeaderVersion>
      <Interface><Sections xmlns="http://www.siemens.com/automation/Openness/SW/Interface/v4">
  <Section Name="Input" />
  <Section Name="Output" />
  <Section Name="InOut">
    <Member Name="IO_CONV" Datatype="&quot;Conveyor_UDT&quot;" Accessibility="Public">
      <Sections>
        <Section Name="None">
          <Member Name="Settings" Datatype="Struct">
            <Member Name="Mode" Datatype="Int" />
            <Member Name="AutomaticBuffering" Datatype="Bool" />
            <Member Name="Direction" Datatype="Bool" />
            <Member Name="EnergySave" Datatype="Bool" />
            <Member Name="RunIddle" Datatype="Bool" />
            <Member Name="AutoReset" Datatype="Bool" />
            <Member Name="SentHoldOnCheckReceive" Datatype="Bool" />
            <Member Name="Timings" Datatype="&quot;ConveyorTimes_UDT&quot;">
              <Sections>
                <Section Name="None">
                  <Member Name="DelayedStart" Datatype="Time" />
                  <Member Name="ConveyorLength" Datatype="Real" />
                  <Member Name="InitDistance" Datatype="Real" />
                  <Member Name="ReceiveDistance" Datatype="Real" />
                  <Member Name="SendDistance" Datatype="Real" />
                  <Member Name="SleepDistance" Datatype="Real" />
                  <Member Name="GapDistance" Datatype="Real" />
                  <Member Name="StartupDelay" Datatype="Time" />
                </Section>
              </Sections>
            </Member>
            <Member Name="Speed" Datatype="Struct">
              <Member Name="speed" Datatype="Real" />
              <Member Name="UpstreamGain" Datatype="Real" />
              <Member Name="speedController" Datatype="Bool" />
            </Member>
            <Member Name="Alarms" Datatype="Struct">
              <Member Name="BlockDetectionOn" Datatype="Bool" />
              <Member Name="BlockedAtStartSensor" Datatype="Bool" />
              <Member Name="ParcelsToCloseDetectionOn" Datatype="Bool" />
              <Member Name="ParcelsToLongDetectionOn" Datatype="Bool" />
              <Member Name="ParcelToShortDetectionOn" Datatype="Bool" />
              <Member Name="BlockRetrys" Datatype="Int" />
              <Member Name="SentTimeError" Datatype="Real" />
              <Member Name="TimeBetweenParcels" Datatype="Real" />
              <Member Name="MinSizeParcel" Datatype="Real" />
              <Member Name="MaxSizeParcel" Datatype="Real" />
            </Member>
          </Member>
          <Member Name="Cmd" Datatype="Struct">
            <Member Name="Reset" Datatype="Bool" />
            <Member Name="ReInitialize" Datatype="Bool" />
            <Member Name="RunAuto" Datatype="Bool" />
            <Member Name="RunManual" Datatype="Bool" />
            <Member Name="SpeedAuto" Datatype="Real" />
            <Member Name="SpeedManual" Datatype="Real" />
            <Member Name="ReadyToReceive" Datatype="Bool" />
            <Member Name="ReadyToSent" Datatype="Bool" />
            <Member Name="InvertFlow" Datatype="Bool" />
            <Member Name="Direction" Datatype="Bool" />
            <Member Name="Accumulate" Datatype="Struct">
              <Member Name="Acc_ext_1" Datatype="Bool" />
              <Member Name="Acc_ext_2" Datatype="Bool" />
              <Member Name="Acc_ext_3" Datatype="Bool" />
              <Member Name="Acc_ext_4" Datatype="Bool" />
              <Member Name="Acc_ext_5" Datatype="Bool" />
              <Member Name="Acc_TC_1" Datatype="Bool" />
              <Member Name="Acc_TC_2" Datatype="Bool" />
              <Member Name="Acc_TC_3" Datatype="Bool" />
              <Member Name="Acc_Scan_1" Datatype="Bool" />
              <Member Name="Acc_Scan_2" Datatype="Bool" />
              <Member Name="Acc_Scan_3" Datatype="Bool" />
              <Member Name="Acc_Scale_1" Datatype="Bool" />
              <Member Name="Acc_Scale_2" Datatype="Bool" />
              <Member Name="Acc_Scale_3" Datatype="Bool" />
            </Member>
            <Member Name="StartRequestObject" Datatype="Bool" />
            <Member Name="StopRequestObject" Datatype="Bool" />
            <Member Name="IgnoreStandby" Datatype="Bool" />
            <Member Name="ManualOverride" Datatype="Bool" />
            <Member Name="Interlock" Datatype="Bool" />
          </Member>
          <Member Name="Input" Datatype="Struct">
            <Member Name="SensorStartHMI" Datatype="Bool" />
            <Member Name="SensorEndHMI" Datatype="Bool" />
            <Member Name="SensorAtStartLogic" Datatype="&quot;SmartBooldt&quot;">
              <Sections>
                <Section Name="None">
                  <Member Name="State" Datatype="Bool" />
                  <Member Name="LE" Datatype="Bool" />
                  <Member Name="FE" Datatype="Bool" />
                  <Member Name="sensorTest" Datatype="Bool" />
                  <Member Name="IddleSignal" Datatype="Bool" />
                  <Member Name="testFailed" Datatype="Bool" />
                  <Member Name="Counter" Datatype="UInt" />
                </Section>
              </Sections>
            </Member>
            <Member Name="SensorAtEndLogic" Datatype="&quot;SmartBooldt&quot;">
              <Sections>
                <Section Name="None">
                  <Member Name="State" Datatype="Bool" />
                  <Member Name="LE" Datatype="Bool" />
                  <Member Name="FE" Datatype="Bool" />
                  <Member Name="sensorTest" Datatype="Bool" />
                  <Member Name="IddleSignal" Datatype="Bool" />
                  <Member Name="testFailed" Datatype="Bool" />
                  <Member Name="Counter" Datatype="UInt" />
                </Section>
              </Sections>
            </Member>
            <Member Name="Running_FB" Datatype="Bool" />
            <Member Name="Interlock" Datatype="Bool" />
          </Member>
          <Member Name="Alarms" Datatype="Struct">
            <Member Name="BlockedReceive" Datatype="&quot;HmiAlarm&quot;">
              <Sections>
                <Section Name="None">
                  <Member Name="Active" Datatype="Bool" />
                  <Member Name="Acknowledge" Datatype="Bool" />
                  <Member Name="type" Datatype="Int" />
                </Section>
              </Sections>
            </Member>
            <Member Name="BlockedSending" Datatype="&quot;HmiAlarm&quot;">
              <Sections>
                <Section Name="None">
                  <Member Name="Active" Datatype="Bool" />
                  <Member Name="Acknowledge" Datatype="Bool" />
                  <Member Name="type" Datatype="Int" />
                </Section>
              </Sections>
            </Member>
            <Member Name="ToClose" Datatype="&quot;HmiAlarm&quot;">
              <Sections>
                <Section Name="None">
                  <Member Name="Active" Datatype="Bool" />
                  <Member Name="Acknowledge" Datatype="Bool" />
                  <Member Name="type" Datatype="Int" />
                </Section>
              </Sections>
            </Member>
            <Member Name="ToSmall" Datatype="&quot;HmiAlarm&quot;">
              <Sections>
                <Section Name="None">
                  <Member Name="Active" Datatype="Bool" />
                  <Member Name="Acknowledge" Datatype="Bool" />
                  <Member Name="type" Datatype="Int" />
                </Section>
              </Sections>
            </Member>
            <Member Name="ToLong" Datatype="&quot;HmiAlarm&quot;">
              <Sections>
                <Section Name="None">
                  <Member Name="Active" Datatype="Bool" />
                  <Member Name="Acknowledge" Datatype="Bool" />
                  <Member Name="type" Datatype="Int" />
                </Section>
              </Sections>
            </Member>
            <Member Name="MotorAlarm" Datatype="&quot;HmiAlarm&quot;">
              <Sections>
                <Section Name="None">
                  <Member Name="Active" Datatype="Bool" />
                  <Member Name="Acknowledge" Datatype="Bool" />
                  <Member Name="type" Datatype="Int" />
                </Section>
              </Sections>
            </Member>
            <Member Name="AlarmActive" Datatype="&quot;HmiAlarm&quot;">
              <Sections>
                <Section Name="None">
                  <Member Name="Active" Datatype="Bool" />
                  <Member Name="Acknowledge" Datatype="Bool" />
                  <Member Name="type" Datatype="Int" />
                </Section>
              </Sections>
            </Member>
            <Member Name="Status" Datatype="Word" />
          </Member>
          <Member Name="Status" Datatype="Struct">
            <Member Name="AccumulationOn" Datatype="Bool" />
            <Member Name="StartedAutoMode" Datatype="Bool" />
            <Member Name="ReadyForStandby" Datatype="Bool" />
            <Member Name="RequestForSending" Datatype="Bool" />
            <Member Name="ExecutingReceiveSequence" Datatype="Bool" />
            <Member Name="ExecutingSendingSequence" Datatype="Bool" />
            <Member Name="ObjectSentPulse" Datatype="Bool" />
            <Member Name="ObjectReceivePulse" Datatype="Bool" />
            <Member Name="GapTimeOk" Datatype="Bool" />
            <Member Name="Empty" Datatype="Bool" />
            <Member Name="ObjectOnConveyor" Datatype="Bool" />
            <Member Name="Initialized" Datatype="Bool" />
            <Member Name="ManualMode" Datatype="Bool" />
          </Member>
          <Member Name="TrackingCmd" Datatype="Struct">
            <Member Name="InductNewTracking" Datatype="Bool" />
            <Member Name="ClearTracking" Datatype="Bool" />
            <Member Name="NewTrackingId" Datatype="&quot;Tracking_Simple_UDT_1&quot;">
              <Sections>
                <Section Name="None">
                  <Member Name="ID" Datatype="UInt" />
                  <Member Name="PLC_Dest" Datatype="Int" />
                  <Member Name="WMS_Dest" Datatype="String[20]" />
                  <Member Name="Barcode" Datatype="String" />
                  <Member Name="GoodRead" Datatype="Bool" />
                  <Member Name="weightGram" Datatype="Real" />
                  <Member Name="prio" Datatype="Bool" />
                </Section>
              </Sections>
            </Member>
          </Member>
          <Member Name="TrackingStat" Datatype="Struct">
            <Member Name="Current" Datatype="&quot;Tracking_Simple_UDT_1&quot;">
              <Sections>
                <Section Name="None">
                  <Member Name="ID" Datatype="UInt" />
                  <Member Name="PLC_Dest" Datatype="Int" />
                  <Member Name="WMS_Dest" Datatype="String[20]" />
                  <Member Name="Barcode" Datatype="String" />
                  <Member Name="GoodRead" Datatype="Bool" />
                  <Member Name="weightGram" Datatype="Real" />
                  <Member Name="prio" Datatype="Bool" />
                </Section>
              </Sections>
            </Member>
            <Member Name="InSending" Datatype="&quot;Tracking_Simple_UDT_1&quot;">
              <Sections>
                <Section Name="None">
                  <Member Name="ID" Datatype="UInt" />
                  <Member Name="PLC_Dest" Datatype="Int" />
                  <Member Name="WMS_Dest" Datatype="String[20]" />
                  <Member Name="Barcode" Datatype="String" />
                  <Member Name="GoodRead" Datatype="Bool" />
                  <Member Name="weightGram" Datatype="Real" />
                  <Member Name="prio" Datatype="Bool" />
                </Section>
              </Sections>
            </Member>
            <Member Name="TrackingReceived" Datatype="Bool" />
            <Member Name="TrackingCleared" Datatype="Bool" />
          </Member>
          <Member Name="Encoder" Datatype="&quot;VirtualEncoder_UDT&quot;">
            <Sections>
              <Section Name="None">
                <Member Name="Distance_mm" Datatype="Real" />
                <Member Name="Speed_mm_ms" Datatype="Real" />
                <Member Name="Settings" Datatype="Struct">
                  <Member Name="Base_M_min" Datatype="Real" />
                  <Member Name="BaseRelative" Datatype="Real" />
                </Member>
              </Section>
            </Sections>
          </Member>
          <Member Name="DiagNostics" Datatype="Struct">
            <Member Name="ReceivedCounter" Datatype="UDInt" />
            <Member Name="SendingCounter" Datatype="UDInt" />
          </Member>
          <Member Name="Index" Datatype="Int" />
          <Member Name="Name" Datatype="String[25]" />
          <Member Name="Zone" Datatype="Int" />
        </Section>
      </Sections>
    </Member>
  </Section>
  <Section Name="Static" />
  <Section Name="Temp">
    <Member Name="T_WmsDest" Datatype="String[20]" />
    <Member Name="T_PLCDest" Datatype="Int" />
    <Member Name="T_Prio" Datatype="Bool" />
    <Member Name="T_InBack" Datatype="Bool" />
    <Member Name="T_InFront" Datatype="Bool" />
    <Member Name="T_Exit" Datatype="Bool" />
    <Member Name="T_ExitCrossover" Datatype="Bool" />
    <Member Name="T_condtion" Datatype="Bool" />
    <Member Name="T_alarm" Datatype="Bool" />
  </Section>
  <Section Name="Constant" />
</Sections></Interface>
      <IsIECCheckEnabled>false</IsIECCheckEnabled>
      <IsRetainMemResEnabled>false</IsRetainMemResEnabled>
      <MemoryLayout>Optimized</MemoryLayout>
      <MemoryReserve>100</MemoryReserve>
      <Name>C221R_ROUTER_FB</Name>
      <Number>9</Number>
      <ProgrammingLanguage>SCL</ProgrammingLanguage>
      <SetENOAutomatically>false</SetENOAutomatically>
      <UDABlockProperties />
      <UDAEnableTagReadback>false</UDAEnableTagReadback>
    </AttributeList>
    <ObjectList>
      <MultilingualText ID="1" CompositionName="Comment">
        <ObjectList>
          <MultilingualTextItem ID="2" CompositionName="Items">
            <AttributeList>
              <Culture>en-US</Culture>
              <Text />
            </AttributeList>
          </MultilingualTextItem>
          <MultilingualTextItem ID="3" CompositionName="Items">
            <AttributeList>
              <Culture>fr-BE</Culture>
              <Text />
            </AttributeList>
          </MultilingualTextItem>
        </ObjectList>
      </MultilingualText>
      <SW.Blocks.CompileUnit ID="4" CompositionName="CompileUnits">
        <AttributeList>
          <NetworkSource><StructuredText xmlns="http://www.siemens.com/automation/Openness/SW/NetworkSource/StructuredText/v3">
  <Token Text="REGION" UId="21" />
  <Blank Num="1" UId="22" />
  <Text UId="23">LOGIC</Text>
  <NewLine Num="1" UId="24" />
  <Blank Num="4" UId="25" />
  <NewLine Num="1" UId="26" />
  <Blank Num="4" UId="27" />
  <Access Scope="LocalVariable" UId="28">
    <Symbol UId="29">
      <Component Name="T_WmsDest" UId="30" />
    </Symbol>
  </Access>
  <Blank Num="1" UId="31" />
  <Token Text=":=" UId="32" />
  <Blank Num="1" UId="33" />
  <Access Scope="LocalVariable" UId="34">
    <Symbol UId="35">
      <Component Name="IO_CONV" UId="36" />
      <Token Text="." UId="37" />
      <Component Name="TrackingStat" UId="38" />
      <Token Text="." UId="39" />
      <Component Name="Current" UId="40" />
      <Token Text="." UId="41" />
      <Component Name="WMS_Dest" UId="42" />
    </Symbol>
  </Access>
  <Token Text=";" UId="43" />
  <NewLine Num="1" UId="44" />
  <Blank Num="4" UId="45" />
  <Access Scope="LocalVariable" UId="46">
    <Symbol UId="47">
      <Component Name="T_Prio" UId="48" />
    </Symbol>
  </Access>
  <Blank Num="1" UId="49" />
  <Token Text=":=" UId="50" />
  <Blank Num="1" UId="51" />
  <Access Scope="LocalVariable" UId="52">
    <Symbol UId="53">
      <Component Name="IO_CONV" UId="54" />
      <Token Text="." UId="55" />
      <Component Name="TrackingStat" UId="56" />
      <Token Text="." UId="57" />
      <Component Name="Current" UId="58" />
      <Token Text="." UId="59" />
      <Component Name="prio" UId="60" />
    </Symbol>
  </Access>
  <Blank Num="1" UId="61" />
  <Token Text="OR" UId="62" />
  <Blank Num="1" UId="63" />
  <Access Scope="LocalVariable" UId="64">
    <Symbol UId="65">
      <Component Name="T_WmsDest" UId="66" />
    </Symbol>
  </Access>
  <Blank Num="1" UId="67" />
  <Token Text="=" UId="68" />
  <Blank Num="1" UId="69" />
  <Access Scope="GlobalConstant" UId="70">
    <Constant Name="WMS_LOC_REJECT" UId="71" />
  </Access>
  <Token Text=";" UId="74" />
  <NewLine Num="1" UId="75" />
  <Blank Num="4" UId="76" />
  <Access Scope="LocalVariable" UId="77">
    <Symbol UId="78">
      <Component Name="T_Prio" UId="79" />
    </Symbol>
  </Access>
  <Blank Num="1" UId="80" />
  <Token Text=":=" UId="81" />
  <Blank Num="1" UId="82" />
  <Access Scope="LocalVariable" UId="83">
    <Symbol UId="84">
      <Component Name="T_Prio" UId="85" />
    </Symbol>
  </Access>
  <Blank Num="1" UId="86" />
  <Token Text="AND" UId="87" />
  <Blank Num="1" UId="88" />
  <Access Scope="GlobalVariable" UId="89">
    <Symbol UId="90">
      <Component Name="Settings_DB" UId="91" />
      <Token Text="." UId="92" />
      <Component Name="crossRouting" UId="93" />
    </Symbol>
  </Access>
  <Token Text=";" UId="94" />
  <NewLine Num="1" UId="95" />
  <Blank Num="4" UId="96" />
  <Access Scope="LocalVariable" UId="97">
    <Symbol UId="98">
      <Component Name="T_PLCDest" UId="99" />
    </Symbol>
  </Access>
  <Blank Num="1" UId="100" />
  <Token Text=":=" UId="101" />
  <Blank Num="1" UId="102" />
  <Access Scope="LiteralConstant" UId="103">
    <Constant UId="104">
      <ConstantValue UId="106">0</ConstantValue>
    </Constant>
  </Access>
  <Token Text=";" UId="107" />
  <NewLine Num="1" UId="108" />
  <Blank Num="4" UId="109" />
  <NewLine Num="1" UId="110" />
  <Blank Num="4" UId="111" />
  <Access Scope="LocalVariable" UId="112">
    <Symbol UId="113">
      <Component Name="T_InFront" UId="114" />
    </Symbol>
  </Access>
  <Blank Num="1" UId="115" />
  <Token Text=":=" UId="116" />
  <NewLine Num="1" UId="117" />
  <Blank Num="4" UId="118" />
  <Access Scope="LocalVariable" UId="119">
    <Symbol UId="120">
      <Component Name="T_WmsDest" UId="121" />
    </Symbol>
  </Access>
  <Blank Num="1" UId="122" />
  <Token Text="=" UId="123" />
  <Blank Num="1" UId="124" />
  <Access Scope="GlobalConstant" UId="125">
    <Constant Name="WMS_LOOP" UId="126" />
  </Access>
  <Blank Num="1" UId="129" />
  <Token Text="OR" UId="130" />
  <NewLine Num="1" UId="131" />
  <Blank Num="4" UId="132" />
  <Access Scope="LocalVariable" UId="133">
    <Symbol UId="134">
      <Component Name="T_WmsDest" UId="135" />
    </Symbol>
  </Access>
  <Blank Num="1" UId="136" />
  <Token Text="=" UId="137" />
  <Blank Num="1" UId="138" />
  <Access Scope="GlobalConstant" UId="139">
    <Constant Name="WMS_LOC_200C1" UId="140" />
  </Access>
  <Blank Num="1" UId="143" />
  <Token Text="OR" UId="144" />
  <NewLine Num="1" UId="145" />
  <Blank Num="4" UId="146" />
  <Access Scope="LocalVariable" UId="147">
    <Symbol UId="148">
      <Component Name="T_WmsDest" UId="149" />
    </Symbol>
  </Access>
  <Blank Num="1" UId="150" />
  <Token Text="=" UId="151" />
  <Blank Num="1" UId="152" />
  <Access Scope="GlobalConstant" UId="153">
    <Constant Name="WMS_LOC_200C2" UId="154" />
  </Access>
  <Blank Num="1" UId="157" />
  <Token Text="OR" UId="158" />
  <NewLine Num="1" UId="159" />
  <Blank Num="4" UId="160" />
  <Access Scope="LocalVariable" UId="161">
    <Symbol UId="162">
      <Component Name="T_WmsDest" UId="163" />
    </Symbol>
  </Access>
  <Blank Num="1" UId="164" />
  <Token Text="=" UId="165" />
  <Blank Num="1" UId="166" />
  <Access Scope="GlobalConstant" UId="167">
    <Constant Name="WMS_LOC_200E1" UId="168" />
  </Access>
  <Blank Num="1" UId="171" />
  <Token Text="OR" UId="172" />
  <NewLine Num="1" UId="173" />
  <Blank Num="4" UId="174" />
  <Access Scope="LocalVariable" UId="175">
    <Symbol UId="176">
      <Component Name="T_WmsDest" UId="177" />
    </Symbol>
  </Access>
  <Blank Num="1" UId="178" />
  <Token Text="=" UId="179" />
  <Blank Num="1" UId="180" />
  <Access Scope="GlobalConstant" UId="181">
    <Constant Name="WMS_LOC_200E2" UId="182" />
  </Access>
  <Token Text=";" UId="185" />
  <NewLine Num="1" UId="186" />
  <Blank Num="4" UId="187" />
  <NewLine Num="1" UId="188" />
  <Blank Num="4" UId="189" />
  <Access Scope="LocalVariable" UId="190">
    <Symbol UId="191">
      <Component Name="T_Exit" UId="192" />
    </Symbol>
  </Access>
  <Blank Num="1" UId="193" />
  <Token Text=":=" UId="194" />
  <NewLine Num="1" UId="195" />
  <Blank Num="4" UId="196" />
  <Access Scope="LocalVariable" UId="197">
    <Symbol UId="198">
      <Component Name="T_WmsDest" UId="199" />
    </Symbol>
  </Access>
  <Blank Num="1" UId="200" />
  <Token Text="=" UId="201" />
  <Blank Num="1" UId="202" />
  <Access Scope="GlobalConstant" UId="203">
    <Constant Name="WMS_LOC_200B1" UId="204" />
  </Access>
  <Blank Num="1" UId="207" />
  <Token Text="OR" UId="208" />
  <NewLine Num="1" UId="209" />
  <Blank Num="4" UId="210" />
  <Access Scope="LocalVariable" UId="211">
    <Symbol UId="212">
      <Component Name="T_WmsDest" UId="213" />
    </Symbol>
  </Access>
  <Blank Num="1" UId="214" />
  <Token Text="=" UId="215" />
  <Blank Num="1" UId="216" />
  <Access Scope="GlobalConstant" UId="217">
    <Constant Name="WMS_LOC_200B2" UId="218" />
  </Access>
  <Token Text=";" UId="221" />
  <NewLine Num="1" UId="222" />
  <Blank Num="4" UId="223" />
  <NewLine Num="1" UId="224" />
  <Blank Num="4" UId="225" />
  <Access Scope="LocalVariable" UId="226">
    <Symbol UId="227">
      <Component Name="T_ExitCrossover" UId="228" />
    </Symbol>
  </Access>
  <Blank Num="1" UId="229" />
  <Token Text=":=" UId="230" />
  <NewLine Num="1" UId="231" />
  <Blank Num="4" UId="232" />
  <Access Scope="LocalVariable" UId="233">
    <Symbol UId="234">
      <Component Name="T_WmsDest" UId="235" />
    </Symbol>
  </Access>
  <Blank Num="1" UId="236" />
  <Token Text="=" UId="237" />
  <Blank Num="1" UId="238" />
  <Access Scope="GlobalConstant" UId="239">
    <Constant Name="WMS_LOC_200F1" UId="240" />
  </Access>
  <Blank Num="1" UId="243" />
  <Token Text="OR" UId="244" />
  <NewLine Num="1" UId="245" />
  <Blank Num="4" UId="246" />
  <Access Scope="LocalVariable" UId="247">
    <Symbol UId="248">
      <Component Name="T_WmsDest" UId="249" />
    </Symbol>
  </Access>
  <Blank Num="1" UId="250" />
  <Token Text="=" UId="251" />
  <Blank Num="1" UId="252" />
  <Access Scope="GlobalConstant" UId="253">
    <Constant Name="WMS_LOC_200F2" UId="254" />
  </Access>
  <Token Text=";" UId="257" />
  <NewLine Num="1" UId="258" />
  <Blank Num="4" UId="259" />
  <NewLine Num="1" UId="260" />
  <Blank Num="4" UId="261" />
  <Access Scope="LocalVariable" UId="262">
    <Symbol UId="263">
      <Component Name="T_InBack" UId="264" />
    </Symbol>
  </Access>
  <Blank Num="1" UId="265" />
  <Token Text=":=" UId="266" />
  <NewLine Num="1" UId="267" />
  <Blank Num="4" UId="268" />
  <Token Text="NOT" UId="269" />
  <Blank Num="1" UId="270" />
  <Access Scope="LocalVariable" UId="271">
    <Symbol UId="272">
      <Component Name="T_InFront" UId="273" />
    </Symbol>
  </Access>
  <Blank Num="1" UId="274" />
  <Token Text="AND" UId="275" />
  <NewLine Num="1" UId="276" />
  <Blank Num="4" UId="277" />
  <Token Text="NOT" UId="278" />
  <Blank Num="1" UId="279" />
  <Access Scope="LocalVariable" UId="280">
    <Symbol UId="281">
      <Component Name="T_Exit" UId="282" />
    </Symbol>
  </Access>
  <Blank Num="1" UId="283" />
  <Token Text="AND" UId="284" />
  <NewLine Num="1" UId="285" />
  <Blank Num="4" UId="286" />
  <Token Text="NOT" UId="287" />
  <Blank Num="1" UId="288" />
  <Access Scope="LocalVariable" UId="289">
    <Symbol UId="290">
      <Component Name="T_ExitCrossover" UId="291" />
    </Symbol>
  </Access>
  <Blank Num="1" UId="292" />
  <Token Text="AND" UId="293" />
  <NewLine Num="1" UId="294" />
  <Blank Num="4" UId="295" />
  <Access Scope="LocalVariable" UId="296">
    <Symbol UId="297">
      <Component Name="T_WmsDest" UId="298" />
    </Symbol>
  </Access>
  <Blank Num="1" UId="299" />
  <Token Text="&lt;&gt;" UId="300" />
  <Blank Num="1" UId="301" />
  <Access Scope="LiteralConstant" UId="302">
    <Constant UId="303">
      <ConstantValue UId="305">''</ConstantValue>
    </Constant>
  </Access>
  <Token Text=";" UId="306" />
  <NewLine Num="1" UId="307" />
  <Blank Num="4" UId="308" />
  <NewLine Num="1" UId="309" />
  <Blank Num="4" UId="310" />
  <LineComment Inserted="false" NoClosingBracket="false" UId="311">
    <Text UId="312">Check locations in front</Text>
  </LineComment>
  <NewLine Num="1" UId="313" />
  <Blank Num="4" UId="314" />
  <Token Text="IF" UId="315" />
  <Blank Num="1" UId="316" />
  <Access Scope="LocalVariable" UId="317">
    <Symbol UId="318">
      <Component Name="T_InFront" UId="319" />
    </Symbol>
  </Access>
  <Blank Num="1" UId="320" />
  <Token Text="THEN" UId="321" />
  <NewLine Num="1" UId="322" />
  <Blank Num="8" UId="323" />
  <NewLine Num="1" UId="324" />
  <Blank Num="8" UId="325" />
  <Access Scope="LocalVariable" UId="326">
    <Symbol UId="327">
      <Component Name="T_PLCDest" UId="328" />
    </Symbol>
  </Access>
  <Blank Num="1" UId="329" />
  <Token Text=":=" UId="330" />
  <Blank Num="1" UId="331" />
  <Access Scope="GlobalConstant" UId="332">
    <Constant Name="PLC_ROUTE_STRAIGHT" UId="333" />
  </Access>
  <Token Text=";" UId="336" />
  <NewLine Num="1" UId="337" />
  <Blank Num="8" UId="338" />
  <NewLine Num="1" UId="339" />
  <Blank Num="8" UId="340" />
  <LineComment Inserted="false" NoClosingBracket="false" UId="341">
    <Text UId="342">Check locations exits </Text>
  </LineComment>
  <NewLine Num="1" UId="343" />
  <Blank Num="4" UId="344" />
  <Token Text="ELSIF" UId="345" />
  <Blank Num="1" UId="346" />
  <Access Scope="LocalVariable" UId="347">
    <Symbol UId="348">
      <Component Name="T_Exit" UId="349" />
    </Symbol>
  </Access>
  <Blank Num="1" UId="350" />
  <Token Text="THEN" UId="351" />
  <NewLine Num="1" UId="352" />
  <Blank Num="8" UId="353" />
  <Access Scope="LocalVariable" UId="354">
    <Symbol UId="355">
      <Component Name="T_PLCDest" UId="356" />
    </Symbol>
  </Access>
  <Blank Num="1" UId="357" />
  <Token Text=":=" UId="358" />
  <Blank Num="1" UId="359" />
  <Access Scope="GlobalConstant" UId="360">
    <Constant Name="PLC_ROUTE_EXIT" UId="361" />
  </Access>
  <Token Text=";" UId="364" />
  <NewLine Num="1" UId="365" />
  <Blank Num="8" UId="366" />
  <NewLine Num="1" UId="367" />
  <Blank Num="8" UId="368" />
  <LineComment Inserted="false" NoClosingBracket="false" UId="369">
    <Text UId="370">Check location crossover + PRIO CHECK</Text>
  </LineComment>
  <NewLine Num="1" UId="371" />
  <Blank Num="4" UId="372" />
  <Token Text="ELSIF" UId="373" />
  <Blank Num="1" UId="374" />
  <Access Scope="LocalVariable" UId="375">
    <Symbol UId="376">
      <Component Name="T_ExitCrossover" UId="377" />
    </Symbol>
  </Access>
  <Blank Num="1" UId="378" />
  <Token Text="THEN" UId="379" />
  <NewLine Num="1" UId="380" />
  <Blank Num="8" UId="381" />
  <Token Text="IF" UId="382" />
  <Blank Num="1" UId="383" />
  <Access Scope="LocalVariable" UId="384">
    <Symbol UId="385">
      <Component Name="T_Prio" UId="386" />
    </Symbol>
  </Access>
  <Blank Num="1" UId="387" />
  <Token Text="THEN" UId="388" />
  <NewLine Num="1" UId="389" />
  <Blank Num="12" UId="390" />
  <Access Scope="LocalVariable" UId="391">
    <Symbol UId="392">
      <Component Name="T_PLCDest" UId="393" />
    </Symbol>
  </Access>
  <Blank Num="1" UId="394" />
  <Token Text=":=" UId="395" />
  <Blank Num="1" UId="396" />
  <Access Scope="GlobalConstant" UId="397">
    <Constant Name="PLC_ROUTE_EXIT_CROSSOVER" UId="398" />
  </Access>
  <Token Text=";" UId="401" />
  <NewLine Num="1" UId="402" />
  <Blank Num="8" UId="403" />
  <Token Text="ELSE" UId="404" />
  <NewLine Num="1" UId="405" />
  <Blank Num="12" UId="406" />
  <Access Scope="LocalVariable" UId="407">
    <Symbol UId="408">
      <Component Name="T_PLCDest" UId="409" />
    </Symbol>
  </Access>
  <Blank Num="1" UId="410" />
  <Token Text=":=" UId="411" />
  <Blank Num="1" UId="412" />
  <Access Scope="GlobalConstant" UId="413">
    <Constant Name="PLC_ROUTE_STRAIGHT" UId="414" />
  </Access>
  <Token Text=";" UId="417" />
  <NewLine Num="1" UId="418" />
  <Blank Num="8" UId="419" />
  <Token Text="END_IF" UId="420" />
  <Token Text=";" UId="421" />
  <NewLine Num="1" UId="422" />
  <Blank Num="8" UId="423" />
  <NewLine Num="1" UId="424" />
  <Blank Num="8" UId="425" />
  <LineComment Inserted="false" NoClosingBracket="false" UId="426">
    <Text UId="427">If not check prio and turn around</Text>
  </LineComment>
  <NewLine Num="1" UId="428" />
  <Blank Num="4" UId="429" />
  <Token Text="ELSIF" UId="430" />
  <Blank Num="1" UId="431" />
  <Access Scope="LocalVariable" UId="432">
    <Symbol UId="433">
      <Component Name="T_InBack" UId="434" />
    </Symbol>
  </Access>
  <Blank Num="1" UId="435" />
  <Token Text="THEN" UId="436" />
  <NewLine Num="1" UId="437" />
  <Blank Num="8" UId="438" />
  <Token Text="IF" UId="439" />
  <Blank Num="1" UId="440" />
  <Access Scope="LocalVariable" UId="441">
    <Symbol UId="442">
      <Component Name="T_Prio" UId="443" />
    </Symbol>
  </Access>
  <Blank Num="1" UId="444" />
  <Token Text="THEN" UId="445" />
  <NewLine Num="1" UId="446" />
  <Blank Num="12" UId="447" />
  <Access Scope="LocalVariable" UId="448">
    <Symbol UId="449">
      <Component Name="T_PLCDest" UId="450" />
    </Symbol>
  </Access>
  <Blank Num="1" UId="451" />
  <Token Text=":=" UId="452" />
  <Blank Num="1" UId="453" />
  <Access Scope="GlobalConstant" UId="454">
    <Constant Name="PLC_ROUTE_U_TURN" UId="455" />
  </Access>
  <Token Text=";" UId="458" />
  <NewLine Num="1" UId="459" />
  <Blank Num="8" UId="460" />
  <Token Text="ELSE" UId="461" />
  <NewLine Num="1" UId="462" />
  <Blank Num="12" UId="463" />
  <Access Scope="LocalVariable" UId="464">
    <Symbol UId="465">
      <Component Name="T_PLCDest" UId="466" />
    </Symbol>
  </Access>
  <Blank Num="1" UId="467" />
  <Token Text=":=" UId="468" />
  <Blank Num="1" UId="469" />
  <Access Scope="GlobalConstant" UId="470">
    <Constant Name="PLC_ROUTE_STRAIGHT" UId="471" />
  </Access>
  <Token Text=";" UId="474" />
  <NewLine Num="1" UId="475" />
  <Blank Num="8" UId="476" />
  <Token Text="END_IF" UId="477" />
  <Token Text=";" UId="478" />
  <NewLine Num="1" UId="479" />
  <Blank Num="4" UId="480" />
  <Token Text="END_IF" UId="481" />
  <Token Text=";" UId="482" />
  <NewLine Num="1" UId="483" />
  <Blank Num="4" UId="484" />
  <NewLine Num="1" UId="485" />
  <Token Text="END_REGION" UId="486" />
  <NewLine Num="2" UId="487" />
  <Token Text="REGION" UId="488" />
  <Blank Num="1" UId="489" />
  <Text UId="490">GRAV OVVERIDE</Text>
  <NewLine Num="1" UId="491" />
  <Blank Num="4" UId="492" />
  <NewLine Num="1" UId="493" />
  <Blank Num="4" UId="494" />
  <Access Scope="LocalVariable" UId="495">
    <Symbol UId="496">
      <Component Name="T_alarm" UId="497" />
    </Symbol>
  </Access>
  <Blank Num="1" UId="498" />
  <Token Text=":=" UId="499" />
  <NewLine Num="1" UId="500" />
  <Blank Num="4" UId="501" />
  <Access Scope="GlobalVariable" UId="502">
    <Symbol UId="503">
      <Component Name="CONV2_BELTS_DB" UId="504" />
      <Token Text="." UId="505" />
      <Component Name="C224R_BELTS" UId="506" />
      <Token Text="." UId="507" />
      <Component Name="Alarms" UId="508" />
      <Token Text="." UId="509" />
      <Component Name="Status" UId="510" />
    </Symbol>
  </Access>
  <Blank Num="1" UId="511" />
  <Token Text="&gt;" UId="512" />
  <Blank Num="1" UId="513" />
  <Access Scope="LiteralConstant" UId="514">
    <Constant UId="515">
      <ConstantValue UId="517">0</ConstantValue>
    </Constant>
  </Access>
  <Token Text=";" UId="518" />
  <NewLine Num="1" UId="519" />
  <Blank Num="4" UId="520" />
  <NewLine Num="1" UId="521" />
  <Blank Num="4" UId="522" />
  <Token Text="IF" UId="523" />
  <Blank Num="1" UId="524" />
  <Access Scope="LocalVariable" UId="525">
    <Symbol UId="526">
      <Component Name="T_PLCDest" UId="527" />
    </Symbol>
  </Access>
  <Blank Num="1" UId="528" />
  <Token Text="=" UId="529" />
  <Blank Num="1" UId="530" />
  <Access Scope="GlobalConstant" UId="531">
    <Constant Name="PLC_ROUTE_EXIT" UId="532" />
  </Access>
  <Blank Num="1" UId="535" />
  <Token Text="AND" UId="536" />
  <NewLine Num="1" UId="537" />
  <Blank Num="8" UId="538" />
  <Access Scope="LocalVariable" UId="539">
    <Symbol UId="540">
      <Component Name="T_WmsDest" UId="541" />
    </Symbol>
  </Access>
  <Blank Num="1" UId="542" />
  <Token Text="=" UId="543" />
  <Blank Num="1" UId="544" />
  <Access Scope="GlobalConstant" UId="545">
    <Constant Name="WMS_LOC_200B1" UId="546" />
  </Access>
  <Blank Num="1" UId="549" />
  <Token Text="AND" UId="550" />
  <NewLine Num="1" UId="551" />
  <Blank Num="8" UId="552" />
  <Access Scope="GlobalVariable" UId="553">
    <Symbol UId="554">
      <Component Name="CONV_GRAV_DB" UId="555" />
      <Token Text="." UId="556" />
      <Component Name="GRAV_226" UId="557" />
      <Token Text="." UId="558" />
      <Component Name="Cmd" UId="559" />
      <Token Text="." UId="560" />
      <Component Name="Accumulate" UId="561" />
      <Token Text="." UId="562" />
      <Component Name="Acc_ext_1" UId="563" />
    </Symbol>
  </Access>
  <Blank Num="1" UId="564" />
  <Token Text="THEN" UId="565" />
  <NewLine Num="1" UId="566" />
  <Blank Num="8" UId="567" />
  <Access Scope="LocalVariable" UId="568">
    <Symbol UId="569">
      <Component Name="T_PLCDest" UId="570" />
    </Symbol>
  </Access>
  <Blank Num="1" UId="571" />
  <Token Text=":=" UId="572" />
  <Blank Num="1" UId="573" />
  <Access Scope="GlobalConstant" UId="574">
    <Constant Name="PLC_ROUTE_STRAIGHT" UId="575" />
  </Access>
  <Token Text=";" UId="578" />
  <NewLine Num="1" UId="579" />
  <Blank Num="4" UId="580" />
  <Token Text="END_IF" UId="581" />
  <Token Text=";" UId="582" />
  <NewLine Num="1" UId="583" />
  <Blank Num="4" UId="584" />
  <NewLine Num="1" UId="585" />
  <Blank Num="4" UId="586" />
  <Token Text="IF" UId="587" />
  <Blank Num="1" UId="588" />
  <Access Scope="LocalVariable" UId="589">
    <Symbol UId="590">
      <Component Name="T_PLCDest" UId="591" />
    </Symbol>
  </Access>
  <Blank Num="1" UId="592" />
  <Token Text="=" UId="593" />
  <Blank Num="1" UId="594" />
  <Access Scope="GlobalConstant" UId="595">
    <Constant Name="PLC_ROUTE_EXIT" UId="596" />
  </Access>
  <Blank Num="1" UId="599" />
  <Token Text="AND" UId="600" />
  <NewLine Num="1" UId="601" />
  <Blank Num="8" UId="602" />
  <Access Scope="LocalVariable" UId="603">
    <Symbol UId="604">
      <Component Name="T_WmsDest" UId="605" />
    </Symbol>
  </Access>
  <Blank Num="1" UId="606" />
  <Token Text="=" UId="607" />
  <Blank Num="1" UId="608" />
  <Access Scope="GlobalConstant" UId="609">
    <Constant Name="WMS_LOC_200B2" UId="610" />
  </Access>
  <Blank Num="1" UId="613" />
  <Token Text="AND" UId="614" />
  <NewLine Num="1" UId="615" />
  <Blank Num="8" UId="616" />
  <Access Scope="GlobalVariable" UId="617">
    <Symbol UId="618">
      <Component Name="CONV_GRAV_DB" UId="619" />
      <Token Text="." UId="620" />
      <Component Name="GRAV_227" UId="621" />
      <Token Text="." UId="622" />
      <Component Name="Cmd" UId="623" />
      <Token Text="." UId="624" />
      <Component Name="Accumulate" UId="625" />
      <Token Text="." UId="626" />
      <Component Name="Acc_ext_1" UId="627" />
    </Symbol>
  </Access>
  <Blank Num="1" UId="628" />
  <Token Text="THEN" UId="629" />
  <NewLine Num="1" UId="630" />
  <Blank Num="8" UId="631" />
  <Access Scope="LocalVariable" UId="632">
    <Symbol UId="633">
      <Component Name="T_PLCDest" UId="634" />
    </Symbol>
  </Access>
  <Blank Num="1" UId="635" />
  <Token Text=":=" UId="636" />
  <Blank Num="1" UId="637" />
  <Access Scope="GlobalConstant" UId="638">
    <Constant Name="PLC_ROUTE_STRAIGHT" UId="639" />
  </Access>
  <Token Text=";" UId="642" />
  <NewLine Num="1" UId="643" />
  <Blank Num="4" UId="644" />
  <Token Text="END_IF" UId="645" />
  <Token Text=";" UId="646" />
  <NewLine Num="1" UId="647" />
  <Blank Num="4" UId="648" />
  <NewLine Num="3" UId="649" />
  <Blank Num="4" UId="650" />
  <Access Scope="LocalVariable" UId="651">
    <Symbol UId="652">
      <Component Name="T_alarm" UId="653" />
    </Symbol>
  </Access>
  <Blank Num="1" UId="654" />
  <Token Text=":=" UId="655" />
  <NewLine Num="1" UId="656" />
  <Blank Num="4" UId="657" />
  <Access Scope="GlobalVariable" UId="658">
    <Symbol UId="659">
      <Component Name="CONV2_BELTS_DB" UId="660" />
      <Token Text="." UId="661" />
      <Component Name="C265R_BELTS" UId="662" />
      <Token Text="." UId="663" />
      <Component Name="Alarms" UId="664" />
      <Token Text="." UId="665" />
      <Component Name="Status" UId="666" />
    </Symbol>
  </Access>
  <Blank Num="1" UId="667" />
  <Token Text="&gt;" UId="668" />
  <Blank Num="1" UId="669" />
  <Access Scope="LiteralConstant" UId="670">
    <Constant UId="671">
      <ConstantValue UId="673">0</ConstantValue>
    </Constant>
  </Access>
  <Blank Num="1" UId="674" />
  <Token Text="OR" UId="675" />
  <NewLine Num="1" UId="676" />
  <Blank Num="4" UId="677" />
  <Access Scope="GlobalVariable" UId="678">
    <Symbol UId="679">
      <Component Name="CONV2_BELTS_DB" UId="680" />
      <Token Text="." UId="681" />
      <Component Name="C264R_BELTS" UId="682" />
      <Token Text="." UId="683" />
      <Component Name="Alarms" UId="684" />
      <Token Text="." UId="685" />
      <Component Name="Status" UId="686" />
    </Symbol>
  </Access>
  <Blank Num="1" UId="687" />
  <Token Text="&gt;" UId="688" />
  <Blank Num="1" UId="689" />
  <Access Scope="LiteralConstant" UId="690">
    <Constant UId="691">
      <ConstantValue UId="693">0</ConstantValue>
    </Constant>
  </Access>
  <Token Text=";" UId="694" />
  <NewLine Num="2" UId="695" />
  <Blank Num="4" UId="696" />
  <Token Text="IF" UId="697" />
  <Blank Num="1" UId="698" />
  <Access Scope="LocalVariable" UId="699">
    <Symbol UId="700">
      <Component Name="T_PLCDest" UId="701" />
    </Symbol>
  </Access>
  <Blank Num="1" UId="702" />
  <Token Text="=" UId="703" />
  <Blank Num="1" UId="704" />
  <Access Scope="GlobalConstant" UId="705">
    <Constant Name="PLC_ROUTE_EXIT_CROSSOVER" UId="706" />
  </Access>
  <Blank Num="1" UId="709" />
  <Token Text="AND" UId="710" />
  <NewLine Num="1" UId="711" />
  <Blank Num="8" UId="712" />
  <Access Scope="LocalVariable" UId="713">
    <Symbol UId="714">
      <Component Name="T_WmsDest" UId="715" />
    </Symbol>
  </Access>
  <Blank Num="1" UId="716" />
  <Token Text="=" UId="717" />
  <Blank Num="1" UId="718" />
  <Access Scope="GlobalConstant" UId="719">
    <Constant Name="WMS_LOC_200F1" UId="720" />
  </Access>
  <Blank Num="1" UId="723" />
  <Token Text="AND" UId="724" />
  <NewLine Num="1" UId="725" />
  <Blank Num="8" UId="726" />
  <Token Text="(" UId="727" />
  <Access Scope="GlobalVariable" UId="728">
    <Symbol UId="729">
      <Component Name="CONV_GRAV_DB" UId="730" />
      <Token Text="." UId="731" />
      <Component Name="GRAV_266" UId="732" />
      <Token Text="." UId="733" />
      <Component Name="Cmd" UId="734" />
      <Token Text="." UId="735" />
      <Component Name="Accumulate" UId="736" />
      <Token Text="." UId="737" />
      <Component Name="Acc_ext_1" UId="738" />
    </Symbol>
  </Access>
  <Blank Num="1" UId="739" />
  <Token Text="OR" UId="740" />
  <Blank Num="1" UId="741" />
  <Access Scope="LocalVariable" UId="742">
    <Symbol UId="743">
      <Component Name="T_alarm" UId="744" />
    </Symbol>
  </Access>
  <Token Text=")" UId="745" />
  <Blank Num="1" UId="746" />
  <Token Text="THEN" UId="747" />
  <NewLine Num="1" UId="748" />
  <Blank Num="8" UId="749" />
  <Access Scope="LocalVariable" UId="750">
    <Symbol UId="751">
      <Component Name="T_PLCDest" UId="752" />
    </Symbol>
  </Access>
  <Blank Num="1" UId="753" />
  <Token Text=":=" UId="754" />
  <Blank Num="1" UId="755" />
  <Access Scope="GlobalConstant" UId="756">
    <Constant Name="PLC_ROUTE_STRAIGHT" UId="757" />
  </Access>
  <Token Text=";" UId="760" />
  <NewLine Num="1" UId="761" />
  <Blank Num="4" UId="762" />
  <Token Text="END_IF" UId="763" />
  <Token Text=";" UId="764" />
  <NewLine Num="1" UId="765" />
  <Blank Num="4" UId="766" />
  <NewLine Num="1" UId="767" />
  <Blank Num="4" UId="768" />
  <Token Text="IF" UId="769" />
  <Blank Num="1" UId="770" />
  <Access Scope="LocalVariable" UId="771">
    <Symbol UId="772">
      <Component Name="T_PLCDest" UId="773" />
    </Symbol>
  </Access>
  <Blank Num="1" UId="774" />
  <Token Text="=" UId="775" />
  <Blank Num="1" UId="776" />
  <Access Scope="GlobalConstant" UId="777">
    <Constant Name="PLC_ROUTE_EXIT_CROSSOVER" UId="778" />
  </Access>
  <Blank Num="1" UId="781" />
  <Token Text="AND" UId="782" />
  <NewLine Num="1" UId="783" />
  <Blank Num="8" UId="784" />
  <Access Scope="LocalVariable" UId="785">
    <Symbol UId="786">
      <Component Name="T_WmsDest" UId="787" />
    </Symbol>
  </Access>
  <Blank Num="1" UId="788" />
  <Token Text="=" UId="789" />
  <Blank Num="1" UId="790" />
  <Access Scope="GlobalConstant" UId="791">
    <Constant Name="WMS_LOC_200F2" UId="792" />
  </Access>
  <Blank Num="1" UId="795" />
  <Token Text="AND" UId="796" />
  <NewLine Num="1" UId="797" />
  <Blank Num="8" UId="798" />
  <Token Text="(" UId="799" />
  <Access Scope="GlobalVariable" UId="800">
    <Symbol UId="801">
      <Component Name="CONV_GRAV_DB" UId="802" />
      <Token Text="." UId="803" />
      <Component Name="GRAV_267" UId="804" />
      <Token Text="." UId="805" />
      <Component Name="Cmd" UId="806" />
      <Token Text="." UId="807" />
      <Component Name="Accumulate" UId="808" />
      <Token Text="." UId="809" />
      <Component Name="Acc_ext_1" UId="810" />
    </Symbol>
  </Access>
  <Blank Num="1" UId="811" />
  <Token Text="OR" UId="812" />
  <Blank Num="1" UId="813" />
  <Access Scope="LocalVariable" UId="814">
    <Symbol UId="815">
      <Component Name="T_alarm" UId="816" />
    </Symbol>
  </Access>
  <Token Text=")" UId="817" />
  <Blank Num="1" UId="818" />
  <Token Text="THEN" UId="819" />
  <NewLine Num="1" UId="820" />
  <Blank Num="8" UId="821" />
  <Access Scope="LocalVariable" UId="822">
    <Symbol UId="823">
      <Component Name="T_PLCDest" UId="824" />
    </Symbol>
  </Access>
  <Blank Num="1" UId="825" />
  <Token Text=":=" UId="826" />
  <Blank Num="1" UId="827" />
  <Access Scope="GlobalConstant" UId="828">
    <Constant Name="PLC_ROUTE_STRAIGHT" UId="829" />
  </Access>
  <Token Text=";" UId="832" />
  <NewLine Num="1" UId="833" />
  <Blank Num="4" UId="834" />
  <Token Text="END_IF" UId="835" />
  <Token Text=";" UId="836" />
  <NewLine Num="1" UId="837" />
  <Blank Num="4" UId="838" />
  <NewLine Num="1" UId="839" />
  <Blank Num="4" UId="840" />
  <NewLine Num="1" UId="841" />
  <Token Text="END_REGION" UId="842" />
  <NewLine Num="2" UId="843" />
  <Token Text="IF" UId="844" />
  <Blank Num="1" UId="845" />
  <Access Scope="LocalVariable" UId="846">
    <Symbol UId="847">
      <Component Name="IO_CONV" UId="848" />
      <Token Text="." UId="849" />
      <Component Name="Status" UId="850" />
      <Token Text="." UId="851" />
      <Component Name="RequestForSending" UId="852" />
    </Symbol>
  </Access>
  <Blank Num="1" UId="853" />
  <Token Text="THEN" UId="854" />
  <NewLine Num="1" UId="855" />
  <Blank Num="4" UId="856" />
  <Access Scope="LocalVariable" UId="857">
    <Symbol UId="858">
      <Component Name="IO_CONV" UId="859" />
      <Token Text="." UId="860" />
      <Component Name="TrackingStat" UId="861" />
      <Token Text="." UId="862" />
      <Component Name="Current" UId="863" />
      <Token Text="." UId="864" />
      <Component Name="PLC_Dest" UId="865" />
    </Symbol>
  </Access>
  <Blank Num="1" UId="866" />
  <Token Text=":=" UId="867" />
  <Blank Num="1" UId="868" />
  <Access Scope="LocalVariable" UId="869">
    <Symbol UId="870">
      <Component Name="T_PLCDest" UId="871" />
    </Symbol>
  </Access>
  <Token Text=";" UId="872" />
  <NewLine Num="1" UId="873" />
  <Token Text="ELSE" UId="874" />
  <NewLine Num="1" UId="875" />
  <Blank Num="4" UId="876" />
  <Access Scope="LocalVariable" UId="877">
    <Symbol UId="878">
      <Component Name="IO_CONV" UId="879" />
      <Token Text="." UId="880" />
      <Component Name="TrackingStat" UId="881" />
      <Token Text="." UId="882" />
      <Component Name="Current" UId="883" />
      <Token Text="." UId="884" />
      <Component Name="PLC_Dest" UId="885" />
    </Symbol>
  </Access>
  <Blank Num="1" UId="886" />
  <Token Text=":=" UId="887" />
  <Blank Num="1" UId="888" />
  <Access Scope="LiteralConstant" UId="889">
    <Constant UId="890">
      <ConstantValue UId="892">0</ConstantValue>
    </Constant>
  </Access>
  <Token Text=";" UId="893" />
  <NewLine Num="1" UId="894" />
  <Token Text="END_IF" UId="895" />
  <Token Text=";" UId="896" />
  <NewLine Num="2" UId="897" />
</StructuredText></NetworkSource>
          <ProgrammingLanguage>SCL</ProgrammingLanguage>
        </AttributeList>
        <ObjectList>
          <MultilingualText ID="5" CompositionName="Comment">
            <ObjectList>
              <MultilingualTextItem ID="6" CompositionName="Items">
                <AttributeList>
                  <Culture>en-US</Culture>
                  <Text />
                </AttributeList>
              </MultilingualTextItem>
              <MultilingualTextItem ID="7" CompositionName="Items">
                <AttributeList>
                  <Culture>fr-BE</Culture>
                  <Text />
                </AttributeList>
              </MultilingualTextItem>
            </ObjectList>
          </MultilingualText>
          <MultilingualText ID="8" CompositionName="Title">
            <ObjectList>
              <MultilingualTextItem ID="9" CompositionName="Items">
                <AttributeList>
                  <Culture>en-US</Culture>
                  <Text />
                </AttributeList>
              </MultilingualTextItem>
              <MultilingualTextItem ID="A" CompositionName="Items">
                <AttributeList>
                  <Culture>fr-BE</Culture>
                  <Text />
                </AttributeList>
              </MultilingualTextItem>
            </ObjectList>
          </MultilingualText>
        </ObjectList>
      </SW.Blocks.CompileUnit>
      <MultilingualText ID="B" CompositionName="Title">
        <ObjectList>
          <MultilingualTextItem ID="C" CompositionName="Items">
            <AttributeList>
              <Culture>en-US</Culture>
              <Text />
            </AttributeList>
          </MultilingualTextItem>
          <MultilingualTextItem ID="D" CompositionName="Items">
            <AttributeList>
              <Culture>fr-BE</Culture>
              <Text />
            </AttributeList>
          </MultilingualTextItem>
        </ObjectList>
      </MultilingualText>
    </ObjectList>
  </SW.Blocks.FB>
</Document>