﻿<?xml version="1.0" encoding="utf-8"?>
<Document>
  <Engineering version="V16" />
  <DocumentInfo>
    <Created>2023-11-13T10:46:10.1589526Z</Created>
    <ExportSetting>WithDefaults</ExportSetting>
    <InstalledProducts>
      <Product>
        <DisplayName>Totally Integrated Automation Portal</DisplayName>
        <DisplayVersion>V16 Update 6</DisplayVersion>
      </Product>
      <OptionPackage>
        <DisplayName>TIA Portal Version Control Interface</DisplayName>
        <DisplayVersion>V16 Update 2</DisplayVersion>
      </OptionPackage>
      <OptionPackage>
        <DisplayName>TIA Portal Openness</DisplayName>
        <DisplayVersion>V16 Update 6</DisplayVersion>
      </OptionPackage>
      <OptionPackage>
        <DisplayName>TIA Portal Teamcenter Gateway</DisplayName>
        <DisplayVersion>V16</DisplayVersion>
      </OptionPackage>
      <Product>
        <DisplayName>SINAMICS Startdrive Advanced</DisplayName>
        <DisplayVersion>V16 Update 5</DisplayVersion>
      </Product>
      <OptionPackage>
        <DisplayName>SINAMICS Startdrive G130, G150, S120, S150, SINAMICS MV, S210</DisplayName>
        <DisplayVersion>V16 Update 5</DisplayVersion>
      </OptionPackage>
      <OptionPackage>
        <DisplayName>SINAMICS Startdrive G110M, G120, G120C, G120D, G120P, G115D</DisplayName>
        <DisplayVersion>V16 Update 5</DisplayVersion>
      </OptionPackage>
      <Product>
        <DisplayName>STEP 7 Professional</DisplayName>
        <DisplayVersion>V16 Update 6</DisplayVersion>
      </Product>
      <OptionPackage>
        <DisplayName>STEP 7 Safety</DisplayName>
        <DisplayVersion>V16</DisplayVersion>
      </OptionPackage>
      <Product>
        <DisplayName>WinCC Advanced / Unified PC</DisplayName>
        <DisplayVersion>V16 Update 6</DisplayVersion>
      </Product>
    </InstalledProducts>
  </DocumentInfo>
  <SW.Blocks.FB ID="0">
    <AttributeList>
      <AutoNumber>true</AutoNumber>
      <HeaderAuthor />
      <HeaderFamily />
      <HeaderName />
      <HeaderVersion>0.1</HeaderVersion>
      <Interface><Sections xmlns="http://www.siemens.com/automation/Openness/SW/Interface/v4">
  <Section Name="Input" />
  <Section Name="Output" />
  <Section Name="InOut">
    <Member Name="IO_CONV" Datatype="&quot;Conveyor_UDT&quot;" Accessibility="Public">
      <Sections>
        <Section Name="None">
          <Member Name="Settings" Datatype="Struct">
            <Member Name="Mode" Datatype="Int" />
            <Member Name="AutomaticBuffering" Datatype="Bool" />
            <Member Name="Direction" Datatype="Bool" />
            <Member Name="EnergySave" Datatype="Bool" />
            <Member Name="RunIddle" Datatype="Bool" />
            <Member Name="AutoReset" Datatype="Bool" />
            <Member Name="SentHoldOnCheckReceive" Datatype="Bool" />
            <Member Name="Timings" Datatype="&quot;ConveyorTimes_UDT&quot;">
              <Sections>
                <Section Name="None">
                  <Member Name="DelayedStart" Datatype="Time" />
                  <Member Name="ConveyorLength" Datatype="Real" />
                  <Member Name="InitDistance" Datatype="Real" />
                  <Member Name="ReceiveDistance" Datatype="Real" />
                  <Member Name="SendDistance" Datatype="Real" />
                  <Member Name="SleepDistance" Datatype="Real" />
                  <Member Name="GapDistance" Datatype="Real" />
                  <Member Name="StartupDelay" Datatype="Time" />
                </Section>
              </Sections>
            </Member>
            <Member Name="Speed" Datatype="Struct">
              <Member Name="speed" Datatype="Real" />
              <Member Name="UpstreamGain" Datatype="Real" />
              <Member Name="speedController" Datatype="Bool" />
            </Member>
            <Member Name="Alarms" Datatype="Struct">
              <Member Name="BlockDetectionOn" Datatype="Bool" />
              <Member Name="BlockedAtStartSensor" Datatype="Bool" />
              <Member Name="ParcelsToCloseDetectionOn" Datatype="Bool" />
              <Member Name="ParcelsToLongDetectionOn" Datatype="Bool" />
              <Member Name="ParcelToShortDetectionOn" Datatype="Bool" />
              <Member Name="BlockRetrys" Datatype="Int" />
              <Member Name="SentTimeError" Datatype="Real" />
              <Member Name="TimeBetweenParcels" Datatype="Real" />
              <Member Name="MinSizeParcel" Datatype="Real" />
              <Member Name="MaxSizeParcel" Datatype="Real" />
            </Member>
          </Member>
          <Member Name="Cmd" Datatype="Struct">
            <Member Name="Reset" Datatype="Bool" />
            <Member Name="ReInitialize" Datatype="Bool" />
            <Member Name="RunAuto" Datatype="Bool" />
            <Member Name="RunManual" Datatype="Bool" />
            <Member Name="SpeedAuto" Datatype="Real" />
            <Member Name="SpeedManual" Datatype="Real" />
            <Member Name="ReadyToReceive" Datatype="Bool" />
            <Member Name="ReadyToSent" Datatype="Bool" />
            <Member Name="InvertFlow" Datatype="Bool" />
            <Member Name="Direction" Datatype="Bool" />
            <Member Name="Accumulate" Datatype="Struct">
              <Member Name="Acc_ext_1" Datatype="Bool" />
              <Member Name="Acc_ext_2" Datatype="Bool" />
              <Member Name="Acc_ext_3" Datatype="Bool" />
              <Member Name="Acc_ext_4" Datatype="Bool" />
              <Member Name="Acc_ext_5" Datatype="Bool" />
              <Member Name="Acc_TC_1" Datatype="Bool" />
              <Member Name="Acc_TC_2" Datatype="Bool" />
              <Member Name="Acc_TC_3" Datatype="Bool" />
              <Member Name="Acc_Scan_1" Datatype="Bool" />
              <Member Name="Acc_Scan_2" Datatype="Bool" />
              <Member Name="Acc_Scan_3" Datatype="Bool" />
              <Member Name="Acc_Scale_1" Datatype="Bool" />
              <Member Name="Acc_Scale_2" Datatype="Bool" />
              <Member Name="Acc_Scale_3" Datatype="Bool" />
            </Member>
            <Member Name="StartRequestObject" Datatype="Bool" />
            <Member Name="StopRequestObject" Datatype="Bool" />
            <Member Name="IgnoreStandby" Datatype="Bool" />
            <Member Name="ManualOverride" Datatype="Bool" />
            <Member Name="Interlock" Datatype="Bool" />
          </Member>
          <Member Name="Input" Datatype="Struct">
            <Member Name="SensorStartHMI" Datatype="Bool" />
            <Member Name="SensorEndHMI" Datatype="Bool" />
            <Member Name="SensorAtStartLogic" Datatype="&quot;SmartBooldt&quot;">
              <Sections>
                <Section Name="None">
                  <Member Name="State" Datatype="Bool" />
                  <Member Name="LE" Datatype="Bool" />
                  <Member Name="FE" Datatype="Bool" />
                  <Member Name="sensorTest" Datatype="Bool" />
                  <Member Name="IddleSignal" Datatype="Bool" />
                  <Member Name="testFailed" Datatype="Bool" />
                  <Member Name="Counter" Datatype="UInt" />
                </Section>
              </Sections>
            </Member>
            <Member Name="SensorAtEndLogic" Datatype="&quot;SmartBooldt&quot;">
              <Sections>
                <Section Name="None">
                  <Member Name="State" Datatype="Bool" />
                  <Member Name="LE" Datatype="Bool" />
                  <Member Name="FE" Datatype="Bool" />
                  <Member Name="sensorTest" Datatype="Bool" />
                  <Member Name="IddleSignal" Datatype="Bool" />
                  <Member Name="testFailed" Datatype="Bool" />
                  <Member Name="Counter" Datatype="UInt" />
                </Section>
              </Sections>
            </Member>
            <Member Name="Running_FB" Datatype="Bool" />
            <Member Name="Interlock" Datatype="Bool" />
          </Member>
          <Member Name="Alarms" Datatype="Struct">
            <Member Name="BlockedReceive" Datatype="&quot;HmiAlarm&quot;">
              <Sections>
                <Section Name="None">
                  <Member Name="Active" Datatype="Bool" />
                  <Member Name="Acknowledge" Datatype="Bool" />
                  <Member Name="type" Datatype="Int" />
                </Section>
              </Sections>
            </Member>
            <Member Name="BlockedSending" Datatype="&quot;HmiAlarm&quot;">
              <Sections>
                <Section Name="None">
                  <Member Name="Active" Datatype="Bool" />
                  <Member Name="Acknowledge" Datatype="Bool" />
                  <Member Name="type" Datatype="Int" />
                </Section>
              </Sections>
            </Member>
            <Member Name="ToClose" Datatype="&quot;HmiAlarm&quot;">
              <Sections>
                <Section Name="None">
                  <Member Name="Active" Datatype="Bool" />
                  <Member Name="Acknowledge" Datatype="Bool" />
                  <Member Name="type" Datatype="Int" />
                </Section>
              </Sections>
            </Member>
            <Member Name="ToSmall" Datatype="&quot;HmiAlarm&quot;">
              <Sections>
                <Section Name="None">
                  <Member Name="Active" Datatype="Bool" />
                  <Member Name="Acknowledge" Datatype="Bool" />
                  <Member Name="type" Datatype="Int" />
                </Section>
              </Sections>
            </Member>
            <Member Name="ToLong" Datatype="&quot;HmiAlarm&quot;">
              <Sections>
                <Section Name="None">
                  <Member Name="Active" Datatype="Bool" />
                  <Member Name="Acknowledge" Datatype="Bool" />
                  <Member Name="type" Datatype="Int" />
                </Section>
              </Sections>
            </Member>
            <Member Name="MotorAlarm" Datatype="&quot;HmiAlarm&quot;">
              <Sections>
                <Section Name="None">
                  <Member Name="Active" Datatype="Bool" />
                  <Member Name="Acknowledge" Datatype="Bool" />
                  <Member Name="type" Datatype="Int" />
                </Section>
              </Sections>
            </Member>
            <Member Name="AlarmActive" Datatype="&quot;HmiAlarm&quot;">
              <Sections>
                <Section Name="None">
                  <Member Name="Active" Datatype="Bool" />
                  <Member Name="Acknowledge" Datatype="Bool" />
                  <Member Name="type" Datatype="Int" />
                </Section>
              </Sections>
            </Member>
            <Member Name="Status" Datatype="Word" />
          </Member>
          <Member Name="Status" Datatype="Struct">
            <Member Name="AccumulationOn" Datatype="Bool" />
            <Member Name="StartedAutoMode" Datatype="Bool" />
            <Member Name="ReadyForStandby" Datatype="Bool" />
            <Member Name="RequestForSending" Datatype="Bool" />
            <Member Name="ExecutingReceiveSequence" Datatype="Bool" />
            <Member Name="ExecutingSendingSequence" Datatype="Bool" />
            <Member Name="ObjectSentPulse" Datatype="Bool" />
            <Member Name="ObjectReceivePulse" Datatype="Bool" />
            <Member Name="GapTimeOk" Datatype="Bool" />
            <Member Name="Empty" Datatype="Bool" />
            <Member Name="ObjectOnConveyor" Datatype="Bool" />
            <Member Name="Initialized" Datatype="Bool" />
            <Member Name="ManualMode" Datatype="Bool" />
          </Member>
          <Member Name="TrackingCmd" Datatype="Struct">
            <Member Name="InductNewTracking" Datatype="Bool" />
            <Member Name="ClearTracking" Datatype="Bool" />
            <Member Name="NewTrackingId" Datatype="&quot;Tracking_Simple_UDT_1&quot;">
              <Sections>
                <Section Name="None">
                  <Member Name="ID" Datatype="UInt" />
                  <Member Name="PLC_Dest" Datatype="Int" />
                  <Member Name="WMS_Dest" Datatype="String[20]" />
                  <Member Name="Barcode" Datatype="String" />
                  <Member Name="GoodRead" Datatype="Bool" />
                  <Member Name="weightGram" Datatype="Real" />
                  <Member Name="prio" Datatype="Bool" />
                </Section>
              </Sections>
            </Member>
          </Member>
          <Member Name="TrackingStat" Datatype="Struct">
            <Member Name="Current" Datatype="&quot;Tracking_Simple_UDT_1&quot;">
              <Sections>
                <Section Name="None">
                  <Member Name="ID" Datatype="UInt" />
                  <Member Name="PLC_Dest" Datatype="Int" />
                  <Member Name="WMS_Dest" Datatype="String[20]" />
                  <Member Name="Barcode" Datatype="String" />
                  <Member Name="GoodRead" Datatype="Bool" />
                  <Member Name="weightGram" Datatype="Real" />
                  <Member Name="prio" Datatype="Bool" />
                </Section>
              </Sections>
            </Member>
            <Member Name="InSending" Datatype="&quot;Tracking_Simple_UDT_1&quot;">
              <Sections>
                <Section Name="None">
                  <Member Name="ID" Datatype="UInt" />
                  <Member Name="PLC_Dest" Datatype="Int" />
                  <Member Name="WMS_Dest" Datatype="String[20]" />
                  <Member Name="Barcode" Datatype="String" />
                  <Member Name="GoodRead" Datatype="Bool" />
                  <Member Name="weightGram" Datatype="Real" />
                  <Member Name="prio" Datatype="Bool" />
                </Section>
              </Sections>
            </Member>
            <Member Name="TrackingReceived" Datatype="Bool" />
            <Member Name="TrackingCleared" Datatype="Bool" />
          </Member>
          <Member Name="Encoder" Datatype="&quot;VirtualEncoder_UDT&quot;">
            <Sections>
              <Section Name="None">
                <Member Name="Distance_mm" Datatype="Real" />
                <Member Name="Speed_mm_ms" Datatype="Real" />
                <Member Name="Settings" Datatype="Struct">
                  <Member Name="Base_M_min" Datatype="Real" />
                  <Member Name="BaseRelative" Datatype="Real" />
                </Member>
              </Section>
            </Sections>
          </Member>
          <Member Name="DiagNostics" Datatype="Struct">
            <Member Name="ReceivedCounter" Datatype="UDInt" />
            <Member Name="SendingCounter" Datatype="UDInt" />
          </Member>
          <Member Name="Index" Datatype="Int" />
          <Member Name="Name" Datatype="String[25]" />
          <Member Name="Zone" Datatype="Int" />
        </Section>
      </Sections>
    </Member>
  </Section>
  <Section Name="Static" />
  <Section Name="Temp">
    <Member Name="T_WmsDest" Datatype="String[20]" />
    <Member Name="T_PLCDest" Datatype="Int" />
    <Member Name="T_Prio" Datatype="Bool" />
    <Member Name="T_InBack" Datatype="Bool" />
    <Member Name="T_InFront" Datatype="Bool" />
    <Member Name="T_Exit" Datatype="Bool" />
    <Member Name="T_ExitCrossover" Datatype="Bool" />
    <Member Name="T_Condition" Datatype="Bool" />
    <Member Name="T_Alarm" Datatype="Bool" />
  </Section>
  <Section Name="Constant" />
</Sections></Interface>
      <IsIECCheckEnabled>false</IsIECCheckEnabled>
      <IsRetainMemResEnabled>false</IsRetainMemResEnabled>
      <MemoryLayout>Optimized</MemoryLayout>
      <MemoryReserve>100</MemoryReserve>
      <Name>C261L_ROUTER_FB</Name>
      <Number>35</Number>
      <ProgrammingLanguage>SCL</ProgrammingLanguage>
      <SetENOAutomatically>false</SetENOAutomatically>
      <UDABlockProperties />
      <UDAEnableTagReadback>false</UDAEnableTagReadback>
    </AttributeList>
    <ObjectList>
      <MultilingualText ID="1" CompositionName="Comment">
        <ObjectList>
          <MultilingualTextItem ID="2" CompositionName="Items">
            <AttributeList>
              <Culture>en-US</Culture>
              <Text />
            </AttributeList>
          </MultilingualTextItem>
          <MultilingualTextItem ID="3" CompositionName="Items">
            <AttributeList>
              <Culture>fr-BE</Culture>
              <Text />
            </AttributeList>
          </MultilingualTextItem>
        </ObjectList>
      </MultilingualText>
      <SW.Blocks.CompileUnit ID="4" CompositionName="CompileUnits">
        <AttributeList>
          <NetworkSource><StructuredText xmlns="http://www.siemens.com/automation/Openness/SW/NetworkSource/StructuredText/v3">
  <Token Text="REGION" UId="21" />
  <Blank Num="1" UId="22" />
  <Text UId="23">LOGIC</Text>
  <NewLine Num="1" UId="24" />
  <Blank Num="4" UId="25" />
  <Access Scope="LocalVariable" UId="26">
    <Symbol UId="27">
      <Component Name="T_WmsDest" UId="28" />
    </Symbol>
  </Access>
  <Blank Num="1" UId="29" />
  <Token Text=":=" UId="30" />
  <Blank Num="1" UId="31" />
  <Access Scope="LocalVariable" UId="32">
    <Symbol UId="33">
      <Component Name="IO_CONV" UId="34" />
      <Token Text="." UId="35" />
      <Component Name="TrackingStat" UId="36" />
      <Token Text="." UId="37" />
      <Component Name="Current" UId="38" />
      <Token Text="." UId="39" />
      <Component Name="WMS_Dest" UId="40" />
    </Symbol>
  </Access>
  <Token Text=";" UId="41" />
  <NewLine Num="1" UId="42" />
  <Blank Num="4" UId="43" />
  <Access Scope="LocalVariable" UId="44">
    <Symbol UId="45">
      <Component Name="T_Prio" UId="46" />
    </Symbol>
  </Access>
  <Blank Num="1" UId="47" />
  <Token Text=":=" UId="48" />
  <Blank Num="1" UId="49" />
  <Access Scope="LocalVariable" UId="50">
    <Symbol UId="51">
      <Component Name="IO_CONV" UId="52" />
      <Token Text="." UId="53" />
      <Component Name="TrackingStat" UId="54" />
      <Token Text="." UId="55" />
      <Component Name="Current" UId="56" />
      <Token Text="." UId="57" />
      <Component Name="prio" UId="58" />
    </Symbol>
  </Access>
  <Blank Num="1" UId="59" />
  <Token Text="OR" UId="60" />
  <Blank Num="1" UId="61" />
  <Access Scope="LocalVariable" UId="62">
    <Symbol UId="63">
      <Component Name="T_WmsDest" UId="64" />
    </Symbol>
  </Access>
  <Blank Num="1" UId="65" />
  <Token Text="=" UId="66" />
  <Blank Num="1" UId="67" />
  <Access Scope="GlobalConstant" UId="68">
    <Constant Name="WMS_LOC_REJECT" UId="69" />
  </Access>
  <Token Text=";" UId="72" />
  <NewLine Num="1" UId="73" />
  <Blank Num="4" UId="74" />
  <Access Scope="LocalVariable" UId="75">
    <Symbol UId="76">
      <Component Name="T_Prio" UId="77" />
    </Symbol>
  </Access>
  <Blank Num="1" UId="78" />
  <Token Text=":=" UId="79" />
  <Blank Num="1" UId="80" />
  <Access Scope="LocalVariable" UId="81">
    <Symbol UId="82">
      <Component Name="T_Prio" UId="83" />
    </Symbol>
  </Access>
  <Blank Num="1" UId="84" />
  <Token Text="AND" UId="85" />
  <Blank Num="1" UId="86" />
  <Access Scope="GlobalVariable" UId="87">
    <Symbol UId="88">
      <Component Name="Settings_DB" UId="89" />
      <Token Text="." UId="90" />
      <Component Name="crossRouting" UId="91" />
    </Symbol>
  </Access>
  <Token Text=";" UId="92" />
  <NewLine Num="1" UId="93" />
  <Blank Num="4" UId="94" />
  <Access Scope="LocalVariable" UId="95">
    <Symbol UId="96">
      <Component Name="T_PLCDest" UId="97" />
    </Symbol>
  </Access>
  <Blank Num="1" UId="98" />
  <Token Text=":=" UId="99" />
  <Blank Num="1" UId="100" />
  <Access Scope="LiteralConstant" UId="101">
    <Constant UId="102">
      <ConstantValue UId="104">0</ConstantValue>
    </Constant>
  </Access>
  <Token Text=";" UId="105" />
  <NewLine Num="1" UId="106" />
  <Blank Num="4" UId="107" />
  <NewLine Num="1" UId="108" />
  <Blank Num="4" UId="109" />
  <Access Scope="LocalVariable" UId="110">
    <Symbol UId="111">
      <Component Name="T_InFront" UId="112" />
    </Symbol>
  </Access>
  <Blank Num="1" UId="113" />
  <Token Text=":=" UId="114" />
  <NewLine Num="1" UId="115" />
  <Blank Num="4" UId="116" />
  <Access Scope="LocalVariable" UId="117">
    <Symbol UId="118">
      <Component Name="T_WmsDest" UId="119" />
    </Symbol>
  </Access>
  <Blank Num="1" UId="120" />
  <Token Text="=" UId="121" />
  <Blank Num="1" UId="122" />
  <Access Scope="GlobalConstant" UId="123">
    <Constant Name="WMS_LOOP" UId="124" />
  </Access>
  <Blank Num="1" UId="127" />
  <Token Text="OR" UId="128" />
  <NewLine Num="1" UId="129" />
  <Blank Num="4" UId="130" />
  <Access Scope="LocalVariable" UId="131">
    <Symbol UId="132">
      <Component Name="T_WmsDest" UId="133" />
    </Symbol>
  </Access>
  <Blank Num="1" UId="134" />
  <Token Text="=" UId="135" />
  <Blank Num="1" UId="136" />
  <Access Scope="GlobalConstant" UId="137">
    <Constant Name="WMS_LOC_100" UId="138" />
  </Access>
  <Blank Num="1" UId="141" />
  <Token Text="OR" UId="142" />
  <NewLine Num="1" UId="143" />
  <Blank Num="4" UId="144" />
  <Access Scope="LocalVariable" UId="145">
    <Symbol UId="146">
      <Component Name="T_WmsDest" UId="147" />
    </Symbol>
  </Access>
  <Blank Num="1" UId="148" />
  <Token Text="=" UId="149" />
  <Blank Num="1" UId="150" />
  <Access Scope="GlobalConstant" UId="151">
    <Constant Name="WMS_LOC_200G1" UId="152" />
  </Access>
  <Blank Num="1" UId="155" />
  <Token Text="OR" UId="156" />
  <NewLine Num="1" UId="157" />
  <Blank Num="4" UId="158" />
  <Access Scope="LocalVariable" UId="159">
    <Symbol UId="160">
      <Component Name="T_WmsDest" UId="161" />
    </Symbol>
  </Access>
  <Blank Num="1" UId="162" />
  <Token Text="=" UId="163" />
  <Blank Num="1" UId="164" />
  <Access Scope="GlobalConstant" UId="165">
    <Constant Name="WMS_LOC_200G2" UId="166" />
  </Access>
  <Blank Num="1" UId="169" />
  <Token Text="OR" UId="170" />
  <NewLine Num="1" UId="171" />
  <Blank Num="4" UId="172" />
  <Access Scope="LocalVariable" UId="173">
    <Symbol UId="174">
      <Component Name="T_WmsDest" UId="175" />
    </Symbol>
  </Access>
  <Blank Num="1" UId="176" />
  <Token Text="=" UId="177" />
  <Blank Num="1" UId="178" />
  <Access Scope="GlobalConstant" UId="179">
    <Constant Name="WMS_LOC_200H1" UId="180" />
  </Access>
  <Blank Num="1" UId="183" />
  <Token Text="OR" UId="184" />
  <NewLine Num="1" UId="185" />
  <Blank Num="4" UId="186" />
  <Access Scope="LocalVariable" UId="187">
    <Symbol UId="188">
      <Component Name="T_WmsDest" UId="189" />
    </Symbol>
  </Access>
  <Blank Num="1" UId="190" />
  <Token Text="=" UId="191" />
  <Blank Num="1" UId="192" />
  <Access Scope="GlobalConstant" UId="193">
    <Constant Name="WMS_LOC_200H2" UId="194" />
  </Access>
  <Blank Num="1" UId="197" />
  <Token Text="OR" UId="198" />
  <NewLine Num="1" UId="199" />
  <Blank Num="4" UId="200" />
  <Access Scope="LocalVariable" UId="201">
    <Symbol UId="202">
      <Component Name="T_WmsDest" UId="203" />
    </Symbol>
  </Access>
  <Blank Num="1" UId="204" />
  <Token Text="=" UId="205" />
  <Blank Num="1" UId="206" />
  <Access Scope="GlobalConstant" UId="207">
    <Constant Name="WMS_LOC_300A1" UId="208" />
  </Access>
  <Blank Num="1" UId="211" />
  <Token Text="OR" UId="212" />
  <NewLine Num="1" UId="213" />
  <Blank Num="4" UId="214" />
  <Access Scope="LocalVariable" UId="215">
    <Symbol UId="216">
      <Component Name="T_WmsDest" UId="217" />
    </Symbol>
  </Access>
  <Blank Num="1" UId="218" />
  <Token Text="=" UId="219" />
  <Blank Num="1" UId="220" />
  <Access Scope="GlobalConstant" UId="221">
    <Constant Name="WMS_LOC_300A2" UId="222" />
  </Access>
  <Blank Num="1" UId="225" />
  <Token Text="OR" UId="226" />
  <NewLine Num="1" UId="227" />
  <Blank Num="4" UId="228" />
  <Access Scope="LocalVariable" UId="229">
    <Symbol UId="230">
      <Component Name="T_WmsDest" UId="231" />
    </Symbol>
  </Access>
  <Blank Num="1" UId="232" />
  <Token Text="=" UId="233" />
  <Blank Num="1" UId="234" />
  <Access Scope="GlobalConstant" UId="235">
    <Constant Name="WMS_LOC_300B1" UId="236" />
  </Access>
  <Blank Num="1" UId="239" />
  <Token Text="OR" UId="240" />
  <NewLine Num="1" UId="241" />
  <Blank Num="4" UId="242" />
  <Access Scope="LocalVariable" UId="243">
    <Symbol UId="244">
      <Component Name="T_WmsDest" UId="245" />
    </Symbol>
  </Access>
  <Blank Num="1" UId="246" />
  <Token Text="=" UId="247" />
  <Blank Num="1" UId="248" />
  <Access Scope="GlobalConstant" UId="249">
    <Constant Name="WMS_LOC_300B2" UId="250" />
  </Access>
  <Blank Num="1" UId="253" />
  <Token Text="OR" UId="254" />
  <NewLine Num="1" UId="255" />
  <Blank Num="4" UId="256" />
  <Access Scope="LocalVariable" UId="257">
    <Symbol UId="258">
      <Component Name="T_WmsDest" UId="259" />
    </Symbol>
  </Access>
  <Blank Num="1" UId="260" />
  <Token Text="=" UId="261" />
  <Blank Num="1" UId="262" />
  <Access Scope="GlobalConstant" UId="263">
    <Constant Name="WMS_LOC_300C1" UId="264" />
  </Access>
  <Blank Num="1" UId="267" />
  <Token Text="OR" UId="268" />
  <NewLine Num="1" UId="269" />
  <Blank Num="4" UId="270" />
  <Access Scope="LocalVariable" UId="271">
    <Symbol UId="272">
      <Component Name="T_WmsDest" UId="273" />
    </Symbol>
  </Access>
  <Blank Num="1" UId="274" />
  <Token Text="=" UId="275" />
  <Blank Num="1" UId="276" />
  <Access Scope="GlobalConstant" UId="277">
    <Constant Name="WMS_LOC_300C2" UId="278" />
  </Access>
  <Blank Num="1" UId="281" />
  <Token Text="OR" UId="282" />
  <NewLine Num="1" UId="283" />
  <Blank Num="4" UId="284" />
  <Access Scope="LocalVariable" UId="285">
    <Symbol UId="286">
      <Component Name="T_WmsDest" UId="287" />
    </Symbol>
  </Access>
  <Blank Num="1" UId="288" />
  <Token Text="=" UId="289" />
  <Blank Num="1" UId="290" />
  <Access Scope="GlobalConstant" UId="291">
    <Constant Name="WMS_LOC_500B" UId="292" />
  </Access>
  <Blank Num="1" UId="295" />
  <Token Text="OR" UId="296" />
  <NewLine Num="1" UId="297" />
  <Blank Num="4" UId="298" />
  <Access Scope="LocalVariable" UId="299">
    <Symbol UId="300">
      <Component Name="T_WmsDest" UId="301" />
    </Symbol>
  </Access>
  <Blank Num="1" UId="302" />
  <Token Text="=" UId="303" />
  <Blank Num="1" UId="304" />
  <Access Scope="GlobalConstant" UId="305">
    <Constant Name="WMS_LOC_500C1" UId="306" />
  </Access>
  <Blank Num="1" UId="309" />
  <Token Text="OR" UId="310" />
  <NewLine Num="1" UId="311" />
  <Blank Num="4" UId="312" />
  <Access Scope="LocalVariable" UId="313">
    <Symbol UId="314">
      <Component Name="T_WmsDest" UId="315" />
    </Symbol>
  </Access>
  <Blank Num="1" UId="316" />
  <Token Text="=" UId="317" />
  <Blank Num="1" UId="318" />
  <Access Scope="GlobalConstant" UId="319">
    <Constant Name="WMS_LOC_500C2" UId="320" />
  </Access>
  <Blank Num="1" UId="323" />
  <Token Text="OR" UId="324" />
  <NewLine Num="1" UId="325" />
  <Blank Num="4" UId="326" />
  <Access Scope="LocalVariable" UId="327">
    <Symbol UId="328">
      <Component Name="T_WmsDest" UId="329" />
    </Symbol>
  </Access>
  <Blank Num="1" UId="330" />
  <Token Text="=" UId="331" />
  <Blank Num="1" UId="332" />
  <Access Scope="GlobalConstant" UId="333">
    <Constant Name="WMS_LOC_500D" UId="334" />
  </Access>
  <Blank Num="1" UId="337" />
  <Token Text="OR" UId="338" />
  <NewLine Num="1" UId="339" />
  <Blank Num="4" UId="340" />
  <Access Scope="LocalVariable" UId="341">
    <Symbol UId="342">
      <Component Name="T_WmsDest" UId="343" />
    </Symbol>
  </Access>
  <Blank Num="1" UId="344" />
  <Token Text="=" UId="345" />
  <Blank Num="1" UId="346" />
  <Access Scope="GlobalConstant" UId="347">
    <Constant Name="WMS_LOC_REJECT" UId="348" />
  </Access>
  <Token Text=";" UId="351" />
  <NewLine Num="1" UId="352" />
  <Blank Num="4" UId="353" />
  <NewLine Num="1" UId="354" />
  <Blank Num="4" UId="355" />
  <Access Scope="LocalVariable" UId="356">
    <Symbol UId="357">
      <Component Name="T_Exit" UId="358" />
    </Symbol>
  </Access>
  <Blank Num="1" UId="359" />
  <Token Text=":=" UId="360" />
  <NewLine Num="1" UId="361" />
  <Blank Num="4" UId="362" />
  <Access Scope="LocalVariable" UId="363">
    <Symbol UId="364">
      <Component Name="T_WmsDest" UId="365" />
    </Symbol>
  </Access>
  <Blank Num="1" UId="366" />
  <Token Text="=" UId="367" />
  <Blank Num="1" UId="368" />
  <Access Scope="GlobalConstant" UId="369">
    <Constant Name="WMS_LOC_200F1" UId="370" />
  </Access>
  <Blank Num="1" UId="373" />
  <Token Text="OR" UId="374" />
  <NewLine Num="1" UId="375" />
  <Blank Num="4" UId="376" />
  <Access Scope="LocalVariable" UId="377">
    <Symbol UId="378">
      <Component Name="T_WmsDest" UId="379" />
    </Symbol>
  </Access>
  <Blank Num="1" UId="380" />
  <Token Text="=" UId="381" />
  <Blank Num="1" UId="382" />
  <Access Scope="GlobalConstant" UId="383">
    <Constant Name="WMS_LOC_200F2" UId="384" />
  </Access>
  <Token Text=";" UId="387" />
  <NewLine Num="1" UId="388" />
  <Blank Num="4" UId="389" />
  <NewLine Num="1" UId="390" />
  <Blank Num="4" UId="391" />
  <Access Scope="LocalVariable" UId="392">
    <Symbol UId="393">
      <Component Name="T_ExitCrossover" UId="394" />
    </Symbol>
  </Access>
  <Blank Num="1" UId="395" />
  <Token Text=":=" UId="396" />
  <NewLine Num="1" UId="397" />
  <Blank Num="4" UId="398" />
  <Access Scope="LocalVariable" UId="399">
    <Symbol UId="400">
      <Component Name="T_WmsDest" UId="401" />
    </Symbol>
  </Access>
  <Blank Num="1" UId="402" />
  <Token Text="=" UId="403" />
  <Blank Num="1" UId="404" />
  <Access Scope="GlobalConstant" UId="405">
    <Constant Name="WMS_LOC_200B1" UId="406" />
  </Access>
  <Blank Num="1" UId="409" />
  <Token Text="OR" UId="410" />
  <NewLine Num="1" UId="411" />
  <Blank Num="4" UId="412" />
  <Access Scope="LocalVariable" UId="413">
    <Symbol UId="414">
      <Component Name="T_WmsDest" UId="415" />
    </Symbol>
  </Access>
  <Blank Num="1" UId="416" />
  <Token Text="=" UId="417" />
  <Blank Num="1" UId="418" />
  <Access Scope="GlobalConstant" UId="419">
    <Constant Name="WMS_LOC_200B2" UId="420" />
  </Access>
  <Token Text=";" UId="423" />
  <NewLine Num="1" UId="424" />
  <Blank Num="4" UId="425" />
  <NewLine Num="1" UId="426" />
  <Blank Num="4" UId="427" />
  <Access Scope="LocalVariable" UId="428">
    <Symbol UId="429">
      <Component Name="T_InBack" UId="430" />
    </Symbol>
  </Access>
  <Blank Num="1" UId="431" />
  <Token Text=":=" UId="432" />
  <NewLine Num="1" UId="433" />
  <Blank Num="4" UId="434" />
  <Token Text="NOT" UId="435" />
  <Blank Num="1" UId="436" />
  <Access Scope="LocalVariable" UId="437">
    <Symbol UId="438">
      <Component Name="T_InFront" UId="439" />
    </Symbol>
  </Access>
  <Blank Num="1" UId="440" />
  <Token Text="AND" UId="441" />
  <NewLine Num="1" UId="442" />
  <Blank Num="4" UId="443" />
  <Token Text="NOT" UId="444" />
  <Blank Num="1" UId="445" />
  <Access Scope="LocalVariable" UId="446">
    <Symbol UId="447">
      <Component Name="T_Exit" UId="448" />
    </Symbol>
  </Access>
  <Blank Num="1" UId="449" />
  <Token Text="AND" UId="450" />
  <NewLine Num="1" UId="451" />
  <Blank Num="4" UId="452" />
  <Token Text="NOT" UId="453" />
  <Blank Num="1" UId="454" />
  <Access Scope="LocalVariable" UId="455">
    <Symbol UId="456">
      <Component Name="T_ExitCrossover" UId="457" />
    </Symbol>
  </Access>
  <Blank Num="1" UId="458" />
  <Token Text="AND" UId="459" />
  <NewLine Num="1" UId="460" />
  <Blank Num="4" UId="461" />
  <Access Scope="LocalVariable" UId="462">
    <Symbol UId="463">
      <Component Name="T_WmsDest" UId="464" />
    </Symbol>
  </Access>
  <Blank Num="1" UId="465" />
  <Token Text="&lt;&gt;" UId="466" />
  <Blank Num="1" UId="467" />
  <Access Scope="LiteralConstant" UId="468">
    <Constant UId="469">
      <ConstantValue UId="471">''</ConstantValue>
    </Constant>
  </Access>
  <Token Text=";" UId="472" />
  <NewLine Num="1" UId="473" />
  <Blank Num="4" UId="474" />
  <NewLine Num="1" UId="475" />
  <Blank Num="4" UId="476" />
  <LineComment Inserted="false" NoClosingBracket="false" UId="477">
    <Text UId="478">Check locations in front</Text>
  </LineComment>
  <NewLine Num="1" UId="479" />
  <Blank Num="4" UId="480" />
  <Token Text="IF" UId="481" />
  <Blank Num="1" UId="482" />
  <Access Scope="LocalVariable" UId="483">
    <Symbol UId="484">
      <Component Name="T_InFront" UId="485" />
    </Symbol>
  </Access>
  <Blank Num="1" UId="486" />
  <Token Text="THEN" UId="487" />
  <NewLine Num="1" UId="488" />
  <Blank Num="8" UId="489" />
  <NewLine Num="1" UId="490" />
  <Blank Num="8" UId="491" />
  <Access Scope="LocalVariable" UId="492">
    <Symbol UId="493">
      <Component Name="T_PLCDest" UId="494" />
    </Symbol>
  </Access>
  <Blank Num="1" UId="495" />
  <Token Text=":=" UId="496" />
  <Blank Num="1" UId="497" />
  <Access Scope="GlobalConstant" UId="498">
    <Constant Name="PLC_ROUTE_STRAIGHT" UId="499" />
  </Access>
  <Token Text=";" UId="502" />
  <NewLine Num="1" UId="503" />
  <Blank Num="8" UId="504" />
  <NewLine Num="1" UId="505" />
  <Blank Num="8" UId="506" />
  <LineComment Inserted="false" NoClosingBracket="false" UId="507">
    <Text UId="508">Check locations exits </Text>
  </LineComment>
  <NewLine Num="1" UId="509" />
  <Blank Num="4" UId="510" />
  <Token Text="ELSIF" UId="511" />
  <Blank Num="1" UId="512" />
  <Access Scope="LocalVariable" UId="513">
    <Symbol UId="514">
      <Component Name="T_Exit" UId="515" />
    </Symbol>
  </Access>
  <Blank Num="1" UId="516" />
  <Token Text="THEN" UId="517" />
  <NewLine Num="1" UId="518" />
  <Blank Num="8" UId="519" />
  <Access Scope="LocalVariable" UId="520">
    <Symbol UId="521">
      <Component Name="T_PLCDest" UId="522" />
    </Symbol>
  </Access>
  <Blank Num="1" UId="523" />
  <Token Text=":=" UId="524" />
  <Blank Num="1" UId="525" />
  <Access Scope="GlobalConstant" UId="526">
    <Constant Name="PLC_ROUTE_EXIT" UId="527" />
  </Access>
  <Token Text=";" UId="530" />
  <NewLine Num="1" UId="531" />
  <Blank Num="8" UId="532" />
  <NewLine Num="1" UId="533" />
  <Blank Num="8" UId="534" />
  <LineComment Inserted="false" NoClosingBracket="false" UId="535">
    <Text UId="536">Check location crossover + PRIO CHECK</Text>
  </LineComment>
  <NewLine Num="1" UId="537" />
  <Blank Num="4" UId="538" />
  <Token Text="ELSIF" UId="539" />
  <Blank Num="1" UId="540" />
  <Access Scope="LocalVariable" UId="541">
    <Symbol UId="542">
      <Component Name="T_ExitCrossover" UId="543" />
    </Symbol>
  </Access>
  <Blank Num="1" UId="544" />
  <Token Text="THEN" UId="545" />
  <NewLine Num="1" UId="546" />
  <Blank Num="8" UId="547" />
  <Token Text="IF" UId="548" />
  <Blank Num="1" UId="549" />
  <Access Scope="LocalVariable" UId="550">
    <Symbol UId="551">
      <Component Name="T_Prio" UId="552" />
    </Symbol>
  </Access>
  <Blank Num="1" UId="553" />
  <Token Text="THEN" UId="554" />
  <NewLine Num="1" UId="555" />
  <Blank Num="12" UId="556" />
  <Access Scope="LocalVariable" UId="557">
    <Symbol UId="558">
      <Component Name="T_PLCDest" UId="559" />
    </Symbol>
  </Access>
  <Blank Num="1" UId="560" />
  <Token Text=":=" UId="561" />
  <Blank Num="1" UId="562" />
  <Access Scope="GlobalConstant" UId="563">
    <Constant Name="PLC_ROUTE_EXIT_CROSSOVER" UId="564" />
  </Access>
  <Token Text=";" UId="567" />
  <NewLine Num="1" UId="568" />
  <Blank Num="8" UId="569" />
  <Token Text="ELSE" UId="570" />
  <NewLine Num="1" UId="571" />
  <Blank Num="12" UId="572" />
  <Access Scope="LocalVariable" UId="573">
    <Symbol UId="574">
      <Component Name="T_PLCDest" UId="575" />
    </Symbol>
  </Access>
  <Blank Num="1" UId="576" />
  <Token Text=":=" UId="577" />
  <Blank Num="1" UId="578" />
  <Access Scope="GlobalConstant" UId="579">
    <Constant Name="PLC_ROUTE_STRAIGHT" UId="580" />
  </Access>
  <Token Text=";" UId="583" />
  <NewLine Num="1" UId="584" />
  <Blank Num="8" UId="585" />
  <Token Text="END_IF" UId="586" />
  <Token Text=";" UId="587" />
  <NewLine Num="1" UId="588" />
  <Blank Num="8" UId="589" />
  <NewLine Num="1" UId="590" />
  <Blank Num="8" UId="591" />
  <LineComment Inserted="false" NoClosingBracket="false" UId="592">
    <Text UId="593">If not check prio and turn around</Text>
  </LineComment>
  <NewLine Num="1" UId="594" />
  <Blank Num="4" UId="595" />
  <Token Text="ELSIF" UId="596" />
  <Blank Num="1" UId="597" />
  <Access Scope="LocalVariable" UId="598">
    <Symbol UId="599">
      <Component Name="T_InBack" UId="600" />
    </Symbol>
  </Access>
  <Blank Num="1" UId="601" />
  <Token Text="THEN" UId="602" />
  <NewLine Num="1" UId="603" />
  <Blank Num="8" UId="604" />
  <Token Text="IF" UId="605" />
  <Blank Num="1" UId="606" />
  <Access Scope="LocalVariable" UId="607">
    <Symbol UId="608">
      <Component Name="T_Prio" UId="609" />
    </Symbol>
  </Access>
  <Blank Num="1" UId="610" />
  <Token Text="THEN" UId="611" />
  <NewLine Num="1" UId="612" />
  <Blank Num="12" UId="613" />
  <Access Scope="LocalVariable" UId="614">
    <Symbol UId="615">
      <Component Name="T_PLCDest" UId="616" />
    </Symbol>
  </Access>
  <Blank Num="1" UId="617" />
  <Token Text=":=" UId="618" />
  <Blank Num="1" UId="619" />
  <Access Scope="GlobalConstant" UId="620">
    <Constant Name="PLC_ROUTE_U_TURN" UId="621" />
  </Access>
  <Token Text=";" UId="624" />
  <NewLine Num="1" UId="625" />
  <Blank Num="8" UId="626" />
  <Token Text="ELSE" UId="627" />
  <NewLine Num="1" UId="628" />
  <Blank Num="12" UId="629" />
  <Access Scope="LocalVariable" UId="630">
    <Symbol UId="631">
      <Component Name="T_PLCDest" UId="632" />
    </Symbol>
  </Access>
  <Blank Num="1" UId="633" />
  <Token Text=":=" UId="634" />
  <Blank Num="1" UId="635" />
  <Access Scope="GlobalConstant" UId="636">
    <Constant Name="PLC_ROUTE_STRAIGHT" UId="637" />
  </Access>
  <Token Text=";" UId="640" />
  <NewLine Num="1" UId="641" />
  <Blank Num="8" UId="642" />
  <Token Text="END_IF" UId="643" />
  <Token Text=";" UId="644" />
  <NewLine Num="1" UId="645" />
  <Blank Num="4" UId="646" />
  <Token Text="END_IF" UId="647" />
  <Token Text=";" UId="648" />
  <NewLine Num="1" UId="649" />
  <Blank Num="4" UId="650" />
  <NewLine Num="1" UId="651" />
  <Token Text="END_REGION" UId="652" />
  <NewLine Num="2" UId="653" />
  <Token Text="REGION" UId="654" />
  <Blank Num="1" UId="655" />
  <Text UId="656">GRAV OVVERIDE</Text>
  <NewLine Num="1" UId="657" />
  <Blank Num="4" UId="658" />
  <NewLine Num="1" UId="659" />
  <Blank Num="4" UId="660" />
  <Access Scope="LocalVariable" UId="661">
    <Symbol UId="662">
      <Component Name="T_Alarm" UId="663" />
    </Symbol>
  </Access>
  <Blank Num="1" UId="664" />
  <Token Text=":=" UId="665" />
  <NewLine Num="1" UId="666" />
  <Blank Num="4" UId="667" />
  <Access Scope="GlobalVariable" UId="668">
    <Symbol UId="669">
      <Component Name="CONV2_BELTS_DB" UId="670" />
      <Token Text="." UId="671" />
      <Component Name="C265R_BELTS" UId="672" />
      <Token Text="." UId="673" />
      <Component Name="Alarms" UId="674" />
      <Token Text="." UId="675" />
      <Component Name="Status" UId="676" />
    </Symbol>
  </Access>
  <Blank Num="1" UId="677" />
  <Token Text="&gt;" UId="678" />
  <Blank Num="1" UId="679" />
  <Access Scope="LiteralConstant" UId="680">
    <Constant UId="681">
      <ConstantValue UId="683">0</ConstantValue>
    </Constant>
  </Access>
  <Token Text=";" UId="684" />
  <NewLine Num="1" UId="685" />
  <Blank Num="4" UId="686" />
  <NewLine Num="1" UId="687" />
  <Blank Num="4" UId="688" />
  <Token Text="IF" UId="689" />
  <Blank Num="1" UId="690" />
  <Access Scope="LocalVariable" UId="691">
    <Symbol UId="692">
      <Component Name="T_PLCDest" UId="693" />
    </Symbol>
  </Access>
  <Blank Num="1" UId="694" />
  <Token Text="=" UId="695" />
  <Blank Num="1" UId="696" />
  <Access Scope="GlobalConstant" UId="697">
    <Constant Name="PLC_ROUTE_EXIT" UId="698" />
  </Access>
  <Blank Num="1" UId="701" />
  <Token Text="AND" UId="702" />
  <NewLine Num="1" UId="703" />
  <Blank Num="8" UId="704" />
  <Access Scope="LocalVariable" UId="705">
    <Symbol UId="706">
      <Component Name="T_WmsDest" UId="707" />
    </Symbol>
  </Access>
  <Blank Num="1" UId="708" />
  <Token Text="=" UId="709" />
  <Blank Num="1" UId="710" />
  <Access Scope="GlobalConstant" UId="711">
    <Constant Name="WMS_LOC_200F1" UId="712" />
  </Access>
  <Blank Num="1" UId="715" />
  <Token Text="AND" UId="716" />
  <NewLine Num="1" UId="717" />
  <Blank Num="8" UId="718" />
  <Token Text="(" UId="719" />
  <Access Scope="GlobalVariable" UId="720">
    <Symbol UId="721">
      <Component Name="CONV_GRAV_DB" UId="722" />
      <Token Text="." UId="723" />
      <Component Name="GRAV_266" UId="724" />
      <Token Text="." UId="725" />
      <Component Name="Cmd" UId="726" />
      <Token Text="." UId="727" />
      <Component Name="Accumulate" UId="728" />
      <Token Text="." UId="729" />
      <Component Name="Acc_ext_1" UId="730" />
    </Symbol>
  </Access>
  <Blank Num="1" UId="731" />
  <Token Text="OR" UId="732" />
  <Blank Num="1" UId="733" />
  <Access Scope="LocalVariable" UId="734">
    <Symbol UId="735">
      <Component Name="T_Alarm" UId="736" />
    </Symbol>
  </Access>
  <Token Text=")" UId="737" />
  <Blank Num="1" UId="738" />
  <Token Text="THEN" UId="739" />
  <NewLine Num="1" UId="740" />
  <Blank Num="8" UId="741" />
  <Access Scope="LocalVariable" UId="742">
    <Symbol UId="743">
      <Component Name="T_PLCDest" UId="744" />
    </Symbol>
  </Access>
  <Blank Num="1" UId="745" />
  <Token Text=":=" UId="746" />
  <Blank Num="1" UId="747" />
  <Access Scope="GlobalConstant" UId="748">
    <Constant Name="PLC_ROUTE_STRAIGHT" UId="749" />
  </Access>
  <Token Text=";" UId="752" />
  <NewLine Num="1" UId="753" />
  <Blank Num="4" UId="754" />
  <Token Text="END_IF" UId="755" />
  <Token Text=";" UId="756" />
  <NewLine Num="1" UId="757" />
  <Blank Num="4" UId="758" />
  <NewLine Num="1" UId="759" />
  <Blank Num="4" UId="760" />
  <Token Text="IF" UId="761" />
  <Blank Num="1" UId="762" />
  <Access Scope="LocalVariable" UId="763">
    <Symbol UId="764">
      <Component Name="T_PLCDest" UId="765" />
    </Symbol>
  </Access>
  <Blank Num="1" UId="766" />
  <Token Text="=" UId="767" />
  <Blank Num="1" UId="768" />
  <Access Scope="GlobalConstant" UId="769">
    <Constant Name="PLC_ROUTE_EXIT" UId="770" />
  </Access>
  <Blank Num="1" UId="773" />
  <Token Text="AND" UId="774" />
  <NewLine Num="1" UId="775" />
  <Blank Num="8" UId="776" />
  <Access Scope="LocalVariable" UId="777">
    <Symbol UId="778">
      <Component Name="T_WmsDest" UId="779" />
    </Symbol>
  </Access>
  <Blank Num="1" UId="780" />
  <Token Text="=" UId="781" />
  <Blank Num="1" UId="782" />
  <Access Scope="GlobalConstant" UId="783">
    <Constant Name="WMS_LOC_200F2" UId="784" />
  </Access>
  <Blank Num="1" UId="787" />
  <Token Text="AND" UId="788" />
  <NewLine Num="1" UId="789" />
  <Blank Num="8" UId="790" />
  <Token Text="(" UId="791" />
  <Access Scope="GlobalVariable" UId="792">
    <Symbol UId="793">
      <Component Name="CONV_GRAV_DB" UId="794" />
      <Token Text="." UId="795" />
      <Component Name="GRAV_267" UId="796" />
      <Token Text="." UId="797" />
      <Component Name="Cmd" UId="798" />
      <Token Text="." UId="799" />
      <Component Name="Accumulate" UId="800" />
      <Token Text="." UId="801" />
      <Component Name="Acc_ext_1" UId="802" />
    </Symbol>
  </Access>
  <Blank Num="1" UId="803" />
  <Token Text="OR" UId="804" />
  <Blank Num="1" UId="805" />
  <Access Scope="LocalVariable" UId="806">
    <Symbol UId="807">
      <Component Name="T_Alarm" UId="808" />
    </Symbol>
  </Access>
  <Token Text=")" UId="809" />
  <Blank Num="1" UId="810" />
  <Token Text="THEN" UId="811" />
  <NewLine Num="1" UId="812" />
  <Blank Num="8" UId="813" />
  <Access Scope="LocalVariable" UId="814">
    <Symbol UId="815">
      <Component Name="T_PLCDest" UId="816" />
    </Symbol>
  </Access>
  <Blank Num="1" UId="817" />
  <Token Text=":=" UId="818" />
  <Blank Num="1" UId="819" />
  <Access Scope="GlobalConstant" UId="820">
    <Constant Name="PLC_ROUTE_STRAIGHT" UId="821" />
  </Access>
  <Token Text=";" UId="824" />
  <NewLine Num="1" UId="825" />
  <Blank Num="4" UId="826" />
  <Token Text="END_IF" UId="827" />
  <Token Text=";" UId="828" />
  <NewLine Num="1" UId="829" />
  <Blank Num="4" UId="830" />
  <NewLine Num="1" UId="831" />
  <Blank Num="4" UId="832" />
  <Access Scope="LocalVariable" UId="833">
    <Symbol UId="834">
      <Component Name="T_Alarm" UId="835" />
    </Symbol>
  </Access>
  <Blank Num="1" UId="836" />
  <Token Text=":=" UId="837" />
  <NewLine Num="1" UId="838" />
  <Blank Num="4" UId="839" />
  <Access Scope="GlobalVariable" UId="840">
    <Symbol UId="841">
      <Component Name="CONV2_BELTS_DB" UId="842" />
      <Token Text="." UId="843" />
      <Component Name="C223R_BELTS" UId="844" />
      <Token Text="." UId="845" />
      <Component Name="Alarms" UId="846" />
      <Token Text="." UId="847" />
      <Component Name="Status" UId="848" />
    </Symbol>
  </Access>
  <Blank Num="1" UId="849" />
  <Token Text="&gt;" UId="850" />
  <Blank Num="1" UId="851" />
  <Access Scope="LiteralConstant" UId="852">
    <Constant UId="853">
      <ConstantValue UId="855">0</ConstantValue>
    </Constant>
  </Access>
  <Blank Num="1" UId="856" />
  <Token Text="OR" UId="857" />
  <NewLine Num="1" UId="858" />
  <Blank Num="4" UId="859" />
  <Access Scope="GlobalVariable" UId="860">
    <Symbol UId="861">
      <Component Name="CONV2_BELTS_DB" UId="862" />
      <Token Text="." UId="863" />
      <Component Name="C224R_BELTS" UId="864" />
      <Token Text="." UId="865" />
      <Component Name="Alarms" UId="866" />
      <Token Text="." UId="867" />
      <Component Name="Status" UId="868" />
    </Symbol>
  </Access>
  <Blank Num="1" UId="869" />
  <Token Text="&gt;" UId="870" />
  <Blank Num="1" UId="871" />
  <Access Scope="LiteralConstant" UId="872">
    <Constant UId="873">
      <ConstantValue UId="875">0</ConstantValue>
    </Constant>
  </Access>
  <Token Text=";" UId="876" />
  <NewLine Num="1" UId="877" />
  <Blank Num="4" UId="878" />
  <NewLine Num="1" UId="879" />
  <Blank Num="4" UId="880" />
  <Token Text="IF" UId="881" />
  <Blank Num="1" UId="882" />
  <Access Scope="LocalVariable" UId="883">
    <Symbol UId="884">
      <Component Name="T_PLCDest" UId="885" />
    </Symbol>
  </Access>
  <Blank Num="1" UId="886" />
  <Token Text="=" UId="887" />
  <Blank Num="1" UId="888" />
  <Access Scope="GlobalConstant" UId="889">
    <Constant Name="PLC_ROUTE_EXIT_CROSSOVER" UId="890" />
  </Access>
  <Blank Num="1" UId="893" />
  <Token Text="AND" UId="894" />
  <NewLine Num="1" UId="895" />
  <Blank Num="8" UId="896" />
  <Access Scope="LocalVariable" UId="897">
    <Symbol UId="898">
      <Component Name="T_WmsDest" UId="899" />
    </Symbol>
  </Access>
  <Blank Num="1" UId="900" />
  <Token Text="=" UId="901" />
  <Blank Num="1" UId="902" />
  <Access Scope="GlobalConstant" UId="903">
    <Constant Name="WMS_LOC_200B1" UId="904" />
  </Access>
  <Blank Num="1" UId="907" />
  <Token Text="AND" UId="908" />
  <NewLine Num="1" UId="909" />
  <Blank Num="8" UId="910" />
  <Token Text="(" UId="911" />
  <Access Scope="GlobalVariable" UId="912">
    <Symbol UId="913">
      <Component Name="CONV_GRAV_DB" UId="914" />
      <Token Text="." UId="915" />
      <Component Name="GRAV_226" UId="916" />
      <Token Text="." UId="917" />
      <Component Name="Cmd" UId="918" />
      <Token Text="." UId="919" />
      <Component Name="Accumulate" UId="920" />
      <Token Text="." UId="921" />
      <Component Name="Acc_ext_1" UId="922" />
    </Symbol>
  </Access>
  <Blank Num="1" UId="923" />
  <Token Text="OR" UId="924" />
  <Blank Num="1" UId="925" />
  <Access Scope="LocalVariable" UId="926">
    <Symbol UId="927">
      <Component Name="T_Alarm" UId="928" />
    </Symbol>
  </Access>
  <Token Text=")" UId="929" />
  <Blank Num="1" UId="930" />
  <Token Text="THEN" UId="931" />
  <NewLine Num="1" UId="932" />
  <Blank Num="8" UId="933" />
  <Access Scope="LocalVariable" UId="934">
    <Symbol UId="935">
      <Component Name="T_PLCDest" UId="936" />
    </Symbol>
  </Access>
  <Blank Num="1" UId="937" />
  <Token Text=":=" UId="938" />
  <Blank Num="1" UId="939" />
  <Access Scope="GlobalConstant" UId="940">
    <Constant Name="PLC_ROUTE_STRAIGHT" UId="941" />
  </Access>
  <Token Text=";" UId="944" />
  <NewLine Num="1" UId="945" />
  <Blank Num="4" UId="946" />
  <Token Text="END_IF" UId="947" />
  <Token Text=";" UId="948" />
  <NewLine Num="1" UId="949" />
  <Blank Num="4" UId="950" />
  <NewLine Num="1" UId="951" />
  <Blank Num="4" UId="952" />
  <Token Text="IF" UId="953" />
  <Blank Num="1" UId="954" />
  <Access Scope="LocalVariable" UId="955">
    <Symbol UId="956">
      <Component Name="T_PLCDest" UId="957" />
    </Symbol>
  </Access>
  <Blank Num="1" UId="958" />
  <Token Text="=" UId="959" />
  <Blank Num="1" UId="960" />
  <Access Scope="GlobalConstant" UId="961">
    <Constant Name="PLC_ROUTE_EXIT_CROSSOVER" UId="962" />
  </Access>
  <Blank Num="1" UId="965" />
  <Token Text="AND" UId="966" />
  <NewLine Num="1" UId="967" />
  <Blank Num="8" UId="968" />
  <Access Scope="LocalVariable" UId="969">
    <Symbol UId="970">
      <Component Name="T_WmsDest" UId="971" />
    </Symbol>
  </Access>
  <Blank Num="1" UId="972" />
  <Token Text="=" UId="973" />
  <Blank Num="1" UId="974" />
  <Access Scope="GlobalConstant" UId="975">
    <Constant Name="WMS_LOC_200B2" UId="976" />
  </Access>
  <Blank Num="1" UId="979" />
  <Token Text="AND" UId="980" />
  <NewLine Num="1" UId="981" />
  <Blank Num="8" UId="982" />
  <Token Text="(" UId="983" />
  <Access Scope="GlobalVariable" UId="984">
    <Symbol UId="985">
      <Component Name="CONV_GRAV_DB" UId="986" />
      <Token Text="." UId="987" />
      <Component Name="GRAV_227" UId="988" />
      <Token Text="." UId="989" />
      <Component Name="Cmd" UId="990" />
      <Token Text="." UId="991" />
      <Component Name="Accumulate" UId="992" />
      <Token Text="." UId="993" />
      <Component Name="Acc_ext_1" UId="994" />
    </Symbol>
  </Access>
  <Blank Num="1" UId="995" />
  <Token Text="OR" UId="996" />
  <Blank Num="1" UId="997" />
  <Access Scope="LocalVariable" UId="998">
    <Symbol UId="999">
      <Component Name="T_Alarm" UId="1000" />
    </Symbol>
  </Access>
  <Token Text=")" UId="1001" />
  <Blank Num="1" UId="1002" />
  <Token Text="THEN" UId="1003" />
  <NewLine Num="1" UId="1004" />
  <Blank Num="8" UId="1005" />
  <Access Scope="LocalVariable" UId="1006">
    <Symbol UId="1007">
      <Component Name="T_PLCDest" UId="1008" />
    </Symbol>
  </Access>
  <Blank Num="1" UId="1009" />
  <Token Text=":=" UId="1010" />
  <Blank Num="1" UId="1011" />
  <Access Scope="GlobalConstant" UId="1012">
    <Constant Name="PLC_ROUTE_STRAIGHT" UId="1013" />
  </Access>
  <Token Text=";" UId="1016" />
  <NewLine Num="1" UId="1017" />
  <Blank Num="4" UId="1018" />
  <Token Text="END_IF" UId="1019" />
  <Token Text=";" UId="1020" />
  <NewLine Num="1" UId="1021" />
  <Blank Num="4" UId="1022" />
  <NewLine Num="1" UId="1023" />
  <Token Text="END_REGION" UId="1024" />
  <NewLine Num="2" UId="1025" />
  <Token Text="IF" UId="1026" />
  <Blank Num="1" UId="1027" />
  <Access Scope="LocalVariable" UId="1028">
    <Symbol UId="1029">
      <Component Name="IO_CONV" UId="1030" />
      <Token Text="." UId="1031" />
      <Component Name="Status" UId="1032" />
      <Token Text="." UId="1033" />
      <Component Name="RequestForSending" UId="1034" />
    </Symbol>
  </Access>
  <Blank Num="1" UId="1035" />
  <Token Text="THEN" UId="1036" />
  <NewLine Num="1" UId="1037" />
  <Blank Num="4" UId="1038" />
  <Access Scope="LocalVariable" UId="1039">
    <Symbol UId="1040">
      <Component Name="IO_CONV" UId="1041" />
      <Token Text="." UId="1042" />
      <Component Name="TrackingStat" UId="1043" />
      <Token Text="." UId="1044" />
      <Component Name="Current" UId="1045" />
      <Token Text="." UId="1046" />
      <Component Name="PLC_Dest" UId="1047" />
    </Symbol>
  </Access>
  <Blank Num="1" UId="1048" />
  <Token Text=":=" UId="1049" />
  <Blank Num="1" UId="1050" />
  <Access Scope="LocalVariable" UId="1051">
    <Symbol UId="1052">
      <Component Name="T_PLCDest" UId="1053" />
    </Symbol>
  </Access>
  <Token Text=";" UId="1054" />
  <NewLine Num="1" UId="1055" />
  <Token Text="ELSE" UId="1056" />
  <NewLine Num="1" UId="1057" />
  <Blank Num="4" UId="1058" />
  <Access Scope="LocalVariable" UId="1059">
    <Symbol UId="1060">
      <Component Name="IO_CONV" UId="1061" />
      <Token Text="." UId="1062" />
      <Component Name="TrackingStat" UId="1063" />
      <Token Text="." UId="1064" />
      <Component Name="Current" UId="1065" />
      <Token Text="." UId="1066" />
      <Component Name="PLC_Dest" UId="1067" />
    </Symbol>
  </Access>
  <Blank Num="1" UId="1068" />
  <Token Text=":=" UId="1069" />
  <Blank Num="1" UId="1070" />
  <Access Scope="LiteralConstant" UId="1071">
    <Constant UId="1072">
      <ConstantValue UId="1074">0</ConstantValue>
    </Constant>
  </Access>
  <Token Text=";" UId="1075" />
  <NewLine Num="1" UId="1076" />
  <Token Text="END_IF" UId="1077" />
  <Token Text=";" UId="1078" />
</StructuredText></NetworkSource>
          <ProgrammingLanguage>SCL</ProgrammingLanguage>
        </AttributeList>
        <ObjectList>
          <MultilingualText ID="5" CompositionName="Comment">
            <ObjectList>
              <MultilingualTextItem ID="6" CompositionName="Items">
                <AttributeList>
                  <Culture>en-US</Culture>
                  <Text />
                </AttributeList>
              </MultilingualTextItem>
              <MultilingualTextItem ID="7" CompositionName="Items">
                <AttributeList>
                  <Culture>fr-BE</Culture>
                  <Text />
                </AttributeList>
              </MultilingualTextItem>
            </ObjectList>
          </MultilingualText>
          <MultilingualText ID="8" CompositionName="Title">
            <ObjectList>
              <MultilingualTextItem ID="9" CompositionName="Items">
                <AttributeList>
                  <Culture>en-US</Culture>
                  <Text />
                </AttributeList>
              </MultilingualTextItem>
              <MultilingualTextItem ID="A" CompositionName="Items">
                <AttributeList>
                  <Culture>fr-BE</Culture>
                  <Text />
                </AttributeList>
              </MultilingualTextItem>
            </ObjectList>
          </MultilingualText>
        </ObjectList>
      </SW.Blocks.CompileUnit>
      <MultilingualText ID="B" CompositionName="Title">
        <ObjectList>
          <MultilingualTextItem ID="C" CompositionName="Items">
            <AttributeList>
              <Culture>en-US</Culture>
              <Text />
            </AttributeList>
          </MultilingualTextItem>
          <MultilingualTextItem ID="D" CompositionName="Items">
            <AttributeList>
              <Culture>fr-BE</Culture>
              <Text />
            </AttributeList>
          </MultilingualTextItem>
        </ObjectList>
      </MultilingualText>
    </ObjectList>
  </SW.Blocks.FB>
</Document>